Price,Open,High,Low,Close,Volume
Ticker,,,,,,
,,,,,,
2005-09-29,794.8929586476293,805.7819032866379,767.6705970501077,789.448486328125,81919000
2005-09-30,794.892962359742,833.0042687742501,773.115072980023,811.2263793945312,91878000
2005-10-03,794.8931910555127,800.3376649668519,751.3373997647997,773.1152954101562,116715000
2005-10-04,778.5596147809711,784.0040876116072,751.3372506277902,762.2261962890625,47337000
2005-10-05,767.6706691196987,784.0040876116072,751.3372506277902,762.2261962890625,71891000
2005-10-06,745.8929311268365,751.3374050766674,718.6705613776819,729.5595092773438,49897000
2005-10-07,729.5595092773438,751.3374050766674,724.1150353275128,729.5595092773438,55836000
2005-10-10,729.5595092773438,729.5595092773438,729.5595092773438,729.5595092773438,0
2005-10-11,751.3371800915947,789.4484863281249,745.8927077720905,789.448486328125,67037000
2005-10-12,794.8930969238281,811.2265167236328,773.1152038574219,784.004150390625,63301000
2005-10-13,767.6707887391786,811.2265781711887,767.6707887391786,805.7821044921875,59362000
2005-10-14,805.7820434570312,811.2265167236328,773.1152038574219,784.004150390625,57773000
2005-10-17,778.559645500736,778.559645500736,751.3372802734375,751.3372802734375,37847000
2005-10-18,751.3372653439749,773.1151570930756,745.8927924066996,756.78173828125,39912000
2005-10-19,767.6706691196987,773.1151419503349,756.7817234584264,762.2261962890625,31103000
2005-10-20,767.6708214988171,778.5597693214953,762.2263475874779,773.1152954101562,37761000
2005-10-21,751.3373997647997,773.1152954101562,751.3373997647997,773.1152954101562,24575000
2005-10-24,767.6706691196987,773.1151419503349,756.7817234584264,762.2261962890625,17880000
2005-10-25,767.6706542968749,773.1151270223847,762.2261815713651,767.670654296875,23586000
2005-10-26,762.2263475874779,773.1152954101562,756.7818736761388,773.1152954101562,26947000
2005-10-27,784.004150390625,789.4486236572266,778.5596771240234,784.004150390625,50522000
2005-10-28,784.0042886800699,794.8932371339597,778.559814453125,778.559814453125,47300000
2005-10-31,789.4484863281249,794.8929586476293,778.5595416891163,789.448486328125,48846000
2005-11-01,805.7820434570312,827.5599365234375,805.7820434570312,827.5599365234375,43187000
2005-11-02,811.226603061338,871.1158153678797,805.7821292152887,860.2268676757812,123566000
2005-11-03,860.2268199573864,898.338134765625,860.2268199573864,898.338134765625,123566000
2005-11-04,898.338134765625,909.2270818536931,887.4491876775568,898.338134765625,85733000
2005-11-07,909.2270818536931,925.5605024857954,892.8936612215908,898.338134765625,81011000
2005-11-08,903.782593526958,909.2270669819396,876.5602262520496,882.0046997070312,35542000
2005-11-09,854.7821800036309,871.1155974559296,849.3377075195312,849.3377075195312,44842000
2005-11-10,838.4488982169859,854.7823183121219,805.7820580267137,843.8933715820312,72521000
2005-11-11,865.67112497183,871.1155974559296,843.8932350354318,849.3377075195312,39737000
2005-11-14,854.7823498295803,854.7823498295803,827.5599820006128,833.0044555664062,22641000
2005-11-15,827.559829004553,838.4487741230339,816.6708838860719,822.1153564453125,29591000
2005-11-16,805.7820434570312,833.0044097900391,805.7820434570312,827.5599365234375,44430000
2005-11-17,833.0044248519405,849.3378449470765,822.1154781218497,843.8933715820312,40582000
2005-11-18,876.5600259648929,882.004498175855,860.2266093320068,865.6710815429688,47825000
2005-11-21,865.67112497183,871.1155974559296,838.4487625513322,849.3377075195312,32961000
2005-11-22,833.0043015637934,838.4487741230339,816.6708838860719,822.1153564453125,46466000
2005-11-23,822.1153564453124,822.1153564453124,822.1153564453124,822.1153564453125,0
2005-11-24,827.5597964293204,838.4487411191799,805.7819070496014,811.2263793945312,44214000
2005-11-25,811.2264001308343,860.2266524877305,800.3374551626353,849.3377075195312,78254000
2005-11-28,849.3378762637868,854.7823498295803,827.5599820006128,833.0044555664062,40080000
2005-11-29,833.0044248519405,849.3378449470765,822.1154781218497,843.8933715820312,53420000
2005-11-30,843.8932466822744,849.3377192415148,822.1153564453124,822.1153564453125,30179000
2005-12-01,833.0044248519405,843.8933715820311,822.1154781218497,843.8933715820312,38937000
2005-12-02,854.7821800036309,865.67112497183,843.8932350354318,849.3377075195312,49731000
2005-12-05,849.3376649100826,876.5600259648929,838.4487204881585,865.6710815429688,58362000
2005-12-06,871.1156777223927,892.8935696654526,854.7822587650978,887.4490966796875,56722000
2005-12-07,903.7825156369825,914.6714616085123,882.0046236939226,887.4490966796875,72726000
2005-12-08,887.4492369060274,898.338184598126,843.8934461376334,860.2268676757812,65502000
2005-12-09,860.2268676757812,860.2268676757812,860.2268676757812,860.2268676757812,0
2005-12-12,909.2270818536931,925.5605024857954,898.338134765625,898.338134765625,58954000
2005-12-13,898.338134765625,903.782608309659,887.4491876775568,898.338134765625,37081000
2005-12-14,909.2270976741139,925.5605185904153,887.4492031190453,892.8936767578125,69078000
2005-12-15,882.0046236939226,898.3380426512175,876.5601507081576,887.4490966796875,34880000
2005-12-16,892.8936767578124,898.3381503965795,876.560255841511,892.8936767578125,28771000
2005-12-19,892.8936767578124,898.3381503965795,882.0047294802781,892.8936767578125,20430000
2005-12-20,898.3379091535295,914.6713256835938,892.8934369768415,914.6713256835938,22228000
2005-12-21,914.6712171360405,920.1156886666122,903.7822740748971,909.2267456054688,34381000
2005-12-22,909.2267456054689,909.2267456054689,909.2267456054689,909.2267456054688,0
2005-12-23,909.2267456054689,909.2267456054689,909.2267456054689,909.2267456054688,0
2005-12-26,909.2267456054689,909.2267456054689,909.2267456054689,909.2267456054688,0
2005-12-27,898.338134765625,909.2270818536931,892.8936612215908,898.338134765625,19870000
2005-12-28,892.8936612215908,898.338134765625,887.4491876775568,898.338134765625,11934000
2005-12-29,898.3381200719763,898.3381200719763,882.0046997070312,882.0046997070312,17085000
2005-12-30,887.4490180969237,887.4490180969237,865.6711280822753,871.1156005859375,17976000
2006-01-02,871.1156005859374,871.1156005859374,871.1156005859374,871.1156005859375,0
2006-01-03,871.1156005859374,871.1156005859374,871.1156005859374,871.1156005859375,0
2006-01-04,892.8935696654526,898.3380426512175,882.0046236939226,887.4490966796875,20160000
2006-01-05,898.3381503965795,898.3381503965795,887.4492031190453,892.8936767578125,16336000
2006-01-06,887.4490652143586,892.8935380070847,876.5601196289062,876.5601196289062,19080000
2006-01-09,876.5601196289062,876.5601196289062,876.5601196289062,876.5601196289062,0
2006-01-10,882.00470129236,887.4491747571276,827.5599666446834,838.4489135742188,51252000
2006-01-11,833.0044248519405,843.8933715820311,822.1154781218497,843.8933715820312,44313000
2006-01-12,838.4489291321997,838.4489291321997,822.1155084348193,833.0044555664062,46890000
2006-01-13,833.0044097900391,838.4488830566406,822.1154632568359,827.5599365234375,33616000
2006-01-16,827.5599820006128,849.3378762637868,822.1155084348193,833.0044555664062,38503000
2006-01-17,833.0044097900391,854.7823028564453,827.5599365234375,827.5599365234375,37449000
2006-01-18,816.6708838860719,833.0043015637934,794.89299364911,822.1153564453125,62405000
2006-01-19,816.6710348690258,838.4489291321997,816.6710348690258,833.0044555664062,50784000
2006-01-20,843.8933563232422,854.7823028564453,822.1154632568359,827.5599365234375,41131000
2006-01-23,794.8931266276043,816.6710205078125,794.8931266276043,816.6710205078125,39603000
2006-01-24,822.1154939778646,833.0044409179687,811.2265470377605,816.6710205078125,32572000
2006-01-25,827.5599365234375,843.8933563232422,822.1154632568359,827.5599365234375,43463000
2006-01-26,838.4489722915843,860.2268676757812,838.4489722915843,860.2268676757812,33213000
2006-01-27,882.0047585360976,909.2271276267179,882.0047585360976,903.7826538085938,71881000
2006-01-30,925.5602700369698,931.0047422136579,903.7823813302176,914.6713256835938,59361000
2006-01-31,914.6714329465607,931.0048513920349,909.2269601314025,920.1159057617188,38272000
2006-02-01,909.2271276267179,920.116075262966,903.7826538085939,903.7826538085938,25074000
2006-02-02,920.1159057617188,925.5603785768768,914.6714329465607,920.1159057617188,22745000
2006-02-03,920.1159057617188,925.5603785768768,909.2269601314025,920.1159057617188,21831000
2006-02-06,920.1160289417613,925.5605024857954,898.338134765625,898.338134765625,36948000
2006-02-07,909.2271276267179,909.2271276267179,898.3381799904698,903.7826538085938,17781000
2006-02-08,887.4490652143586,892.8935380070847,876.5601196289062,876.5601196289062,40207000
2006-02-09,892.8935696654526,903.7825156369825,876.5601507081576,887.4490966796875,34457000
2006-02-10,898.3380107998108,898.3380107998108,860.226701250728,876.5601196289062,36573000
2006-02-13,865.6710815429689,871.1155537539308,849.3376649100826,865.6710815429688,23992000
2006-02-14,865.671174043454,882.0045924216324,854.7822284580018,876.5601196289062,49472000
2006-02-15,892.8936466169946,898.3381200719763,876.5602262520496,882.0046997070312,49705000
2006-02-16,887.4491876775568,898.338134765625,876.5602405894887,898.338134765625,27467000
2006-02-17,892.8936767578124,903.7826240353467,887.4492031190453,892.8936767578125,35278000
2006-02-20,882.0046534447154,887.4491266141272,843.8933412588326,854.7822875976562,37820000
2006-02-21,865.6711280822753,876.5600730895995,860.2266555786132,871.1156005859375,29100000
2006-02-22,876.5600259648929,882.004498175855,860.2266093320068,865.6710815429688,31141000
2006-02-23,882.0046236939226,898.3380426512175,876.5601507081576,887.4490966796875,34059000
2006-02-24,892.8937061723457,909.2271276267179,892.8937061723457,903.7826538085938,32928000
2006-02-27,914.6717198988971,925.5606689453125,909.2272453756893,925.5606689453125,48983000
2006-02-28,936.4492368861607,952.7826538085939,925.5602922712054,952.7826538085938,110106000
2006-03-01,947.3384260211075,952.7828997338725,925.5605311700475,931.0050048828125,64399000
2006-03-02,936.4494785955775,941.8939523083425,925.5605311700475,931.0050048828125,23205000
2006-03-03,931.0048513920349,931.0048513920349,909.2269601314025,920.1159057617188,34354000
2006-03-06,920.1157978602818,925.5602700369698,909.2268535069056,914.6713256835938,27154000
2006-03-07,914.6712171360405,920.1156886666122,903.7822740748971,909.2267456054688,28865000
2006-03-08,903.782608309659,909.2270818536931,892.8936612215908,898.338134765625,29255000
2006-03-09,898.3379091535295,914.6713256835938,898.3379091535295,914.6713256835938,37773000
2006-03-10,914.6714329465607,936.4493242071931,909.2269601314025,920.1159057617188,51806000
2006-03-13,931.0051548246703,941.8941040039061,925.5606802350522,941.8941040039062,27874000
2006-03-14,941.8939523083425,947.3384260211075,925.5605311700475,931.0050048828125,31907000
2006-03-15,931.0048513920349,936.4493242071931,920.1159057617188,920.1159057617188,21264000
2006-03-16,925.5605024857954,925.5605024857954,898.338134765625,898.338134765625,28950000
2006-03-17,909.2267456054689,914.6712171360405,898.3378025443254,909.2267456054688,24299000
2006-03-20,914.6714329465607,925.5603785768768,909.2269601314025,920.1159057617188,17665000
2006-03-21,920.1159057617188,920.1159057617188,920.1159057617188,920.1159057617188,0
2006-03-22,920.1157978602818,925.5602700369698,909.2268535069056,914.6713256835938,25730000
2006-03-23,920.1156886666122,925.5601601971838,909.2267456054689,909.2267456054688,20468000
2006-03-24,903.7824873162444,920.1159057617188,903.7824873162444,920.1159057617188,17342000
2006-03-27,920.1161944221049,925.5606689453125,914.6717198988971,925.5606689453125,19740000
2006-03-28,922.2862334478469,922.2862334478469,911.3716034662157,916.8289184570312,17754000
2006-03-29,916.8286818119517,933.2006225585938,911.3713682297378,933.2006225585938,33728000
2006-03-30,944.1154051362798,982.3166065001756,938.6580906557233,971.4019775390625,66114000
2006-03-31,982.3164672851562,987.773780992296,965.944526163737,982.3164672851562,56776000
2006-04-03,993.2309430993121,1004.1455688476561,987.7736302251401,1004.1455688476562,37006000
2006-04-04,998.6883696666739,1004.1456831621202,982.3164291803349,987.7737426757812,31784000
2006-04-05,998.6884000211148,1025.9749683277028,993.2310863597974,1009.60302734375,55247000
2006-04-06,1020.5177504221599,1053.261635462443,1020.5177504221599,1047.8043212890625,55592000
2006-04-07,1047.8044041450778,1064.1763479598446,1042.3470895401554,1053.26171875,49442000
2006-04-10,1042.3470071156821,1053.261635462443,1036.8896929423015,1047.8043212890625,30983000
2006-04-11,1053.2614279542295,1058.718741052438,1036.8894886596042,1042.3468017578125,32394000
2006-04-12,1031.4322819890203,1036.889595650338,1004.1457136824324,1009.60302734375,43490000
2006-04-13,1009.6028817218282,1009.6028817218282,987.7736302251401,1004.1455688476562,51936000
2006-04-14,1004.1455688476561,1009.6028817218282,993.2309430993121,1004.1455688476562,25947000
2006-04-17,1004.1458297561813,1004.1458297561813,987.7738868797218,993.231201171875,21728000
2006-04-18,987.7737726984798,1009.60302734375,982.3164590371622,1009.60302734375,31631000
2006-04-19,1025.9748203443444,1042.3467589668605,1004.1455688476561,1004.1455688476562,51659000
2006-04-20,1009.6028817218282,1015.0601945960003,987.7736302251401,1004.1455688476562,42210000
2006-04-21,1004.1455688476561,1015.0601945960003,993.2309430993121,1004.1455688476562,35244000
2006-04-24,993.2310946994357,998.6884084065755,982.3164672851562,982.3164672851562,33974000
2006-04-25,987.7739087714524,998.6885375976562,976.8592799452485,998.6885375976562,32953000
2006-04-26,998.6883696666739,1004.1456831621202,971.4018021894424,987.7737426757812,38970000
2006-04-27,993.2310561712276,998.6883696666739,982.3164291803349,987.7737426757812,14911000
2006-04-28,987.7738197369283,993.2311336581269,971.4018779733328,976.8591918945312,31218000
2006-05-01,971.4018779733328,976.8591918945312,965.9445640521343,976.8591918945312,15986000
2006-05-02,976.8591535780165,987.773780992296,971.4018398708768,982.3164672851562,15110000
2006-05-03,982.3164672851562,982.3164672851562,982.3164672851562,982.3164672851562,0
2006-05-04,982.3164672851562,982.3164672851562,982.3164672851562,982.3164672851562,0
2006-05-05,982.3164672851562,982.3164672851562,982.3164672851562,982.3164672851562,0
2006-05-08,1004.1455688476561,1009.6028817218282,998.6882559734842,1004.1455688476562,50456000
2006-05-09,1004.1455688476561,1009.6028817218282,998.6882559734842,1004.1455688476562,28244000
2006-05-10,1004.1458297561813,1004.1458297561813,993.231201171875,993.231201171875,20487000
2006-05-11,982.3164672851562,993.2310946994357,976.8591535780165,982.3164672851562,20123000
2006-05-12,971.4021396098163,976.8594550008828,965.94482421875,965.94482421875,35678000
2006-05-15,955.0300340973929,971.4019775390625,949.5727196168364,971.4019775390625,31366000
2006-05-16,960.4871904696637,965.9445040518777,927.7433089763797,933.2006225585938,38177000
2006-05-17,938.6580810546876,949.5727099041607,911.3715089310048,938.6580810546875,42418000
2006-05-18,938.6580810546876,938.6580810546876,938.6580810546876,938.6580810546875,0
2006-05-19,938.6580810546876,938.6580810546876,938.6580810546876,938.6580810546875,0
2006-05-22,889.5422973632812,889.5422973632812,889.5422973632812,889.5422973632812,42418000
2006-05-23,829.5118017258986,862.2556886361315,829.5118017258986,834.9691162109375,84511000
2006-05-24,845.883745181015,851.3410596660539,813.1398582707822,834.9691162109375,66933000
2006-05-25,818.5969997096706,824.0543130410684,802.2250597154772,807.682373046875,43322000
2006-05-26,813.1396716308594,829.511611328125,813.1396716308594,818.5969848632812,40788000
2006-05-29,818.5969848632814,818.5969848632814,818.5969848632814,818.5969848632812,0
2006-05-30,845.8836669921875,851.3409809727823,834.9690390309979,845.8836669921875,25997000
2006-05-31,824.0544872408598,840.4264306959763,824.0544872408598,834.9691162109375,34127000
2006-06-01,851.3409809727823,862.2556089339718,834.9690390309979,845.8836669921875,40799000
2006-06-02,851.3410255772293,856.79833984375,834.9690827776673,856.79833984375,28623000
2006-06-05,845.8838901272069,851.3412055473824,824.0546284465047,840.4265747070312,53286000
2006-06-06,824.0543823242188,829.5116961144454,824.0543823242188,824.0543823242188,30536000
2006-06-07,824.0543823242188,829.5116961144454,818.5970685339921,824.0543823242188,54801000
2006-06-08,824.0543823242188,829.5116961144454,818.5970685339921,824.0543823242188,155105000
2006-06-09,813.1397094726561,818.5970229590498,802.2250824998689,813.1397094726562,70208000
2006-06-12,802.2252807617189,807.6825955968326,802.2252807617189,802.2252807617188,22512000
2006-06-13,791.3105016321568,802.2251292408763,774.9385602190778,780.3958740234375,48454000
2006-06-14,758.5666188059987,780.3958740234375,758.5666188059987,780.3958740234375,48454000
2006-06-15,780.3958512427101,810.4110762905067,774.9385375976562,774.9385375976562,48454000
2006-06-16,813.1397094726561,818.5970229590498,802.2250824998689,813.1397094726562,71183000
2006-06-19,802.2252590231699,807.6825737104024,791.310629648705,796.7679443359375,33667000
2006-06-20,785.852990301724,802.2249275996767,785.852990301724,791.310302734375,30219000
2006-06-21,796.7676151670258,802.2249275996767,780.3956778690732,791.310302734375,32073000
2006-06-22,802.2250824998689,813.1397094726561,796.7677690134752,813.1397094726562,55317000
2006-06-23,802.2250451660157,829.511611328125,796.7677319335938,818.5969848632812,61846000
2006-06-26,818.5971511037727,834.9690941258482,813.1398367630809,829.5117797851562,42861000
2006-06-27,840.4265747070314,856.7985209675579,840.4265747070314,840.4265747070312,62743000
2006-06-28,834.9691162109374,840.4264306959763,818.597172755821,834.9691162109375,42328000
2006-06-29,840.426397044188,856.79833984375,834.9690827776673,856.79833984375,66584000
2006-06-30,873.1702270507812,873.1702270507812,862.2555992126464,873.1702270507812,70896000
2006-07-03,878.6275250470196,884.0848388671875,873.1702112268518,884.0848388671875,53617000
2006-07-04,889.5421526873553,894.9994665075232,884.0848388671875,884.0848388671875,44979000
2006-07-05,878.6275409698486,878.6275409698486,867.7129131317138,873.1702270507812,38582000
2006-07-06,856.7983175424429,867.7129457913912,845.8836892934946,851.3410034179688,48519000
2006-07-07,862.2556089339718,862.2556089339718,845.8836669921875,845.8836669921875,29263000
2006-07-10,867.7130737304689,867.7130737304689,867.7130737304689,867.7130737304688,29263000
2006-07-11,889.5424402748666,900.4570714438834,878.6278091058499,894.999755859375,55724000
2006-07-12,894.9994665075232,900.4567803276909,884.0848388671875,884.0848388671875,42929000
2006-07-13,867.712897406684,894.9994665075232,867.712897406684,884.0848388671875,37442000
2006-07-14,873.1703050830696,884.0849338966079,856.798361862762,862.2556762695312,39192000
2006-07-17,862.2556089339718,862.2556089339718,845.8836669921875,845.8836669921875,39192000
2006-07-18,845.8837228072317,851.3410371479235,824.0544654444645,829.5117797851562,40081000
2006-07-19,834.969009904672,840.4263236948987,824.0543823242188,824.0543823242188,30635000
2006-07-20,840.4263530115927,851.3409809727823,834.9690390309979,845.8836669921875,31315000
2006-07-21,834.9690610445463,851.3410034179688,834.9690610445463,851.3410034179688,26812000
2006-07-24,840.4263530115927,851.3409809727823,829.5117250504032,845.8836669921875,28914000
2006-07-25,856.798294953377,862.2556089339718,845.8836669921875,845.8836669921875,30184000
2006-07-26,845.8836669921875,845.8836669921875,845.8836669921875,845.8836669921875,0
2006-07-27,845.8836669921875,845.8836669921875,845.8836669921875,845.8836669921875,0
2006-07-28,867.7128750818857,878.6275024414062,856.7982477223651,878.6275024414062,47448000
2006-07-31,884.0848388671875,889.5421526873553,878.6275250470196,884.0848388671875,27801000
2006-08-01,873.1702826433121,878.6275969098328,851.3410255772293,856.79833984375,34679000
2006-08-02,845.8836892934946,856.7983175424429,834.9690610445463,851.3410034179688,30422000
2006-08-03,856.798294953377,862.2556089339718,845.8836669921875,845.8836669921875,27948000
2006-08-04,851.3410474559928,862.2556762695312,851.3410474559928,862.2556762695312,29522000
2006-08-07,856.7985209675579,867.713151807909,840.4265747070314,840.4265747070312,31030000
2006-08-08,845.8836669921875,856.798294953377,840.4263530115927,845.8836669921875,31477000
2006-08-09,845.8838140139791,867.7130737304689,840.4264990848566,867.7130737304688,43784000
2006-08-10,867.7128750818857,878.6275024414062,862.2555614021254,878.6275024414062,43881000
2006-08-11,867.7129906763004,878.6276194898387,851.3410474559928,862.2556762695312,36580000
2006-08-14,862.2555992126464,873.1702270507812,856.798285293579,873.1702270507812,18645000
2006-08-15,873.1701887616459,878.6275024414062,867.7128750818857,878.6275024414062,22561000
2006-08-16,889.5422973632812,894.9996120710314,884.084982655531,889.5422973632812,23609000
2006-08-17,894.999755859375,900.4570714438834,889.5424402748666,894.999755859375,30348000
2006-08-18,900.4566040039061,900.4566040039061,889.5419785008286,900.4566040039062,20212000
2006-08-21,900.4569267787816,905.9142414865318,889.5422973632812,889.5422973632812,21133000
2006-08-22,889.5422973632812,889.5422973632812,889.5422973632812,889.5422973632812,21133000
2006-08-23,894.9992912523674,905.913916755445,894.9992912523674,900.4566040039062,21963000
2006-08-24,894.9994665075232,894.9994665075232,878.6275250470196,884.0848388671875,21247000
2006-08-25,884.0848388671875,894.9994665075232,878.6275250470196,884.0848388671875,25958000
2006-08-28,878.6276194898387,884.0849338966079,862.2556762695312,862.2556762695312,25331000
2006-08-29,862.2555992126464,878.6275409698486,862.2555992126464,873.1702270507812,24293000
2006-08-30,873.1703886595913,878.6277035887138,862.2557588013464,867.7130737304688,19475000
2006-08-31,873.1702270507812,884.084854888916,867.7129131317138,873.1702270507812,26217000
2006-09-01,873.1701887616459,878.6275024414062,867.7128750818857,878.6275024414062,20695000
2006-09-04,884.0848161211666,889.5421298009268,867.7128750818857,878.6275024414062,27112000
2006-09-05,878.6275024414062,884.0848161211666,873.1701887616459,878.6275024414062,18037000
2006-09-06,873.1702270507812,878.6275409698486,867.7129131317138,873.1702270507812,19500000
2006-09-07,862.2556541102707,873.1702826433121,856.79833984375,856.79833984375,24412000
2006-09-08,851.3410255772293,862.2556541102707,845.8837113107086,856.79833984375,52889000
2006-09-11,851.3412055473824,856.7985209675579,840.4265747070314,840.4265747070312,28783000
2006-09-12,840.4265747070314,851.3412055473824,829.5119438666802,840.4265747070312,39430000
2006-09-13,845.8836374851253,851.3409512753518,824.0543823242188,824.0543823242188,26457000
2006-09-14,824.0542980957032,834.968924560547,818.5969848632814,818.5969848632812,36121000
2006-09-15,824.0542980957032,829.511611328125,813.1396716308594,818.5969848632812,32384000
2006-09-18,818.5969848632814,818.5969848632814,818.5969848632814,818.5969848632812,0
2006-09-19,813.1396863782728,829.5116263724663,807.682373046875,807.682373046875,41441000
2006-09-20,802.2249275996767,807.6822400323275,780.3956778690732,791.310302734375,51618000
2006-09-21,791.310629648705,802.2252590231699,769.4813708997752,796.7679443359375,62879000
2006-09-22,796.7679443359375,807.6825737104024,785.8533149614726,796.7679443359375,38363000
2006-09-25,780.3958740234375,785.8531878277971,774.9385602190778,780.3958740234375,31546000
2006-09-26,788.6106178977273,799.5635431463069,777.6576926491477,783.1341552734375,23516000
2006-09-27,794.0870103260014,821.469321026898,794.0870103260014,815.9928588867188,37589000
2006-09-28,821.4691772460938,826.9456384277344,815.9927160644531,821.4691772460938,27919000
2006-09-29,826.9455971968802,837.8985190140575,821.4691362882916,832.4220581054688,28604000
2006-10-02,837.8989634328075,843.3754272460938,832.4224996195211,843.3754272460938,22932000
2006-10-03,837.8989108256156,843.3753742950641,826.9459838867188,826.9459838867188,22469000
2006-10-04,832.422099609375,837.8985607910156,815.9927160644531,821.4691772460938,20772000
2006-10-05,826.9457576976102,837.898681640625,810.5163717830882,837.898681640625,35984000
2006-10-06,848.8515413724459,865.2809260441707,848.8515413724459,854.3280029296875,67003000
2006-10-09,854.3280029296875,854.3280029296875,854.3280029296875,854.3280029296875,0
2006-10-10,854.3279009468947,876.2337445609177,848.851440043389,865.2808227539062,51736000
2006-10-11,870.7572836574119,870.7572836574119,859.8043618504005,865.2808227539062,50355000
2006-10-12,859.8045295266544,859.8045295266544,837.898681640625,837.898681640625,27636000
2006-10-13,848.8518377645125,854.328301233961,826.9459838867188,826.9459838867188,53437000
2006-10-16,837.898681640625,843.3751436121323,832.4222196691176,837.898681640625,24151000
2006-10-17,837.8989108256156,837.8989108256156,821.4695204172702,826.9459838867188,24291000
2006-10-18,815.9927160644531,826.9456384277344,810.5162548828125,821.4691772460938,40239000
2006-10-19,826.9457831670774,832.4222453072566,815.9928588867188,815.9928588867188,27256000
2006-10-20,810.5163967465394,821.469321026898,805.03993460636,815.9928588867188,25466000
2006-10-23,805.0401300089248,826.9459838867188,799.5636665394763,826.9459838867188,48610000
2006-10-24,837.8989108256156,843.3753742950641,826.9459838867188,826.9459838867188,43241000
2006-10-25,826.9459838867188,832.4224473561671,821.4695204172702,826.9459838867188,17915000
2006-10-26,826.9457576976102,837.898681640625,826.9457576976102,837.898681640625,31834000
2006-10-27,843.3753742950641,848.8518377645125,821.4695204172702,826.9459838867188,34385000
2006-10-30,815.9929421914591,826.9458675900021,810.5164794921875,810.5164794921875,55448000
2006-10-31,815.9930266295971,821.4694898955676,805.0401000976562,805.0401000976562,27542000
2006-11-01,805.03993460636,826.9457831670774,799.5634724661808,815.9928588867188,53692000
2006-11-02,815.9930266295971,821.4694898955676,805.0401000976562,805.0401000976562,37168000
2006-11-03,805.0401000976562,805.0401000976562,805.0401000976562,805.0401000976562,0
2006-11-06,799.5633544921875,805.0398158243257,794.0868931600493,799.5633544921875,39880000
2006-11-07,805.0397751380658,810.5162361934267,794.0868530273438,794.0868530273438,21323000
2006-11-08,794.086996714274,799.5634587605794,783.1340726216633,788.6105346679688,32313000
2006-11-09,777.6577148437501,783.1341776243398,772.1812520631603,777.65771484375,38880000
2006-11-10,766.7050538840869,777.657983225288,761.2285892134862,772.1815185546875,47757000
2006-11-13,766.7046508789062,772.1811126708984,761.2281890869141,766.7046508789062,49047000
2006-11-14,783.1340726216633,794.086996714274,777.657610575358,788.6105346679688,41927000
2006-11-15,799.5636368316858,805.0401000976562,794.0871735657153,805.0401000976562,40520000
2006-11-16,799.5635431463069,799.5635431463069,777.6576926491477,783.1341552734375,32878000
2006-11-17,788.6106404049297,794.0871031855195,772.1812520631603,777.65771484375,40643000
2006-11-20,766.7046942227129,777.6576184258945,755.7517700195314,755.7517700195312,35385000
2006-11-21,755.7518090995953,766.7047338691548,755.7518090995953,761.228271484375,35348000
2006-11-22,761.2283265019807,777.6577148437501,755.7518637213909,777.65771484375,34930000
2006-11-23,777.6577148437501,777.6577148437501,777.6577148437501,777.65771484375,0
2006-11-24,766.7046942227129,772.1811563243037,750.2753079179405,755.7517700195312,41989000
2006-11-27,744.7988037109375,777.6575744628907,744.7988037109375,766.7046508789062,41862000
2006-11-28,761.2283265019807,777.6577148437501,755.7518637213909,777.65771484375,41229000
2006-11-29,788.6103919719828,794.0868530273438,783.1339309166218,794.0868530273438,29496000
2006-11-30,805.0400167929159,815.9929421914591,805.0400167929159,810.5164794921875,49987000
2006-12-01,815.9929421914591,815.9929421914591,805.0400167929159,810.5164794921875,34044000
2006-12-04,805.0400167929159,815.9929421914591,799.5635540936444,810.5164794921875,39661000
2006-12-05,810.5162771564641,815.9927384886023,799.5633544921875,799.5633544921875,25181000
2006-12-06,799.5635540936444,815.9929421914591,788.6106286951014,810.5164794921875,46335000
2006-12-07,805.0401000976562,810.5165633636267,799.5636368316858,805.0401000976562,21295000
2006-12-08,799.5633544921875,805.0398158243257,794.0868931600493,799.5633544921875,29898000
2006-12-11,805.0398158243257,810.5162771564641,794.0868931600493,799.5633544921875,30864000
2006-12-12,805.0400167929159,815.9929421914591,799.5635540936444,810.5164794921875,42369000000
2006-12-13,799.5636368316858,810.5165633636267,799.5636368316858,805.0401000976562,32024000000
2006-12-14,815.9927160644531,821.4691772460938,815.9927160644531,821.4691772460938,23148000
2006-12-15,826.9456384277344,832.422099609375,821.4691772460938,821.4691772460938,38255000
2006-12-18,832.4224473561671,832.4224473561671,821.4695204172702,826.9459838867188,21763000
2006-12-19,826.9456384277344,832.422099609375,815.9927160644531,821.4691772460938,33890000
2006-12-20,821.4695204172702,832.4224473561671,821.4695204172702,826.9459838867188,31274000
2006-12-21,832.422099609375,832.422099609375,821.4691772460938,821.4691772460938,22155000
2006-12-22,815.9929421914591,821.4694048907305,810.5164794921875,810.5164794921875,24976000
2006-12-25,805.0400167929159,810.5164794921875,805.0400167929159,810.5164794921875,8568000
2006-12-26,805.0401000976562,810.5165633636267,799.5636368316858,805.0401000976562,19743000
2006-12-27,805.0401000976562,810.5165633636267,799.5636368316858,805.0401000976562,16895000
2006-12-28,815.9929421914591,815.9929421914591,805.0400167929159,810.5164794921875,14051000
2006-12-29,810.5165633636267,815.9930266295971,805.0401000976562,805.0401000976562,8362000
2007-01-04,810.5163967465394,815.9928588867188,810.5163967465394,815.9928588867188,15871000000
2007-01-05,815.9928588867188,821.469321026898,810.5163967465394,815.9928588867188,33826000
2007-01-09,810.5165934783732,832.4224473561671,810.5165934783732,826.9459838867188,37776000
2007-01-10,832.4222453072566,832.4222453072566,815.9928588867188,815.9928588867188,37657000
2007-01-11,815.9930266295971,821.4694898955676,805.0401000976562,805.0401000976562,21103000
2007-01-12,810.5165934783732,832.4224473561671,805.0401300089248,826.9459838867188,37697000
2007-01-15,832.4222196691176,848.8516055836396,832.4222196691176,837.898681640625,56265000
2007-01-16,843.3751436121323,848.8516055836396,837.898681640625,837.898681640625,28208000
2007-01-17,843.3751436121323,848.8516055836396,832.4222196691176,837.898681640625,33724000
2007-01-18,832.4222196691176,837.898681640625,826.9457576976102,837.898681640625,44384000
2007-01-19,837.8989108256156,837.8989108256156,821.4695204172702,826.9459838867188,39746000
2007-01-22,832.4221774193547,848.8515625,826.9457157258064,848.8515625,36781000
2007-01-23,843.3751436121323,848.8516055836396,837.898681640625,837.898681640625,23241000
2007-01-24,843.374979922646,848.8514408312346,832.4220581054689,832.4220581054688,41292000
2007-01-25,837.8985190140575,843.374979922646,826.9455971968802,832.4220581054688,32559000
2007-01-26,826.9456384277344,832.422099609375,821.4691772460938,821.4691772460938,19067000
2007-01-29,810.5165633636267,815.9930266295971,799.5636368316858,805.0401000976562,49003000
2007-01-30,810.5162771564641,810.5162771564641,799.5633544921875,799.5633544921875,30938000
2007-01-31,799.5633544921875,805.0398158243257,794.0868931600493,799.5633544921875,32512000
2007-02-01,799.5633544921875,805.0398158243257,794.0868931600493,799.5633544921875,37207000
2007-02-02,805.0397751380658,810.5162361934267,794.0868530273438,794.0868530273438,27670000
2007-02-05,794.0871031855195,794.0871031855195,772.1812520631603,777.65771484375,58359000
2007-02-06,772.1815185546875,777.657983225288,761.2285892134862,772.1815185546875,65450000
2007-02-07,772.1811126708984,777.6575744628907,766.7046508789062,766.7046508789062,47448000
2007-02-08,766.7046508789062,772.1811126708984,761.2281890869141,766.7046508789062,30533000
2007-02-09,766.7046864827473,799.5634587605794,761.228224436442,788.6105346679688,102663000
2007-02-13,794.0868931600493,810.5162771564641,794.0868931600493,799.5633544921875,42014000000
2007-02-14,810.5164794921875,815.9929421914591,805.0400167929159,810.5164794921875,41104000
2007-02-15,815.9927160644531,821.4691772460938,810.5162548828125,821.4691772460938,39810000
2007-02-16,810.5163967465394,821.469321026898,805.03993460636,815.9928588867188,31836000
2007-02-19,815.9927160644531,821.4691772460938,805.0397937011719,821.4691772460938,17158000
2007-02-20,821.4691772460938,821.4691772460938,810.5162548828125,821.4691772460938,28238000
2007-02-21,810.5165934783732,837.8989108256156,810.5165934783732,826.9459838867188,60053000
2007-02-22,837.8985190140575,843.374979922646,826.9455971968802,832.4220581054688,45157000
2007-02-23,837.8985190140575,843.374979922646,826.9455971968802,832.4220581054688,46737000
2007-02-26,837.8989108256156,843.3753742950641,821.4695204172702,826.9459838867188,31575000
2007-02-27,821.469321026898,826.9457831670774,815.9928588867188,815.9928588867188,25483000
2007-02-28,783.1339704957727,799.5633544921875,777.6575091636344,799.5633544921875,61885000
2007-03-01,794.0870805220171,805.0400057705966,777.6576926491477,783.1341552734375,50785000
2007-03-02,783.1341776243398,788.6106404049297,772.1812520631603,777.65771484375,28354000
2007-03-05,766.7046942227129,772.1811563243037,755.7517700195314,755.7517700195312,69190000
2007-03-06,755.7518090995953,766.7047338691548,755.7518090995953,761.228271484375,59202000
2007-03-07,772.1811563243037,772.1811563243037,755.7517700195314,755.7517700195312,46715000
2007-03-08,761.2281890869141,772.1811126708984,755.7517272949219,766.7046508789062,33778000
2007-03-09,766.7046508789062,772.1811126708984,761.2281890869141,766.7046508789062,43977000
2007-03-12,772.1811126708984,777.6575744628907,761.2281890869141,766.7046508789062,24021000000
2007-03-13,772.1811962539344,772.1811962539344,761.2282714843751,761.228271484375,19488000000
2007-03-14,755.7519148109603,755.7519148109603,744.7989885093523,750.2754516601562,38683000
2007-03-15,750.2753738968461,755.7518364800346,728.3695235640914,739.3224487304688,59934000000
2007-03-16,728.369551563991,733.8460143577051,700.9872375954199,717.4166259765625,86388000
2007-03-19,700.9871608527133,711.9400852410369,690.0342364643896,706.463623046875,77432000
2007-03-20,717.4167249274976,728.3696520256274,717.4167249274976,722.8931884765625,41299000
2007-03-22,739.3224487304688,750.2753738968461,739.3224487304688,739.3224487304688,40474000
2007-03-23,750.2754516601564,755.7519148109603,744.7989885093523,750.2754516601562,28535000
2007-03-26,755.7519148109603,755.7519148109603,739.3225253585482,750.2754516601562,38478000
2007-03-27,748.0752645464087,753.5758179621911,737.0741577148439,737.0741577148438,17304000
2007-03-28,737.0739773628408,748.0750815025846,726.0728732230968,731.5734252929688,35494000000
2007-03-29,720.5723211532248,731.5734252929688,715.0717690833529,731.5734252929688,37244000
2007-03-30,731.5734252929688,748.0750815025846,731.5734252929688,731.5734252929688,33926000
2007-04-02,742.5747819380327,748.0753358783145,726.0731201171875,726.0731201171875,23118000
2007-04-03,731.5735365923714,748.0751953125001,731.5735365923714,748.0751953125,29478000
2007-04-04,753.5756804977638,759.0762329101562,748.0751280853714,759.0762329101562,27457000
2007-04-05,753.5757482192096,759.0763011259191,748.0751953125001,748.0751953125,17775000
2007-04-06,753.5758056640626,753.5758056640626,742.5746990120324,753.5758056640625,17300000
2007-04-09,748.0752523380476,759.0763589900777,748.0752523380476,753.5758056640625,15889000000
2007-04-10,748.0751280853714,759.0762329101562,742.5745756729789,759.0762329101562,25746000
2007-04-11,753.5756804977638,759.0762329101562,753.5756804977638,759.0762329101562,15139000
2007-04-12,753.5758757414642,753.5758757414642,742.5747680664062,742.5747680664062,27212000
2007-04-13,742.5745294327127,748.0750815025846,726.0728732230968,731.5734252929688,32086000
2007-04-16,737.0739773628408,742.5745294327127,731.5734252929688,731.5734252929688,15444000
2007-04-17,737.0739773628408,742.5745294327127,720.5723211532248,731.5734252929688,31612000
2007-04-18,731.5734252929688,731.5734252929688,720.5723211532248,731.5734252929688,30109000
2007-04-19,720.572390981821,726.0729435847355,709.5712857759916,715.0718383789062,37446000
2007-04-20,709.5712857759916,715.0718383789062,704.0707331730769,715.0718383789062,29387000
2007-04-23,726.0729469476744,726.0729469476744,704.0707364341085,709.5712890625,26211000
2007-04-24,698.5701838057171,720.5723943192829,698.5701838057171,709.5712890625,31160000
2007-04-25,709.5712924003601,715.0718450546265,704.0707397460938,704.0707397460938,23265000
2007-04-26,704.0707397460938,709.5712924003601,698.5701870918274,704.0707397460938,34673000
2007-04-27,693.0694599609375,704.0705624999999,687.5689086914062,687.5689086914062,64081000
2007-05-01,693.0694599609375,693.0694599609375,682.068357421875,687.5689086914062,21715000
2007-05-02,687.5689067537822,693.0694580078125,682.068355499752,693.0694580078125,33831000
2007-05-07,709.5712890625,715.0718416908915,704.0707364341085,709.5712890625,41490000
2007-05-08,731.5736740574692,737.074227997751,726.0731201171875,726.0731201171875,46942000
2007-05-09,737.0741577148439,742.5747111306263,731.5736042990613,737.0741577148438,44583000
2007-05-10,742.5747111306263,748.0752645464087,737.0741577148439,737.0741577148438,35961000
2007-05-11,726.0730508832789,737.0741577148439,726.0730508832789,737.0741577148438,22040000
2007-05-14,748.0752645464087,748.0752645464087,737.0741577148439,737.0741577148438,26387000
2007-05-15,737.0739773628408,742.5745294327127,731.5734252929688,731.5734252929688,21462000
2007-05-16,720.5725661769059,726.0731201171875,720.5725661769059,726.0731201171875,17287000
2007-05-17,726.0730017742128,731.5735548179568,720.5724487304688,720.5724487304688,27028000
2007-05-18,720.572390981821,726.0729435847355,715.0718383789062,715.0718383789062,14283000
2007-05-21,720.5725661769059,726.0731201171875,715.0720122366241,726.0731201171875,31188000
2007-05-22,731.5735365923714,748.0751953125001,726.0729836856618,748.0751953125,53398000
2007-05-23,764.5767761663342,786.5789855524157,764.5767761663342,775.577880859375,124722000
2007-05-24,764.5767761663342,775.577880859375,759.0762238198138,775.577880859375,57828000
2007-05-25,759.0762329101562,764.5767853225486,753.5756804977638,759.0762329101562,36417000
2007-05-28,759.0762329101562,759.0762329101562,748.0751280853714,759.0762329101562,32335000
2007-05-29,759.0761064801898,770.0772094726562,759.0761064801898,770.0772094726562,23926000
2007-05-30,764.5767211914061,770.0772731424235,759.0761692403888,764.5767211914062,37543000
2007-05-31,770.0772094726562,770.0772094726562,764.576657976423,770.0772094726562,34266000
2007-06-01,775.5777609688895,775.5777609688895,770.0772094726562,770.0772094726562,25739000
2007-06-04,775.577880859375,781.0784332058954,770.0773285128546,775.577880859375,22691000
2007-06-05,764.5767211914061,770.0772731424235,764.5767211914061,764.5767211914062,16697000
2007-06-06,770.0773285128546,775.577880859375,770.0773285128546,775.577880859375,17421000
2007-06-07,764.5767761663342,781.0784332058954,764.5767761663342,775.577880859375,36080000
2007-06-08,770.0772731424235,775.5778250934408,764.5767211914061,764.5767211914062,74642000
2007-06-11,775.5777609688895,781.0783124651228,770.0772094726562,770.0772094726562,28546000
2007-06-12,775.5778778505996,781.0784301757812,775.5778778505996,781.0784301757812,17966000
2007-06-13,770.0772094726562,781.0783124651228,770.0772094726562,770.0772094726562,31123000
2007-06-14,781.0784301757812,781.0784301757812,775.5778778505996,781.0784301757812,13613000
2007-06-15,775.5777545208697,786.578857421875,775.5777545208697,786.578857421875,21509000
2007-06-18,786.578857421875,786.578857421875,775.5777545208697,786.578857421875,32185000
2007-06-19,775.577880859375,781.0784332058954,770.0773285128546,775.577880859375,20844000
2007-06-20,775.577880859375,781.0784332058954,775.577880859375,775.577880859375,12427000
2007-06-21,770.0772094726562,775.5777609688895,764.576657976423,770.0772094726562,20863000
2007-06-22,753.5756804977638,759.0762329101562,748.0751280853714,759.0762329101562,46476000
2007-06-25,748.0751953125001,753.5757482192096,742.5746424057905,748.0751953125,41686000
2007-06-26,753.5758056640626,753.5758056640626,748.0752523380476,753.5758056640625,15355000
2007-06-27,742.5747111306263,748.0752645464087,737.0741577148439,737.0741577148438,24478000
2007-06-28,742.5746424057905,748.0751953125001,742.5746424057905,748.0751953125,20798000
2007-06-29,748.0751953125001,753.5757482192096,742.5746424057905,748.0751953125,20827000
2007-07-02,748.0752523380476,753.5758056640626,742.5746990120324,753.5758056640625,21080000
2007-07-03,759.0762329101562,764.5767853225486,753.5756804977638,759.0762329101562,36075000
2007-07-04,759.0763011259191,759.0763011259191,748.0751953125001,748.0751953125,17253000
2007-07-05,748.0752523380476,759.0763589900777,748.0752523380476,753.5758056640625,23094000
2007-07-06,753.5757482192096,753.5757482192096,742.5746424057905,748.0751953125,25108000
2007-07-09,748.0751280853714,759.0762329101562,748.0751280853714,759.0762329101562,15310000
2007-07-10,748.0752523380476,759.0763589900777,742.5746990120324,753.5758056640625,23194000
2007-07-11,752.7475119693066,752.7475119693066,737.0741577148439,737.0741577148438,25957000
2007-07-12,742.5747680664062,753.5758757414642,742.5747680664062,742.5747680664062,26165000
2007-07-13,759.0763589900777,759.0763589900777,748.0752523380476,753.5758056640625,37299000
2007-07-17,742.5747680664062,748.0753219039352,737.0742142288773,742.5747680664062,38862000
2007-07-18,726.0728732230968,737.0739773628408,726.0728732230968,731.5734252929688,33931000
2007-07-19,726.0731201171875,731.5736740574692,720.5725661769059,726.0731201171875,31731000
2007-07-20,726.0730017742128,731.5735548179568,720.5724487304688,720.5724487304688,28975000
2007-07-23,709.5712857759916,715.0718383789062,709.5712857759916,715.0718383789062,14500000
2007-07-24,720.5724487304688,731.5735548179568,715.0718956867247,720.5724487304688,33967000
2007-07-25,731.5734252929688,742.5745294327127,726.0728732230968,731.5734252929688,60339000
2007-07-26,731.5734252929688,737.0739773628408,726.0728732230968,731.5734252929688,36914000
2007-07-27,709.5712890625,720.5723943192829,704.0707364341085,709.5712890625,50948000
2007-07-30,698.5700073242188,709.5711098017655,698.5700073242188,698.5700073242188,23575000000
2007-07-31,698.5700073242188,704.0705585629921,698.5700073242188,698.5700073242188,15375000
2007-08-01,682.0683654280733,682.0683654280733,660.0661600916839,665.5667114257812,66762000
2007-08-02,665.5665914070706,671.0671417492779,643.5643900382419,654.5654907226562,55455000
2007-08-03,665.5665914070706,671.0671417492779,649.0649403804491,654.5654907226562,48854000
2007-08-06,627.0629219844424,638.0640258789062,621.5623700372105,638.0640258789062,52888000
2007-08-07,643.5645778261382,649.0651297733702,632.5634739316744,638.0640258789062,27198000
2007-08-08,649.0651194254557,665.566775004069,643.564567565918,660.0662231445312,37174000
2007-08-09,676.5679351306352,682.0684874487705,671.0673828125,671.0673828125,54588000
2007-08-10,643.5645120911679,649.0650634765625,638.0639607057733,649.0650634765625,48238000
2007-08-13,649.0651297733702,654.5656817206021,638.0640258789062,638.0640258789062,19639000000
2007-08-14,632.5635408100329,638.0640933388158,616.0618832236843,627.06298828125,41692000
2007-08-15,594.0596313476562,594.0596313476562,588.5590792055483,594.0596313476562,53431000
2007-08-16,577.5580823743666,610.5614013671875,561.0564228779562,610.5614013671875,117260000
2007-08-17,616.0618458873821,638.0640546690743,577.5579805194207,583.0585327148438,134015000
2007-08-20,605.0608559704702,616.0619624426606,594.0597494982799,599.560302734375,77795000000
2007-08-21,610.5613436612216,621.5624489524148,594.0596857244319,605.060791015625,38198000
2007-08-22,605.0607356318721,610.5612877739801,583.0585270634405,594.0596313476562,38006000
2007-08-23,627.0631146726355,627.0631146726355,616.062007397677,621.5625610351562,51616000
2007-08-24,621.5625610351562,632.5636683101147,610.5614537601977,621.5625610351562,49597000
2007-08-27,638.064221947594,638.064221947594,621.5625610351562,621.5625610351562,26478000
2007-08-28,610.5614013671875,621.5625076981279,605.0608482017174,610.5614013671875,33906000
2007-08-29,588.5591330788353,605.060791015625,583.0585804332387,605.060791015625,48393000
2007-08-30,605.0608559704702,605.0608559704702,588.5591962621846,599.560302734375,36856000
2007-08-31,594.0597418707771,610.5614013671875,594.0597418707771,610.5614013671875,67777000
2007-09-03,616.0618963068182,616.0618963068182,605.060791015625,605.060791015625,19862000
2007-09-04,605.0608559704702,610.5614092065654,594.0597494982799,599.560302734375,17141000
2007-09-05,610.5614092065654,616.0619624426606,588.5591962621846,599.560302734375,40038000
2007-09-06,588.5590792055483,594.0596313476562,577.5579749213325,594.0596313476562,40371000
2007-09-07,583.0585327148438,588.5590849102667,577.5579805194207,583.0585327148438,32969000
2007-09-10,561.0563929289291,572.0574986726335,555.5558400570768,566.5569458007812,42107000000
2007-09-11,555.5558366041918,583.0586007925181,555.5558366041918,572.0574951171875,56125000
2007-09-12,572.057377833946,577.5579295438878,555.5557227041206,561.0562744140625,40428000
2007-09-13,555.5557275390624,561.056279296875,550.05517578125,550.05517578125,39947000
2007-09-14,555.5558366041918,577.5580479548528,555.5558366041918,572.0574951171875,73611000
2007-09-18,561.0561560428504,566.5567065922901,544.5545043945312,544.5545043945312,102192000
2007-09-19,583.0585972377231,588.5591500418526,572.0574916294643,577.5580444335938,57711000
2007-09-20,572.0574916294643,577.5580444335938,566.5569388253348,577.5580444335938,37111000
2007-09-21,555.5557250976562,561.0562768312964,550.0551733640161,555.5557250976562,50793000
2007-09-25,555.5557250976562,555.5557250976562,555.5557250976562,555.5557250976562,0
2007-09-26,555.5557250976562,555.5557250976562,555.5557250976562,555.5557250976562,0
2007-09-27,555.5557250976562,555.5557250976562,555.5557250976562,555.5557250976562,0
2007-09-28,555.5557250976562,555.5557250976562,555.5557250976562,555.5557250976562,0
2007-10-01,607.6219555316943,610.3914266143365,576.6038794061019,584.3583984375,58054500
2007-10-02,606.5141570332663,624.2387716680283,598.2057439232216,617.0381469726562,72217000
2007-10-03,605.9602559934626,644.7328500698268,605.9602559934626,641.4094848632812,86005800
2007-10-04,631.4391495650085,661.903319061566,630.885255574162,648.60986328125,64573600
2007-10-05,651.9333490951783,660.7956546053931,651.3794550007898,657.4722900390625,43310800
2007-10-09,664.1192039207175,672.4276176478324,655.8107901936027,658.0263671875,41583500
2007-10-10,669.1040661260548,669.1040661260548,650.2716669138977,656.364501953125,34197500
2007-10-11,649.1640005322183,666.3347206828145,642.5172701513424,652.4873657226562,45292600
2007-10-12,652.4872440696781,652.4872440696781,648.0560913085938,648.0560913085938,45390700
2007-10-15,639.1939130781388,642.5172783107809,624.23876953125,624.23876953125,33325400
2007-10-16,553.8942158728754,586.573974609375,553.8942158728754,586.573974609375,81527600
2007-10-17,565.5260016967413,565.5260016967413,563.3104248046875,563.3104248046875,81050800
2007-10-18,585.4661274836614,588.2355982853816,571.064879314716,576.0499267578125,48616600
2007-10-19,575.4959723928539,575.4959723928539,568.8492431640625,568.8492431640625,57156300
2007-10-22,553.8941023992819,577.711548802451,549.4629495800876,568.8492431640625,66920700
2007-10-23,579.373291015625,579.373291015625,579.373291015625,579.373291015625,56214000
2007-10-24,586.0199596721084,594.3283711986505,569.403136619024,574.9420776367188,51817200
2007-10-25,574.9422033043882,574.9422033043882,563.8643188476562,563.8643188476562,50468000
2007-10-26,563.8641357421875,577.1575927734375,563.8641357421875,577.1575927734375,41168400
2007-10-29,592.1126721292105,611.4989616750687,591.0048841551616,604.29833984375,67746000
2007-10-30,605.9602633114873,615.37646484375,605.9602633114873,615.37646484375,58298000
2007-10-31,601.5291052492593,633.654969065518,600.4213168418021,630.885498046875,67406000
2007-11-01,621.4692998073057,621.4692998073057,619.8076171875,619.8076171875,54028100
2007-11-02,621.4692464037993,621.4692464037993,582.6966552734375,582.6966552734375,57542400
2007-11-05,582.6967226101585,582.6967226101585,562.2026363586606,563.3104248046875,60224400
2007-11-06,563.3102416992188,564.971923828125,563.3102416992188,564.971923828125,39323000
2007-11-07,564.9718614475044,564.9718614475044,552.7861938476562,552.7861938476562,57679000
2007-11-08,552.7863179398372,552.7863179398372,535.0617065429688,535.0617065429688,67107200
2007-11-09,534.5076554339865,534.5076554339865,509.5824279785156,509.5824279785156,73608896
2007-11-12,509.5825817154623,509.5825817154623,500.1663818359375,500.1663818359375,71156704
2007-11-13,500.16638136643627,504.04364013671875,500.16638136643627,504.04364013671875,86395296
2007-11-14,529.5227654189828,535.6156005859375,529.5227654189828,535.6156005859375,86908800
2007-11-15,548.9091852073115,551.6786563738468,532.8462524414062,532.8462524414062,70227904
2007-11-16,532.8461950657454,532.8461950657454,517.337158203125,517.337158203125,62086300
2007-11-19,517.3372766679852,525.091796875,517.3372766679852,525.091796875,54892700
2007-11-20,512.4396296576065,517.89111328125,512.4396296576065,517.89111328125,68018304
2007-11-21,518.4447310737942,518.4447310737942,509.5824279785156,509.5824279785156,54756600
2007-11-22,509.58251953125,514.013671875,509.58251953125,514.013671875,61624000
2007-11-26,524.5377753418462,563.3103669721833,521.2144103449601,548.9091186523438,94485000
2007-11-27,548.9090553061476,570.5109252929688,548.9090553061476,570.5109252929688,96418896
2007-11-28,567.7413940429688,567.7413940429688,561.6485595703125,561.6485595703125,48114700
2007-11-29,561.6486170885731,595.9900512695312,561.6486170885731,595.9900512695312,75193800
2007-11-30,602.6370236455464,603.19091796875,602.6370236455464,603.19091796875,67502704
2007-12-03,619.253662109375,619.253662109375,619.253662109375,619.253662109375,83632200
2007-12-04,619.2536008566246,621.4691772460938,619.2536008566246,621.4691772460938,98566704
2007-12-05,621.4691162109375,638.0859375,621.4691162109375,638.0859375,103610896
2007-12-06,639.7477918494409,680.1820678710938,639.7477918494409,680.1820678710938,129561696
2007-12-07,680.1820719875365,682.9515429646844,665.2269287109375,665.2269287109375,88228304
2007-12-10,675.1968383789062,675.750732421875,675.1968383789062,675.750732421875,131755104
2007-12-11,683.5054330235585,686.828798176023,680.1820678710938,680.1820678710938,76709000
2007-12-12,667.4423217773438,678.5202026367188,665.7806396484375,678.5202026367188,74335904
2007-12-13,644.8967606246285,644.8967606246285,624.7925415039062,624.7925415039062,112740704
2007-12-14,627.008313965753,627.008313965753,594.8824462890625,594.8824462890625,123444400
2007-12-17,597.097650312728,597.097650312728,569.4029541015625,569.4029541015625,59625300
2007-12-18,555.5557250976562,589.8971557617188,555.0018310546875,577.1575927734375,78935900
2007-12-19,577.1576544597933,577.1576544597933,571.0648193359375,571.0648193359375,54768200
2007-12-20,583.8043823242188,583.8043823242188,583.8043823242188,583.8043823242188,54022300
2007-12-21,576.6038818359375,576.6038818359375,576.6038818359375,576.6038818359375,43846600
2007-12-25,574.9421339246961,598.2056884765625,574.9421339246961,598.2056884765625,29981300
2007-12-26,608.1756591796875,608.1756591796875,606.5139770507812,606.5139770507812,30984300
2007-12-27,600.4212037826666,600.4212037826666,598.759521484375,598.759521484375,21867900
2007-12-28,587.1278091328647,587.681703292424,573.280455143882,579.9271850585938,23987500
2008-01-04,564.4180922925173,565.5258805011385,548.90905737182,551.1246337890625,33135500
2008-01-07,546.6932985866998,547.8010864257812,546.6932985866998,547.8010864257812,44394800
2008-01-08,547.8012084960938,564.971923828125,547.8012084960938,564.971923828125,55532700
2008-01-09,564.9720427504924,579.9271850585938,564.9720427504924,579.9271850585938,70235800
2008-01-10,579.9272502064705,579.9272502064705,567.1876831054688,567.1876831054688,52920100
2008-01-11,561.0946655273438,561.0946655273438,560.540771484375,560.540771484375,57422600
2008-01-15,555.6985872009018,555.6985872009018,553.3402099609375,553.3402099609375,47238900
2008-01-16,536.7233276367188,553.89404296875,525.6454467773438,527.30712890625,73146000
2008-01-17,529.5229451999742,538.38525390625,529.5229451999742,538.38525390625,66848800
2008-01-18,526.7531157977764,540.0465698242188,526.1992218800079,540.0465698242188,55040600
2008-01-21,520.660400390625,525.6454467773438,506.81304931640625,506.81304931640625,62505500
2008-01-22,494.62741194953793,499.61245865451644,478.01058959960943,478.0105895996094,66670100
2008-01-23,477.45681167313353,496.8431091308594,477.45681167313353,496.8431091308594,60527900
2008-01-24,528.6298403959428,533.9540405273438,528.6298403959428,533.9540405273438,78067696
2008-01-25,563.8642552302434,576.0499267578125,557.2175253061148,576.0499267578125,88621696
2008-01-28,569.9571614996431,569.9571614996431,545.5858154296875,545.5858154296875,52564900
2008-01-29,545.5856906927905,570.5109252929688,545.5856906927905,570.5109252929688,56039500
2008-01-30,570.5109253522838,570.5109253522838,569.95703125,569.95703125,49275600
2008-01-31,564.9721046292655,572.1727294921875,558.3253739865683,572.1727294921875,57760900
2008-02-01,561.0947276666536,561.0947276666536,551.1246337890625,551.1246337890625,51787300
2008-02-04,573.8343508220503,576.049927466151,569.9570916948743,572.7265625,39791500
2008-02-05,559.9868774414062,567.1875,559.9868774414062,566.0797119140625,34933100
2008-02-06,566.0799034532529,566.0799034532529,541.1546630859375,541.1546630859375,42475900
2008-02-07,520.660459783013,537.2772829675773,520.660459783013,535.0617065429688,38457600
2008-02-08,518.4450073242188,522.8761612329728,518.4450073242188,518.4450073242188,36175500
2008-02-12,518.44482421875,522.3220825195312,518.44482421875,522.3220825195312,39605700
2008-02-13,534.5079396403255,534.5079396403255,520.106689453125,520.106689453125,30916400
2008-02-14,524.5377189000448,532.8461304982503,524.5377189000448,531.7383422851562,54242500
2008-02-15,523.9838258129055,523.9838258129055,518.4448847366592,522.8760375976562,38149000
2008-02-18,513.4597778320312,513.4597778320312,513.4597778320312,513.4597778320312,32691700
2008-02-19,530.0765991210938,532.2921752929688,522.8759765625,532.2921752929688,63976000
2008-02-20,510.1366888301546,510.1366888301546,509.0289001464844,509.0289001464844,60118000
2008-02-21,509.0285658800894,521.2142333984375,509.0285658800894,521.2142333984375,36401900
2008-02-22,515.1216416984892,518.9989013671875,513.4599589833327,518.9989013671875,35886500
2008-02-25,518.9986009490184,540.0465698242188,518.9986009490184,540.0465698242188,51016300
2008-02-26,548.3552865740007,551.6786519471765,545.5858154296875,545.5858154296875,43161300
2008-02-27,554.4479982917502,556.6635747085005,550.0168454582497,552.232421875,33718500
2008-02-28,538.939084499893,546.1397094726562,538.939084499893,546.1397094726562,35045600
2008-02-29,528.9690574984722,530.0768461005632,523.9840087890625,523.9840087890625,40024900
2008-03-03,504.59750396660854,504.59750396660854,499.6124572753907,499.6124572753906,38485200
2008-03-04,501.5859415730784,501.5859415730784,499.6124572753907,499.6124572753906,43186300
2008-03-05,489.0884093545487,489.0884093545487,487.9806213378906,487.9806213378906,37123300
2008-03-06,496.28918402777776,498.50476074218744,496.28918402777776,498.5047607421875,52611900
2008-03-07,498.50467053477564,498.50467053477564,477.4566955566406,477.4566955566406,40893800
2008-03-10,470.81011962890625,473.579590920841,467.4867540785845,470.81011962890625,38645700
2008-03-11,465.8250978326522,479.1185607910156,461.9478378031295,479.1185607910156,48405800
2008-03-12,479.1184054410484,501.8280639648438,479.1184054410484,501.82806396484375,63083200
2008-03-13,465.2711783314203,467.48675537109375,465.2711783314203,467.48675537109375,60765700
2008-03-14,462.50161809426595,473.5795011623921,459.1782531738281,459.1782531738281,71677000
2008-03-17,435.9147944577294,447.5465742336027,434.8070059076462,437.0225830078125,65222300
2008-03-18,437.02242966547004,448.1003112792969,437.02242966547004,448.1003112792969,61414000
2008-03-19,450.7216133554068,472.4715881347657,450.7216133554068,472.4715881347656,65750400
2008-03-21,486.8728938423465,494.0735168457032,482.9956353020775,494.0735168457031,49406100
2008-03-24,504.96277148320587,506.25933837890625,504.96277148320587,506.25933837890625,59241600
2008-03-25,498.50490765161686,512.3522661974952,498.50490765161686,509.0289001464844,57221700
2008-03-26,500.0984497070313,500.0984497070313,500.0984497070313,500.09844970703125,42927600
2008-03-27,487.8192156766676,495.0751079006913,486.7029245652794,489.49365234375,44774300
2008-03-28,494.51702880859375,494.51702880859375,494.51702880859375,494.51702880859375,47160700
2008-03-31,494.51690986101016,494.51690986101016,480.005126953125,480.005126953125,43484800
2008-04-01,488.9354248046875,488.9354248046875,488.9354248046875,488.9354248046875,39232200
2008-04-02,488.935460842077,536.9359741210938,488.935460842077,536.9359741210938,88038200
2008-04-03,536.9361707625851,553.6805419921875,536.9361707625851,553.6805419921875,76532096
2008-04-04,557.0291876672128,557.0291876672128,550.8895874023438,550.8895874023438,71074304
2008-04-07,550.8896711640112,553.1222534179688,550.8896711640112,553.1222534179688,55868600
2008-04-08,553.1221352569328,553.1221352569328,540.2847900390625,540.2847900390625,47454000
2008-04-09,541.959354019975,541.959354019975,525.7731323242188,525.7731323242188,38720000
2008-04-10,534.1452366668798,534.1452366668798,528.5637817382812,528.5637817382812,54131700
2008-04-11,529.1219577492211,537.494140625,529.1219577492211,537.494140625,56647200
2008-04-14,535.8197436286408,535.8197436286408,517.4009399414062,517.4009399414062,57702000
2008-04-15,517.9589324301861,524.6566772460938,517.9589324301861,524.6566772460938,55022500
2008-04-16,547.5406471673696,547.5406471673696,545.8662109375,545.8662109375,63466200
2008-04-17,566.605571133003,566.605571133003,560.3781127929688,560.3781127929688,61811700
2008-04-18,562.0524922890238,563.7269287109375,562.0524922890238,563.7269287109375,42681500
2008-04-21,578.7969812420566,583.2621459960938,578.7969812420566,583.2621459960938,48139500
2008-04-22,583.8201741854972,583.8201741854972,570.4246826171875,570.4246826171875,36480200
2008-04-23,570.9951844718122,570.9951844718122,561.4944458007812,561.4944458007812,65816300
2008-04-24,568.1921658803182,568.7503114263695,555.9129638671875,555.9129638671875,50826800
2008-04-25,570.9829001206618,580.4713745117188,570.9829001206618,580.4713745117188,72877800
2008-04-28,580.4714133522727,638.5185546875,580.4714133522727,638.5185546875,135810304
2008-04-30,638.5185546875,638.5185546875,638.5185546875,638.5185546875,91671504
2008-05-01,618.4251455086995,618.4251455086995,614.5181274414062,614.5181274414062,52901000
2008-05-02,631.2625732421875,631.2625732421875,631.2625732421875,631.2625732421875,59098600
2008-05-07,647.7709712433918,647.7709712433918,647.448974609375,647.448974609375,65219400
2008-05-08,647.4487413971575,647.4487413971575,623.448486328125,623.448486328125,47322100
2008-05-09,623.4486745946547,623.4486745946547,607.262451171875,607.262451171875,42491600
2008-05-12,607.2622554030374,607.2622554030374,597.2156372070312,597.2156372070312,55936000
2008-05-13,603.0758353758158,603.0758353758158,601.122802734375,601.122802734375,51239800
2008-05-14,601.1227069294283,601.1227069294283,588.843505859375,588.843505859375,79874496
2008-05-15,596.6956501823539,602.7973022460938,596.6956501823539,602.7973022460938,79129400
2008-05-16,606.7042254246703,608.378662109375,606.7042254246703,608.378662109375,63215900
2008-05-19,608.3785971328341,608.3785971328341,605.0297241210938,605.0297241210938,55412300
2008-05-20,595.5412518975859,595.5412518975859,588.843505859375,588.843505859375,61989400
2008-05-21,560.3781963530041,562.6107788085938,560.3781963530041,562.6107788085938,66186300
2008-05-22,562.6107231747789,567.634033203125,562.6107231747789,567.634033203125,68382800
2008-05-23,564.84326171875,564.84326171875,564.84326171875,564.84326171875,72379600
2008-05-26,565.9594652769996,565.9594652769996,544.7499389648438,544.7499389648438,54292800
2008-05-27,544.7501609930282,565.4015502929688,544.7501609930282,565.4015502929688,59854500
2008-05-28,559.2618546163518,559.2618546163518,553.1222534179688,553.1222534179688,54373200
2008-05-29,560.9362013410814,563.7269287109375,560.9362013410814,563.7269287109375,56630700
2008-05-30,601.6807250976562,601.6807250976562,601.6807250976562,601.6807250976562,116459800
2008-06-02,601.6809376124475,630.1463623046875,601.6809376124475,630.1463623046875,127400000
2008-06-03,630.1462531729546,630.1462531729546,624.0066528320312,624.0066528320312,92248400
2008-06-04,624.0066539996603,641.8673095703125,624.0066539996603,641.8673095703125,76763904
2008-06-05,641.8672867299407,641.8672867299407,623.448486328125,623.448486328125,57754000
2008-06-06,623.448592827691,627.9137573242188,623.448592827691,627.9137573242188,50453700
2008-06-09,606.1460571289062,606.1460571289062,606.1460571289062,606.1460571289062,51729300
2008-06-10,606.1460030790117,606.1460030790117,594.9830932617188,594.9830932617188,49213600
2008-06-11,588.8434658628522,589.401611328125,588.8434658628522,589.401611328125,45916800
2008-06-12,583.8201673511351,583.8201673511351,581.5875854492188,581.5875854492188,63751900
2008-06-13,578.7969261907762,588.285400390625,578.7969261907762,588.285400390625,72122096
2008-06-16,588.2852586897817,603.913330078125,588.2852586897817,603.913330078125,62854400
2008-06-17,603.3554478963216,603.3554478963216,602.7973022460938,602.7973022460938,53167300
2008-06-18,602.7972395107939,602.7972395107939,601.122802734375,601.122802734375,48777600
2008-06-19,601.1227164737062,601.1227164737062,579.3550415039062,579.3550415039062,59964600
2008-06-20,579.3549564190764,579.3549564190764,560.9361572265625,560.9361572265625,67939296
2008-06-23,552.0058994061551,552.0058994061551,551.44775390625,551.44775390625,62319400
2008-06-24,551.4477748890134,552.0059204101562,551.4477748890134,552.0059204101562,49264900
2008-06-25,552.0059476771547,552.0059476771547,539.7267456054688,539.7267456054688,67670304
2008-06-26,539.7266424465673,539.7266424465673,538.6103515625,538.6103515625,50680400
2008-06-27,538.6104120088927,538.6104120088927,520.749755859375,520.749755859375,56205200
2008-06-30,520.7498013925097,525.2149658203125,520.7498013925097,525.2149658203125,51343000
2008-07-01,525.2149584619299,525.2149584619299,518.5172119140625,518.5172119140625,39057500
2008-07-02,518.5172063412874,518.5172063412874,513.493896484375,513.493896484375,59300100
2008-07-03,513.4937758289976,529.6799926757812,513.4937758289976,529.6799926757812,71174600
2008-07-04,529.6801690068037,529.6801690068037,522.982421875,522.982421875,46062200
2008-07-07,522.9823791440789,539.7267456054688,522.9823791440789,539.7267456054688,44188100
2008-07-08,526.8895627007495,526.8895627007495,521.30810546875,521.30810546875,48609700
2008-07-09,521.3078159512025,533.0288696289062,521.3078159512025,533.0288696289062,52849900
2008-07-10,533.0289524093813,551.44775390625,533.0289524093813,551.44775390625,56096900
2008-07-11,551.4479591615739,553.6805419921875,551.4479591615739,553.6805419921875,75038000
2008-07-14,553.6802466768916,553.6802466768916,545.8662109375,545.8662109375,57350300
2008-07-15,524.6568110488661,524.6568110488661,516.8427734375,516.8427734375,59441200
2008-07-16,516.8427943751265,517.4009399414062,516.8427943751265,517.4009399414062,68253400
2008-07-17,517.4007980586347,533.0288696289062,517.4007980586347,533.0288696289062,74440200
2008-07-18,533.0288462032154,533.0288462032154,530.7962646484375,530.7962646484375,53150200
2008-07-22,536.3779629287565,550.3316040039062,532.4709434277146,550.3316040039062,52244000
2008-07-23,572.0991108205059,572.0991108205059,563.7269287109375,563.7269287109375,67455296
2008-07-24,574.3317280259243,576.0061645507812,574.3317280259243,576.0061645507812,60126200
2008-07-25,544.7499389648438,544.7499389648438,544.7499389648438,544.7499389648438,72287800
2008-07-28,544.7499578895021,544.7499578895021,543.6336669921875,543.6336669921875,42494000
2008-07-29,528.5638292029904,534.7034301757812,528.5638292029904,534.7034301757812,48631900
2008-07-30,534.703339813671,543.6336669921875,534.703339813671,543.6336669921875,32328700
2008-07-31,543.633970973666,543.633970973666,541.9595336914062,541.9595336914062,45334400
2008-08-01,543.0756159229094,543.0756159229094,518.5172119140625,518.5172119140625,51461000
2008-08-04,507.3544170959676,513.4940195030696,502.8892517089844,502.8892517089844,42597600
2008-08-05,502.8890881147541,510.703125,502.8890881147541,510.703125,60684700
2008-08-06,510.70319994361,510.70319994361,504.56359863281256,504.5635986328125,102615400
2008-08-07,487.7971187510214,487.7971187510214,485.0285339355469,485.0285339355469,57139100
2008-08-08,464.3770432692308,471.6329345703125,464.3770432692308,471.6329345703125,107486600
2008-08-11,485.5865520320526,488.9354248046875,485.5865520320526,488.9354248046875,67152096
2008-08-12,488.93549724048796,490.0517883300781,488.93549724048796,490.0517883300781,56011400
2008-08-13,473.86561647975344,473.86561647975344,469.40045166015625,469.40045166015625,66483000
2008-08-14,473.3075219131098,473.3075219131098,457.679443359375,457.679443359375,54566200
2008-08-15,457.67918742956334,457.67918742956334,456.5628967285156,456.5628967285156,54788300
2008-08-18,456.56300648345047,471.6329345703125,456.56300648345047,471.6329345703125,51183200
2008-08-19,471.6329650510781,471.6329650510781,462.70263671875,462.70263671875,37361000
2008-08-20,462.70262894928095,462.70262894928095,456.0048828125,456.0048828125,56392400
2008-08-21,456.0049192828897,456.0049192828897,452.09790039062506,452.097900390625,40812100
2008-08-22,452.0977548452524,452.0977548452524,442.6092834472656,442.6092834472656,53585600
2008-08-25,442.6094088961788,463.8189392089843,442.6094088961788,463.8189392089844,64210500
2008-08-26,463.81904564834224,463.81904564834224,457.679443359375,457.679443359375,50209500
2008-08-27,458.79561036949207,458.79561036949207,456.0048828125,456.0048828125,32464100
2008-08-28,456.0049192828897,456.0049192828897,452.09790039062506,452.097900390625,33884500
2008-08-29,452.65601367973176,468.2840881347657,452.65601367973176,468.2840881347656,52329300
2008-09-01,468.28420261271947,468.28420261271947,459.9120178222656,459.9120178222656,33107600
2008-09-02,459.91189744528367,459.91189744528367,452.65600585937506,452.656005859375,56904100
2008-09-03,452.65600974410955,456.0048828125,452.65600974410955,456.0048828125,30543800
2008-09-04,456.00477247971753,456.00477247971753,442.6092834472656,442.6092834472656,48693500
2008-09-05,420.84171289062505,420.84171289062505,418.60913085937506,418.609130859375,78912704
2008-09-08,418.6091793284697,474.4237365722656,418.6091793284697,474.4237365722656,107063400
2008-09-09,474.9818246750604,474.9818246750604,468.84222412109375,468.84222412109375,75991904
2008-09-10,476.0981931059418,485.1216263911045,476.0981931059418,483.9122314453125,103493104
2008-09-11,483.91216247484437,483.91216247484437,459.35375976562506,459.353759765625,70403696
2008-09-12,464.93515775809476,478.8887939453125,464.93515775809476,478.8887939453125,94517800
2008-09-16,479.44695466937446,479.44695466937446,442.0512084960938,442.05120849609375,94475400
2008-09-17,449.3071460723877,449.3071460723877,446.51641845703125,446.51641845703125,104318304
2008-09-18,446.5163375242561,446.5163375242561,431.44641113281244,431.4464111328125,82605000
2008-09-19,431.44639697152337,481.12133789062506,431.44639697152337,481.121337890625,116487400
2008-09-22,481.1215104610724,501.2147521972656,481.1215104610724,501.2147521972656,110385400
2008-09-24,516.2113507903125,522.4241943359375,516.2113507903125,522.4241943359375,133776304
2008-09-25,522.42430129722,522.42430129722,515.6760864257812,515.6760864257812,100365000
2008-09-26,515.6759735336877,523.5488891601562,515.6759735336877,523.5488891601562,88177000
2008-09-29,524.1113395894477,526.923095703125,524.1113395894477,526.923095703125,106250200
2008-09-30,503.30417594610645,503.30417594610645,502.1794738769531,502.1794738769531,116658800
2008-10-01,519.050048828125,519.050048828125,519.050048828125,519.050048828125,102026896
2008-10-02,519.0500565937588,519.0500565937588,503.8665771484375,503.8665771484375,101399696
2008-10-03,534.2336654663086,534.2336654663086,499.3678894042969,499.3678894042969,76623504
2008-10-06,499.36786418753877,499.36786418753877,453.25506591796875,453.25506591796875,113925296
2008-10-07,436.38451185120607,456.0668029785156,436.38451185120607,456.0668029785156,93580000
2008-10-08,456.0668976510025,456.0668976510025,429.0740356445313,429.07403564453125,97682800
2008-10-09,444.2574381090931,444.2574381090931,436.384521484375,436.384521484375,106128896
2008-10-10,436.3845269861356,436.3845269861356,399.26934814453125,399.26934814453125,127410600
2008-10-14,456.62909673996916,456.62909673996916,455.50439453125,455.50439453125,31932100
2008-10-15,456.6292678517052,461.6904296875,456.6292678517052,461.6904296875,151784304
2008-10-16,461.6903022632264,461.6903022632264,416.7022094726562,416.70220947265625,102364400
2008-10-17,416.7021995544434,427.3868713378906,416.7021995544434,427.3868713378906,84224496
2008-10-20,427.3869033813476,449.8809509277344,427.3869033813476,449.8809509277344,88776600
2008-10-21,449.88097785078037,477.4361877441407,449.88097785078037,477.4361877441406,104509600
2008-10-22,477.4359321298525,477.4359321298525,435.2596130371093,435.2596130371094,114678200
2008-10-23,435.2597821741296,435.2597821741296,418.95159912109375,418.95159912109375,98509800
2008-10-24,384.0858154296875,384.0858154296875,384.0858154296875,384.0858154296875,100334400
2008-10-27,336.28600624045214,336.28600624045214,327.8507385253906,327.8507385253906,110366704
2008-10-28,297.0188606379659,309.85552978515625,297.0188606379659,309.85552978515625,163794208
2008-10-29,309.8555188933607,334.03662109375,309.8555188933607,334.03662109375,103894096
2008-10-30,355.4058532714844,355.4058532714844,355.4058532714844,355.4058532714844,114366704
2008-10-31,357.09303712366415,357.09303712366415,336.2860412597656,336.2860412597656,105858600
2008-11-04,336.2859353973535,352.59411621093756,336.2859353973535,352.5941162109375,71213000
2008-11-05,382.961178011744,392.5211486816407,382.961178011744,392.5211486816406,91871904
2008-11-06,393.6458505483774,393.6458505483774,365.5282897949219,365.5282897949219,62027700
2008-11-07,365.5282702617615,365.5282702617615,359.3424072265625,359.3424072265625,69643400
2008-11-10,359.342418974894,366.6529846191406,359.342418974894,366.6529846191406,47825000
2008-11-11,367.7776353302725,367.7776353302725,355.96826171875,355.96826171875,51717800
2008-11-12,355.9682676733994,355.9682676733994,345.845947265625,345.845947265625,56118500
2008-11-13,345.84587767317487,345.84587767317487,332.91180419921875,332.91180419921875,56048000
2008-11-14,332.91179342830884,334.59884643554693,332.91179342830884,334.5988464355469,4800
2008-11-17,334.59885191306086,334.59885191306086,328.97534179687494,328.975341796875,4600
2008-11-18,328.97542681012834,328.97542681012834,307.04373168945307,307.0437316894531,4500
2008-11-19,307.0437086967572,307.0437086967572,287.3614196777344,287.3614196777344,4600
2008-11-20,287.3614444096883,287.3614444096883,269.9285583496094,269.9285583496094,4200
2008-11-21,269.92860375381093,276.67681884765625,269.92860375381093,276.67681884765625,106055904
2008-11-25,276.6767664973444,284.5496826171875,276.6767664973444,284.5496826171875,80550096
2008-11-26,285.6743531744164,285.6743531744164,280.05084228515625,280.05084228515625,59527200
2008-11-27,280.05083026665056,291.2978515625,280.05083026665056,291.2978515625,68378200
2008-11-28,291.2978406675489,292.9848937988281,291.2978406675489,292.9848937988281,77656200
2008-12-01,292.98490716900477,292.98490716900477,286.2366943359375,286.2366943359375,45293100
2008-12-02,286.2367007098621,286.2367007098621,266.5544128417969,266.5544128417969,26200
2008-12-03,266.5543968687666,266.5543968687666,264.30499267578125,264.30499267578125,53604400
2008-12-04,264.3050298276155,264.3050298276155,258.6815185546875,258.6815185546875,22000
2008-12-05,258.6815360935255,258.6815360935255,244.6227569580078,244.6227569580078,4300
2008-12-08,241.81100463867188,241.81100463867188,241.81100463867188,241.81100463867188,123001000
2008-12-09,256.4321518277497,257.5568542480469,256.4321518277497,257.5568542480469,4500
2008-12-10,257.5568469446948,263.18035888671875,257.5568469446948,263.18035888671875,95694800
2008-12-11,275.55205627441404,281.1755676269531,275.55205627441404,281.1755676269531,900
2008-12-12,281.1755661136848,281.1755661136848,272.1779479980469,272.1779479980469,10100
2008-12-15,267.679025911962,290.73541259765625,267.679025911962,290.73541259765625,300
2008-12-16,285.67437744140625,285.67437744140625,285.67437744140625,285.67437744140625,159190704
2008-12-17,285.6744269516197,291.86029052734375,285.6744269516197,291.86029052734375,106872304
2008-12-18,291.8602940182844,304.79437255859375,291.8602940182844,304.79437255859375,123204000
2008-12-19,305.3567457471575,314.9167175292969,305.3567457471575,314.9167175292969,146621296
2008-12-22,314.91668701171875,323.914306640625,314.91668701171875,323.914306640625,92611000
2008-12-24,325.038955316311,325.038955316311,299.733154296875,299.733154296875,108066096
2008-12-25,301.42022380303894,306.4813842773437,301.42022380303894,306.48138427734375,51848600
2008-12-26,309.855555997576,314.9167175292969,307.60615087236675,314.9167175292969,46224600
2008-12-29,308.16842717232464,312.667236328125,308.16842717232464,312.667236328125,86513104
2008-12-30,314.35428529054957,315.47898756350327,308.73077392578125,308.73077392578125,31933200
2009-01-05,325.0389666181521,325.6013177714707,319.415455084966,321.1025085449219,37759600
2009-01-06,322.78959650407756,322.78959650407756,320.54019165039057,320.5401916503906,39525600
2009-01-07,320.54013970780045,328.4130554199219,320.54013970780045,328.4130554199219,56311600
2009-01-08,328.41314828055243,328.41314828055243,314.9167175292969,314.9167175292969,49628000
2009-01-09,316.6036756110914,316.6036756110914,315.4789733886719,315.4789733886719,37200200
2009-01-13,319.4155050647576,319.4155050647576,295.7967529296875,295.7967529296875,97274496
2009-01-14,295.79669934920685,295.79669934920685,294.6719970703125,294.6719970703125,64937300
2009-01-15,294.6720583420391,294.6720583420391,290.1732482910156,290.1732482910156,104125104
2009-01-16,290.17319163218514,294.1096496582031,290.17319163218514,294.1096496582031,63506300
2009-01-19,294.1095179662944,294.1095179662944,290.73541259765625,290.73541259765625,50449700
2009-01-20,290.7355921163977,290.7355921163977,282.3003234863281,282.3003234863281,62747200
2009-01-21,282.3003039626601,282.3003039626601,271.6156311035156,271.6156311035156,157509504
2009-01-22,271.6155857971317,273.864990234375,271.6155857971317,273.864990234375,74781400
2009-01-23,273.86497690707824,273.86497690707824,266.5544128417969,266.5544128417969,46313100
2009-01-26,266.55447361042405,266.55447361042405,257.5568542480469,257.5568542480469,59763200
2009-01-27,279.4885559082031,279.4885559082031,279.4885559082031,279.4885559082031,68430496
2009-01-28,279.48850318499166,282.86260986328125,279.48850318499166,282.86260986328125,95875800
2009-01-29,282.86264159692985,296.35906982421875,282.86264159692985,296.35906982421875,85034304
2009-01-30,296.3590098063151,296.3590098063151,286.7990417480469,286.7990417480469,60236100
2009-02-02,286.799105614731,286.799105614731,272.7403259277344,272.7403259277344,52679600
2009-02-03,272.7403411548004,272.7403411548004,270.4909362792969,270.4909362792969,119676896
2009-02-04,270.4909211778149,272.7403259277344,270.4909211778149,272.7403259277344,62100200
2009-02-05,272.7403876666503,272.7403876666503,268.2415771484375,268.2415771484375,52435000
2009-02-06,268.2415048599243,269.9285583496094,268.2415048599243,269.9285583496094,40651400
2009-02-09,269.92850094598117,269.92850094598117,269.36614990234375,269.36614990234375,39645200
2009-02-10,277.8014096999217,277.8014096999217,265.9920380325161,274.9896545410156,71441800
2009-02-12,272.74032918815936,272.74032918815936,263.18035888671875,263.18035888671875,48351300
2009-02-13,263.1803438865532,265.42974853515625,263.1803438865532,265.42974853515625,65877200
2009-02-16,265.42969477227393,265.42969477227393,264.30499267578125,264.30499267578125,37081100
2009-02-17,264.3050328696647,264.3050328696647,253.620361328125,253.620361328125,57159100
2009-02-18,253.62032061474275,253.62032061474275,245.7474060058594,245.74740600585938,60045700
2009-02-19,248.559184637048,248.559184637048,246.87213134765625,246.87213134765625,33015000
2009-02-20,246.87212220661013,246.87212220661013,241.2486114501953,241.2486114501953,48558700
2009-02-23,241.81104673434757,243.49810054877324,234.50048020516962,240.12399291992188,89216304
2009-02-24,240.68626037455383,241.2486114501953,240.68626037455383,241.2486114501953,54682100
2009-02-25,241.2487020428261,250.2463226318359,241.2487020428261,250.24632263183594,57107800
2009-02-26,248.55921936035156,248.55921936035156,248.55921936035156,248.55921936035156,48766000
2009-02-27,248.5592051098525,255.3074188232422,248.5592051098525,255.3074188232422,52725800
2009-03-02,255.30746106447623,255.30746106447623,237.87457275390625,237.87457275390625,67087000
2009-03-03,237.87456510638967,237.87456510638967,236.74986267089847,236.74986267089844,70268896
2009-03-04,236.74984386605277,239.5615997314453,236.74984386605277,239.5615997314453,68678600
2009-03-05,239.56161875962647,239.56161875962647,236.74986267089847,236.74986267089844,86840600
2009-03-06,236.74991054011699,236.74991054011699,225.5028839111328,225.5028839111328,82103696
2009-03-09,222.56059960436852,222.56059960436852,214.2558441162109,214.25584411621094,73675200
2009-03-10,214.255762220938,222.12867736816406,214.255762220938,222.12867736816406,79940200
2009-03-11,235.0627856475013,235.0627856475013,231.1263275146484,231.12632751464844,83924704
2009-03-12,231.12637005430278,231.12637005430278,222.69110107421875,222.69110107421875,91195296
2009-03-13,222.69107499953384,235.6251525878906,222.69107499953384,235.62515258789062,118289296
2009-03-16,235.69580552080654,247.99684143066406,235.69580552080654,247.99684143066406,90915104
2009-03-17,256.9945508529055,268.2415771484375,256.9945508529055,268.2415771484375,122363104
2009-03-18,268.24145143899955,268.8038024902344,268.24145143899955,268.8038024902344,143387904
2009-03-19,268.80379319142224,274.9896545410156,268.80379319142224,274.9896545410156,84214304
2009-03-23,274.9896624684334,287.9237365722656,274.9896624684334,287.9237365722656,120435200
2009-03-24,287.9238609813084,300.8579406738281,287.9238609813084,300.8579406738281,97739400
2009-03-25,301.9826550017622,301.9826550017622,299.17089843750006,299.1708984375,72496000
2009-03-26,298.035511440701,306.5508117675781,298.035511440701,306.5508117675781,72713504
2009-03-27,305.98313900913183,305.98313900913183,299.17089843749994,299.1708984375,77090896
2009-03-30,299.738531394083,299.738531394083,277.03106689453125,277.03106689453125,110637296
2009-03-31,277.0310186818868,277.0310186818868,270.2187805175781,270.2187805175781,80807504
2009-04-01,270.2188074593592,281.0048522949219,270.2188074593592,281.0048522949219,74933104
2009-04-02,281.00481033325195,299.73846435546875,281.00481033325195,299.73846435546875,95633696
2009-04-03,299.17083600990674,299.17083600990674,298.6031494140625,298.6031494140625,75231904
2009-04-06,302.5770001922667,302.5770001922667,291.2232666015625,291.2232666015625,74806800
2009-04-07,291.22325865615755,291.22325865615755,287.817138671875,287.817138671875,75359104
2009-04-08,288.3847991443071,288.3847991443071,277.03106689453125,277.03106689453125,101200704
2009-04-09,281.0048307221511,296.3323669433594,281.0048307221511,296.3323669433594,113191800
2009-04-10,287.24940523188167,293.49395751953125,287.24940523188167,293.49395751953125,111797904
2009-04-13,300.3062161375574,301.44158935546875,300.3062161375574,301.44158935546875,87745504
2009-04-14,303.71231363250337,304.8476867675781,303.71231363250337,304.8476867675781,89582200
2009-04-15,295.76470947265625,295.76470947265625,295.76470947265625,295.76470947265625,60022900
2009-04-16,295.7645918137957,295.7645918137957,286.6816101074219,286.6816101074219,91688600
2009-04-17,286.68177316528084,291.2232666015625,286.68177316528084,291.2232666015625,83304704
2009-04-20,286.11406387821324,286.11406387821324,281.57257080078125,281.57257080078125,120989000
2009-04-21,272.8435852442339,278.734130859375,272.8435852442339,278.734130859375,84928896
2009-04-22,277.06170117830186,277.06170117830186,271.921875,271.921875,61544300
2009-04-23,270.0708502515016,271.3541564941406,270.0708502515016,271.3541564941406,75540000
2009-04-24,272.113946667665,280.4371337890625,272.113946667665,280.4371337890625,156452096
2009-04-27,279.6800025339077,288.3847961425781,279.6800025339077,288.3847961425781,140746800
2009-04-28,288.38466917736696,288.38466917736696,286.6816101074219,286.6816101074219,120868600
2009-04-30,286.68177153685383,303.7123718261719,286.68177153685383,303.7123718261719,120882304
2009-05-01,302.5768737792969,302.5768737792969,302.5768737792969,302.5768737792969,69425000
2009-05-07,301.6238476580682,350.26260375976557,301.6238476580682,350.2626037597656,211404000
2009-05-08,370.69940446460515,371.83477783203125,370.69940446460515,371.83477783203125,213314496
2009-05-11,371.8346536336384,382.62069702148443,371.8346536336384,382.6206970214844,217471600
2009-05-12,381.4155762282986,381.4155762282986,363.3194885253906,363.3194885253906,105725200
2009-05-13,363.31931249999997,363.31931249999997,354.8040161132812,354.80401611328125,123455600
2009-05-14,354.80408441452755,354.80408441452755,333.7996826171875,333.7996826171875,110043000
2009-05-15,333.79971746597164,347.99188232421875,333.79971746597164,347.99188232421875,125977400
2009-05-18,347.99185201284047,347.99185201284047,336.0704345703125,336.0704345703125,83133600
2009-05-19,354.2364096371049,354.2364096371049,350.26260375976557,350.2626037597656,122509800
2009-05-20,350.2625457812973,351.3979187011719,350.2625457812973,351.3979187011719,77213504
2009-05-21,351.3979341854603,351.3979341854603,345.7210693359375,345.7210693359375,63254100
2009-05-22,344.58569636603295,345.7210693359375,344.58569636603295,345.7210693359375,56407300
2009-05-25,344.5857296707977,346.8564758300781,344.5857296707977,346.8564758300781,64451100
2009-05-26,346.85644381163553,346.85644381163553,346.28875732421875,346.28875732421875,60581300
2009-05-27,354.8041354404407,354.8041354404407,352.53338897362187,353.66876220703125,78898600
2009-05-28,353.6686432617187,354.8040161132812,353.6686432617187,354.80401611328125,76013104
2009-05-29,353.66875827751034,353.66875827751034,339.4765930175781,339.4765930175781,114592704
2009-06-01,344.6947420496772,349.6949157714844,344.6947420496772,349.6949157714844,101939400
2009-06-02,349.694892625302,352.5333251953125,349.694892625302,352.5333251953125,65314700
2009-06-03,352.53337648870115,352.53337648870115,348.5595703125,348.5595703125,35519800
2009-06-04,348.55949092754594,353.1009826660156,348.55949092754594,353.1009826660156,62683400
2009-06-05,353.6686417017228,354.236328125,353.6686417017228,354.236328125,68432304
2009-06-08,358.21019365772696,365.59011840820307,358.21019365772696,365.5901184082031,96546304
2009-06-09,365.59005659054486,365.59005659054486,354.236328125,354.236328125,98548304
2009-06-10,355.93956141471864,363.3194885253906,355.93956141471864,363.3194885253906,111406800
2009-06-11,363.31945934087366,366.1578926169742,362.7517726856535,363.88714599609375,83448304
2009-06-12,374.1054589207187,376.37620525711156,367.29321991154023,370.13165283203125,190258800
2009-06-15,367.2931583845861,367.8608448735885,355.37174211553463,358.2101745605469,87486400
2009-06-16,344.0180900687981,344.0180900687981,340.61197036514665,341.1796569824219,101771000
2009-06-17,342.31506479023307,345.7211848378971,341.17969144101176,342.88275146484375,99877000
2009-06-18,332.6643153010188,336.0704345703125,330.3935691214897,336.0704345703125,84805904
2009-06-19,349.1272292199073,350.83028887463854,346.2887964620219,349.6949157714844,111404496
2009-06-22,349.1271667480469,353.1009718980246,347.9917938480532,349.1271667480469,67801800
2009-06-23,336.07047742694465,342.3150302169724,335.5027908096694,341.1796569824219,83626704
2009-06-24,336.63818359375,340.0443034952045,334.9351236430228,336.63818359375,72296400
2009-06-25,340.0442589625839,347.424184449251,336.63813950719907,343.45037841796875,60565400
2009-06-26,349.12728477926817,349.69497142118564,344.01810500201054,347.4242248535156,53289800
2009-06-29,347.42420131138397,349.1272611217339,336.0704692423845,337.7735290527344,66827500
2009-06-30,342.31502606956457,344.5857725111537,336.6381599655917,339.4765930175781,58229300
2009-07-01,337.7735687965571,347.9919288609907,336.6381954560644,341.74737548828125,75309300
2009-07-02,345.72111173284134,346.2887982874108,337.77349996886795,338.3411865234375,59947400
2009-07-03,333.79969970703127,340.6119384765625,332.66432657877607,340.6119384765625,59036500
2009-07-06,337.77352905273443,341.17964867343426,335.5027826389345,337.7735290527344,38417500
2009-07-07,337.7735206591051,339.4765804271342,333.2320279443608,334.3674011230469,46659700
2009-07-08,329.258255514403,329.8259421618416,321.3106424502622,323.0137023925781,61327900
2009-07-09,316.20137349113094,319.60749241563144,310.5245086169634,311.6598815917969,66720300
2009-07-10,312.2275512014623,315.6336699418419,304.8476272639732,305.4153137207031,75698000
2009-07-13,300.30612800984625,315.0659755112754,299.73844156748356,302.5768737792969,39534700
2009-07-14,309.9568553446858,315.63372082718917,308.25379569993476,312.7952880859375,83059600
2009-07-15,312.2275512014623,312.7952376581922,303.7122543505133,305.4153137207031,71631300
2009-07-16,313.3629161841874,314.4982890689127,301.44150089457156,302.5768737792969,74894100
2009-07-17,308.25380617280246,309.38917930787727,304.2800002000407,304.8476867675781,54249100
2009-07-21,310.5245489765414,316.76910114974424,309.3891758541409,315.63372802734375,55379900
2009-07-22,315.06607329610006,320.17525286306386,312.795326821894,316.2014465332031,49626400
2009-07-23,316.76910114974424,320.1752205169458,313.3629817825427,315.63372802734375,39654100
2009-07-24,319.607587668679,320.1752743252841,308.8215411931818,312.2276611328125,56761100
2009-07-27,313.93069458007807,319.60756066651714,313.3630079714342,313.9306945800781,63393600
2009-07-28,316.76916108002536,320.1752810916385,313.93072773701437,315.06610107421875,62499400
2009-07-29,313.362964405733,314.4983374651741,307.1184125788072,308.82147216796875,47034800
2009-07-30,310.52459041130936,311.65996368520814,303.14466413096744,307.6861572265625,56722700
2009-07-31,315.6337720244175,325.85213155038787,314.49839874375414,321.3106384277344,94791300
2009-08-03,332.0966400146485,340.6119384765625,329.2582071940104,340.6119384765625,111388900
2009-08-04,351.397983194987,351.397983194987,339.4765653483073,340.6119384765625,76216800
2009-08-05,341.179743627807,344.58586419647065,337.20593629769945,338.90899658203125,56444100
2009-08-06,343.4503449650349,344.5857180062416,338.90885280020797,342.3149719238281,67329700
2009-08-07,340.6119662383727,342.31502606956457,333.23204030320795,339.4765930175781,50082000
2009-08-10,347.4241287907943,349.1271882456512,344.0180098810807,345.7210693359375,73652100
2009-08-11,346.2887558208898,348.55950176069894,344.58569636603295,345.7210693359375,50398800
2009-08-12,340.6119384765625,343.45037129720055,338.3411922200521,340.6119384765625,47108000
2009-08-13,345.72109104744834,346.2887775680517,342.3149719238282,342.3149719238281,29467600
2009-08-14,343.45038123342897,345.7211275556335,342.8826946528779,344.58575439453125,31784000
2009-08-17,341.7472363776967,342.88260925602793,334.93499910770936,335.502685546875,48326400
2009-08-18,329.82594379084105,337.77355689423484,329.2582571405987,336.63818359375,48479200
2009-08-19,335.5027363398304,336.0704228649401,329.82587108873344,331.5289306640625,35214000
2009-08-20,331.5289091465837,337.2057740292307,331.5289091465837,334.9350280761719,48778900
2009-08-21,338.34117489769346,338.34117489769346,330.9612499418713,333.7996826171875,41084300
2009-08-24,337.77353318638626,341.7473394591673,337.77353318638626,339.4765930175781,45081000
2009-08-25,336.0704345703125,338.34118074984167,334.3673749356657,336.0704345703125,33469900
2009-08-26,336.63815584583443,339.4765888630843,334.93509603548455,337.7735290527344,41253200
2009-08-27,334.9351236430228,336.63818359375,332.09669039181074,336.63818359375,41713400
2009-08-28,337.77352905273443,338.9089022596344,334.93509603548455,337.7735290527344,43531900
2009-08-31,339.47652602276014,344.0180180096867,336.07040703256524,337.2057800292969,54040400
2009-09-02,329.25823974609375,330.9612996068494,325.8521200245824,329.25823974609375,59393500
2009-09-03,325.28440973474966,325.8520963136934,319.6075439453125,319.6075439453125,47763000
2009-09-04,320.74293388380494,321.31062049244883,311.6599481455025,313.9306945800781,73101300
2009-09-07,316.7691276232976,319.60756066651714,313.93069458007807,313.9306945800781,37033000
2009-09-08,310.52453028782514,311.09221681485957,304.2799784904466,308.2537841796875,62766400
2009-09-09,303.7123921519212,304.8477655805265,296.90015158028933,299.1708984375,78667100
2009-09-10,304.2800479403409,312.79534778941763,303.7123612837358,312.2276611328125,74267800
2009-09-11,312.2274713201837,316.7689618121137,306.5506082052713,309.95672607421875,71530800
2009-09-14,309.38917930787727,310.52455244295203,303.71231363250337,304.8476867675781,43942900
2009-09-15,306.5508052077249,309.3892385892779,301.4416251209295,303.7123718261719,41935400
2009-09-16,305.4153885641932,308.8215081392586,297.4677762223741,298.6031494140625,65556100
2009-09-17,300.30622621284897,302.5769727248554,288.9524936528169,292.9263000488281,91589000
2009-09-18,291.2231981245016,301.4415559534315,282.7078999337267,300.3061828613281,126584400
2009-09-21,300.3061828613281,300.3061828613281,300.3061828613281,300.3061828613281,0
2009-09-24,300.3062718661053,306.5508257234345,294.6294047230787,299.1708984375,72455100
2009-09-25,285.96365028365875,289.98321966515596,282.5183050995183,283.092529296875,101553500
2009-09-28,273.3307661576705,280.7956820401279,272.75654185901993,277.924560546875,87447400
2009-09-29,280.22144366797687,283.092565017034,274.47920096986263,276.2018737792969,92356100
2009-09-30,281.9441108545327,284.24100788797085,274.47919549585873,276.7760925292969,80203700
2009-10-01,273.9048975894326,274.47912169339367,260.6977431983279,261.84619140625,135765300
2009-10-02,256.1039788063992,260.1235479804907,252.08440963230777,255.52975463867188,134721900
2009-10-05,261.2720031738281,265.8657966362251,258.9751064426296,261.2720031738281,80570400
2009-10-06,271.0338276110198,272.7565002441406,264.7173612895765,272.7565002441406,77718000
2009-10-07,284.2410058153416,291.1316968654105,281.944108798652,286.53790283203125,123865400
2009-10-08,288.26057559454847,291.7059211195829,285.38945432368644,286.53790283203125,68722000
2009-10-09,286.5378973388672,289.4090185546875,282.51832763671877,287.11212158203125,68783200
2009-10-13,293.4285515273165,294.0027756986028,287.6863098144531,287.6863098144531,47498300
2009-10-14,285.9636636950306,286.5378879193178,275.05340343357364,278.4987487792969,67237000
2009-10-15,283.6667667978818,287.11211214360503,278.4987487792969,278.4987487792969,60624000
2009-10-16,276.77609772377826,276.77609772377826,264.1431638027759,269.8854064941406,129503900
2009-10-19,264.14308166503906,276.77601165771483,263.56885757446287,275.6275634765625,97557200
2009-10-20,279.6472306854871,283.09257644341915,273.9049877556003,281.3699035644531,74767500
2009-10-21,277.9245440034651,281.3698895902849,276.2018712100552,279.647216796875,56494700
2009-10-22,272.7565474429373,273.9049960637497,267.58852864928167,271.03387451171875,74829000
2009-10-23,273.90497031833814,274.4791945747707,264.1431579589844,264.1431579589844,67981900
2009-10-26,268.1627336867312,270.45963076327706,265.29161234104885,269.8854064941406,53125900
2009-10-27,267.588475906208,271.60804528677335,264.14313072286626,267.0142517089844,63359300
2009-10-28,265.2915985303467,271.60806516202155,265.2915985303467,268.1627197265625,61635700
2009-10-29,267.01427772396903,283.0925568127241,265.2916049644595,280.221435546875,127257200
2009-10-30,285.9636086203835,286.5378327340791,280.221367483428,284.2409362792969,76116400
2009-11-02,278.4987573292114,283.0925512645386,275.6276361196319,280.795654296875,66923300
2009-11-04,278.49868392944336,282.51825256347655,273.904891204834,275.6275634765625,64980300
2009-11-05,275.62765239197535,283.09256797759133,275.62765239197535,279.072998046875,57500600
2009-11-06,279.072998046875,280.22144659850824,275.0534281161587,279.072998046875,46753900
2009-11-09,279.07300639249837,281.9441278574418,273.9049877556003,281.3699035644531,109479104
2009-11-10,284.81529863786034,292.2802157392559,284.2410742454453,288.8348693847656,87216900
2009-11-11,286.5379033107384,296.8739399031097,285.3894548004749,292.8543701171875,97246800
2009-11-12,297.4481838941574,300.31930536031723,291.70594096183777,294.0028381347656,73961600
2009-11-13,294.5770540012149,298.02239966204786,290.5574840635765,291.7059326171875,121289600
2009-11-16,277.92445983886716,282.51825256347655,272.75644302368164,275.6275634765625,167866500
2009-11-17,277.9245440034651,280.7956653258149,275.05342268111525,279.647216796875,80512500
2009-11-18,273.90499045632106,278.4987848455256,270.4596446644176,277.924560546875,89627300
2009-11-19,277.35024998218717,277.9244741022331,261.8461987409469,267.58843994140625,121540600
2009-11-20,267.01427969962924,273.3307465312334,264.1431584125365,270.4596252441406,92439900
2009-11-24,267.5885457534457,273.9050135716601,261.2720779352313,262.9947509765625,66302600
2009-11-25,261.2720031738281,267.01424500182435,258.9751064426296,261.2720031738281,70311100
2009-11-26,260.123560229062,266.4400263714896,258.4008876447636,260.6977844238281,90348700
2009-11-27,255.5297447754456,260.123537939948,253.2328481931944,254.9555206298828,108850800
2009-11-30,267.01428013718476,276.7760925292969,267.01428013718476,276.7760925292969,146670496
2009-12-01,273.9050090950979,287.11216886278606,269.3112143932933,285.3894958496094,154937700
2009-12-02,282.5183437017747,286.53791363249104,277.3503252194252,279.072998046875,106932400
2009-12-03,287.11216886278606,289.40906621368833,282.51837416098147,285.3894958496094,68897000
2009-12-04,287.1121437318863,287.1121437318863,283.0925737196399,284.81524658203125,52278200
2009-12-07,288.8347581570258,291.13165484217114,285.96363730059414,287.6863098144531,54216800
2009-12-08,284.81529863786034,289.40909377718066,284.81529863786034,288.8348693847656,64237400
2009-12-09,283.09258783688335,283.6668121529825,273.3307744631977,273.9049987792969,100294000
2009-12-10,268.7369408545556,271.6080620175316,264.14314699379395,265.2915954589844,102386900
2009-12-11,265.8657966362251,265.8657966362251,258.40088225983004,261.2720031738281,169238700
2009-12-14,261.27204446231616,261.27204446231616,252.08445608561934,253.80712890625,341760000
2009-12-15,252.65861783708843,259.54930741446356,250.93594544274467,257.2524108886719,313103300
2009-12-16,277.3503219929147,277.3503219929147,265.86583661018534,269.8854064941406,278513900
2009-12-17,271.6080819491682,271.6080819491682,262.9947178281586,266.4400634765625,121542400
2009-12-18,264.14314699379395,266.4400439241748,260.6978015982227,265.2915954589844,148383000
2009-12-21,268.1627474698154,273.3307661576705,267.5885231711648,271.60809326171875,304760700
2009-12-22,269.88535434384886,272.1822509765625,265.86578523660006,272.1822509765625,480777100
2009-12-24,271.6080087817278,272.1822329017737,267.0142158213603,267.58843994140625,114729700
2009-12-25,268.1626912611425,268.1626912611425,263.56889783482745,264.71734619140625,68667900
2009-12-28,264.7174240178937,268.1627701005561,262.9947509765625,262.9947509765625,80102400
2009-12-29,262.42045700812656,262.42045700812656,256.67821506046516,260.6977844238281,117989800
2009-12-30,258.9750922549087,263.5688854656388,257.8266439522262,259.54931640625,50798100
2010-01-04,262.99469779071677,262.99469779071677,258.9751281738281,258.9751281738281,46110100
2010-01-05,261.2719888602738,265.2915579196626,258.40086810356746,259.54931640625,163668600
2010-01-06,264.1431392840485,271.0338298740671,264.1431392840485,269.3111572265625,231373504
2010-01-07,274.4791980390789,275.62764656643907,272.18230098435856,273.33074951171875,166310900
2010-01-08,275.05341125232906,276.7760839741599,271.60806580866733,274.47918701171875,128979900
2010-01-12,273.3307445088371,280.79565980004486,272.1822960024974,280.221435546875,153055300
2010-01-13,277.3503334507315,283.0925763793181,273.9049876935796,275.0534362792969,138828000
2010-01-14,277.9245330872955,282.5183270226227,277.35030884537963,280.795654296875,113207700
2010-01-15,283.66671415185743,290.5574035644531,283.0924900341411,290.5574035644531,191812100
2010-01-18,287.6862954748682,289.9831920455258,284.81517476154613,285.963623046875,158309400
2010-01-19,285.3894650808578,285.9636893566744,277.9245494952418,279.072998046875,99975600
2010-01-20,282.5183351128922,283.09255937125175,274.47919549585873,276.7760925292969,115317000
2010-01-21,273.90497700761,284.8152381462779,272.18230419624143,282.5183410644531,138622000
2010-01-22,277.92451152066434,284.2409776915885,276.7760631259508,283.092529296875,161337700
2010-01-25,279.072992532405,283.0925623836948,278.4987682679351,279.647216796875,89616600
2010-01-26,281.36991209903005,282.51836071984246,269.8854258909064,271.03387451171875,126679600
2010-01-27,272.75654185901993,274.4792147549716,269.88542036576706,271.60809326171875,75711300
2010-01-28,273.3307244551809,276.20184551038244,271.0338276110198,272.7565002441406,88148100
2010-01-29,270.45961115910455,272.18228384164667,268.7369384765625,268.7369384765625,76458200
2010-02-01,272.75654185901993,274.4792147549716,267.01429887251425,271.60809326171875,86928100
2010-02-02,274.47918701171875,275.62763549293936,272.7565142898879,274.47918701171875,46587300
2010-02-03,276.20184551038244,276.7760697214227,272.7565002441406,272.7565002441406,41569900
2010-02-04,273.33073471531725,274.4791831805076,261.84625006341315,265.2915954589844,116222100
2010-02-05,257.2524531591904,262.42047119140625,256.10400470758685,262.42047119140625,74142300
2010-02-08,261.2720031738281,266.44002081902477,260.1235548082289,261.2720031738281,64906700
2010-02-09,260.6977431983279,264.1430878220943,258.97507088644466,261.84619140625,68780300
2010-02-10,262.9946558533388,264.7173282715922,260.12353515625,260.12353515625,62839600
2010-02-12,261.8462328133604,262.9946812028927,259.54933603429583,260.6977844238281,70328400
2010-02-15,260.69777214821806,260.69777214821806,254.95553047094452,255.52975463867188,65820400
2010-02-16,256.1039689210084,257.8266413576968,254.38129648432,254.9555206298828,67483800
2010-02-17,257.8266797118599,259.5493524048122,256.6782312498917,258.9751281738281,46583200
2010-02-18,263.56886371813323,265.8657601339775,261.27196730228894,261.84619140625,71946400
2010-02-19,262.42047912597656,262.9947033691406,257.8266851806641,258.4009094238281,54535700
2010-02-22,261.84619140625,264.1430878220943,260.6977431983279,261.84619140625,58461800
2010-02-23,262.42047119140625,263.5689196430098,260.1235742881992,262.42047119140625,34577600
2010-02-24,259.54935791015623,260.12358215332034,257.2524609375,258.4009094238281,57158900
2010-02-25,258.9751281738281,258.9751281738281,257.2524554808758,258.9751281738281,42022400
2010-02-26,257.2524968680401,258.9751698381386,256.1040482213078,257.82672119140625,54935200
2010-03-01,260.6977431983279,264.1430878220943,260.12351909436677,261.84619140625,74227700
2010-03-02,261.84622735662776,262.994675722227,260.1235548082289,261.2720031738281,41615700
2010-03-03,261.84619140625,262.4204155102111,260.12351909436677,261.84619140625,46034100
2010-03-04,261.27200861859427,261.8462328133604,260.123560229062,260.6977844238281,31105200
2010-03-05,261.8463022823417,264.7174240178937,261.2720779352313,262.9947509765625,71703800
2010-03-08,267.5884923893652,268.1627166219604,264.71737122638916,265.2915954589844,103394304
2010-03-09,265.865794547985,267.0142429045638,264.71734619140625,264.71734619140625,43240300
2010-03-10,263.5689196430098,264.71736809461333,262.42047119140625,262.42047119140625,32569100
2010-03-11,265.2915703696956,266.4400187262744,263.56889783482745,264.71734619140625,39801200
2010-03-12,265.86582276958984,268.7369439658057,264.71737429110345,268.1627197265625,68379100
2010-03-15,269.31118222500413,272.756527839823,268.7369579558677,269.8854064941406,74400700
2010-03-16,269.88535434384886,273.9049234510977,269.88535434384886,272.1822509765625,50521300
2010-03-17,275.053422302759,275.62764656643907,272.75652524803866,273.33074951171875,59376600
2010-03-18,274.4792147549716,275.0534390536222,271.0338689630682,271.60809326171875,36155100
2010-03-19,272.7565002441406,272.7565002441406,270.45960339997947,272.7565002441406,42614400
2010-03-23,272.75654185901993,272.75654185901993,271.0338689630682,271.60809326171875,27826300
2010-03-24,272.18229801639626,273.3307465312334,269.3111767293035,270.4596252441406,69551200
2010-03-25,272.7565222738148,272.7565222738148,269.88540098672206,270.4596252441406,69125296
2010-03-26,272.18221893310545,275.6275634765625,271.0337707519531,275.6275634765625,90776000
2010-03-29,277.3720791025529,287.8389500120832,276.7905862742457,286.67596435546875,102753600
2010-03-30,291.3279861051072,293.0724650638204,288.42052117391853,289.00201416015625,79686800
2010-03-31,288.4205068160077,288.4205068160077,284.3500561149753,284.9315490722656,67951400
2010-04-01,285.51304721044113,286.67603314612523,280.8611034677048,281.4425964355469,78985700
2010-04-02,284.93150992471664,286.0944956795114,282.0240455377297,283.7685241699219,73762700
2010-04-05,284.93150992471664,286.0944956795114,282.0240455377297,283.7685241699219,39866100
2010-04-06,283.1870702003946,284.9315490722656,280.86109837123325,284.9315490722656,44288800
2010-04-07,285.5130808775278,293.653983387274,285.5130808775278,292.4909973144531,284955392
2010-04-08,291.9094020298549,296.56134469168524,291.3279091971261,293.0723876953125,101522000
2010-04-09,294.81686619349887,295.97985185895647,291.3279091971261,293.0723876953125,108144800
2010-04-12,294.81693094968796,300.6318605542183,294.2354379892349,297.7243957519531,117411600
2010-04-13,297.7243786909449,298.88736454520637,293.07243527389886,295.3984069824219,93748400
2010-04-14,296.56141239908214,300.0503701920125,295.97991943359375,295.97991943359375,102462500
2010-04-15,301.2132982737322,302.3762839813528,299.4688197123013,300.6318054199219,78643600
2010-04-16,299.46891369058926,301.2133927994665,297.72443458171205,298.8874206542969,71340400
2010-04-19,291.909375661827,293.0723612222327,288.42041898060995,289.5834045410156,95403700
2010-04-20,290.7464403905467,293.65390479445216,289.5834546289845,290.1649475097656,83178200
2010-04-21,294.81696940025,298.8874206542969,294.81696940025,298.8874206542969,97575300
2010-04-22,297.7243786909449,298.3058716180756,293.6539282010296,295.3984069824219,63146500
2010-04-23,291.90940421403286,294.8168683994316,290.7464185398734,291.3279113769531,51848200
2010-04-26,295.97987796559056,298.3058495016659,294.8168921975529,296.5613708496094,55641600
2010-04-27,295.39842646810536,296.56141239908214,294.23544053712857,295.97991943359375,35009300
2010-04-28,289.0019617482034,292.49091903288996,288.4204688674223,290.1649475097656,65392200
2010-04-30,294.23539122299627,295.3983769590555,286.09449107058134,287.2574768066406,75999800
2010-05-06,275.0461841518596,276.79066312111036,273.30170518260894,274.4646911621094,123480000
2010-05-07,263.99776757281757,269.2312034938646,263.4162746927012,267.4867248535156,118346500
2010-05-10,269.231207431891,274.4646434294872,268.6497145432692,272.138671875,104538500
2010-05-11,276.790610935377,279.1165824558424,265.7422462131666,267.4867248535156,133189200
2010-05-12,264.5792896975919,267.48675441954344,259.3458531980791,261.09033203125,148771500
2010-05-13,264.5792689467921,272.1386766309862,263.997776048008,268.64971923828125,89061800
2010-05-14,267.4867969920173,269.2312761028348,262.25335965956475,266.9053039550781,107158000
2010-05-17,263.4162292480469,264.5792148076409,261.0902581288588,263.4162292480469,157156192
2010-05-18,265.1607826419822,265.7422755863725,260.5088390868597,261.09033203125,98849500
2010-05-19,258.18280488410886,262.8347473144531,255.85683366893667,262.8347473144531,114156900
2010-05-20,262.25331792003067,263.99779675320156,259.9273461424694,261.09033203125,69325000
2010-05-21,255.8568291191582,259.9272786733266,254.69384353225294,258.18280029296875,112766800
2010-05-24,258.76433465066395,261.6717990849411,256.4383631032423,257.6013488769531,98749900
2010-05-25,257.60141549885134,258.1829085360948,252.9494712009037,254.11245727539062,95394100
2010-05-26,255.2753948905251,256.4383807442405,252.94942318309435,255.8568878173828,71966400
2010-05-27,253.5308772054951,259.9272984193952,252.94938436786782,258.7643127441406,74608700
2010-05-28,261.67175705368453,262.8347426405898,257.6013074995161,258.18280029296875,69075800
2010-05-31,258.76435675588596,260.5088355654762,256.4383850097656,256.4383850097656,55428500
2010-06-01,257.0198234250193,260.50878030409194,255.85683779866173,259.3457946777344,48500500
2010-06-02,255.2753948905251,260.5088312322443,254.69390196366743,255.8568878173828,70690900
2010-06-03,258.7643018645556,261.0902731172707,258.1828090513768,259.3457946777344,51489800
2010-06-04,259.34580558176793,259.9272984193952,258.1828199065134,258.7643127441406,38820700
2010-06-07,253.53089505489743,254.69388081203,248.29745914780094,248.8789520263672,81517400
2010-06-08,245.97147924746423,246.55297210620526,241.90102923627688,243.6455078125,96656600
2010-06-09,241.90098319933253,244.8084469397091,238.4120267108806,239.57501220703125,97397100
2010-06-10,241.3195538520813,242.48253965377808,239.57507514953613,241.9010467529297,40816000
2010-06-11,247.13449278077877,251.20494325010924,246.5529998565887,249.46046447753906,107571200
2010-06-14,250.04195740172912,250.62345032591918,248.29747862915892,249.46046447753906,45513800
2010-06-15,250.04193778349975,251.2049235406323,248.29745914780094,248.8789520263672,41987100
2010-06-16,251.7863987615103,252.3678915992967,249.4604274103647,250.6234130859375,40819000
2010-06-17,247.7159576416016,249.46043621654243,245.97147906666072,247.71595764160156,42673500
2010-06-18,247.13445390973772,247.71594674246649,241.90101841517856,244.22698974609375,51813900
2010-06-21,247.13447339066838,251.2049235406323,245.97148763353582,248.8789520263672,52861800
2010-06-22,249.4604274103647,253.5308772748695,247.71594889700552,250.6234130859375,61835800
2010-06-23,247.71596626923466,251.2049235406323,247.13447339066838,248.8789520263672,38164300
2010-06-24,249.4604918781199,250.0419848661808,244.22705498557193,244.8085479736328,73509200
2010-06-25,243.06401495375897,247.71595782368738,241.90102923627688,243.6455078125,71262500
2010-06-28,242.4825643274906,243.06405728750855,237.24912768732892,238.9936065673828,66856500
2010-06-29,237.83051163207108,240.7379750994558,235.5045408581633,236.6675262451172,60592200
2010-06-30,233.76012957537617,235.50460815429688,232.01565099645546,235.50460815429688,74253100
2010-07-01,233.7601580917092,234.92314395286198,233.1786651611328,233.1786651611328,54550500
2010-07-02,233.7601013183594,234.9230868970577,231.43413016096278,233.76010131835938,50688700
2010-07-05,236.0861358642578,238.99360059165016,234.3416570278224,236.0861358642578,59592500
2010-07-06,233.76011037142084,243.06399536132815,232.59712474768244,243.06399536132812,68551100
2010-07-07,242.4825002697931,245.9714571082074,238.9935434313788,240.73802185058594,72131400
2010-07-08,246.5529805121021,250.04193778349975,246.5529805121021,248.8789520263672,82440100
2010-07-09,250.04192907485606,250.04192907485606,245.3899862083471,247.71595764160156,45231700
2010-07-12,245.38997761751537,247.13445613138396,240.7380349138658,242.48251342773438,87861200
2010-07-13,242.48251124790735,244.80848257882252,239.57504708426336,244.22698974609375,67463200
2010-07-14,248.29748358399593,250.04196239137764,244.80852596923253,245.9715118408203,86643000
2010-07-15,244.2269541916338,244.8084469397091,238.4120267108806,239.57501220703125,58085700
2010-07-16,238.99349701902497,240.7379750994558,234.92304816468635,236.6675262451172,63155000
2010-07-21,233.17859970092772,234.3415852355957,230.27113586425781,232.59710693359375,60494300
2010-07-22,232.01561416625975,233.76009246826172,230.85262863159178,232.59710693359375,47935100
2010-07-23,234.3415554712094,237.83051163207108,234.3415554712094,236.6675262451172,54275600
2010-07-26,239.57510211420993,240.15659508050655,237.24913024902344,237.24913024902344,32567300
2010-07-27,238.9935456782437,245.97145942067417,238.4120528663745,243.06399536132812,73817400
2010-07-28,248.87897334638427,255.27539555855768,248.87897334638427,251.78643798828125,113117300
2010-07-29,254.11240970179887,255.8568884869371,250.62345213152247,251.78643798828125,70958700
2010-07-30,251.78643617429933,251.78643617429933,245.39001400820857,249.46046447753906,64575000
2010-08-02,250.62342630783903,252.36790491323003,247.13446909705706,248.29745483398438,47776500
2010-08-03,253.53089065015735,255.27536925554836,248.29745483398438,248.29745483398438,67767300
2010-08-04,248.2974677152412,251.78642510702443,247.1344819179801,250.0419464111328,56825900
2010-08-05,252.36793091666067,254.11240970179887,249.46046627476366,251.78643798828125,54742100
2010-08-06,250.62350182599187,252.94947400071104,250.04200878231205,252.36798095703125,31110600
2010-08-09,251.2048797607422,251.78637253796612,249.46040142907034,251.2048797607422,20503500
2010-08-10,253.53090380291607,253.53090380291607,248.2974677152412,250.0419464111328,36131200
2010-08-11,248.29745068242843,248.87894354116946,243.06401495375897,243.6455078125,40737000
2010-08-12,238.412031122905,241.31949491708676,236.66755284639595,240.15650939941406,55618000
2010-08-13,239.5750860375094,241.31956481933594,238.4121001829584,241.31956481933594,30089800
2010-08-16,238.41208934783936,242.48253965377808,238.41208934783936,241.9010467529297,25611400
2010-08-17,239.5750166405777,241.90098767592312,238.99352388174134,240.15650939941406,24377900
2010-08-18,244.22703303343863,248.87897651978983,243.64554009764473,245.9715118408203,69639200
2010-08-19,245.97150693239863,250.62345032591918,244.8085210840185,249.46046447753906,63177200
2010-08-20,245.9715339497546,248.87899889005902,243.64556199751104,244.8085479736328,73803500
2010-08-23,243.64549691336492,245.38997541155132,242.48251124790735,244.22698974609375,40549600
2010-08-24,240.7380609512329,242.48253965377808,239.57507514953613,241.9010467529297,58701600
2010-08-25,238.41211618161668,238.9936091479133,235.50465135013354,237.24913024902344,60413400
2010-08-26,237.83062064734688,238.9936065673828,236.086141767293,238.9936065673828,47041200
2010-08-27,236.08615268614233,238.99361762070072,234.92316671231896,238.41212463378906,51847800
2010-08-30,240.73809658143577,243.6455615159942,237.2491386599657,238.41212463378906,43467600
2010-08-31,236.66762274459117,236.66762274459117,232.01567929998004,233.1786651611328,44485900
2010-09-01,233.17860852901023,233.7601013183594,230.85263737161364,233.76010131835938,40662500
2010-09-02,235.50457077026365,236.66755630493162,231.43412139892578,232.59710693359375,70786600
2010-09-03,233.76012093139343,234.923106607669,232.59713525511785,234.34161376953125,41777200
2010-09-06,235.50465135013354,237.24913024902344,233.76017245124368,237.24913024902344,41410500
2010-09-07,236.66763728272682,240.7380880468032,236.0861443164302,237.24913024902344,54558000
2010-09-08,234.92314395286198,234.92314395286198,232.01567929998004,233.1786651611328,40588600
2010-09-09,233.7601013183594,234.34159410770854,232.5971157396611,233.76010131835938,19908200
2010-09-10,234.34161376953122,237.830570798358,233.76012093139343,234.34161376953125,53426200
2010-09-13,237.24904121472997,241.90098319933253,237.24904121472997,239.57501220703125,55915900
2010-09-14,237.24906501217168,244.22697868900025,237.24906501217168,240.73802185058594,57425300
2010-09-16,244.8084514701049,245.38994422894123,239.5750166405777,240.15650939941406,39867400
2010-09-17,241.31951465698833,243.0639930761955,240.15652904418357,240.73802185058594,42767800
2010-09-21,243.06406423107046,243.64555720769982,237.24913446477692,237.83062744140625,51752200
2010-09-22,237.2490867332176,237.83057959285784,234.92311529465664,235.50460815429688,35954700
2010-09-24,233.17860852901023,236.086072475756,233.17860852901023,233.76010131835938,36502800
2010-09-27,234.3415554712094,237.24901893859413,233.1785700842555,236.6675262451172,42498100
2010-09-28,237.8479766845703,239.6185571561676,237.25778319403787,237.8479766845703,29876000
2010-09-29,237.84796267216748,239.61854303945407,236.66757576064308,238.4381561279297,37206400
2010-09-30,238.43813671121868,238.43813671121868,227.81465537260001,229.58523559570312,127601000
2010-10-01,229.58526973335108,233.7166242015605,225.4539152651417,231.35585021972656,83846600
2010-10-04,229.5852729837308,230.175466487545,223.0931444417744,225.45391845703125,82815900
2010-10-05,224.27354193099623,232.53625137055926,223.09315486820154,230.7656707763672,138351700
2010-10-06,234.30678312915222,239.0283303962384,226.63426882013715,236.6675567626953,163444300
2010-10-07,237.8480398295838,241.97939536012248,236.66765253514419,239.02842712402344,83234600
2010-10-08,240.79897845789716,243.159752756504,239.02839773394203,239.61859130859375,63336800
2010-10-12,241.38910534607237,241.97929875767645,235.48717123003146,237.25775146484375,42035700
2010-10-13,236.66759413511014,237.84798113827776,230.17546561768816,232.53623962402344,65490600
2010-10-14,231.94609393495503,237.25783654415247,231.35590031171085,233.7166748046875,100196400
2010-10-15,231.35587269176136,231.94606624454647,226.04413071669543,227.22451782226562,78142000
2010-10-18,224.27353144940284,227.81469247228813,223.0931444417744,225.45391845703125,75227300
2010-10-19,227.22450610288638,230.76566723695734,227.22450610288638,228.99508666992188,58502000
2010-10-20,226.04413299166262,228.4049072265625,224.27355231548773,228.4049072265625,58479800
2010-10-21,226.63432196475196,227.81470905831839,224.27354777761911,226.04412841796875,60329000
2010-10-22,226.04412841796875,227.81470905831839,224.86374132440233,226.04412841796875,51398900
2010-10-25,227.22451551153517,228.4049026051016,224.86374132440233,226.04412841796875,43095400
2010-10-26,226.0441710622687,226.63436472039473,224.27359008789062,224.27359008789062,46024900
2010-10-27,223.68329597861774,224.86368276478458,217.19116865470008,220.1421356201172,105213400
2010-10-28,219.55195361987964,221.3225338910077,217.7813733487516,218.37156677246094,53752700
2010-10-29,219.5520205078125,222.50298852539063,217.78143969726563,221.32260131835938,71879700
2010-11-01,218.96178716924598,220.73236765848517,214.83043269435456,216.60101318359375,78790896
2010-11-02,217.78140017641985,218.37159367283292,215.42062619076762,216.60101318359375,50331800
2010-11-04,220.7323725204262,221.912759539252,217.78140497336167,218.9617919921875,50592000
2010-11-05,222.5029449462891,225.45391238589502,221.3225579704467,222.50294494628906,72031200
2010-11-08,224.86378269648486,225.45397635185623,220.73242710888542,223.6833953857422,48452000
2010-11-09,222.5029449462891,224.27352541005266,220.7323644825255,222.50294494628906,40105900
2010-11-10,226.04406532501145,234.89696605575602,226.04406532501145,231.9459991455078,123901500
2010-11-11,234.30682610150865,237.2577936846511,233.7166325848802,235.48721313476562,81257100
2010-11-12,233.126430706102,234.30681769701897,230.76565672426807,231.35585021972656,51139900
2010-11-15,234.30683196475132,234.8970254961487,229.58528371357247,230.7656707763672,60152700
2010-11-16,233.71663843335398,233.71663843335398,228.99509018217512,230.7656707763672,47766900
2010-11-17,228.4048713394358,234.30680599936954,227.81467787344243,233.1264190673828,52667800
2010-11-18,234.89701976590942,243.749922520906,234.30682624890966,243.15972900390625,146397400
2010-11-19,247.8812331047611,247.8812331047611,243.15968580752755,244.34007263183594,89491000
2010-11-22,246.7007986442806,246.7007986442806,243.15963885512826,243.7498321533203,49803700
2010-11-24,236.66765253514419,240.20881441846305,236.07745888792437,239.02842712402344,64302200
2010-11-25,240.79894413723247,240.79894413723247,236.66758970350546,237.8479766845703,62006900
2010-11-26,237.84794357946686,239.61852380462417,236.07736335430954,236.6675567626953,34221900
2010-11-29,236.66765253514419,239.61862077124323,234.89707159348475,239.02842712402344,42616600
2010-11-30,236.6676429209083,238.4382237906408,233.7166748046875,233.7166748046875,48029600
2010-12-01,233.7166149994588,234.89700194390053,230.76564763835455,234.3068084716797,55095000
2010-12-02,238.43813698785263,238.43813698785263,236.6675567626953,236.6675567626953,44478200
2010-12-03,239.028331699656,239.61852511126008,236.07736464163557,237.25775146484375,47286200
2010-12-06,237.25775017108108,238.43813698785263,235.48716994592377,236.6675567626953,26697600
2010-12-07,235.48728843190563,236.07748213724875,233.71670731587625,234.8970947265625,49849600
2010-12-08,235.48717123003146,237.25775146484372,234.8969778184274,237.25775146484375,42425500
2010-12-09,241.38912433285793,247.29105891312344,240.7989308748314,246.1106719970703,153833600
2010-12-10,246.70088315977404,247.8812701605385,244.34010915824507,247.29107666015625,123643400
2010-12-13,244.9302724674517,254.9635607372027,244.9302724674517,254.3733673095703,105840400
2010-12-14,254.37336984682852,256.1439501473865,252.60278954627057,255.5537567138672,89917800
2010-12-15,256.1440376335091,256.73423126860934,253.19306945800784,253.1930694580078,62450700
2010-12-16,251.42247987944506,259.6851904858118,251.42247987944506,256.7342224121094,91186600
2010-12-17,257.91456957730384,261.45573071566497,257.91456957730384,259.6851501464844,90051200
2010-12-20,260.8656107817416,262.636191850396,256.14406126533004,257.9146423339844,65441400
2010-12-21,257.914536776608,261.4556974646163,257.3243433286066,258.5047302246094,62420200
2010-12-22,258.5047213380009,263.2262687596995,257.91452791028854,261.4556884765625,75420800
2010-12-24,260.27534366954455,261.45573071566497,257.3243760542436,259.6851501464844,44172000
2010-12-27,259.6851665470876,261.45574722809044,258.50477942641896,260.2753601074219,40299100
2010-12-28,261.4556884765625,262.6360753319872,260.86549504885016,261.4556884765625,32470400
2010-12-29,260.8655582042222,262.6361389160156,260.27536463362446,262.6361389160156,29455200
2010-12-30,261.4557449236546,262.04593847878704,256.7341964825954,259.094970703125,68637900
2011-01-04,263.2263324866134,263.8165260572112,261.45575177482004,262.6361389160156,42922900
2011-01-05,262.04593847878704,262.04593847878704,258.5047771479926,259.094970703125,35966800
2011-01-06,260.86554420368554,263.8165118982974,259.6851571258408,263.226318359375,60610300
2011-01-07,262.6360919024493,264.4066722972973,260.86551150760135,262.0458984375,63007000
2011-01-11,262.04595726323885,263.22634445811826,260.27537647091964,260.8655700683594,55846500
2011-01-12,263.22627251637556,271.4889806222708,262.6360790802402,270.30859375,131384700
2011-01-13,275.0301795170225,276.2105665535762,272.66940544391497,273.84979248046875,100523200
2011-01-14,272.66947419481676,276.8008298644352,269.718505859375,269.718505859375,88772200
2011-01-17,273.2596678619051,273.8498615289935,267.3577311910216,269.718505859375,51420000
2011-01-18,269.12831219228667,273.2596678619051,267.3577311910216,269.718505859375,63357600
2011-01-19,271.4890441894531,273.2596249124278,269.1282698921535,271.4890441894531,58226900
2011-01-20,270.8988603193681,272.66944110576924,267.3576987465659,268.5380859375,60162300
2011-01-21,268.5380096091105,269.1282030368228,259.68510819342555,261.4556884765625,87462300
2011-01-24,262.636134348759,262.636134348759,255.55381162474754,260.2753601074219,75906800
2011-01-25,260.8655532635256,267.9478759765625,260.2753597041059,267.9478759765625,67836100
2011-01-26,267.3576304684238,267.9478239131664,263.8164697999678,264.9968566894531,53906200
2011-01-27,264.9968989761421,266.17728605398685,261.4557377426079,263.226318359375,74228000
2011-01-28,262.0459482219362,262.0459482219362,254.3734317199426,256.1440124511719,99516100
2011-01-31,249.6518741661394,253.78322905777765,249.0616806101911,251.42245483398438,67250200
2011-02-01,253.19303434484146,253.78322789809283,248.4714859188304,250.83226013183594,52531300
2011-02-02,253.19299646326013,262.6360919024493,252.6028029983108,262.0458984375,111922900
2011-02-03,261.45569491605147,262.0458883582999,256.14395393581566,257.3243408203125,52843600
2011-02-04,260.8655371926048,263.22631128484556,259.0949566234242,259.6851501464844,58045100
2011-02-07,263.8164978027344,266.177271832289,261.4557237731797,263.8164978027344,61550300
2011-02-08,266.17732774165637,269.7184895297937,263.8165532162315,269.1282958984375,79198700
2011-02-09,270.8988767925062,272.66945768657484,268.5381022670813,269.1282958984375,97043600
2011-02-10,267.94782000545854,271.4889806222708,266.7674331331878,270.30859375,55360500
2011-02-14,270.30863600510816,277.9811518742488,270.30863600510816,276.2105712890625,72709904
2011-02-15,276.80077896281534,277.39097252137145,275.030198287147,275.6203918457031,49866000
2011-02-16,276.21057362657916,280.9321218937001,276.21057362657916,277.3909606933594,94325900
2011-02-17,279.751708984375,280.932095942115,278.571322026635,279.751708984375,58961900
2011-02-18,278.57133364019376,280.9321076540937,276.8007531297688,277.98114013671875,74236400
2011-02-21,276.21057362657916,278.57134776013964,275.0301865597989,277.3909606933594,43569800
2011-02-22,273.84976351234826,275.620343879885,266.17724858635574,267.3576354980469,89486900
2011-02-23,262.63606650488714,269.71838739940097,262.045873097011,264.4066467285156,79212600
2011-02-24,264.40669131012305,269.718432876621,263.2263042953457,263.8164978027344,79731600
2011-02-25,264.9969340684679,266.76751491970487,263.2263532172309,265.5871276855469,55991100
2011-02-28,266.17724858635574,267.9478289538925,263.8164747629734,267.3576354980469,51500600
2011-03-01,269.71844247671277,276.2105712890625,269.1282489483173,276.2105712890625,66557500
2011-03-02,270.3086027772748,271.48898968896594,267.3576354980469,267.3576354980469,62242500
2011-03-03,267.3576354980469,268.53802240973806,265.5870551305102,267.3576354980469,50800200
2011-03-04,272.0792308925007,272.6694244519204,267.35768241714277,267.9478759765625,54187700
2011-03-07,266.177271832289,266.7674653396777,262.636110787957,263.8164978027344,38667000
2011-03-08,263.2262687596995,263.81646218741184,260.2753016211379,261.4556884765625,62293000
2011-03-09,264.9968566894531,266.7674370236811,263.2262763552252,264.9968566894531,56518100
2011-03-10,263.816538055558,263.816538055558,259.6851828734799,260.8655700683594,35193700
2011-03-11,256.14394759246755,259.0949147306296,254.37336730957028,254.3733673095703,86497500
2011-03-14,235.48722953796388,242.56955223083497,233.7166488647461,236.07742309570312,159275700
2011-03-15,228.40492909052602,229.58531632096802,189.4521504859402,215.42066955566406,180716900
2011-03-16,227.8147994714772,229.58538081451977,218.37169897525015,224.86383056640625,141547300
2011-03-17,211.87947553314126,218.37160430992273,210.1088949576554,214.24024963378906,154682000
2011-03-18,218.37163221389852,222.50298741794523,217.1912450127423,220.73240661621094,112265000
2011-03-22,234.30687794626493,240.20881441846305,230.17552241572628,239.02842712402344,107523800
2011-03-23,236.66755805323965,240.79891193446826,233.7165909952192,237.25775146484375,96982700
2011-03-24,235.48720468793596,236.66759167885292,230.17546322880958,231.35585021972656,85695100
2011-03-25,234.30675310966296,234.8969464424329,227.2244331164238,230.17539978027344,85856000
2011-03-28,232.53622560138942,234.89699946536294,230.17545173741593,233.1264190673828,91332600
2011-03-29,233.72572520422557,233.72572520422557,224.73627423483228,226.53416442871094,123180700
2011-03-30,227.73280505828043,228.33210191369696,223.53772707036472,224.13702392578125,92546500
2011-03-31,228.33209908008575,231.32858331998187,226.53420853614807,230.12998962402344,92263100
2011-04-01,232.52706909179688,238.52003479003906,231.92777252197266,233.7256622314453,91395200
2011-04-04,235.52365318397423,236.72224683885452,229.53068490957287,230.72927856445312,83797700
2011-04-05,233.12644335362302,233.7257401231696,225.93488211906396,228.93136596679688,82200600
2011-04-06,225.33557194535447,227.13346214704615,221.73979154197116,222.93838500976562,98889600
2011-04-07,227.13357451831885,231.32865373105827,226.5342774879275,228.33216857910156,94608900
2011-04-08,226.534140084536,235.52359008789062,224.1369534169748,235.52359008789062,97566900
2011-04-11,233.7256622314453,236.7221450805664,231.92777252197266,233.7256622314453,56343800
2011-04-12,231.32847595214844,234.32495880126953,230.72917938232422,233.7256622314453,56434200
2011-04-13,233.72571469554373,237.92079162597656,233.72571469554373,237.92079162597656,53578000
2011-04-14,237.9208904247188,239.11948433114057,234.92440565866443,238.5201873779297,79365600
2011-04-15,239.119385858326,240.91727597756153,233.12641879420755,234.32501220703125,68732200
2011-04-18,234.32513888301497,234.9244359134063,227.7328715487102,228.33216857910156,61103300
2011-04-19,225.33557873632293,228.33206249611447,223.53768848044803,225.93487548828125,61522100
2011-04-20,227.13353693108812,227.73283386230472,225.33564613743835,227.7328338623047,43852500
2011-04-21,227.1335082028639,227.73280505828043,222.9384302149482,224.13702392578125,61599700
2011-04-22,224.13701603190106,226.53420336914064,219.9419381917318,224.73631286621094,88101900
2011-04-25,224.1370601603727,229.53073273107685,224.1370601603727,227.133544921875,36407600
2011-04-26,227.133544921875,227.73284187417548,224.73635711267315,227.133544921875,34342700
2011-04-27,230.1300215871711,231.32861544960426,227.13353693108812,227.7328338623047,45935800
2011-04-28,230.72926287195173,232.5271532319929,228.33207572523014,231.9278564453125,56311900
2011-05-02,237.9208072324342,237.9208072324342,234.9243235141416,236.7222137451172,49383800
2011-05-06,232.52710675343909,236.12288675478092,231.9278100865488,235.52359008789062,48752200
2011-05-09,237.3215104887757,238.52010397609274,236.12291700145863,236.7222137451172,48124600
2011-05-10,237.3215097986666,240.3179935082457,236.72221305675077,239.11940002441406,53840100
2011-05-11,241.51657185206184,242.1158685564094,236.72219821728146,237.92079162597656,62089600
2011-05-12,236.12290954589847,239.11939316957736,234.3250193716911,236.12290954589844,57250100
2011-05-13,239.1194505816029,240.31804431885405,222.93843512871248,229.53070068359375,140590700
2011-05-16,229.5306560000311,229.5306560000311,224.73628198436464,225.93487548828125,63506500
2011-05-17,225.33557873632293,228.33206249611447,223.53768848044803,225.93487548828125,53344300
2011-05-18,227.73281670604965,233.1264886806666,227.1335198199811,231.32859802246094,58452600
2011-05-19,231.9278350103469,232.5271317416398,225.93486769741804,226.53416442871094,60633900
2011-05-20,226.53420336914064,229.53068754069014,224.13701603190106,224.73631286621094,57220900
2011-05-23,222.33908081054688,224.73626766564712,220.54119066922172,222.33908081054688,59056200
2011-05-24,219.94188653069574,222.9383699984164,219.94188653069574,221.73977661132812,29477200
2011-05-25,222.9383620193113,225.335548707691,222.33906534721638,223.53765869140625,51322800
2011-05-26,224.13702392578125,225.33561763661433,222.33913335953167,224.13702392578125,31226200
2011-05-27,224.73628198436464,228.93135924807277,222.9383917284897,225.93487548828125,57415900
2011-05-30,224.13695536350116,224.73625203559607,220.54117533093162,223.53765869140625,42877900
2011-05-31,221.73982869466147,224.73631286621097,221.1405318603516,224.73631286621094,59913800
2011-06-01,225.33564613743835,228.3321307935213,222.33916148135538,227.7328338623047,79759300
2011-06-02,224.13702392578125,225.33561763661433,221.14053964869862,224.13702392578125,69102800
2011-06-03,222.33907330487224,223.5376666919605,220.54118322423986,221.73977661132812,49689600
2011-06-06,219.34259900276376,219.94189572135056,213.3496318168959,215.14752197265625,90144300
2011-06-07,213.94896621704103,216.3461535135905,212.7503725687663,215.74685668945312,46301900
2011-06-08,218.14403557054925,219.94192597360322,216.34614516749528,217.54473876953125,50963500
2011-06-09,217.54470074901263,217.54470074901263,213.34962387506474,216.94540405273438,47172000
2011-06-10,220.54118397471672,222.9383707570506,217.54470049679935,218.1439971923828,64748200
2011-06-13,216.34610710563243,218.7432938879663,214.548217018882,218.1439971923828,26536600
2011-06-14,217.54471440469064,224.73627521145727,217.54471440469064,222.93838500976562,49564900
2011-06-15,225.33556437942218,225.33556437942218,221.73978409677184,222.33908081054688,23446800
2011-06-16,219.3426513671875,222.3391356754824,218.74335450552852,219.3426513671875,31651800
2011-06-17,219.34259083784747,219.94188753412573,215.14751396389957,216.94540405273438,39078900
2011-06-20,216.9454271311245,218.74331741121668,215.1475368510323,216.34613037109375,39929800
2011-06-21,217.54470074901263,218.14399744529092,214.54821726762128,216.94540405273438,33342800
2011-06-22,218.14400381412148,223.537674238097,218.14400381412148,222.33908081054688,59423800
2011-06-23,221.73978409677184,224.73626766564712,220.54119066922172,222.33908081054688,46654600
2011-06-24,222.33911774006293,225.93489861995613,222.33911774006293,225.33560180664062,32019700
2011-06-27,224.13700818000953,227.1334922465872,222.33911774006293,225.33560180664062,46046600
2011-06-28,227.7327578912967,228.9313513538825,224.13697750353938,226.53416442871094,50089500
2011-06-29,228.3320691972503,229.5306627363435,226.53417888861054,228.93136596679688,29794800
2011-06-30,232.52706909179688,235.52355194091797,231.92777252197266,233.7256622314453,91277000
2011-07-01,237.32159347150792,239.71878128435145,236.12299956508616,238.5201873779297,55645900
2011-07-04,243.31456639073005,245.71175423694413,242.71526942917654,245.11245727539062,58784200
2011-07-05,245.71162399736423,248.10881057294827,244.5130307095722,246.91021728515625,64934000
2011-07-06,245.71170043945312,246.31099726979326,242.7152162877525,245.71170043945312,71435300
2011-07-07,245.7116540733743,249.30743437688707,244.51306063887003,248.1088409423828,64171300
2011-07-08,250.50611219291227,251.1054091120341,247.50962759730328,248.70822143554688,50145900
2011-07-11,245.71175423694413,247.5096451216047,243.91386335228358,245.11245727539062,46588200
2011-07-12,240.31797844336674,241.51657185206184,237.321494921629,237.92079162597656,66336400
2011-07-13,235.5237026118753,241.51667214398407,235.5237026118753,238.5201873779297,72409500
2011-07-14,237.92078458046427,239.1193779536656,233.12641108765897,234.92430114746094,79715200
2011-07-15,234.32499675411,236.72218342167122,233.7257000872197,235.52359008789062,37124400
2011-07-19,229.53070068359378,230.12999755221932,228.33210694634263,229.53070068359375,46598800
2011-07-20,234.3249971443706,235.52359048014742,231.92781047281693,233.12640380859375,31330100
2011-07-21,235.5236128211627,237.32150299537003,234.92431609642688,236.12290954589844,32505500
2011-07-22,243.9137420654297,246.9102253831868,243.31444540187826,243.9137420654297,73086800
2011-07-25,243.31447721782484,243.91377395974067,238.52010328249824,239.11940002441406,52208400
2011-07-26,240.9173570454414,244.51313849388083,240.31806013736818,243.31454467773438,55218600
2011-07-27,241.5166015625,243.31449189671216,239.1194144502171,241.5166015625,44528500
2011-07-28,236.72219821728146,238.5200883303241,236.72219821728146,237.92079162597656,35867500
2011-07-29,237.32148789386363,240.9172680134676,234.92430114746097,234.92430114746094,56780600
2011-08-01,243.31451363657038,248.7081851211249,241.51662314171887,244.5131072998047,89886200
2011-08-02,242.1159066772461,243.3145002746582,237.9208290863037,239.71871948242188,48679700
2011-08-03,234.92430114746097,235.52359783406163,233.12641108765897,234.92430114746094,52553700
2011-08-04,235.52359783406163,237.32148789386363,233.12641108765897,234.92430114746094,44785700
2011-08-05,224.73628857997076,228.9313659667969,224.73628857997076,228.93136596679688,58840000
2011-08-08,224.13697847756004,224.73627521145727,221.14049480807395,222.93838500976562,55464500
2011-08-09,213.3496611624053,217.54473876953125,208.55528675426137,217.54473876953125,122642600
2011-08-10,217.54473876953125,217.54473876953125,217.54473876953125,217.54473876953125,56097900
2011-08-11,212.15106893587512,215.14755296039314,211.55177213097153,213.94895935058594,65773200
2011-08-12,216.34613037109375,216.34613037109375,216.34613037109375,216.34613037109375,54384400
2011-08-15,215.14755296039314,215.74684976529673,212.15106893587512,213.94895935058594,36930600
2011-08-16,216.9454354227588,218.1440289886304,212.7503579422082,214.54824829101562,43846900
2011-08-17,212.75032717878648,218.14399744529092,212.75032717878648,216.94540405273438,35253100
2011-08-18,216.94540405273438,216.94540405273438,216.94540405273438,216.94540405273438,26379500
2011-08-19,209.75390564311635,212.15109313618055,209.1546087698503,210.95249938964844,51914900
2011-08-22,209.15460262243616,210.9524931893912,206.75741519982944,207.9560089111328,43379900
2011-08-23,206.75737815990783,208.5552684047766,202.5623009218807,204.95948791503906,101946500
2011-08-24,204.9594583166651,206.75734830189901,197.16860171398486,198.96649169921875,113099700
2011-08-25,198.36723286396747,201.9630135201119,197.16863931191935,199.56582641601562,89428000
2011-08-26,198.96654435342816,200.76443481445312,197.76795071274486,200.76443481445312,42554400
2011-08-29,201.96295924440645,203.16155247434358,198.96647616956363,202.562255859375,37306400
2011-08-30,204.36020207455113,207.95598275621478,203.76090529427387,205.50978088378906,59048300
2011-08-31,204.95951884402072,206.15811252147114,203.7609251665703,205.4540557861328,40711800
2011-09-01,207.95596282871543,209.7538529972634,207.3566661058661,209.15455627441406,38510200
2011-09-02,206.15805053710938,207.9559405127237,204.36016056149504,206.15805053710938,42919900
2011-09-05,201.96302845513642,201.96302845513642,199.56584117376983,200.76443481445312,26535000
2011-09-06,196.5693434990022,197.76793705692296,192.97356282523998,195.32742309570312,52367400
2011-09-07,196.5693433581877,198.36723369378086,195.37074980112556,197.16864013671875,46774500
2011-09-08,199.5658661912127,200.76445998215092,195.97008481839808,196.5693817138672,29119600
2011-09-09,195.9700083904956,200.165085022708,195.9700083904956,198.96649169921875,46385700
2011-09-12,192.9736168001905,194.77150763994382,192.9736168001905,194.17221069335938,35508500
2011-09-13,195.37071172875093,200.165085022708,193.57282174351704,198.96649169921875,40184300
2011-09-14,197.76792226938102,199.56581247182993,193.57284513033355,194.7714385986328,46284600
2011-09-15,197.16866274746982,198.96655328924004,196.56936590021306,197.76795959472656,27931500
2011-09-16,202.56227058588073,207.3566438541856,201.3636772688045,206.15805053710938,66678000
2011-09-20,202.56232527547806,203.7609189161614,200.16513799411146,200.76443481445312,32651200
2011-09-21,200.7643888116944,202.56227886075436,200.16509212867442,201.96298217773438,28059700
2011-09-22,197.7678983757295,199.56578836096338,195.9700083904956,198.96649169921875,34697700
2011-09-26,198.36723369378086,198.96653047231192,194.7714530225945,197.16864013671875,45303000
2011-09-27,201.9629815104404,206.75735495875944,201.36368482940048,205.5587615966797,53361700
2011-09-28,208.60865884830352,212.2684598807299,207.9986920095658,211.6584930419922,55858700
2011-09-29,207.99868770115813,216.5382232666016,207.99868770115813,216.53822326660156,70567900
2011-09-30,217.14814077258782,218.97804083527816,212.87837395964368,215.92820739746094,59497700
2011-10-03,209.82853698730466,211.04847034188202,204.94880356899526,209.8285369873047,46750500
2011-10-04,203.7288254106873,204.33879195383307,199.4590596086669,201.89892578125,74009300
2011-10-05,202.50896409254807,203.11893085186298,197.62923001802884,198.23919677734375,56241000
2011-10-06,200.0690697043951,203.72886975996332,198.239169676611,198.84913635253906,45413900
2011-10-07,203.11897198746846,204.33890575315894,200.0691375732422,200.0691375732422,41430100
2011-10-11,206.77872221810478,207.38868895031158,203.72888855707077,204.94882202148438,36426300
2011-10-12,203.72886314048426,204.9487964527027,202.5089298282658,203.118896484375,30128500
2011-10-13,207.38877868652347,207.99874568266029,204.94891070197613,207.38877868652344,35110100
2011-10-14,204.3388671875,206.77873425839553,203.72890041977612,204.3388671875,26229000
2011-10-17,206.16875701635814,209.21859070003208,204.94882354288856,207.9986572265625,34487000
2011-10-18,203.72890041977612,204.94883395522388,203.11893365205225,204.3388671875,22320200
2011-10-19,206.1687469482422,207.9986470690846,204.94881353434727,206.1687469482422,28755100
2011-10-20,208.60857936961008,208.60857936961008,204.33881312520285,205.55874633789062,23068400
2011-10-21,205.55880072294775,206.16876749067163,203.11893365205225,204.3388671875,18671700
2011-10-24,206.1687469482422,207.9986470690846,204.3388468273998,206.1687469482422,29580300
2011-10-25,205.5588897430968,206.16885677497544,201.89908755182506,203.72898864746094,36572600
2011-10-26,202.50889232439576,204.33879195383307,201.2889592381042,201.89892578125,31128900
2011-10-27,203.11889399937223,214.70826032366074,201.28899405343194,213.4883270263672,73286500
2011-10-28,218.978083926625,220.80798434941016,214.70831627345962,215.3182830810547,78684900
2011-10-31,215.31824057758718,217.7581073263417,210.43850708007812,210.43850708007812,54845200
2011-11-01,209.2185787624783,211.658445570204,207.99864535861548,208.60861206054688,34916300
2011-11-02,206.77882380685406,206.77882380685406,202.5090545837037,203.72898864746094,50989100
2011-11-04,207.38863784655004,209.2185375922549,204.33880493704197,206.77867126464844,41587800
2011-11-07,207.99864535861548,209.82854546440973,206.77871195475262,208.60861206054688,33422300
2011-11-08,209.21869193436856,209.8286589662472,201.89908755182506,203.72898864746094,45426800
2011-11-09,205.55878024129473,207.9986470690846,203.11891341350488,206.1687469482422,58082500
2011-11-10,199.45911321669,200.67904663085938,197.0192463883513,200.67904663085938,68656800
2011-11-11,200.67910445608743,201.2890713389327,198.23923692470643,200.0691375732422,40613300
2011-11-14,204.33895567933956,205.5588897430968,202.5090545837037,203.72898864746094,39301800
2011-11-15,204.33895567933956,206.77882380685406,203.1190216155823,203.72898864746094,38109200
2011-11-16,203.7288254106873,204.33879195383307,201.2889592381042,201.89892578125,41177500
2011-11-17,199.4590596086669,201.89892578125,198.84909306552115,201.89892578125,39477200
2011-11-18,199.45913029597355,200.06909705528847,197.62923001802884,198.23919677734375,39180200
2011-11-21,196.40930506467083,198.2392054224162,196.40930506467083,197.01927185058594,39023100
2011-11-22,195.18940489969137,198.84920624156058,195.18940489969137,197.6292724609375,31210600
2011-11-24,195.1893310546875,197.6291976928711,194.5793643951416,195.1893310546875,39057100
2011-11-25,193.96939773559572,197.0192310333252,193.96939773559572,195.1893310546875,33757400
2011-11-28,198.239169676611,199.45910302846707,195.7993029728989,198.84913635253906,40277200
2011-11-29,199.4590596086669,201.89892578125,198.23912652237536,201.89892578125,43885300
2011-11-30,198.8492038075517,201.89903822177794,198.23923692470643,200.0691375732422,42334200
2011-12-01,207.9986470690846,209.21858048297952,204.94881353434727,206.1687469482422,64006900
2011-12-02,205.55878024129473,206.77871365518968,205.55878024129473,206.1687469482422,35957200
2011-12-05,207.9986403313236,211.04847376726676,207.38867364413497,210.43850708007812,42726100
2011-12-06,209.82853698730466,212.87837037374806,209.218570310016,209.8285369873047,44349200
2011-12-07,210.4385625905004,214.09836367903085,209.828595742412,212.26846313476562,54423300
2011-12-08,211.65845917277252,215.31825961956397,211.04849243164062,211.04849243164062,63051300
2011-12-09,207.38867865668405,211.04847886827258,207.38867865668405,208.60861206054688,59369400
2011-12-12,210.4385625905004,212.87842998285402,209.828595742412,212.26846313476562,40496400
2011-12-13,207.9986470690846,208.60861377603206,205.55878024129473,206.1687469482422,53276000
2011-12-14,204.9487964527027,204.9487964527027,202.5089298282658,203.118896484375,41781000
2011-12-15,201.89898004502874,203.11891345919807,200.0690799237747,200.67904663085938,30563600
2011-12-16,201.28901333794406,201.89898004502874,199.45911321669,200.67904663085938,30218100
2011-12-19,199.45913029597355,200.06909705528847,198.23919677734375,198.23919677734375,22640000
2011-12-20,199.45917313187212,199.45917313187212,197.6292724609375,197.6292724609375,26242500
2011-12-21,200.6790705222967,201.28903730199974,198.2392034034846,199.45913696289062,21560300
2011-12-22,198.84913635253903,199.45910302846707,198.239169676611,198.84913635253906,15696300
2011-12-26,198.84913635253903,200.0690697043951,198.239169676611,198.84913635253906,11783600
2011-12-27,198.84913635253903,199.45910302846707,198.239169676611,198.84913635253906,9845200
2011-12-28,198.8491722083313,198.8491722083313,197.01927185058594,197.01927185058594,13546800
2011-12-29,197.01927185058594,198.2392054224162,196.40930506467083,197.01927185058594,21909600
2011-12-30,197.62923662378157,199.45913696289065,197.01926984407854,199.45913696289062,19121000
2012-01-04,201.89897999960996,207.38868036213714,201.2890132926625,206.1687469482422,49112400
2012-01-05,206.77882380685406,207.3887908387327,203.1190216155823,203.72898864746094,28244500
2012-01-06,204.33882979659347,206.16872976492118,201.89896317215656,203.118896484375,29046600
2012-01-10,204.33882632887506,206.7786929119064,201.8989597458437,202.50892639160156,37109600
2012-01-11,204.33885528927757,205.55878875369118,203.11892182486397,204.94882202148438,38942400
2012-01-12,204.9487964527027,205.55876310881195,201.89896317215656,203.118896484375,31713400
2012-01-13,204.33895567933956,205.5588897430968,203.1190216155823,203.72898864746094,28502400
2012-01-16,201.89899733323318,201.89899733323318,198.23919677734375,198.23919677734375,34283900
2012-01-17,199.45911321669,201.28901333794406,198.84914650960533,200.67904663085938,24827500
2012-01-18,200.0691375732422,203.11897198746846,199.45917069039695,200.0691375732422,41678800
2012-01-19,203.72886314048426,204.9487964527027,202.5089298282658,203.118896484375,42368400
2012-01-20,209.82852713448662,214.70826032366074,209.21856048583984,213.4883270263672,116740000
2012-01-23,214.70832278829226,217.7581569188078,213.48838913608606,216.53822326660156,55546400
2012-01-24,218.36806909042912,218.97803576386607,215.92820239668131,217.7581024169922,46392700
2012-01-25,216.53822109891843,220.8079888388971,215.31828745892454,218.97808837890625,51062200
2012-01-26,217.75808368639997,218.9780169283406,216.53815044445938,217.1481170654297,32322500
2012-01-27,215.92822787293005,217.14816136373756,214.09832763671878,214.09832763671875,42552600
2012-01-30,214.7083282470703,215.9282619302923,212.87842772223735,214.7083282470703,33578900
2012-01-31,214.09830555738213,217.14813896988048,212.26840550988317,212.8783721923828,71896900
2012-02-01,214.70832063892757,219.5880551989032,214.09835381893063,218.97808837890625,58926700
2012-02-02,222.63787311056387,227.51760731572693,222.63787311056387,224.4677734375,100550400
2012-02-03,223.24787344583652,226.90767464986664,223.24787344583652,225.07777404785156,67243800
2012-02-06,231.7873982747396,232.3973651123047,228.12759724934895,228.73756408691406,56251900
2012-02-07,228.73761026482833,231.7874450683594,228.12764330412213,231.78744506835938,49768500
2012-02-08,233.00730504745093,237.88703918457034,232.397338280311,237.8870391845703,76619300
2012-02-09,239.71698957501036,242.76682404797486,235.44722131286005,241.54689025878906,89896500
2012-02-10,240.32688923625204,240.9368559602019,233.6172552728034,234.83718872070312,82892500
2012-02-13,233.6172921429617,239.1069935249112,233.6172921429617,236.05715942382812,68734400
2012-02-14,234.83718190874373,240.326882265052,233.61724849623076,239.10694885253906,78893000
2012-02-15,240.93691620172237,250.69638622508327,240.32694932526232,248.86648559570312,119368500
2012-02-16,245.8165825822407,249.47638281919714,243.98668246376246,244.59664916992188,83565600
2012-02-17,252.52631141399516,252.52631141399516,246.4266420561692,247.64657592773438,89919400
2012-02-20,251.30625570255475,252.52618898266425,249.47635578239053,250.6962890625,64810400
2012-02-21,250.6963213421496,252.52622149793172,247.03652103058536,248.25645446777344,61304300
2012-02-22,247.03648922217155,251.30625570255475,245.81655594206205,250.6962890625,77334700
2012-02-23,246.42662126685704,251.30635634144826,243.98675372956143,249.47645568847656,101864300
2012-02-24,247.64651738680328,255.57608567751373,247.64651738680328,253.74618530273438,101781000
2012-02-27,258.6259021577381,261.67573590959825,256.18603515625,256.18603515625,90389400
2012-02-28,252.52624121209456,258.01594210800965,250.6963409134562,257.4059753417969,94136100
2012-02-29,261.67573590959825,262.8956694103423,254.96610165550598,256.18603515625,81544600
2012-03-01,256.1860645707831,259.2358986728163,251.30633000753014,253.13623046875,76792300
2012-03-02,255.5760977503765,256.7960313911898,252.5262636483434,253.13623046875,92113000
2012-03-05,253.74609847911623,254.9660316448812,250.6962655647038,251.91619873046875,47515000
2012-03-06,251.9163199780034,253.1362537309235,248.86648559570312,248.86648559570312,64965800
2012-03-07,243.98672273843593,247.64652357951246,243.98672273843593,246.4265899658203,76811100
2012-03-08,250.08639636671688,254.9661309299699,248.86646272590363,253.13623046875,88306800
2012-03-09,256.1860667509191,261.67576818129595,253.7461994485294,259.23590087890625,126881400
2012-03-12,259.8457546916952,261.67565437262266,254.9660222092221,255.57598876953125,82743400
2012-03-13,256.7960085755841,261.0657759390736,256.18604180937126,257.4059753417969,98587600
2012-03-14,263.50566428803404,264.1156311035156,261.67576384158934,264.1156311035156,83139600
2012-03-15,265.94553154996026,266.55549836544185,261.67576384158934,264.1156311035156,62905700
2012-03-16,264.115650498514,267.77545166015625,262.8957167779666,267.77545166015625,55699800
2012-03-19,268.3854075228231,273.2651422050562,266.55550701698564,271.43524169921875,59881500
2012-03-21,270.2152870283698,272.04518739199307,264.11561914962556,264.7255859375,78269600
2012-03-22,264.1156376279634,267.7754386112608,263.5056707974138,265.3355712890625,53733200
2012-03-23,261.0657893077868,262.89568970013113,259.2358889154425,259.8458557128906,61814100
2012-03-26,261.6756876819539,262.28565431990717,257.40592121628094,258.6258544921875,47179100
2012-03-27,262.8956518388981,269.60528564453125,262.28568512929513,269.60528564453125,80207300
2012-03-28,270.22363614814225,270.22363614814225,265.27675036053324,265.8951110839844,62689400
2012-03-29,265.2767641339983,266.51348564511255,258.4747958228702,259.7115173339844,68429000
2012-03-30,259.71151925985095,259.71151925985095,253.52791165842595,254.76463317871094,71563300
2012-04-02,260.3299181584461,264.040083262842,259.0931964569808,263.4217224121094,86059600
2012-04-03,262.18492601020483,262.18492601020483,256.6196799392335,258.4747619628906,55333300
2012-04-04,257.85635788075246,259.7114395921248,252.29111274663552,254.1461944580078,71231100
2012-04-05,249.19943699578346,252.90960231085717,247.34435433824663,251.0545196533203,79934100
2012-04-06,248.5809783935547,251.05442096463483,247.34425710801463,248.5809783935547,62819900
2012-04-09,244.25249572910008,244.87085647778133,241.779052734375,241.779052734375,77844600
2012-04-10,243.63410949707028,246.7259129170839,243.01574881306757,243.6341094970703,68618400
2012-04-11,239.30562321589545,242.39742713341346,238.06890164888824,241.16070556640625,93978200
2012-04-12,241.77904766122091,242.39740839692735,237.45052251127578,239.92396545410156,74503000
2012-04-13,246.10753582247455,249.81769967909477,244.87081453693446,248.5809783935547,95349800
2012-04-16,244.87085133975316,245.4892120754596,239.92396545410156,239.92396545410156,65038500
2012-04-17,240.54243042308434,243.0158744377176,238.06898640845108,238.68734741210938,57814400
2012-04-18,246.7259641786667,247.34432499114453,244.25252092875522,245.48924255371094,53645000
2012-04-19,246.72592334747313,248.58100547790525,245.48920192718504,247.3442840576172,68557500
2012-04-20,246.10766308717055,246.72602404970112,243.63421923704823,244.87094116210938,56312600
2012-04-23,245.48921892594316,246.72594043186731,242.3974151611328,242.3974151611328,51054100
2012-04-24,238.6872969744411,239.30565784743186,236.83221435546875,236.83221435546875,55188000
2012-04-25,239.92399435511547,241.77907678569625,239.30563354492188,239.30563354492188,53227800
2012-04-26,243.0157691326338,243.63412986834024,239.30560471839513,239.92396545410156,42264800
2012-04-27,238.68727273472828,247.3443240774386,237.45055111434107,239.30563354492188,98755300
2012-05-01,233.74038696289062,233.74038696289062,233.74038696289062,233.74038696289062,100
2012-05-02,234.35877528089156,234.35877528089156,231.26697085766082,232.50369262695312,44195000
2012-05-07,223.84656113844653,226.32000380295975,223.2282004723182,225.08328247070312,47090100
2012-05-08,228.17515088691087,228.17515088691087,225.0833466743511,226.320068359375,47109800
2012-05-09,225.08333706325953,225.08333706325953,221.99153298272026,222.60989379882812,56060000
2012-05-10,221.9914974351557,223.8465795864244,220.13641528388698,220.75477600097656,55940300
2012-05-11,220.75479660686267,221.99151815648094,216.42627118319868,217.0446319580078,58220200
2012-05-14,218.28137207031247,220.13645455249645,217.04465041552317,218.2813720703125,33778000
2012-05-15,215.18953112408218,215.8078918457031,212.09772751597757,215.80789184570312,54341100
2012-05-16,216.42625941786653,217.66298090025435,209.62429126473359,212.71609497070312,68634600
2012-05-17,212.09774575953472,218.89971428243524,210.2426634351073,217.0446319580078,64898600
2012-05-18,210.24261294564667,211.47933419826813,207.76917044040377,209.62425231933594,75167100
2012-05-21,209.62429305485318,211.47937529427665,207.1508500689552,207.7692108154297,48459900
2012-05-22,210.24266382407026,213.33446770383603,208.38758149621083,211.47938537597656,58158900
2012-05-23,212.09769482457887,213.3344160772003,209.00589169302523,209.62425231933594,75659700
2012-05-24,208.38758149621083,213.33446770383603,207.7692207202577,211.47938537597656,73363900
2012-05-25,212.71610692788286,213.33446770383603,209.62430304811713,211.47938537597656,59548900
2012-05-28,210.8610110713859,212.71609328022504,210.24265033510616,212.0977325439453,50332600
2012-05-29,211.47936679435662,215.8078918457031,209.62428462949384,215.80789184570312,76424500
2012-05-30,213.33446770383603,215.18955003169546,210.86102460002343,211.47938537597656,58980100
2012-05-31,208.38766896864948,210.2427520751953,207.7693079331342,210.2427520751953,51141800
2012-06-01,207.7691820637055,210.24262470732106,207.7691820637055,208.38754272460938,30571300
2012-06-04,204.05899232247808,205.29571348806886,202.8222711568873,204.67735290527344,37161000
2012-06-05,205.91410008099385,210.24262470732106,205.29573942008994,208.38754272460938,60117100
2012-06-06,209.62427792756455,215.18952424422554,207.76919582201086,213.33444213867188,75722700
2012-06-07,217.66302490234375,217.66302490234375,217.66302490234375,217.66302490234375,53293000
2012-06-08,218.28137783083517,218.89973867454856,212.09776939370101,214.5712127685547,58554700
2012-06-11,218.89971428243524,219.51807505724437,216.42627118319868,217.0446319580078,41799400
2012-06-12,212.09776939370101,214.57121276855466,211.4794085499876,214.5712127685547,41687300
2012-06-13,216.42631223832055,216.42631223832055,212.09778599355414,215.18959045410156,34894100
2012-06-14,213.95281136648995,219.51805790492466,213.95281136648995,216.42625427246094,44126000
2012-06-15,218.89969214964447,220.75477428650586,217.0446100127831,220.13641357421875,54392100
2012-06-18,227.55678522619664,228.17514605561564,224.46498107910156,224.46498107910156,38063400
2012-06-19,221.99153298272026,224.46497624715167,220.75481135050455,222.60989379882812,36904700
2012-06-20,226.320029346363,230.03019376187711,225.70166861044396,228.79347229003906,58629200
2012-06-21,231.2669186335738,231.88527937858336,228.79347565353558,230.0301971435547,49056400
2012-06-22,226.93841714444366,230.64858200239098,226.3200563347858,227.55677795410156,54246500
2012-06-25,228.17508580134466,228.79344646747296,224.46492180457483,225.08328247070312,31205100
2012-06-26,221.99149571108015,224.46493856022866,217.6629707250702,220.13641357421875,67477300
2012-06-27,220.75476938321447,224.464933574529,219.51804798610962,223.84657287597656,72340300
2012-06-28,226.9383934185069,232.5036401235929,226.9383934185069,230.0301971435547,83540200
2012-06-29,230.0302220904638,235.59546939910405,227.55677884217926,233.74038696289062,64052600
2012-07-02,238.06896229794148,238.6873232389751,234.35879665173982,234.97715759277344,51035800
2012-07-03,238.68725064336036,243.0157759140949,238.06888989039828,242.3974151611328,80529400
2012-07-04,243.63413666705696,244.87085817298112,240.54233290224659,242.3974151611328,50211000
2012-07-05,241.77907767884378,246.1076033661888,241.16071686636593,245.48924255371094,52852200
2012-07-06,243.01574881306757,246.10755223308115,241.77902744506216,243.6341094970703,54143300
2012-07-09,239.92406941942602,241.16079142674263,238.68734741210938,238.68734741210938,32257200
2012-07-10,238.68730273527518,241.7791071748513,236.83222007152952,238.98336791992188,36252400
2012-07-11,235.5954926094872,239.30565784743186,234.35877086350564,236.83221435546875,47051100
2012-07-12,239.3056342715309,239.3056342715309,233.1220261508195,233.74038696289062,57226700
2012-07-13,231.8853302001953,233.12205196126303,229.41188667805991,231.8853302001953,54723400
2012-07-17,232.5036051536666,236.2137690656932,231.26688384965775,233.6799774169922,51476900
2012-07-18,233.74039585705108,235.59547836385306,230.0302308434471,231.26695251464844,45373100
2012-07-19,233.74037391245454,236.21381702263923,233.12201313490837,235.43141174316406,51307700
2012-07-20,234.97707439703254,235.59543511913,225.70166356557073,226.93838500976562,71548000
2012-07-23,223.84662919323424,225.08335090148415,221.3731857767344,221.99154663085938,46798900
2012-07-24,220.13646406848449,223.2282683391093,218.89974236023457,221.99154663085938,51689900
2012-07-25,218.89973289770714,220.13645455249645,216.42628958812853,218.2813720703125,58828600
2012-07-26,220.75480904786482,229.4118603830752,219.51808742854905,227.55677795410156,78348900
2012-07-27,232.50371382863898,234.97715759277344,230.64863100553814,234.97715759277344,73373400
2012-07-30,238.68725419477983,239.30561495694246,235.5954503839666,238.0688934326172,43238400
2012-07-31,236.21385036678765,239.30565469096027,232.50368517778054,235.59548950195312,70547000
2012-08-01,231.88527937858336,233.12200086860247,227.55675416351647,230.0301971435547,68709000
2012-08-02,228.79357551947203,233.74046363881197,228.79357551947203,231.72201538085938,69758304
2012-08-03,226.93838588516059,229.4118287830915,225.70166443619513,228.3343963623047,49301200
2012-08-06,233.74038985587174,234.9771114953208,231.88530739669815,233.09402465820312,43437800
2012-08-07,231.88528179120254,234.9770855484186,231.26692103975935,233.25006103515625,28746900
2012-08-08,236.2138038324375,237.4505253184712,229.41183565925212,231.87940979003906,53905400
2012-08-09,228.79351656483234,231.88532084273547,228.1751557092517,230.00315856933594,62076800
2012-08-10,226.93842920188695,229.41187257193477,224.46498583183913,226.320068359375,54300900
2012-08-13,227.5567492850508,227.5567492850508,225.08330635803938,227.0076446533203,26710800
2012-08-14,228.1751457915274,228.79350662023074,220.13645501838417,223.1759490966797,55974100
2012-08-15,222.60988755200606,223.22824835076162,220.13644435698376,221.32598876953125,34032700
2012-08-16,224.46491649342374,225.70163779641783,223.2281951904297,223.2281951904297,43480700
2012-08-17,226.93839008228198,229.4118330259581,225.70166861044396,228.79347229003906,58309800
2012-08-20,231.88530362170675,231.88530362170675,226.93841714444366,227.55677795410156,30759000
2012-08-21,228.175114908526,231.2669186335738,227.55675416351647,230.0301971435547,39447500
2012-08-22,230.6486175619367,231.2669784669285,228.17517394196955,229.41189575195312,35232900
2012-08-23,229.41181786148326,231.88526064166098,228.1750964713944,230.44448852539062,39684200
2012-08-24,229.4118603830752,230.03022119273308,226.93841714444366,227.55677795410156,38776000
2012-08-27,229.4118603830752,230.03022119273308,226.93841714444366,227.55677795410156,24719000
2012-08-28,225.70165497163384,226.9383763687387,221.9914907803193,223.84657287597656,62354400
2012-08-29,223.84659315135383,226.93839692416256,222.6098716422303,225.70167541503906,32728300
2012-08-30,225.70164313683145,226.93836446908804,223.84656113844653,225.08328247070312,30870900
2012-08-31,222.60985642336726,224.46493856022866,220.13641357421875,220.13641357421875,33325600
2012-09-03,220.13641357421875,224.46493856022866,219.5180528619316,220.13641357421875,43982700
2012-09-04,222.60987521549845,222.60987521549845,218.28134986408597,221.37315368652344,33105200
2012-09-05,218.89971428243524,219.51807505724437,217.0446319580078,217.0446319580078,23001300
2012-09-06,217.04462174237784,220.13642547090174,215.8079002509683,218.8997039794922,31731800
2012-09-07,223.84662024968256,224.46498107910156,220.7548161025875,224.46498107910156,55705200
2012-09-10,225.0833466743511,226.93842920188695,223.22826414681523,226.320068359375,35252500
2012-09-11,223.22821217742415,224.464933574529,221.3731300817669,223.84657287597656,28055600
2012-09-12,223.84658139927836,228.17510645396055,223.84658139927836,226.93838500976562,41225700
2012-09-13,227.55681000169378,229.41189269192498,225.70172731146258,228.1751708984375,29820200
2012-09-14,231.8853273715425,238.6872969744411,231.26696649855174,236.83221435546875,78518700
2012-09-18,236.8321784639726,242.39742547748634,235.595456905414,240.54234313964844,61058500
2012-09-19,239.92396545410156,246.10757281116605,238.06888324698224,239.92396545410156,73741500
2012-09-20,237.45056893139844,240.54237321435934,233.12204293525315,234.3587646484375,71904000
2012-09-21,234.35877372233074,234.9771346028646,231.26696931966146,231.8853302001953,56861900
2012-09-24,231.88533174230696,234.97713616553773,230.64860997301466,232.50369262695312,38123700
2012-09-25,231.8853212220688,234.35876464843753,230.64859950888442,234.3587646484375,50625000
2012-09-26,233.1021199626974,234.35873516465264,231.21719715976454,231.8455047607422,48131500
2012-09-27,230.58889659460021,235.6153575557904,229.96058897445144,233.1021270751953,36812600
2012-09-28,233.7304632468302,234.98707864063036,228.70400167162953,229.9606170654297,58457500
2012-10-01,228.70399126205237,229.3322989303547,225.56245292054064,228.07568359375,34097200
2012-10-02,228.703941724577,229.96055678899776,226.81901912794586,227.44732666015625,26698300
2012-10-03,226.81905776129827,228.0756730397542,225.56244248284233,226.1907501220703,31179100
2012-10-04,226.8190853699394,233.7304702427076,226.8190853699394,231.2172393798828,50547800
2012-10-05,232.4737898075613,233.10209734758175,228.07563702741825,230.5888671875,44039700
2012-10-09,229.33228474141495,230.58890000027202,224.93413133541523,225.56243896484375,52921000
2012-10-10,222.42084477456768,224.30576718791147,221.1642298323385,223.67745971679688,44460400
2012-10-11,221.16431695642606,224.9341632681833,221.16431695642606,223.0492401123047,56623000
2012-10-12,223.67750904072565,224.93412426005557,221.79258621173076,224.30581665039062,41843200
2012-10-15,224.3058166503906,226.19073947938548,222.42089382139574,224.30581665039062,33388400
2012-10-16,227.4473536272128,229.3322764473278,226.1907384138028,226.8190460205078,46393900
2012-10-17,229.33225652673744,230.58887163099354,228.07564142248134,228.70394897460938,37819000
2012-10-18,231.21719261907762,235.6153457395492,231.21719261907762,233.7304229736328,60009200
2012-10-19,233.10207340352977,235.61530330545463,231.84545845256736,234.3586883544922,41707200
2012-10-22,230.58884350160494,234.35868835449222,230.58884350160494,234.3586883544922,36106300
2012-10-23,234.98704276563026,235.61535036660788,229.9605819578093,231.8455047607422,44979100
2012-10-24,228.70398300379924,233.10213652310307,228.70398300379924,229.33229064941406,50184800
2012-10-25,227.44738627782937,230.58892476232978,226.8190785809293,229.9606170654297,46071100
2012-10-26,229.96055678899776,231.2171718534185,226.1907115957355,227.44732666015625,43433500
2012-10-29,228.07563419236664,229.33224925678738,226.81901912794586,227.44732666015625,26404800
2012-10-30,227.44736540052625,229.96059595743813,226.1907501220703,226.1907501220703,45187300
2012-10-31,227.4473536272128,228.70396884062282,223.04920038027774,226.8190460205078,65290600
2012-11-01,226.1907277027322,226.81903527968421,223.67749739492405,224.93411254882812,45896300
2012-11-02,227.44732666015625,228.07563419236664,226.1907115957355,227.44732666015625,35852300
2012-11-05,226.1907384138028,228.0756612339178,225.56243080709777,226.8190460205078,17172200
2012-11-06,224.93411254882812,225.56242012578016,224.30580497187609,224.93411254882812,26325800
2012-11-07,226.81905422370082,227.44736185312937,224.93413133541523,225.56243896484375,31472400
2012-11-08,223.04915224568228,224.30576718791147,223.04915224568228,223.67745971679688,25332300
2012-11-09,222.42093239367847,223.0492401123047,221.16431695642606,223.0492401123047,23026800
2012-11-12,221.1642689732143,221.79257655552456,219.90765380859375,219.90765380859375,28018800
2012-11-13,219.90765380859375,221.1642689732143,218.6510386439732,219.90765380859375,27217600
2012-11-14,219.2793127087579,219.2793127087579,216.76608276367188,216.76608276367188,45768000
2012-11-15,218.65099994788008,224.93407465902607,217.3943850056509,223.67745971679688,60902600
2012-11-16,226.1907708840292,233.1021555499301,225.56246318712914,229.9606170654297,78520800
2012-11-19,235.61535036660788,236.2436579675855,231.84550476074216,231.8455047607422,55801600
2012-11-20,234.98704276563026,234.98704276563026,229.9605819578093,231.8455047607422,40493400
2012-11-21,234.35874231549286,235.6153575557904,231.84551183489776,233.1021270751953,37800800
2012-11-22,235.61542084876527,236.87203642662533,233.73049748197514,236.2437286376953,45226100
2012-11-26,238.12856335222563,241.89840868234003,236.8719482421875,236.8719482421875,68460000
2012-11-27,237.50026298261255,240.64180085275294,236.87195540858448,238.12857055664062,49353600
2012-11-28,238.1285332073795,238.1285332073795,234.35868835449222,234.3586883544922,36419500
2012-11-29,236.87203642662533,238.12865200448542,235.61542084876527,236.2437286376953,24352100
2012-11-30,238.12856335222563,240.64179357230188,235.61533313214937,236.8719482421875,68632400
2012-12-03,238.75687813066872,239.3851857046968,236.87195540858448,238.12857055664062,32707000
2012-12-04,237.500279296875,237.500279296875,233.73043359374998,235.6153564453125,44518600
2012-12-05,233.73043359374998,236.87197167968748,233.1021259765625,235.6153564453125,31864500
2012-12-06,238.7568745285115,239.38518209306022,237.5002593994141,237.50025939941406,50623700
2012-12-07,238.7569377690009,241.89847642385615,237.50032230705878,240.64186096191406,50614300
2012-12-10,240.01349327872487,240.64180085275294,237.50026298261255,238.12857055664062,34866700
2012-12-11,236.24364068716844,238.12856335222563,234.9870255771303,236.8719482421875,33389700
2012-12-12,237.5002593994141,238.7568745285115,236.87195183486537,237.50025939941406,32197800
2012-12-13,240.01351928710935,244.4116727818993,240.01351928710935,240.01351928710938,74676700
2012-12-14,238.75684993783224,245.03992493619626,238.75684993783224,243.78330993652344,86922700
2012-12-17,248.80979560176027,250.0664107310621,246.92487290780753,248.18148803710938,85396600
2012-12-18,249.43817012135577,260.1194015875095,249.43817012135577,257.6061706542969,122364500
2012-12-19,270.1723043507543,274.57045814251074,267.0307659280711,273.3138427734375,168686700
2012-12-20,273.31384485418147,282.7384601939808,272.05722947554153,276.45538330078125,179173900
2012-12-21,282.7384217144692,283.99503692208907,269.54396203446066,275.19873046875,135622600
2012-12-25,282.73838881419914,283.99500387559556,279.596851160708,280.22515869140625,65778000
2012-12-26,282.73838442524186,283.99499946713183,280.8534618624069,282.1100769042969,60680500
2012-12-27,283.9950679263096,288.393221633133,282.73845258150294,283.36676025390625,90563000
2012-12-28,285.87999521780944,290.2781489903911,281.48184144522776,289.64984130859375,74918100
2013-01-04,299.70273772941147,304.72919873954834,297.81781485061015,304.10089111328125,119113900
2013-01-07,305.9857850916245,306.61409265854775,298.44609428854545,299.07440185546875,86678900
2013-01-08,294.6762598211115,295.93287500158533,287.1365687382686,290.2781066894531,117835800
2013-01-09,283.3666444953316,296.56110022571295,282.1100296638667,294.6761779785156,122409400
2013-01-10,297.8177795410156,304.10085505875855,296.561164437467,297.8177795410156,158715200
2013-01-11,302.8442734497325,304.7291963135275,299.07442772214245,300.9593505859375,102374600
2013-01-15,305.9857950467254,306.61410263409033,302.21594952253577,303.4725646972656,83801000
2013-01-16,300.95925213584,302.84417438303734,292.79125573131824,294.6761779785156,111780600
2013-01-17,297.1894764505374,297.81778401174364,289.6497857160629,295.932861328125,109902600
2013-01-18,304.10089111328125,304.72919873954834,299.70273772941147,304.10089111328125,117878500
2013-01-21,302.2159132201374,302.8442207320296,297.189453125,297.189453125,83255200
2013-01-22,297.1895259275275,303.47260258561477,294.04798759848387,296.56121826171875,115728400
2013-01-23,293.4196518207419,297.1894974544131,291.53472900390625,291.53472900390625,93744700
2013-01-24,289.64976298229385,297.81776063689216,289.0214554704017,297.189453125,79325200
2013-01-25,300.33104296467246,302.8442734497325,299.7027353434075,300.9593505859375,73610300
2013-01-28,302.8442734497325,304.1008886922625,300.9593505859375,300.9593505859375,81374400
2013-01-29,301.58769020372233,314.1538439622108,300.95938251579787,312.2689208984375,182475800
2013-01-30,314.1538343183089,316.6670649928554,310.3839883064892,316.03875732421875,110381100
2013-01-31,319.80857524029807,330.489804668756,317.92365239998196,327.3482666015625,173028100
2013-02-01,330.4897829518735,332.37470566832906,322.32178451389944,323.5783996582031,126624700
2013-02-04,324.20674473024764,334.88797469229064,322.32182179576944,333.0030517578125,140089700
2013-02-05,326.091632608267,336.14455384474536,324.2067098764273,326.7199401855469,116561100
2013-02-06,336.14452397845696,337.4011390213671,333.63129389263673,334.8879089355469,123344000
2013-02-07,334.2596646560612,343.6842792610253,333.0030493753993,338.0295104980469,156267200
2013-02-08,338.0295010151836,338.0295010151836,330.489809542726,333.63134765625,104492800
2013-02-12,339.9143749258136,344.31252765128625,338.6577598613929,341.1709899902344,114762700
2013-02-13,341.7992916715525,343.0559067144626,333.0029863711817,334.8879089355469,100468200
2013-02-14,333.63131894755315,337.4011643593899,325.46332055524016,328.6048583984375,104934400
2013-02-15,323.5784206240196,324.20672823688176,313.52549881822483,319.1802673339844,137981100
2013-02-18,324.8349885922659,337.4011390213671,324.2066810708108,334.8879089355469,125959700
2013-02-19,332.37475803103786,336.14460405785496,331.7464503599017,335.51629638671875,75299200
2013-02-20,338.6577540642772,339.2860615857323,332.3746788497266,334.8879089355469,100807800
2013-02-21,330.48978564922623,332.37470838106594,324.2067098764273,326.7199401855469,93902000
2013-02-22,319.1802697730111,323.57842309665494,315.41042406703065,322.3218078613281,158834300
2013-02-25,329.86145743382724,331.1180725097656,327.3482272819504,331.1180725097656,97212600
2013-02-26,322.32176852364074,331.74638163836704,322.32176852364074,326.09161376953125,94799300
2013-02-27,327.34827107344523,327.9765786954672,317.29534912109375,317.29534912109375,85415000
2013-02-28,322.3218078613281,325.4633459496452,321.69350024366474,322.3218078613281,78912500
2013-03-01,322.3217827120429,329.8614735357164,319.80855243748505,328.6048583984375,90604600
2013-03-04,331.7464247881356,336.1445781470692,331.11811716543076,333.63134765625,102580900
2013-03-05,336.77284035148836,339.2860705033651,330.48976497179643,331.1180725097656,108292400
2013-03-06,337.40114632009346,338.0294538551402,333.6313011098131,336.14453125,76687000
2013-03-07,338.65776296539593,338.65776296539593,330.48976497179643,331.1180725097656,95130300
2013-03-08,332.3746860397196,338.6577613901869,332.3746860397196,336.14453125,156104400
2013-03-11,341.17102168775403,357.50701904296875,339.91440650658365,357.50701904296875,223726200
2013-03-12,368.18818961099686,371.9580345558194,354.3654248133144,355.6220397949219,163336700
2013-03-13,356.2504249639096,365.04673175314196,355.6221173361073,361.2768859863281,120543200
2013-03-14,365.0466730052027,366.3032880585769,357.50698268495756,364.4183654785156,97816100
2013-03-15,366.30336602528894,367.55998134613037,361.90521240234375,361.90521240234375,96581100
2013-03-18,354.99382620643973,358.76367214845504,348.7107496364143,350.5956726074219,115502300
2013-03-19,356.8788146972656,358.7637380143286,352.48066029078524,356.8788146972656,68073900
2013-03-21,363.16178537034904,364.4184005446409,360.02024743461936,362.5334777832031,82497200
2013-03-22,358.76367442264865,360.6485974056048,353.7372131347656,353.7372131347656,71749000
2013-03-25,359.39190673828125,361.90513685533216,356.87867662123034,359.39190673828125,73854000
2013-03-26,355.6220250248485,358.76356234838954,353.1087951660156,353.1087951660156,81876000
2013-03-27,360.74359617842003,362.0160603624709,356.92620362626747,358.83489990234375,48808100
2013-03-28,358.83489990234375,359.47113199436916,349.29141852196227,358.83489990234375,86124800
2013-03-29,357.5624762641059,358.1987084282769,352.47261895073785,355.0175476074219,69981900
2013-04-01,355.0176258517387,355.0176258517387,337.8393536331062,338.4755859375,84817900
2013-04-02,330.20445761961093,349.29142048779653,327.6595292371862,346.1102600097656,139130000
2013-04-03,346.7465463345938,349.29147511503123,339.74799218839104,348.6552429199219,75868700
2013-04-04,344.8378298010381,368.3784196583045,341.0204368512111,367.7421875,156353700
2013-04-05,407.1886583607908,409.7335874755457,382.3755994919301,386.1929931640625,333044000
2013-04-08,400.8263969421387,407.188720703125,395.7365379333496,407.188720703125,202072600
2013-04-09,407.1886894030449,412.9147803477752,395.73650751358423,397.00897216796875,168003500
2013-04-10,395.10024949867307,419.9133086459328,395.10024949867307,416.7321472167969,450743808
2013-04-11,421.8218847002302,428.1842057364328,416.73202787126814,427.5479736328125,196504000
2013-04-12,425.003134468158,432.00168907766357,421.1857410447913,428.1842956542969,139515100
2013-04-15,425.00312153857936,427.54805041006784,416.73210270624173,421.82196044921875,112630000
2013-04-16,405.2798429438393,413.55086014677477,404.0073787587723,406.55230712890625,197684700
2013-04-17,412.91472151221296,422.45820506026104,411.00602480260335,417.36834716796875,144331600
2013-04-18,412.9146086287022,428.18417813115036,411.00591244089617,414.18707275390625,172756600
2013-04-19,418.6408039288795,419.27703615369546,407.18862388219287,409.0973205566406,119831200
2013-04-22,418.6407862337589,423.0944116192244,415.4596252441406,415.4596252441406,92078000
2013-04-23,413.55094613035214,414.823410579984,407.82485610700877,409.0973205566406,70252000
2013-04-24,414.18717304619474,414.82340526285554,407.1886186629257,411.0060119628906,71744600
2013-04-25,413.5509768399325,421.1857641046697,411.00604775168676,419.9132995605469,138482900
2013-04-26,423.09446092085403,423.73069319291545,416.09590592817824,419.9132995605469,91769700
2013-04-30,421.1857282313466,424.36688932070723,420.5494960134745,421.82196044921875,83863000
2013-05-01,419.9132796821244,421.1857441660096,415.4596539885261,416.09588623046875,56833700
2013-05-02,413.5509286503697,418.6407862337589,413.5509286503697,415.4596252441406,55380900
2013-05-07,426.27554659358043,426.27554659358043,422.4581536390111,425.0030822753906,74631200
2013-05-08,425.0030550570101,428.1842156487542,423.09435870196364,423.7305908203125,77095500
2013-05-09,424.36690176987065,427.5480629525533,416.7321149314322,417.36834716796875,85251900
2013-05-10,426.91183117984133,428.18429565429693,421.8219732820191,428.1842956542969,117142200
2013-05-13,432.6379159780649,463.81329521766077,432.00168374868537,463.17706298828125,270024700
2013-05-14,466.3582253469548,466.9944575779875,451.08865180217043,451.7248840332031,143104800
2013-05-15,461.90462181216384,477.1741960869461,458.7234605049175,465.7220153808594,184375800
2013-05-16,456.81471801412,462.5408077942413,444.09007405829493,449.179931640625,162934700
2013-05-17,441.5450950404576,447.90741629464287,440.9088629150391,445.36248779296875,120846900
2013-05-20,450.45228465329933,451.0885166937701,444.0899642485917,444.7261962890625,72901600
2013-05-21,442.8176067849864,446.634999946926,438.36398142939026,439.0002136230469,103885000
2013-05-22,442.81750016765017,452.99721281518237,440.9088040462379,444.7261962890625,109059800
2013-05-23,443.45377742153613,444.72624163221485,397.645065837102,403.37115478515625,190120600
2013-05-24,414.8233532675593,423.0943710474339,374.7407286420129,395.73638916015625,187425500
2013-05-27,384.92039553858655,398.9175008308988,378.5580749511719,378.5580749511719,126008400
2013-05-28,376.64950898373144,393.19154822963856,372.1958830329103,386.1929931640625,148515200
2013-05-29,397.64513021959937,399.55382684465343,386.82918267762625,390.6465759277344,105870600
2013-05-30,384.28416347984506,394.4638764197085,377.92184289243045,378.5580749511719,127826000
2013-05-31,386.19285965606946,386.82909171481094,378.5580749511719,378.5580749511719,105711500
2013-06-03,377.28572871206495,379.8306577421632,353.10890292613163,358.1987609863281,121087000
2013-06-04,360.74361960671166,388.101601340554,358.19869107333096,384.9204406738281,166296200
2013-06-05,380.4668604401109,386.1929503129554,365.8335196539528,368.3784484863281,123363100
2013-06-06,362.0160778018978,376.0131845007409,360.7436135565484,363.9247741699219,122436100
2013-06-07,357.5625464723821,371.55965683251094,351.20022358141443,362.65240478515625,134546200
2013-06-10,376.6495160914179,384.9205358704524,374.10458692863807,383.6480712890625,94853200
2013-06-11,384.9204543198997,397.6450974379129,379.19436491679375,391.28277587890625,164648400
2013-06-12,383.0118371824555,388.1016954838835,374.1045851549565,384.2843017578125,117926700
2013-06-13,374.74074296604203,376.0132072885074,363.92479622508665,367.10595703125,108332400
2013-06-14,375.37705624965554,377.2857531458402,360.74371337890625,360.74371337890625,132510800
2013-06-17,356.92623429445877,370.92334152169246,356.29000214776636,370.287109375,78221500
2013-06-18,369.01468069442194,370.92337731870344,365.197287445859,368.3784484863281,65680800
2013-06-19,376.0133019587242,380.4669282086583,373.46837267304755,377.2857666015625,92389000
2013-06-20,376.6494308419244,381.1030558687715,370.287109375,370.287109375,77785600
2013-06-21,362.0160584645729,371.5595397949219,358.8348980211232,371.5595397949219,109871400
2013-06-24,372.832044766436,377.92190203287197,367.1059553416955,367.7421875,55498100
2013-06-25,365.8335266113281,373.4683132536515,363.92482995074727,365.8335266113281,74997100
2013-06-26,372.1958126081315,374.104509083045,367.1059553416955,367.7421875,67154300
2013-06-27,372.83211916968935,374.7408160255069,367.1060286022368,374.1045837402344,71716600
2013-06-28,380.46683417426215,396.3726382785373,378.55813768174914,389.37408447265625,132545700
2013-07-01,395.73643452543087,402.7349888337584,390.6465768466472,401.4625244140625,97014300
2013-07-02,404.0073787587723,406.5523071289063,400.18998620357127,406.55230712890625,66620900
2013-07-03,407.1885311529503,412.2783877923622,404.6436028332444,409.73345947265625,75710100
2013-07-04,407.188720703125,408.46118545532227,405.91625595092773,407.188720703125,44260900
2013-07-05,411.6422441795515,413.55094082953394,407.8248508795865,411.0060119628906,68893900
2013-07-08,416.73202227649267,418.64071856172853,405.2798445650776,405.91607666015625,75115300
2013-07-09,412.2784927788131,418.0045829562966,411.00602829492783,416.09588623046875,79621900
2013-07-10,416.7320896399879,421.8219472233771,412.2784642545224,415.4596252441406,74053200
2013-07-11,411.0059998586751,416.7320896399879,410.3697676607515,415.4596252441406,63749500
2013-07-12,416.09591493096974,419.2770763601056,415.45968264514255,416.7321472167969,53529900
2013-07-16,422.45819442149735,423.0944266420117,419.2770333189259,421.18572998046875,84273200
2013-07-17,418.00456887789727,421.8219622009831,417.36833665738294,421.18572998046875,42874100
2013-07-18,423.0943841178678,427.5480092138453,422.4581519612995,425.6393127441406,332468096
2013-07-19,429.45669723193794,430.72916152003256,418.00451863908626,428.8204650878906,81987400
2013-07-22,428.1842057364328,428.82043784005305,423.0943489074707,427.5479736328125,53068700
2013-07-23,423.0944127324802,429.4567347284574,423.0944127324802,426.27557373046875,43952700
2013-07-24,426.91177875267533,427.54801091177023,423.7306179572008,425.0030822753906,29632700
2013-07-25,426.275562060621,426.275562060621,417.3683115101005,419.2770080566406,38130800
2013-07-26,408.4610216663142,409.09725378728973,397.00884348875394,399.55377197265625,96963100
2013-07-29,386.82923274253733,391.28285877740205,380.46690983558767,383.6480712890625,76937800
2013-07-30,386.8292218288177,391.9190800107759,383.0118281923491,387.4654541015625,57701300
2013-07-31,387.46531410661595,391.918938406692,382.37545776367193,382.3754577636719,52440500
2013-08-01,386.19299116210937,397.6451721191406,383.64806206054686,397.6451721191406,69952900
2013-08-02,404.0074627581132,410.3697850062725,403.3712305332973,409.0973205566406,72529200
2013-08-05,404.0073868904956,404.64361899583497,398.9175300477807,403.37115478515625,42340800
2013-08-06,400.82631381052846,404.6437072753906,395.73645585737887,404.6437072753906,42727600
2013-08-07,397.6451667748184,398.91763130849785,388.1016827722228,388.7379150390625,53512400
2013-08-08,386.1929931640625,397.008941901771,385.55676088537376,386.1929931640625,62386200
2013-08-09,391.2828477380311,392.5553122835206,386.192989556073,387.4654541015625,37929800
2013-08-12,384.92041502284053,386.82911129568106,381.10302247715947,383.01171875,44643600
2013-08-13,386.192989556073,390.01038319254155,384.28429273783865,387.4654541015625,36204500
2013-08-14,391.28278096516925,392.5552452935113,384.2842271592882,389.37408447265625,50322000
2013-08-15,386.1929049405185,387.4653692072088,383.0117442737926,384.9204406738281,39266700
2013-08-16,379.8305969238281,381.73929339078205,377.2856683012229,379.8305969238281,46637400
2013-08-19,379.8305969238281,382.3755255464334,377.2856683012229,379.8305969238281,36153700
2013-08-20,377.9219774518694,383.01183573404944,372.83211916968935,374.1045837402344,50775300
2013-08-21,372.8321228027344,375.37705196862333,369.65096134537316,372.8321228027344,41262100
2013-08-22,373.46835145496186,376.64951288132437,370.9234223138718,374.1045837402344,37044300
2013-08-23,380.4667903862126,386.1928792047342,378.5580941133721,383.01171875,50994200
2013-08-26,384.28424938373854,384.920481584705,379.83062397697336,381.10308837890625,21886200
2013-08-27,380.4668920120137,383.648053316462,378.55819522934473,379.1944274902344,27536600
2013-08-28,369.0146114401621,372.8320039723018,366.46968308540244,371.5595397949219,46817700
2013-08-29,369.6508772283076,372.83203796176974,369.01464508161513,370.287109375,31949400
2013-08-30,372.83211029900446,377.921968460083,366.46978759765625,366.46978759765625,57472100
2013-09-02,367.7421875,369.01465181660905,365.8334910250865,367.7421875,35988700
2013-09-03,374.1045798689765,389.37415455750613,374.1045798689765,386.1929931640625,90871000
2013-09-04,383.6480114844537,396.37265531478386,379.8306183353547,394.4639587402344,64355800
2013-09-05,396.3726895526775,397.00892179915047,390.01036708794754,393.1915283203125,46071000
2013-09-06,392.5552435870272,394.46394007124286,388.10161845719057,390.01031494140625,38576400
2013-09-09,400.82633714997365,400.82633714997365,394.4640143380693,396.3727111816406,49741400
2013-09-10,400.1900833250031,409.09733478215736,398.9176188311239,404.0074768066406,72805800
2013-09-11,407.8248756988139,408.46110795419423,399.5538563788691,402.0987854003906,41749300
2013-09-12,400.1900886342495,402.0987854003906,398.2813918681084,402.0987854003906,21730500
2013-09-13,400.1900599943666,407.18861430269413,399.5538277845186,401.4625244140625,59569900
2013-09-17,403.3712210436064,405.27991767315024,400.1900599943666,401.4625244140625,31818200
2013-09-18,402.73503012969115,412.91474653107355,400.82633330443196,408.46112060546875,68473400
2013-09-19,413.5509286503697,416.0958574420643,408.46107106698054,415.4596252441406,67112600
2013-09-20,418.0045829562966,421.1857441660096,414.1871895046409,416.09588623046875,71638900
2013-09-24,411.64214768137884,414.82330801894744,409.73345147883765,412.91461181640625,39309200
2013-09-25,411.6422640560595,415.4596575403506,410.3697995612958,414.82342529296875,45366900
2013-09-26,413.53707507193366,419.96844482421875,410.3213901957911,419.96844482421875,50653000
2013-09-27,419.96843899555085,421.8978498944585,412.25079539992055,414.1802062988281,51798300
2013-09-30,405.819435131797,407.1057090941799,402.6037502258398,403.24688720703125,41874600
2013-10-01,404.533241796875,406.46265312500003,401.31755625,401.960693359375,38892100
2013-10-02,401.96062682510967,404.5331748367904,394.88611979298776,396.1723937988281,46528400
2013-10-03,397.45866780466844,400.0312158163492,396.1723937988281,396.1723937988281,37751200
2013-10-04,392.9566650390625,395.5292127643591,389.74098038244165,392.9566650390625,43935700
2013-10-07,398.7450183206354,401.96070395225337,389.0979614257813,389.09796142578125,58004700
2013-10-08,389.09786230629106,392.95668408122947,384.5959035688629,391.67041015625,62562700
2013-10-09,387.8116163149524,400.6743564912361,385.2390682796957,400.0312194824219,51928300
2013-10-10,398.7449854852305,402.60380792541014,395.5293001184141,399.38812255859375,45521500
2013-10-11,405.1763944805793,410.32149155334855,404.53325734648314,409.03521728515625,68734500
2013-10-15,410.96456562060314,411.60770265600314,405.81946933740306,407.1057434082031,36091300
2013-10-16,405.81946759905134,407.7488786969866,403.8900565011161,405.17633056640625,22541800
2013-10-17,411.6076947605966,414.1802428528503,407.1057355991525,409.67828369140625,37871200
2013-10-18,414.8233701891286,415.46650719717377,409.6782741247673,410.3214111328125,38412700
2013-10-21,412.25082032211185,414.18023133765996,408.3919982910156,408.3919982910156,25213600
2013-10-22,409.67829501013244,411.6077061326291,409.0351579693002,410.9645690917969,24450100
2013-10-23,412.89389130269404,414.823302009716,403.889974669925,404.5331115722656,36739200
2013-10-24,402.6037502258398,403.89002418822264,397.4586543763083,403.24688720703125,40832300
2013-10-25,402.60380462398376,402.60380462398376,395.52929687500006,395.529296875,40424100
2013-10-28,400.0311532558811,405.17624847460627,398.1017425488592,404.5331115722656,40225800
2013-10-29,401.31749350005026,403.2469045264928,399.3880824736077,400.0312194824219,32122600
2013-10-30,404.5331115722656,407.10565918162825,403.24683776758434,404.5331115722656,44791700
2013-10-31,403.8900300056704,406.46257796748995,398.74493408203125,398.74493408203125,42262000
2013-11-01,403.24686010227794,403.24686010227794,395.5292168467319,396.81549072265625,32020600
2013-11-05,399.38811928353664,400.03125635162604,394.24302273882114,395.529296875,32329600
2013-11-06,394.24299409242894,398.74495324193464,394.24299409242894,397.45867919921875,35270200
2013-11-07,398.7449418105088,399.388078813429,393.5998457871474,396.1723937988281,33522800
2013-11-08,391.6704502607647,394.2429983741359,389.7410391757363,391.0273132324219,39575400
2013-11-11,395.5292243397449,396.8154982400368,392.3135395890153,394.2429504394531,31868300
2013-11-12,394.88617567360967,402.6038208007812,394.88617567360967,402.60382080078125,62898500
2013-11-13,407.10572428065024,409.678272301381,403.89003925473673,408.3919982910156,66336100
2013-11-14,414.8234558105468,417.396004373713,410.9646329657976,414.8234558105469,86886800
2013-11-15,419.32532109315633,424.47041705748956,416.7527731109897,423.18414306640625,135477200
2013-11-18,427.68613631466786,430.25868450302676,423.8273140321295,427.0429992675781,104385900
2013-11-19,425.75669104857286,426.3998280441145,421.25473207978126,423.18414306640625,44671600
2013-11-20,425.7566776012754,425.7566776012754,418.6821708737617,419.96844482421875,34877600
2013-11-21,422.54094724900426,427.04290559107886,421.25467343698296,425.1134948730469,65065600
2013-11-22,429.6155946312881,430.25873174899965,420.611674983327,421.89794921875,80915500
2013-11-25,425.1135349158085,427.6860827821674,422.5409870494496,424.47039794921875,57235300
2013-11-26,423.82729324640013,427.04297832414215,421.2547451842065,426.39984130859375,53658400
2013-11-27,423.82722631798606,425.1135001459617,419.968404834059,420.6115417480469,38522200
2013-11-28,424.4704074888562,425.1135444698999,421.8978595646813,423.8272705078125,32377400
2013-11-29,422.540996545725,423.8272705078125,421.2547225836376,423.8272705078125,41539400
2013-12-02,424.47035796703625,428.97231630911085,423.82722106102557,425.1134948730469,59922200
2013-12-03,427.04297832414215,433.4743484796262,424.47043026194854,426.39984130859375,103571800
2013-12-04,421.25473611148783,423.82728411827554,416.1096400979124,416.7527770996094,78799100
2013-12-05,415.46655112069277,419.3253735769221,412.25086574050164,413.5371398925781,51415000
2013-12-06,414.18027696861634,414.82341404465456,409.6783174363488,413.5371398925781,50593700
2013-12-09,418.68216895470255,421.2547168438251,416.7527580378606,418.0390319824219,51703700
2013-12-10,417.39588550854756,419.96843333910874,414.18020072034614,418.6821594238281,43682500
2013-12-11,416.1096171977357,416.75275416403827,410.9645214673155,414.1802062988281,46474100
2013-12-12,411.6078393135725,413.5372510603549,409.0352903178627,412.2509765625,47381000
2013-12-13,412.25082032211185,414.18023133765996,405.81945027028485,408.3919982910156,116664200
2013-12-16,405.81951904296875,408.3920674996595,405.17638192879605,405.81951904296875,40593300
2013-12-17,408.39201747900313,409.67829154980313,405.81946933740306,407.1057434082031,39027700
2013-12-18,406.4625460443952,417.39587402343744,406.4625460443952,417.3958740234375,73375300
2013-12-19,425.7566718823982,427.0429458155777,421.89785008285986,424.47039794921875,85165300
2013-12-20,422.5409524900104,424.4703632319739,420.6115417480469,420.6115417480469,65403000
2013-12-24,423.1840894039982,424.4703632319739,419.968404834059,420.6115417480469,65796400
2013-12-25,419.968404834059,421.2546786620347,418.0389940920955,420.6115417480469,53230400
2013-12-26,423.18406971473865,432.83112297571296,422.54093283067374,430.2585754394531,98365400
2013-12-27,434.76070197822423,436.04697624443196,428.97246778028926,435.4038391113281,82753100
2013-12-30,437.9763158089146,447.6233712232078,436.0469047260559,446.33709716796875,103660200
2014-01-06,443.1214277528813,448.266524156398,436.0469201980457,441.1920166015625,110446400
2014-01-07,437.97638764374364,440.54893617615915,433.47442771201645,435.4038391113281,66256600
2014-01-08,438.61950180847515,445.0508728027343,435.40381631134557,445.0508728027344,74365900
2014-01-09,443.76461348344577,444.4077506044363,436.04696803155974,437.97637939453125,81207800
2014-01-10,437.9763313493645,443.1214277528813,436.6900572484853,441.1920166015625,73362300
2014-01-14,429.61551859568266,431.5449296073399,427.68610758402536,428.9723815917969,86418200
2014-01-15,434.1175231933594,436.6900714789497,430.90183783637156,434.1175231933594,68406900
2014-01-16,438.6195331363763,439.9058074270988,432.831298828125,432.831298828125,56814100
2014-01-17,434.7605915322395,438.619413350573,432.8311806230727,436.69000244140625,44796600
2014-01-20,439.2626100348298,439.9057470919818,434.11751357761364,434.7606506347656,36161400
2014-01-21,434.7606990717562,436.69011045816933,431.5450134277344,431.5450134277344,39174700
2014-01-22,432.8311806230727,439.26255032029525,432.1880436533505,436.69000244140625,71840700
2014-01-23,438.6195331363763,443.76463029926634,432.831298828125,432.831298828125,92907600
2014-01-24,427.0429458155777,428.3292197487571,423.82726098262907,424.47039794921875,88354100
2014-01-27,411.6076947605966,413.53710582978687,408.3920096452794,409.67828369140625,97730600
2014-01-28,412.25082032211185,412.8939573272946,408.3919982910156,408.3919982910156,67536800
2014-01-29,412.89394748430306,420.61159136251433,412.25081049445214,419.3253173828125,59368200
2014-01-30,410.32142682756694,411.6077008928571,401.96064540318076,405.17633056640625,119236400
2014-01-31,410.96457012047927,411.6077071629213,400.67437744140625,400.67437744140625,61488700
2014-02-03,400.67431585321316,403.2468636275516,388.4547139251055,390.3841247558594,80280800
2014-02-04,377.52142151087935,385.2390655622091,374.94887349376944,375.5920104980469,133303600
2014-02-05,382.66652305049803,384.59593409108874,375.59201590166526,381.3802490234375,89639000
2014-02-06,380.0940328204855,381.38030704322824,376.8783472636286,377.521484375,48956200
2014-02-07,384.5959697736062,388.45479221280624,380.0940102612061,387.16851806640625,67658500
2014-02-10,392.3135951970587,392.95673223836536,385.2390877426855,388.45477294921875,53730300
2014-02-12,396.81548662700743,399.3880343523041,392.3135281077383,392.9566650390625,57503600
2014-02-13,394.2430063209787,395.529280403592,387.1684988666055,388.45477294921875,43324900
2014-02-14,388.45471335990374,391.02726113049914,378.16452227752217,380.09393310546875,66310800
2014-02-17,380.7371137990247,383.95279888178675,373.66260661694827,383.3096618652344,53332300
2014-02-18,385.8822563585762,406.46264336436695,385.2391192646453,402.60382080078125,125513200
2014-02-19,399.38812255859375,402.60380792541014,396.17243719177736,399.38812255859375,66249500
2014-02-20,397.45876391965953,398.1019010781056,386.52543222607665,387.81170654296875,69119300
2014-02-21,391.02725424509,394.2429389017108,387.8115695884692,392.9566650390625,56734000
2014-02-24,391.67052949364506,396.8156267612135,384.5960207507385,387.81170654296875,68046200
2014-02-25,390.38420033028456,396.8155710111789,389.0979261941057,395.529296875,63876100
2014-02-26,391.0273018512789,393.59984988977413,389.0978908224074,389.74102783203125,53187000
2014-02-27,387.8116209811012,389.7410320307584,382.66652484868195,383.3096618652344,69692800
2014-02-28,382.02344415459964,383.9528554887138,376.2352101522572,377.521484375,73923700
2014-03-03,372.37634791160116,379.45085538487854,368.51752565344987,378.1645812988281,76073800
2014-03-04,374.3057478035676,380.0939810170249,373.0194737561327,376.8782958984375,59123900
2014-03-05,380.73711804074236,383.30966613561225,376.8782958984375,376.8782958984375,59391000
2014-03-06,377.5214619684061,388.45479221280624,377.5214619684061,387.16851806640625,78039600
2014-03-07,391.6704775788063,392.3136146520063,385.2391068468062,387.16851806640625,68191300
2014-03-10,385.23907470703125,388.4547598047527,383.3096636483984,385.23907470703125,45311900
2014-03-11,385.88226318359375,389.74108581542964,384.59598897298173,385.88226318359375,46921400
2014-03-12,382.02344415459964,382.666581265971,376.2352101522572,377.521484375,56775900
2014-03-13,376.2351360517679,378.1645470058795,374.30572509765625,374.30572509765625,36375700
2014-03-14,364.6586878159467,366.5880988625919,360.15672870710785,360.79986572265625,140151300
2014-03-17,359.51359169155944,362.72927676930146,355.654769598269,360.79986572265625,68879400
2014-03-18,365.9450434648927,367.8744549418605,358.87053471601075,359.513671875,63309600
2014-03-19,361.44308335196786,368.51759210084975,357.58426039803226,359.513671875,88854200
2014-03-20,360.15681340144226,364.6587735689603,350.50975589961797,351.15289306640625,110196700
2014-03-24,351.7959950480825,355.011680560405,341.5058014086505,345.3646240234375,138036800
2014-03-25,340.2195192573251,347.9371643066406,333.78814838289554,347.9371643066406,140472000
2014-03-26,349.8665562413674,352.4391044490245,344.0783227741389,349.2234191894531,104157400
2014-03-27,350.53138718807764,355.10922246851896,343.99162250173293,353.80126953125,91279900
2014-03-28,353.80120965081295,364.91880773595864,353.1472332928632,362.9568786621094,78938900
2014-03-31,367.5347746457162,372.1126099171041,365.5728452436928,370.8046569824219,94141800
2014-04-01,376.03648414074536,376.03648414074536,370.15069569332496,371.4586486816406,64018600
2014-04-02,375.38243142557883,383.8841241233707,374.72845506421027,378.6523132324219,99487400
2014-04-03,379.9602507492591,383.2301324252424,377.9983217436691,379.3062744140625,55696800
2014-04-04,377.9983825683594,380.6142883300781,376.6904296875,380.6142883300781,36496200
2014-04-07,376.03649950614084,377.3444525479013,372.1126403808594,372.1126403808594,51433800
2014-04-08,366.2266841327845,369.49656524111293,362.95680302445606,364.9187316894531,58639900
2014-04-09,358.37899678923543,360.99490187528824,349.8773052595638,354.45513916015625,87499000
2014-04-10,360.3409256037751,361.64887814680145,353.80116288864303,354.45513916015625,54149600
2014-04-11,343.33763122558594,353.80125427246094,342.02967834472656,346.6075134277344,105070500
2014-04-14,346.6074983678494,357.07112096008643,345.9535219558346,351.1853332519531,76080000
2014-04-15,355.76318359375,360.9949951171875,354.4552307128906,357.0711364746094,64244800
2014-04-16,360.99490582900836,372.11250256649595,359.6869532716569,370.15057373046875,80695200
2014-04-17,370.1506805689989,372.76658643874447,365.57284529694414,369.4967041015625,69249400
2014-04-18,374.7284076811989,374.7284076811989,367.5346686157658,370.15057373046875,40597700
2014-04-21,372.11257912810896,374.07450836780026,366.2267914090352,366.8807678222656,43982100
2014-04-22,368.18870460900075,368.18870460900075,357.7250824531499,358.3790588378906,45469800
2014-04-23,362.30288783171846,367.5346984863281,362.30288783171846,367.5346984863281,46914700
2014-04-24,366.22674494443817,367.53469760495403,360.9949343023748,362.3028869628906,44389600
2014-04-25,362.9568320534446,364.91876087535513,359.0329744096236,359.68695068359375,53667800
2014-04-28,355.10919189453125,356.4171447191888,351.8393098328873,355.10919189453125,44388800
2014-04-30,359.68694933226186,359.68694933226186,353.80116288864303,354.45513916015625,48338500
2014-05-01,357.72505265108515,364.2648159536644,355.7631236603114,362.3028869628906,82723000
2014-05-02,361.64888210768413,370.80455000914446,361.64888210768413,370.15057373046875,63747100
2014-05-07,365.57279907003806,366.22677545477876,357.0711060684093,358.3790588378906,83885000
2014-05-08,360.3409733934933,367.5347133341983,359.68699703524743,364.26483154296875,61204200
2014-05-09,360.99498010319184,370.1506498884177,360.99498010319184,366.8807678222656,49685100
2014-05-12,366.8807982856385,372.7665864934295,366.22682181810615,368.1887512207031,41067300
2014-05-13,375.38244650025683,379.30630482604346,374.7284701126257,377.99835205078125,59444700
2014-05-14,376.6904296875,377.3444061279297,371.4586181640625,375.3824768066406,55430400
2014-05-15,377.9983217436691,379.30627441406244,370.15060572130926,379.3062744140625,68761800
2014-05-16,370.15068062330016,371.4586335583648,363.6109159479768,368.1887512207031,87958500
2014-05-19,366.2267911886867,366.88076760152364,359.03305064748037,361.6489562988281,69144100
2014-05-20,361.64892527913264,362.9568779926196,356.417114425185,357.7250671386719,54765400
2014-05-21,355.10916187724126,361.64892544772454,354.45518552019297,359.03302001953125,64135600
2014-05-22,361.64892610998515,368.84266605069007,358.37904431875563,364.26483154296875,89294700
2014-05-23,366.8807830810547,376.0364532470703,366.226806640625,372.7665710449219,84342200
2014-05-26,381.2682186778963,383.2301477620021,377.99833687105325,378.6523132324219,55743500
2014-05-27,379.3063507873429,383.2302095885913,376.690444919844,377.34442138671875,49480600
2014-05-28,379.3063200040221,380.6142728316222,374.0745086936218,374.7284851074219,62292600
2014-05-29,373.4205625854704,378.6523743204682,372.7665861185956,377.34442138671875,44924400
2014-05-30,378.6523435902221,380.6142728316222,374.7284851074218,374.7284851074219,58977300
2014-06-02,377.99833718458535,382.5761717179627,377.99833718458535,381.2682189941406,47433400
2014-06-03,385.84602420069587,391.0778346983324,383.2301189518776,389.11590576171875,93064600
2014-06-04,392.38581825141335,393.0397946151657,387.80798370514685,390.42388916015625,52645200
2014-06-05,390.4238583861279,391.731811010537,388.4619294495142,389.11590576171875,40685900
2014-06-06,391.077941792806,393.6938477579753,391.077941792806,392.3858947753906,49870800
2014-06-09,395.0016925715599,395.6556688837644,388.4619294495142,389.11590576171875,44736300
2014-06-10,393.69378662109375,397.61764495950996,392.38583384162166,393.69378662109375,81933700
2014-06-11,395.6556709152197,399.57952880859375,394.347718284095,399.57952880859375,56660300
2014-06-12,396.96365430637155,405.46534706746354,396.96365430637155,403.50341796875,108618600
2014-06-13,399.5795749306293,405.46536245006575,398.27162214853234,404.15740966796875,85403000
2014-06-16,403.50343307843036,406.7733150320643,399.5795747340696,401.54150390625,52951300
2014-06-17,400.8874504703215,403.5033555304867,396.3096166150323,398.27154541015625,56346200
2014-06-18,400.2335664567346,406.11935419874544,399.5795900409556,404.8114013671875,72163400
2014-06-19,406.1192798313659,415.2749479757123,404.15735094329165,414.6209716796875,87460600
2014-06-20,418.54486064851096,419.85281333803755,412.65907354564126,417.2369079589844,82139800
2014-06-23,418.54482945583595,419.19880575186073,413.31301908763805,414.6209716796875,44958200
2014-06-24,410.6971435546875,412.65907258440734,407.42726183848777,410.6971435546875,57631900
2014-06-25,408.73521393901666,411.3511193082264,406.7732849121094,406.7732849121094,44496300
2014-06-26,408.73521393901666,410.69714296592394,406.7732849121094,406.7732849121094,48707200
2014-06-27,406.77331523216276,408.7352444053082,400.8875277127263,404.15740966796875,49386900
2014-06-30,403.50341826360585,406.77330009718446,400.8875127967429,406.11932373046875,48465200
2014-07-01,407.4271863685693,413.3129723674732,405.465257702268,411.3510437011719,73533200
2014-07-02,415.92897026482535,417.2369230015072,413.31306479146167,415.2749938964844,47267300
2014-07-03,416.58285347797533,416.58285347797533,410.043091256971,411.3510437011719,45314300
2014-07-04,415.27503967285156,415.92901611328125,410.69720458984375,412.0051574707031,38772000
2014-07-07,410.04321284179684,412.00514208984373,408.08128359374996,408.7352600097656,28875800
2014-07-08,406.77333076171874,410.69718925781245,404.15742509765624,408.7352600097656,56211400
2014-07-09,403.5034331779976,406.1193387415502,401.5415040053331,402.8494567871094,56667300
2014-07-10,402.1955263752583,402.8495028409091,393.0398558561467,395.65576171875,80247400
2014-07-11,390.4238893129989,392.385818405024,387.8079838569654,391.7318420410156,79811600
2014-07-14,391.7319182840983,393.6938477579753,388.4620358276367,392.3858947753906,63229600
2014-07-15,395.0017396026712,400.23355072323636,394.34776321260057,396.3096923828125,69409800
2014-07-16,395.65576171875,400.2335969783058,393.6938323217975,395.65576171875,48247300
2014-07-17,397.61764506156874,398.92559784137654,393.0398103322415,395.0017395019531,37089400
2014-07-18,391.07785034179693,391.73182668016113,389.11592132670427,391.0778503417969,38874300
2014-07-22,389.76988740739216,390.9470368023588,387.1539821227788,388.7235412597656,45462100
2014-07-23,389.11591321757186,390.35848420078804,387.2193659096203,388.13494873046875,30756100
2014-07-24,386.49999496172035,389.37750666031025,385.8460186589087,388.2003173828125,45609700
2014-07-25,384.6034736935809,391.4048436684075,384.6034736935809,389.3775329589844,50118100
2014-07-28,387.67727544140706,397.81391156333694,387.6118937552312,396.83294677734375,55942600
2014-07-29,396.30971255246345,397.0944922435987,394.0861767468389,395.5249328613281,31474000
2014-07-30,394.34779357910156,401.149164525792,394.34779357910156,398.9256286621094,43915600
2014-07-31,405.46537226390274,408.34288442038354,402.45709675848815,402.5878601074219,70732100
2014-08-01,399.77577229802245,406.9695128232841,397.6830397984722,404.3536071777344,53906300
2014-08-04,401.47615821785246,402.1301346671954,395.65575185247843,395.9173583984375,49345600
2014-08-05,395.9826984735113,398.33699747757123,391.7972336712374,392.7781982421875,39145500
2014-08-06,391.20868093088455,391.47024753518014,383.23016106217955,385.3882751464844,52865700
2014-08-07,385.1920800980026,387.28481245515945,379.43709605248364,387.2193908691406,53359600
2014-08-08,381.6606996147494,382.5109010644279,373.42061102936265,374.5323791503906,77738100
2014-08-11,380.61425562975734,383.09935790677275,378.91393299694437,381.2028503417969,38933200
2014-08-12,384.0150145097918,388.3312435079351,383.8842112247296,385.3229675292969,31682100
2014-08-13,383.0993908206001,388.7889938354492,382.64159932918847,387.154052734375,25528100
2014-08-14,389.1159230654448,389.573714487455,385.84604135901253,387.87335205078125,26667500
2014-08-15,386.499982173465,386.56536383536456,383.4262856688413,385.12664794921875,31883700
2014-08-18,386.04225426943873,386.95783717984614,384.34193162502623,385.8460693359375,22118700
2014-08-19,388.2003404493277,388.7235534551026,386.107648088421,386.3038330078125,30211500
2014-08-20,387.48107656580066,388.85441125069684,383.81882412903906,385.71533203125,40756400
2014-08-21,386.8269793753298,395.39405289316375,386.56537289051465,393.56292724609375,55945200
2014-08-22,398.53322787136085,398.598609544114,393.0398102313577,393.69378662109375,44264800
2014-08-25,395.85188328800405,397.5522457757525,393.6937692800439,394.93634033203125,21751100
2014-08-26,394.2169952805036,396.0481213536935,390.42393986127723,390.9471130371094,32683800
2014-08-27,390.55473598074803,394.87096449675084,389.9007595440474,391.66650390625,24634800
2014-08-28,392.32041899353817,393.3667651624144,388.9197340713687,390.3584899902344,34297500
2014-08-29,388.5274127039139,393.3668546458293,388.39664933971903,391.208740234375,37220200
2014-09-01,392.3858947753906,393.497662793699,390.81633523006616,392.3858947753906,20900100
2014-09-02,392.3858367454973,398.27162429667976,391.79724202415844,396.7674865722656,42253300
2014-09-03,400.8875476861987,404.28823307219386,400.233571262567,402.064697265625,46834000
2014-09-04,402.1301959979658,402.78417254704976,398.5333249780039,399.8412780761719,31371100
2014-09-05,402.1301551398679,402.19553682190895,395.98276023685503,396.4405517578125,28354600
2014-09-08,398.9910004820727,399.57959523013875,396.3097131087792,399.1872253417969,27039900
2014-09-09,401.99929495953734,402.06467663232394,396.3096923828125,396.3096923828125,37092800
2014-09-10,393.6938047365563,399.12180103801944,393.62842306079466,398.72943115234375,33700500
2014-09-11,402.19550549957756,405.2037811192066,401.14915917506846,404.5498046875,52564900
2014-09-12,404.5497623286627,408.01586898622827,404.0265892211876,406.7079162597656,70778700
2014-09-16,405.46532605148604,405.46532605148604,401.01829497467605,401.933837890625,39761800
2014-09-17,400.95292703042776,403.50345103397876,398.59862788526755,398.72943115234375,31643500
2014-09-18,403.8304622312554,407.8851242481054,403.24186745368416,406.25018310546875,52197700
2014-09-19,411.0241596366638,414.5556480961825,410.37018324901595,411.5473327636719,64888400
2014-09-22,412.5282906149804,417.56391670082553,411.351141119529,416.1905822753906,56513200
2014-09-24,411.74344924195253,413.2476266159045,408.93135922570445,412.5282287597656,43660000
2014-09-25,417.2370043433412,418.4141540527344,414.49029507771866,418.4141540527344,55089600
2014-09-26,412.4442033404063,416.55671402813766,412.24521937657255,414.699462890625,44623500
2014-09-29,417.2200721031816,417.2200721031816,411.4492935335216,412.31158447265625,34968000
2014-09-30,411.44924906421585,412.1125559434053,401.6323153492196,411.3829345703125,61737900
2014-10-01,410.71969819592556,415.2301776516822,408.8624467123841,411.2503356933594,46214000
2014-10-02,402.22942304750717,404.2856587684701,396.3922884491918,397.7189025878906,63286900
2014-10-03,398.6475448028856,403.15802473359537,397.85156823039557,399.2445373535156,52175800
2014-10-06,404.0203554723646,412.11271053100717,403.8877264348074,406.673583984375,50798600
2014-10-07,405.94395431768703,412.17905739175126,404.6173400878906,404.6173400878906,44571600
2014-10-08,399.90780345282826,402.9589994356062,398.0505114789153,401.6986999511719,43701100
2014-10-09,402.69369045311095,405.2806041202385,398.64753367637206,399.0455017089844,37151600
2014-10-10,389.09592430550646,391.48385412977717,388.0346491514208,390.9532165527344,62870700
2014-10-14,384.71808185983224,386.6416884631509,380.4065861148514,382.9934997558594,63376600
2014-10-15,386.37634230407406,386.37634230407406,379.4779330457418,383.7894287109375,43926800
2014-10-16,374.768469946725,374.83478445535127,368.2017141908074,371.4519348144531,70870200
2014-10-17,370.8550104775657,371.91632620604224,362.29837255421245,365.48223876953125,67991700
2014-10-20,375.43177470409614,382.3964984397728,373.1765146337627,378.350341796875,59442900
2014-10-21,382.13118041165853,385.3150866821968,373.6408581553398,375.9624328613281,45009900
2014-10-22,381.40152776935787,385.18238579382,379.477921261372,383.32513427734375,42686000
2014-10-23,382.9935039747603,387.3713142777148,378.81463720324564,384.0547790527344,34472100
2014-10-24,391.3511474284702,392.01445445801,386.24367520400426,386.8406677246094,37045700
2014-10-27,388.96326872446815,390.48886683622374,386.2436855395525,389.42755126953125,25798100
2014-10-28,388.4989838029495,392.47882647707553,387.76932168832775,391.3511962890625,29928600
2014-10-29,395.33097133732,398.8464903344178,394.20334134220093,397.3208923339844,43958600
2014-10-30,398.3822519386395,403.2907409667969,397.58631575898585,403.2907409667969,75231500
2014-10-31,407.2704570830274,421.86320961694696,404.35189038222654,419.3426513671875,114796500
2014-11-04,435.7927882816329,436.45609541752583,422.261306515396,423.4552917480469,155479200
2014-11-05,423.52156041722924,423.8532139492709,417.22014330843723,422.1949462890625,89837800
2014-11-06,423.8532415225771,424.51654862981115,412.5770206995977,413.70465087890625,72233600
2014-11-07,416.2251817070499,419.60803153168473,414.23526051960584,416.88848876953125,48137700
2014-11-10,414.5670011007418,418.48052978515625,412.84241857018617,418.48052978515625,32242200
2014-11-11,419.2101610503009,422.7256812026032,417.22023939974565,421.0010986328125,43494700
2014-11-12,423.78687240111475,425.7767934664165,419.93965928682655,420.60296630859375,54885100
2014-11-13,421.13356837741316,426.6390075683594,420.1386080241684,426.6390075683594,52287900
2014-11-14,430.95062042128706,431.08328993505097,421.86330527665075,427.8993835449219,61657800
2014-11-17,441.0991042373032,445.07894577929386,435.9253183297236,437.1192626953125,156920400
2014-11-18,443.0228121179399,447.40062262417086,440.43589832831645,444.34942626953125,95287100
2014-11-19,446.6710243037834,449.72222081737266,443.5534727881273,445.0790710449219,62535600
2014-11-20,447.73223594212936,449.45681799025783,444.28303136082496,444.5483703613281,47161100
2014-11-21,444.6147479706662,445.9413621913664,439.3082910878653,445.0790710449219,54133800
2014-11-25,450.38550203815265,453.70203739925836,449.3242269166192,451.3804626464844,70734700
2014-11-26,452.3753673732698,453.171343858619,449.05883242185286,450.18646240234375,42290800
2014-11-27,448.1301118723682,452.04363865784575,444.61459350585943,444.6145935058594,43598400
2014-11-28,445.74233810523197,455.2939758300781,445.14534556553554,455.2939758300781,70543400
2014-12-01,454.43166388268924,457.9472237913937,453.30407423580044,457.681884765625,48474700
2014-12-02,455.4929148472353,457.9471587895565,454.5642688739098,456.753173828125,48912300
2014-12-03,457.6819248956107,458.8758696461535,455.75831800275216,457.54925537109375,65635600
2014-12-04,459.6718135662107,461.5954203220525,456.355278114795,457.0185852050781,60694800
2014-12-05,457.0184952982175,462.9882579363654,455.5592118896614,462.2586364746094,52121400
2014-12-08,463.6515913902692,464.51388239026613,459.4064104109893,461.2637023925781,53161700
2014-12-09,459.6718181099971,463.25369262695307,458.41151843198054,463.2536926269531,47756100
2014-12-10,457.6819105940845,459.6055174268347,449.92120923047844,451.3141784667969,73030700
2014-12-11,443.75243389072705,448.85990647347506,439.9052609465321,444.4157409667969,63764800
2014-12-12,441.2317766899866,453.03863191371636,441.16542170614827,445.01263427734375,97743600
2014-12-15,440.90020980372026,446.604634311788,438.8439336317052,441.4971618652344,51974200
2014-12-16,436.25713936557423,437.5837537224803,430.1547052267949,430.55267333984375,66993500
2014-12-17,426.9707927983921,435.7264547062745,426.1748161731204,426.5064697265625,65568200
2014-12-18,439.10935178202146,443.0891948495322,430.0883903563533,430.4200439453125,80224500
2014-12-19,444.2829775687538,449.7221025401416,441.0991123734427,448.66082763671875,65608500
2014-12-22,451.64572097922667,452.44165693565094,441.76243117484114,444.2829895019531,43324200
2014-12-24,451.71202334784135,452.3753302837412,447.73218173244186,448.66082763671875,35933700
2014-12-25,447.73217648866546,448.06382995273117,443.3543669570153,445.01263427734375,28497200
2014-12-26,445.0791072547789,447.3343678074695,443.4208393439936,446.53839111328125,24129500
2014-12-29,449.3242042816701,449.72217231093464,440.23688975300877,443.2880859375,32292700
2014-12-30,443.35446137205,444.74739002374173,439.9715710271478,440.7675476074219,27127600
2015-01-05,436.7214049984235,437.3847120895602,429.02701845020664,434.2008056640625,40858100
2015-01-06,423.85315596042,425.179769907088,419.873314120416,420.53662109375,59788000
2015-01-07,416.5568308735443,418.41408253202144,411.4493584489447,413.3066101074219,58569700
2015-01-08,419.21009039354686,419.74072798057875,415.5619013157549,415.9598693847656,38345000
2015-01-09,418.01611000681805,419.7406921386719,413.83728369882664,419.7406921386719,53702100
2015-01-13,412.5769156843483,418.8120170993185,408.00008161537625,417.68438720703125,44907700
2015-01-14,413.372948499432,416.29147513550623,408.79611380609197,409.1941223144531,39947100
2015-01-15,408.92877817044257,411.7809902618076,405.61224306768145,410.4543762207031,47218400
2015-01-16,401.96414385709016,407.73492431640625,400.6375295209281,407.73492431640625,52009300
2015-01-19,409.19413091805956,409.9237524711569,401.83139845157734,403.8213195800781,38886900
2015-01-20,408.0664937220097,414.69956403450965,405.54593510026933,414.56689453125,49910700
2015-01-21,415.03120548172274,416.49048900504886,409.6583943938011,411.6483154296875,38087400
2015-01-22,410.4544675115157,410.7198065727708,404.9490261134547,407.73492431640625,43069900
2015-01-23,413.2402321925619,416.0924439967218,410.7859883666407,412.7095947265625,47743600
2015-01-26,407.93384826211536,413.04132080078125,405.9439270510806,413.04132080078125,39829800
2015-01-27,417.88345684217126,426.50644880875575,416.68951220534666,426.373779296875,61072800
2015-01-28,421.92965717205027,425.7105159815069,420.8683819380174,424.5828857421875,49100700
2015-01-29,419.6079764411246,422.79188231105854,417.55174101141677,418.4140319824219,41421800
2015-01-30,421.3326949963061,424.51656110760223,419.40908813476557,419.4090881347656,53589100
2015-02-02,413.5056194752693,415.42918557486536,409.5257772877693,414.56689453125,41488600
2015-02-03,418.1487295493735,421.7305628917842,412.1126118390357,412.5769348144531,43566500
2015-02-04,420.5366846403591,441.03288940754527,420.2050311035765,433.869140625,118064400
2015-02-05,437.7163003712424,443.02275630913874,429.49127747348473,435.72637939453125,90686700
2015-02-06,442.49212885923833,446.2729872437669,439.0429644937532,445.60968017578125,66018500
2015-02-09,451.04873637750836,454.76323918895247,446.6045716132505,450.982421875,60923200
2015-02-10,449.32427460078196,453.3704319767057,447.86499079002004,453.2377624511719,40142700
2015-02-12,460.99845168936963,466.76923177155675,460.7331126454549,465.6416015625,127709500
2015-02-13,468.02951436093224,470.48375894186256,465.11098715757555,469.02447509765625,86812800
2015-02-16,474.26448366769546,487.9949460471118,474.1981691646968,483.55078125,119101400
2015-02-17,480.1016553227512,486.2704030558097,474.6625291820244,477.846435546875,92216900
2015-02-18,484.81105948053164,494.16367115672915,484.4794060099567,493.0360412597656,97232300
2015-02-19,500.3324912450516,511.4097268894728,498.07727160427254,510.87908935546875,125499700
2015-02-20,513.3333926413239,513.3333926413239,502.7867933157454,507.7615966796875,86665700
2015-02-23,513.3996413627146,516.7161765136366,490.84720233644555,499.2712097167969,105776600
2015-02-24,497.1486782086226,501.5264889341169,494.49544977255255,498.8732604980469,57951000
2015-02-25,506.3023259955207,510.0831847467009,499.40395611052514,505.90435791015625,60399800
2015-02-26,506.10324520246934,522.553250842054,503.45001718043807,521.956298828125,116148400
2015-02-27,524.012612153177,525.3392263611597,510.1494774857364,515.8539428710938,114549500
2015-03-02,519.9000312228,519.9000312228,507.2308834068567,509.1544494628906,72324300
2015-03-03,513.1342588674431,513.2669283592456,498.60786042857603,503.7816467285156,69790900
2015-03-04,497.67930736298985,498.8069375262165,487.66338638061995,494.1637878417969,83546600
2015-03-05,493.50048200926034,502.65411188500224,492.63819087695356,502.1897888183594,58812200
2015-03-06,502.52150719330035,516.4509580791686,501.12857829873656,516.3846435546875,84790300
2015-03-09,511.409775659461,519.0378073327214,508.0269256331665,518.0428466796875,69365600
2015-03-10,520.0326784751402,520.1653479697195,498.3425318754052,501.3937683105469,98608700
2015-03-11,496.81695575598775,502.786718909264,494.4953811963804,496.8832702636719,74698400
2015-03-12,502.2561860084094,513.9303757457666,499.7356269156909,513.0017700195312,77331500
2015-03-13,518.0427379837664,527.5943744427857,516.0528170952244,523.6808471679688,134578900
2015-03-16,528.7220151922951,536.9470385236751,524.0125514931481,528.6557006835938,92907600
2015-03-17,535.2887605362014,537.9419885933821,525.6708088289215,526.1351318359375,72521700
2015-03-18,525.4054855057485,536.5490760664374,522.0226358259278,535.0234375,75154500
2015-03-19,532.6355720665804,534.3601542379066,518.175486177225,520.696044921875,101420600
2015-03-20,519.8338074427759,524.0126342773438,515.3896415613875,524.0126342773438,59188500
2015-03-23,524.3442915271577,528.4568038714405,522.0890310685029,522.3543701171875,55979700
2015-03-24,522.0888913661059,522.6858838233735,516.5171372001319,520.5632934570312,51262200
2015-03-25,518.7061596020994,522.0226951494274,515.8539471284079,519.5021362304688,52970500
2015-03-26,515.3895240502136,515.8538470337544,504.77661235805994,507.49615478515625,76876300
2015-03-27,507.42910140298903,520.4504465823856,501.38827876723917,504.8785400390625,79314300
2015-03-30,503.06629180403945,510.7851208310527,495.7501679046986,507.76470947265625,56267600
2015-03-31,516.1548191141063,518.1013231152336,499.17340087890625,499.17340087890625,63092000
2015-04-01,498.43496750171613,508.8386064059333,493.7365499320697,502.5293273925781,75510400
2015-04-02,502.5294440595763,524.6791320301708,501.9253452735944,518.8396606445312,100087400
2015-04-03,521.4573002211376,523.4037631208462,512.1946718536573,517.7656860351562,54455800
2015-04-06,511.12088701183643,515.3494560845953,507.69776942126117,513.2015991210938,35853300
2015-04-07,520.8531023209471,530.9211390926148,519.9805473274585,528.9075317382812,89272700
2015-04-08,532.9346923828125,534.6126983411966,527.5650733159831,532.9346923828125,74944400
2015-04-09,531.4580616400585,533.2703163458877,524.4104363139014,527.4308471679688,63762500
2015-04-10,525.5514475807095,528.7732107134865,521.7255859375,521.7255859375,59744000
2015-04-13,523.5380118300909,524.0078618289704,515.8191821684934,517.7656860351562,40110000
2015-04-14,515.4834735576924,524.2091052715596,514.8122711181641,523.5379028320312,39379000
2015-04-15,520.6518031775729,528.0350309006952,519.1751494395583,526.0214233398438,46599400
2015-04-16,524.947560991934,540.5194702148438,523.6051557307686,540.5194702148438,114900900
2015-04-17,542.3315596012013,554.9501570024937,537.3646452675806,551.7283935546875,162374800
2015-04-20,543.0027630519882,561.595078459889,539.4453983848388,554.6817016601562,120006900
2015-04-21,561.1252647239096,574.1466090241382,560.6554148016843,573.2069091796875,132143200
2015-04-22,575.9589383598013,595.8936639007901,575.8247306125068,590.121337890625,170257900
2015-04-23,597.3031641985995,600.726280808605,570.9920161083405,578.375244140625,153563400
2015-04-24,575.6232575267952,585.2885900800346,573.5425461277404,575.0863037109375,76406500
2015-04-27,575.6231303022724,579.2476394503838,565.2866384890003,571.2603149414062,80911800
2015-04-28,578.2409890048987,579.2477928162828,571.5289635956718,574.3480224609375,62769800
2015-04-30,570.6564369372903,576.4287626902377,564.8169663467319,574.4822998046875,98849100
2015-05-01,569.1798937646233,571.8647045842678,557.8365516648407,565.2869262695312,96854400
2015-05-07,563.138908976911,565.4881177747884,557.2323350499234,561.393798828125,77009700
2015-05-08,564.4813395101355,593.1416963326375,562.0650267384901,592.53759765625,123657100
2015-05-11,604.0822440331135,611.8681765694274,583.006469354512,585.28857421875,139105300
2015-05-12,582.6037539408685,586.6309688298606,573.8781216813854,580.3887939453125,84276900
2015-05-13,576.6300057282364,583.207822481222,572.3343346483691,580.724365234375,75402400
2015-05-14,574.9520076084264,579.5162170842572,565.7565667318154,566.494873046875,96262500
2015-05-15,572.6029160867342,591.7993348396217,564.0115310839454,585.2215576171875,140332900
2015-05-18,592.6718172806341,612.00244140625,592.6718172806341,612.00244140625,191737100
2015-05-19,609.451868031548,610.12307052938,601.8001431694822,603.4781494140625,130531700
2015-05-20,608.4449651633718,612.6735320174507,601.9342938016604,603.2095947265625,127234900
2015-05-21,604.5521044461287,617.3049520411128,603.7466532467398,608.6464233398438,121155800
2015-05-22,605.8273544100389,609.0491591532689,598.4441269795437,603.7466430664062,108099100
2015-05-25,609.4518360903418,610.2572872389167,606.095823777069,607.7067260742188,48716300
2015-05-26,607.841026815716,609.9888832183028,604.6192626953125,604.6192626953125,49601600
2015-05-27,601.3303009143596,607.7738281501555,598.1084963295144,601.8001098632812,84941300
2015-05-28,609.4519162663917,621.9362673273582,604.8877471132937,615.694091796875,159222900
2015-05-29,621.1308263462175,625.0908966209863,613.3448525597262,618.311767578125,115360200
2015-06-01,611.868185850436,628.7824971333146,610.2573244220831,627.5743408203125,74918300
2015-06-02,627.5745042930286,627.6416081740832,612.0697388090438,613.479248046875,94106000
2015-06-03,613.5461663709264,618.7144336248501,609.5189515185621,613.2777099609375,70921100
2015-06-04,614.8886479126572,625.8292823979115,613.076433776921,620.3925170898438,78457900
2015-06-05,614.1503161047289,614.8215186359909,604.0822781357989,608.3779907226562,104283500
2015-06-08,616.1639550131323,616.1639550131323,601.5317472813745,604.6192626953125,85245200
2015-06-09,598.7125785224578,606.4985104662405,593.477207665987,593.5443115234375,80756300
2015-06-10,592.6719301891436,600.2565118158395,588.0406155936344,588.6447143554688,92421100
2015-06-11,595.0881625702905,606.2972533134025,594.685457428339,598.6455688476562,88150500
2015-06-12,597.9071930772384,600.5248992764966,591.5307691750482,597.3702392578125,105316400
2015-06-15,594.1484444582769,599.5180643070332,591.6649870848374,597.0346069335938,52462500
2015-06-16,594.3499044421602,595.222459631914,584.8188192944172,587.6378784179688,72681500
2015-06-17,590.9937555530457,591.6649580011468,579.9860190174086,582.53662109375,60380500
2015-06-18,582.8723347541566,584.3489476512614,571.1933935175449,573.5426025390625,68265300
2015-06-19,584.28194221674,585.4900988665302,574.415254470693,577.2343139648438,75822500
2015-06-22,583.9462475942948,598.5784557199335,582.805195009053,596.6990966796875,80802700
2015-06-23,608.1095281097024,613.1435473821338,603.8138152771129,608.4451293945312,89276300
2015-06-24,612.5395136050505,615.022971569393,607.4383899217723,612.2710571289062,76666500
2015-06-25,607.3041057784666,612.405270131171,606.3644467163316,607.4383544921875,47409900
2015-06-26,606.9013206725893,615.0899995276098,602.874105593099,614.4859008789062,68984600
2015-06-29,590.6582419132378,599.9879737120574,589.1815881150643,594.5512084960938,93334700
2015-06-30,591.7992880298733,594.4840981913181,580.9929025498866,590.5239868164062,104116200
2015-07-01,590.7253157874351,600.2563996732168,587.3021993551168,596.02783203125,48059300
2015-07-02,603.7464180390574,605.2901750057483,599.115106172051,599.1822509765625,47688700
2015-07-03,602.0015980046002,609.1834326892942,599.4509954795068,606.4315185546875,66677800
2015-07-06,594.0141519654916,597.3701641234887,584.2146128509181,588.1746826171875,93289100
2015-07-07,594.0142444486404,598.9811596025622,589.3158266959393,590.79248046875,67924500
2015-07-08,587.3021767438698,589.1815355160605,564.1456909179688,564.1456909179688,102508500
2015-07-09,547.03008227804,565.0183025571052,539.4455016005817,562.6019897460938,141551400
2015-07-10,563.4074350097159,582.6038114900018,562.8704401979144,575.4219360351562,107135400
2015-07-13,583.9461692320098,587.0336843147327,576.9656469141809,585.28857421875,63947900
2015-07-14,596.698972371474,597.168822275392,591.2622489649915,594.2155151367188,63814900
2015-07-15,596.6989675588813,597.3030661400387,589.1143882006221,592.6717529296875,54334100
2015-07-16,596.0278662629697,598.3770751953125,594.148507310486,598.3770751953125,52106800
2015-07-17,600.7262994345199,609.4519328341274,598.4441943124564,605.4918212890625,65582200
2015-07-21,610.7942767149711,611.801080467798,604.8205580614185,610.7271728515625,48341500
2015-07-22,600.2564021093555,600.5920033674918,593.8128743399169,596.2291870117188,67298100
2015-07-23,599.7865547625477,602.4042609741739,596.5647908638197,601.6659545898438,40764000
2015-07-24,600.7263055862655,601.8673581589821,592.000672097303,593.8129272460938,43588300
2015-07-27,589.2486440537068,594.9538648478392,584.1474808811382,594.4168701171875,50755800
2015-07-28,584.6845681986191,593.2088494080068,578.3752883417557,587.4365234375,64201200
2015-07-29,592.1348269516852,597.101700647204,588.1076121335603,589.8527221679688,47292300
2015-07-30,596.0278052989476,601.5987777181493,594.3497990903356,599.51806640625,59617200
2015-07-31,601.7329449462891,604.0821533203125,594.3497186279296,604.0821533203125,53329200
2015-08-03,606.0958028940054,606.4314041137695,587.839088345448,593.3429565429688,76874900
2015-08-04,592.0006173893208,599.7194463008597,587.302199790993,593.7457275390625,49021700
2015-08-05,590.9938109938232,598.2427899199486,587.3693010472855,594.6854248046875,44178400
2015-08-06,599.6523095736446,607.4382419231175,594.7524987160655,595.02099609375,71803000
2015-08-07,594.7525421980336,600.6591572033361,591.6650269636763,600.457763671875,49630800
2015-08-10,599.3168993869656,599.3840032693042,591.6651723201475,596.7662963867188,50683700
2015-08-11,603.4110063448908,605.357509848911,595.4908255784695,598.444091796875,66681100
2015-08-12,600.1222345467537,606.3644515655727,584.8859681410418,590.3226928710938,87348900
2015-08-13,584.8859827780357,590.6583089560506,578.5766617274041,581.0601196289062,82160200
2015-08-14,580.9257490370009,586.4296175909953,577.5026327604774,579.9189453125,55099700
2015-08-17,583.3420640314714,592.4704424186688,577.9053402831826,580.1203002929688,59232000
2015-08-18,581.9997577998801,589.24877865004,580.1203987141538,587.4365234375,45965100
2015-08-19,584.6174284763599,592.7389630477463,581.5970169629919,582.6038208007812,61123800
2015-08-20,578.57655714167,579.8518582831705,570.3878784179688,570.3878784179688,70685300
2015-08-21,543.7410861047949,552.6681114263558,541.7946235880295,546.962890625,116780800
2015-08-24,522.8666236830127,528.2362424114647,500.24709659602075,501.321044921875,170240800
2015-08-25,481.2523459747917,535.821118433771,480.58114326074036,499.576171875,197354600
2015-08-26,503.40188130406506,518.1012326249237,491.9914386611729,516.5574340820312,121657700
2015-08-27,529.3773455900443,540.7877864873984,526.4240386180694,528.169189453125,102953900
2015-08-28,547.0300088162721,554.883085847883,543.8082451785965,550.453125,86805800
2015-08-31,545.6877045852576,546.2246584627993,537.0291748046875,537.0291748046875,78062600
2015-09-01,535.0155697769487,538.8414327453156,521.5244140625,521.5244140625,76251200
2015-09-02,503.4019681153161,528.706315239304,502.26091546086326,514.8795166015625,93995700
2015-09-03,523.5379762864825,524.477676220444,510.9864807128906,510.9864807128906,54129800
2015-09-04,511.1207013013886,512.5302101578563,491.38733150914493,495.3474426269531,86738700
2015-09-07,488.09843971525936,499.9115866876456,484.13832879330573,496.42132568359375,78851800
2015-09-08,496.01873157782836,498.36794072603186,487.29309759878674,489.0382080078125,46593900
2015-09-09,508.100306797766,525.5515722888385,501.4553854740004,525.3502197265625,86162800
2015-09-10,506.08671439529127,515.8191512105853,503.5361529405356,512.1946411132812,68908700
2015-09-11,508.77159162181357,521.5244415437325,506.62373502052003,518.0341796875,87294400
2015-09-14,516.8258422551542,516.8258422551542,503.6031469287441,505.68389892578125,53697800
2015-09-15,507.4290680094836,516.3560526792239,501.5224944588474,502.0594482421875,65087300
2015-09-16,510.1139541996676,515.953424763502,508.1674503560715,511.1207580566406,55052500
2015-09-17,516.8929706236091,518.2353754723571,507.02632775886775,515.684814453125,48188600
2015-09-18,510.2480283655071,510.4493808746338,497.49518387291266,499.3745422363281,97162800
2015-09-24,490.71617622863135,495.2803864194895,485.4808044433594,485.4808044433594,69907300
2015-09-25,488.36690351718534,505.4154627373354,485.5478859009736,504.54290771484375,78030200
2015-09-28,504.7466272318138,514.2573308404886,501.14615487263376,504.0672912597656,52064400
2015-09-29,492.51875205922755,492.5866690948446,470.2365326725367,475.1956787109375,99317700
2015-09-30,484.36657156405903,494.89627964153857,484.0948205767079,486.67633056640625,72443400
2015-10-01,496.39093846382127,510.5890392742744,490.1410375235802,503.99951171875,76334800
2015-10-02,500.670610972761,508.27918214589084,498.7005200701496,507.93951416015625,45501200
2015-10-05,511.743863800577,512.8308264130416,506.5129676609361,508.2792663574219,36037700
2015-10-06,517.314467972474,522.88503258475,514.8009159746118,516.6351318359375,61304600
2015-10-07,518.2656018041132,527.0290138762975,516.3634272798646,525.2627563476562,59873100
2015-10-08,526.145844929259,531.0370734717632,520.7111557627851,522.2736206054688,48275300
2015-10-09,526.4176489844283,530.5615833058135,518.8090750924861,528.5914916992188,60106400
2015-10-13,524.243646500507,526.281654683251,513.4421865466111,516.0916137695312,51482600
2015-10-14,509.84170009732475,510.52103614009263,495.3718506790443,497.81744384765625,68264300
2015-10-15,492.6546304528094,506.1054791909785,490.4128292403465,503.8636779785156,59618100
2015-10-16,505.5619212719038,514.7329583925966,503.38803751358137,512.8987426757812,58367400
2015-10-19,513.0346278681167,514.5291755716331,503.863590574329,504.81463623046875,41744500
2015-10-20,510.5890640383599,517.5183014720197,509.705935283658,514.3933715820312,49152800
2015-10-21,513.9178359321063,524.1078789446399,512.2194954300174,522.7492065429688,51739200
2015-10-22,516.9746934081633,528.0478618599725,516.6350254098662,521.933837890625,49666800
2015-10-23,535.6565160677238,540.0042837029617,532.7353791237601,533.8902587890625,66272600
2015-10-26,543.4009927151062,546.0503787720733,536.3358803030861,536.5396728515625,52359600
2015-10-27,538.0341930025186,539.5287407202026,529.2707406978053,529.4066162109375,51392400
2015-10-28,530.4256221409655,534.9771823341362,529.9500785751026,532.1239624023438,34895700
2015-10-29,539.3928158129587,539.9362763523359,525.4664269915914,530.4935302734375,48793300
2015-10-30,531.9881088879841,545.0993294187186,527.844175064212,537.0831298828125,77196100
2015-11-02,528.183817406805,528.9990290189523,516.8388962514995,519.9638671875,67691600
2015-11-04,527.7762987043799,535.9962499574074,525.8741242156947,528.115966796875,62510700
2015-11-05,530.3577697589302,534.9093305068712,527.2327984190736,532.3278198242188,49814200
2015-11-06,536.879367086857,537.0152426135927,530.3577564374366,535.7244873046875,35890500
2015-11-09,544.8276919365226,562.3545595191081,544.1483556622875,558.55029296875,102643600
2015-11-10,552.9795154530119,566.9738207575028,552.6398474459769,563.1695556640625,80055100
2015-11-11,560.1126573825055,566.2266827511442,559.77298930647,562.7620849609375,51762900
2015-11-12,557.7350564556523,561.1996547155126,553.7269560297486,554.8818359375,56685500
2015-11-13,545.5068339353418,571.8650636958303,544.4878298868947,563.2374877929688,102644500
2015-11-16,557.8029782588898,562.9659586366416,550.9416987196257,556.3084716796875,74814100
2015-11-17,566.4984865536953,566.6343206260489,559.7730414365163,561.1317138671875,63180000
2015-11-18,563.3733777075267,566.2265974088621,561.1315770362568,561.8109130859375,48604700
2015-11-19,567.245670343658,570.9820190704725,565.2755789750737,567.449462890625,64641900
2015-11-20,563.8490177299294,564.7321464529731,558.957789042486,563.3734741210938,48023500
2015-11-24,561.0638068285107,562.1507282070585,555.7649510837601,558.2785034179688,50432100
2015-11-25,554.813791324979,554.9496668352467,541.5667376098695,546.7296752929688,65268400
2015-11-26,549.6509137394296,555.4932300533728,548.1564072404923,550.4661254882812,48675300
2015-11-27,550.4660348152347,552.5720016081548,543.9444248254488,545.8465576171875,48382800
2015-11-30,544.8275705844542,546.4579938648245,536.675537109375,536.675537109375,61052400
2015-12-01,539.2569634246169,547.9524568174799,537.626581736608,546.6617431640625,61468800
2015-12-02,546.4579787598603,552.16437715665,545.2351406016904,549.3111572265625,48222600
2015-12-03,550.4660696579577,553.3872067869607,545.5069240952242,552.6399536132812,49471100
2015-12-04,536.6754750921717,548.8356068726508,536.6754750921717,545.9144287109375,71101000
2015-12-07,550.9415320250016,553.6588762026835,545.9144287109375,545.9144287109375,46362100
2015-12-08,545.9144635607381,546.3900071148663,539.80043877065,540.7515258789062,38139800
2015-12-09,533.4826858040026,538.3739145188072,532.3957645177746,534.22998046875,53007400
2015-12-10,529.8821485126684,534.4337085938515,526.4854680734846,529.54248046875,48686300
2015-12-11,524.1756845794832,531.4445886762858,521.3225063130554,527.0968627929688,79234900
2015-12-14,512.423206310917,519.0127747012405,510.5889905683796,517.7899780273438,56294500
2015-12-15,514.393284666436,514.7329527041894,504.5429115715872,504.7467041015625,64722100
2015-12-16,516.4992755900328,527.6404052303355,513.3743458307079,523.360595703125,73638500
2015-12-17,534.6375308182719,541.7026431094843,526.2817047665213,527.4365844726562,70760900
2015-12-18,525.8061960745106,539.3929194872886,514.461273732163,515.0726928710938,88967300
2015-12-21,509.6380379721648,515.4123958131081,507.0565686418333,508.68695068359375,58399600
2015-12-22,513.0346418856708,518.7410403685783,509.90967088141076,513.849853515625,39407600
2015-12-24,519.6920530494816,519.9638040416568,512.2872738781958,512.7628173828125,33632000
2015-12-25,512.7628173828125,512.7628173828125,512.7628173828125,512.7628173828125,0
2015-12-28,506.78470490859314,511.8118083790986,505.5619082832597,510.3172607421875,27455000
2015-12-29,508.1433735641534,517.2464933657627,506.78470144232415,516.0916137695312,41120600
2015-12-30,517.6541421113892,520.9829058048097,514.2574613888735,514.3253784179688,40077800
2016-01-04,508.6869075723895,518.6731574024824,504.81468317336714,506.8526916503906,45989200
2016-01-05,504.74680379095133,510.1814934683774,503.5240069062088,505.76580810546875,39627200
2016-01-06,506.4450626943704,510.4531622708669,493.60559381535626,497.5457763671875,53097300
2016-01-07,496.4588163873633,498.97236826421675,481.44550507804183,484.5704345703125,64157500
2016-01-08,477.23355765786795,491.97515769598994,476.21455362016434,480.76611328125,77053400
2016-01-12,470.77996213115654,472.81797062523077,459.91058349609375,459.91058349609375,80597100
2016-01-13,474.1766060965402,484.91010837166436,472.1385977608817,475.5352783203125,85291600
2016-01-14,455.9024857979644,465.2093995930286,453.1851411257348,463.9866027832031,92324100
2016-01-15,471.5271345451419,472.0026780716338,454.00027279147514,456.5138244628906,67691400
2016-01-18,442.9271804517194,450.2640027554811,437.90007623547,447.95428466796875,69419600
2016-01-19,443.19893020107435,445.91627485843617,430.2915430786055,439.3946228027344,102415200
2016-01-20,437.3566122481672,438.03594840930555,420.5090837446148,422.0036315917969,89468500
2016-01-21,422.13944463977793,427.3023821149553,404.2049560546875,404.2049560546875,111113200
2016-01-22,418.4710540264199,425.26441529308255,412.08527785040235,424.38128662109375,98134800
2016-01-25,431.1745947583223,431.44630429747673,424.24535882747114,426.1474914550781,79751100
2016-01-26,417.9275727797552,418.26724082631495,407.94132391822257,410.3190002441406,83753900
2016-01-27,423.90567546086356,432.73704369963156,422.2752524314313,430.69903564453125,87493000
2016-01-28,425.73990254999813,431.37838336269255,423.2263509211928,425.9436950683594,54371800
2016-01-29,426.75896832136215,435.1147944896093,388.5802692397448,413.9874572753906,241208800
2016-02-01,394.0149978461295,400.06110663981457,383.8249547983848,391.3655700683594,169858700
2016-02-02,393.3355330012982,401.4875647733458,380.42814936222277,392.9279479980469,163798800
2016-02-03,386.1346391490489,387.1536432550404,374.31417493419474,374.8576354980469,124335100
2016-02-04,370.37406664373236,389.39547829785846,368.40397527991456,378.9336853027344,138532300
2016-02-05,367.520784897122,370.44192147516253,358.89320919558565,365.61865234375,125700300
2016-02-08,355.2927366010995,368.2001209135677,349.85804846953386,365.61865234375,121583100
2016-02-09,343.0647410646932,344.4234133065335,331.51602700905005,333.6899108886719,149495600
2016-02-10,329.47796418865136,331.448034467359,308.21475541100807,310.0489501953125,214488400
2016-02-12,295.91887414515344,320.6467094569335,293.4053217317317,303.1198425292969,269335700
2016-02-15,322.6846171888249,333.5539937678169,316.29886259500523,329.34210205078125,166267300
2016-02-16,329.2741929559599,350.4694860877006,328.5269191518342,340.21148681640625,164240300
2016-02-17,336.6789962200063,347.1407686635273,326.76068439756676,332.19537353515625,113213700
2016-02-18,345.1027043306567,346.66516891191856,335.9316678966727,341.7060241699219,96522700
2016-02-19,337.63006551299094,338.24146389977426,329.88563757311624,330.2932434082031,79174000
2016-02-22,323.4999086262169,329.41012116179377,319.2200781021485,324.2471618652344,79667200
2016-02-23,327.5079676310909,330.8367106763622,321.4618799396071,322.0053405761719,95019500
2016-02-24,314.66847763465813,332.67088358794507,313.92120380724,325.1302490234375,102111200
2016-02-25,324.314977912219,333.9615566808713,322.073177573153,331.10833740234375,88295700
2016-02-26,338.3093638068651,340.21149651551224,331.7197956167455,331.9915466308594,83559400
2016-02-29,339.2604662771676,342.11368637556944,330.5649719238281,330.5649719238281,98759000
2016-03-01,327.7796556934807,333.75780485179394,326.3530457917925,328.11932373046875,76777000
2016-03-02,338.9887491741169,347.95599491989765,338.51320556195634,347.0728454589844,118340300
2016-03-03,356.5155976763904,379.06956579790375,355.29280091810693,374.51800537109375,160665300
2016-03-04,375.7407418322991,384.50419320989096,373.7027337410806,380.3602600097656,120059400
2016-03-07,379.95264919142835,381.31132130830343,375.26525526623897,375.8087158203125,75538300
2016-03-08,373.5669310836845,378.5260762295198,360.3198773780699,366.0262756347656,90357600
2016-03-09,356.65148127188615,362.0861705103149,354.0700121763102,356.3797302246094,78344800
2016-03-10,361.47467988552575,364.66756747422346,353.93406664410327,363.85235595703125,72938800
2016-03-11,361.27087863085825,376.8956067226997,358.9611610953092,376.5559387207031,149290100
2016-03-14,387.2215091722624,393.8789934934258,385.1835012292505,392.9279479980469,117677400
2016-03-15,388.6481580638897,396.39260602662733,383.485220397654,387.085693359375,116919200
2016-03-16,382.46618310036155,386.1346142305485,371.7326821692619,373.1592712402344,95867400
2016-03-17,376.7597540274052,383.7569484626461,372.8875717410375,376.14837646484375,78221100
2016-03-18,373.4989769101148,381.1075494702913,365.27902674218785,372.0723876953125,89542300
2016-03-22,375.3331530331272,380.0885051982528,371.80059741778643,375.6728210449219,63021200
2016-03-23,376.6239589424328,378.9336768566344,370.57785093035045,371.18927001953125,50939300
2016-03-24,366.77359274544995,370.1702733914964,357.8742645747762,359.0291442871094,76943100
2016-03-25,354.8852172408478,366.6377242072438,353.5944619854211,363.9203796386719,65428500
2016-03-28,366.84144469915145,367.24902971902094,360.1839601065464,365.5506896972656,60656100
2016-03-29,364.09987018719664,370.1106354911949,362.23445444889694,368.1761474609375,62651300
2016-03-30,366.17249402249917,367.55427701881047,352.7692031751464,353.8746337890625,71910100
2016-03-31,357.674608012681,369.07431999462534,357.26004773031207,360.29998779296875,92844400
2016-04-01,359.26367150872494,361.3363465366599,350.8347846280532,351.45660400390625,92551200
2016-04-04,345.44582248768427,357.4673539777275,343.3731475527582,351.7329406738281,83752700
2016-04-05,344.8240265765398,347.0348672049399,335.9806008099194,336.4642333984375,77013100
2016-04-06,336.4642883569773,343.1659468873526,332.526196876762,334.80615234375,76892800
2016-04-07,335.1515022140723,342.19858352259484,329.07164379481316,333.56243896484375,74086900
2016-04-08,328.1735494358918,344.5476907572716,322.71550935687884,338.60601806640625,92330400
2016-04-11,334.0461343422469,334.39158018955015,323.54457215049143,330.0389709472656,86908200
2016-04-12,330.7298657222719,352.07841506758393,330.38441987175116,349.3839416503906,92542600
2016-04-13,361.7508315212009,367.48526564121926,355.25647566340524,364.790771484375,104746400
2016-04-14,378.6086299349344,378.95407576516703,370.04155647769363,375.2923583984375,101894200
2016-04-15,369.07434717474507,375.7068904943065,366.65622627322216,368.7979736328125,78869400
2016-04-18,354.98008440231706,357.0527591366654,349.9365843158046,352.90740966796875,73146200
2016-04-19,366.72523110880053,379.64491169672795,365.68889377022896,376.4668273925781,101625200
2016-04-20,380.33582041027904,386.07021217528194,370.2488200606922,372.25238037109375,86825800
2016-04-21,383.0994000118118,383.4448458188558,369.41975448660435,375.56866455078125,107017400
2016-04-22,369.62702914505155,406.38247300031406,369.62702914505155,400.2335205078125,205113100
2016-04-25,404.86248021027325,409.698721441454,391.321021630438,401.8225402832031,145217800
2016-04-26,386.9684320931443,392.1501199474643,381.4412983818696,387.52117919921875,98063900
2016-04-27,383.72120600007815,389.7319290988673,379.09222391278064,382.06304931640625,73371000
2016-04-28,388.2810774107949,394.29184273683256,354.7728349652014,359.33270263671875,149427900
2016-05-02,341.99132491994203,351.1111020182088,338.67505383930177,348.2784423828125,98934300
2016-05-06,345.92941523818223,346.7584724660806,338.53686705448206,340.40228271484375,86738000
2016-05-09,343.71859160696414,347.8639414554903,340.54048583955944,342.5440673828125,58758700
2016-05-10,347.51850212189544,352.1474846395613,339.0205432075215,351.5256652832031,75340300
2016-05-11,358.84908495573745,361.4744643901881,348.48569070751165,350.2820129394531,66985700
2016-05-12,345.51485191883853,353.46010436549454,343.5803430203556,352.42376708984375,60757600
2016-05-13,355.04918537814865,358.2272696493231,343.92580609169056,344.685791015625,57533600
2016-05-16,341.3005069291771,348.0712372968694,338.88238592866674,343.7186279296875,62407900
2016-05-17,348.9002405748904,353.7364815333542,344.9621502178349,348.2784423828125,73485400
2016-05-18,348.5548725218913,368.7289191670042,348.1403332732823,363.0635986328125,139382700
2016-05-19,376.8814008144703,378.608629965774,364.5144232236635,366.0343933105469,82107200
2016-05-20,366.86341462576894,369.6269808376391,361.61265569068513,368.31427001953125,55626800
2016-05-23,364.79081280209243,371.147024792229,360.30001681115755,370.1106872558594,61510500
2016-05-24,365.27439717315957,367.4161442646301,363.0635356205172,364.1689453125,51497100
2016-05-25,372.39059604288144,372.666969567899,368.03798712027196,370.3869934082031,58022900
2016-05-26,374.3249957580846,378.74671810142473,369.2814963834016,369.6960144042969,63029400
2016-05-27,372.0451763895732,375.70689392587343,369.28160961973424,374.9469299316406,46834700
2016-05-30,378.1941635177399,378.47049491850134,374.6705902663705,377.2268981933594,40461800
2016-05-31,378.26311443078106,383.4448009298328,375.6377350383293,382.61572265625,72041000
2016-06-01,379.99032984419614,383.92841987813387,374.67045679264317,376.32861328125,71827500
2016-06-02,372.18332119433177,372.18332119433177,363.5471760123985,364.2380676269531,75289000
2016-06-03,363.54721997627485,368.86709448541535,363.47810550525475,367.0016784667969,52525100
2016-06-06,354.84196267338416,361.9581809668798,353.80562511631393,361.47454833984375,70909400
2016-06-07,361.75077801469024,369.0051388746266,359.74721793552965,368.38336181640625,54094300
2016-06-08,372.94329792417363,375.91412353515625,367.07071899856743,375.91412353515625,57515300
2016-06-09,372.52883381090635,372.94335198650776,362.9254217788502,363.5472412109375,74280300
2016-06-10,363.4780972907175,366.7252966321587,358.9873013545301,364.5144348144531,92565400
2016-06-13,354.9110485225979,356.36190411801607,348.6930236816406,348.6930236816406,67174200
2016-06-14,343.9258086825896,346.82756165607645,337.84597141398683,341.0931701660156,71931900
2016-06-15,337.15513292200444,346.06763119426313,333.56248782598465,339.98779296875,73642100
2016-06-16,337.9841912431347,342.75133923678374,332.80250405779026,335.5660705566406,72860900
2016-06-17,340.81689867956817,342.4750557803125,333.7007219455231,337.7078857421875,79578500
2016-06-20,343.2349423638431,348.7620752269281,339.642318653441,345.3076171875,62608000
2016-06-21,339.91864375540393,351.04200196508026,336.18783358959007,349.59112548828125,60152800
2016-06-22,347.5185179088985,348.55485543745385,340.95504689471454,345.8603820800781,63863800
2016-06-23,344.4785595978411,356.43099705408173,343.3731288093537,355.1182861328125,57260400
2016-06-24,360.230866775527,361.54353540379236,317.11921769811755,324.7190246582031,157004600
2016-06-27,323.3373019796397,324.0972870344941,311.1776043549902,314.9775085449219,73778500
2016-06-28,310.21034133029434,314.3556911030822,300.5378585271226,310.0030822753906,104470600
2016-06-29,318.43200071546426,319.88287759529203,311.9376225362297,316.77386474609375,74196200
2016-06-30,323.3373019796397,323.68274781508796,314.9775085449219,314.9775085449219,80807800
2016-07-01,319.0537482377128,320.5046248863911,314.9774918128277,317.7410583496094,64080000
2016-07-04,315.94471040304444,318.50101767713835,312.9738850493355,314.56292724609375,56681300
2016-07-05,312.97388936360676,313.38842853327384,306.61767832027954,310.9012145996094,63427400
2016-07-06,303.3014464263127,303.43963319555075,295.7707313583362,299.70880126953125,98228900
2016-07-07,297.77427640940675,306.0649755205735,297.56701736536286,299.9851379394531,67779100
2016-07-08,301.0905552637164,304.68320007016126,294.1816391623522,296.18524169921875,70681400
2016-07-11,296.18524169921875,296.18524169921875,296.18524169921875,296.18524169921875,0
2016-07-12,317.8101126057291,333.4242658332257,316.08288373287184,326.5153503417969,139479800
2016-07-13,343.3040566203158,350.35115988307024,333.90792596475654,343.7876892089844,169329400
2016-07-14,343.64953454137594,351.59478925733856,337.56969588811523,343.7186279296875,111705200
2016-07-15,347.51849095866726,366.10349273029016,346.2058010744984,358.4345703125,130930500
2016-07-19,369.6270761724871,369.83433525809914,355.18742212369546,360.3691101074219,75171600
2016-07-20,358.57275844085217,360.50724658444665,349.59116718896183,352.9765319824219,67100000
2016-07-21,359.26365248139894,364.58352653841706,353.3219801658002,360.7145080566406,82699600
2016-07-22,350.2820516346255,356.9837087879979,349.52206663511845,355.7401123046875,53121100
2016-07-25,355.11833954149273,361.3363649420247,350.3511909512866,351.59478759765625,54107400
2016-07-26,344.7549449534712,347.93305086730516,339.7114441724572,342.2677307128906,65682600
2016-07-27,342.26775428322543,349.52211735195976,336.6715271276191,343.5804443359375,96979600
2016-07-28,340.12600626470197,340.9550848134873,331.835305114222,334.80615234375,71293700
2016-07-29,335.6351602337612,363.2017543549039,333.28613280495307,360.64544677734375,183119000
2016-08-01,360.6454770660894,379.023179911179,354.9801565405099,376.2596130371094,154020600
2016-08-02,368.9360803562461,371.5614597602526,353.9437255859375,353.9437255859375,114702800
2016-08-03,339.7805002248135,347.3803082671967,338.4678103252698,340.1259460449219,95385200
2016-08-04,343.4421893247829,353.183764271929,340.1258972766392,350.3511047363281,87236400
2016-08-05,351.87106428029455,354.35829920602407,347.3111968361355,348.3475341796875,59396000
2016-08-08,357.1909454453235,369.2815480474379,355.4637165021643,367.1398010253906,90679900
2016-08-09,370.9398432008213,374.32518789221865,365.481780835052,370.3180236816406,77937200
2016-08-10,366.1725712481024,372.04515022094927,364.2380830790181,370.3869934082031,66620100
2016-08-12,373.08152889258923,373.3579024481314,362.8563398677884,365.4817199707031,75938400
2016-08-15,365.48168677954624,368.1761811109885,362.2344875558974,362.6490478515625,40352600
2016-08-16,364.30715021831577,367.41616257169005,357.8818664550781,357.8818664550781,51178100
2016-08-17,358.4345681914064,371.07787655073184,358.0891223773884,370.24884033203125,69142500
2016-08-18,367.6925123850285,374.7396150320355,363.4780483876506,363.8926086425781,83390700
2016-08-19,367.13980005619567,370.5251434746457,365.55071569774384,367.6925048828125,60926600
2016-08-22,367.48526781827326,369.21249686015517,360.7144962391538,365.2052917480469,61892500
2016-08-23,364.7217191540997,367.41617128975076,360.85270061022254,361.8890380859375,51794100
2016-08-24,363.7544576359756,368.6597715362441,362.3726743211191,362.6490478515625,44503500
2016-08-25,362.64896886432314,363.06348690102334,358.22724635238933,362.0962219238281,40736300
2016-08-26,361.33639625006225,361.33639625006225,357.6055638190112,358.3655700683594,44053500
2016-08-29,366.86346390767534,372.6669705996753,364.72171667323795,369.83428955078125,65025000
2016-08-30,369.28156756965774,374.8087004799613,368.24523014897585,374.0487365722656,80021700
2016-08-31,380.7503726333554,390.90648835372207,380.7503726333554,389.7319641113281,105796100
2016-09-01,392.4265183505281,401.75355707892976,390.5611021711105,396.5718688964844,108907500
2016-09-02,400.0953474302172,400.50990773156144,392.5646535622929,397.608154296875,81289000
2016-09-05,406.7969515826931,409.0078130599957,390.00829471683716,391.8045959472656,104733200
2016-09-06,395.5354352547965,398.36807390618134,389.24833865358806,391.87371826171875,74474400
2016-09-07,380.4049477054543,384.1357796995051,376.95048925491915,380.8885803222656,101127900
2016-09-08,379.71400784458694,381.37216455796187,372.80509181998616,375.84503173828125,74436200
2016-09-09,377.9867673564955,380.95763489177057,376.1213938214584,377.364990234375,67606700
2016-09-12,371.42331379000825,375.9141092685678,365.2052892812335,367.7615966796875,83912200
2016-09-13,368.6596912398314,369.2124381803264,359.9544751197586,362.0962219238281,61225200
2016-09-14,354.9110080933813,354.9800803829407,349.31478215713844,350.6274719238281,125171500
2016-09-15,345.4458233595775,346.8967000345557,341.0241210374429,343.8567810058594,99026900
2016-09-16,347.3112585667135,357.26007353189556,345.51493596841357,353.183837890625,103690400
2016-09-20,350.6275104170688,360.1618067000926,350.4893236541045,356.0855712890625,97576700
2016-09-21,359.9544763546402,383.30660093585186,351.11107346910495,382.270263671875,218306200
2016-09-23,378.6085357578302,379.644872990744,372.11413889743596,376.3976745605469,116223000
2016-09-26,373.77240542810284,375.9832672765712,367.55438019916954,368.6597900390625,70807400
2016-09-27,358.57281226029465,364.79083790642693,353.0456783526215,363.5472412109375,119749300
2016-09-28,364.8124391611238,365.7965361194654,356.5883351313319,357.92388916015625,71377400
2016-09-29,363.8986062445504,366.3588053788448,358.7673208937103,362.7036437988281,70764800
2016-09-30,351.4570950105664,358.83769400578825,351.4570950105664,355.0419616699219,82955200
2016-10-03,359.47029297333904,361.4384654693026,355.5339694326494,356.51806640625,56929200
2016-10-04,358.1346938211294,366.78052770187224,358.1346938211294,363.1253662109375,66528500
2016-10-05,366.8509493040014,367.5538635253906,361.3681840551824,367.5538635253906,60420600
2016-10-06,372.1930183227025,375.7075888451077,370.5763244628906,370.5763244628906,72888100
2016-10-07,371.27919868588987,372.1929783430658,366.28848333867603,370.1545104980469,46928000
2016-10-11,372.3336176534698,376.6916937745581,366.42912188909565,367.62408447265625,65360900
2016-10-12,361.4385125327438,363.0552067120496,357.8536456011957,358.7674255371094,78517100
2016-10-13,359.1891227882934,364.3203873904885,356.37746624983316,357.3615417480469,65519100
2016-10-14,356.0963218957823,358.9079785685461,354.6904935594004,358.2753601074219,52264800
2016-10-17,359.18915126354915,363.3363621475439,358.69710274981594,360.1732482910156,49824900
2016-10-18,357.64272537488796,360.2435164153576,353.07378321547367,359.8920593261719,74695900
2016-10-19,361.719591778913,363.0551457781959,358.8376610256902,360.8761291503906,53240900
2016-10-20,360.876079848931,368.4675427858309,359.96225728875214,367.9754943847656,76635700
2016-10-21,369.73288841243743,372.2633625029373,366.56977434807243,368.4676513671875,71787900
2016-10-24,368.88924816425566,369.38129653080296,363.8282589272037,365.72613525390625,45569100
2016-10-25,368.60823648533204,374.93446450577267,368.3270536345429,372.89599609375,70498700
2016-10-26,373.95030691668364,375.0749523328876,371.13865047370103,374.58294677734375,54648400
2016-10-27,373.24741462412356,377.9569480219098,372.68509188315096,375.84820556640625,64091200
2016-10-28,382.38536826113665,384.49411110081206,379.92516828151537,382.3150939941406,112658900
2016-10-31,380.83885591002104,386.46216878548086,378.9409792340589,382.8070068359375,87969200
2016-11-01,384.5643233279247,386.4622001579539,380.1359726595071,384.4940490722656,64005900
2016-11-02,376.7619761358356,379.7142240815739,373.528588277749,375.4264221191406,71704900
2016-11-04,369.0299300222683,371.8415866319618,362.3522455742463,365.0936279296875,86023400
2016-11-07,372.05248557135883,377.04320224138985,370.92783998788985,372.122802734375,65293100
2016-11-08,374.44230210188056,377.6756893902996,371.91178592173543,374.6531677246094,55078400
2016-11-09,378.1677596451586,381.82292129285463,345.83371328144614,352.44110107421875,229893200
2016-11-10,385.89983353550656,396.0920877909981,382.8773115436826,391.8746032714844,276492600
2016-11-11,414.0163604132358,430.46456574683685,413.0322636179899,427.30145263671875,364603200
2016-11-14,435.8067403388371,439.3213108254406,430.88634165759214,433.697998046875,169741100
2016-11-15,446.35050250063784,458.93268343290634,443.04679728746066,451.97381591796875,247476900
2016-11-16,468.1408190492621,483.112881708631,468.07054479598025,479.94976806640625,279492200
2016-11-17,465.89154854036724,473.27214804213105,460.69000891870763,473.2018737792969,204477400
2016-11-18,485.01079359988057,485.7137077935036,462.2363565655038,465.46978759765625,204463000
2016-11-21,467.08648554233054,478.40338699267346,459.91675212732514,476.99755859375,153703700
2016-11-22,474.4670441545008,479.5983087922694,470.67129064027506,478.4736633300781,124482000
2016-11-24,487.82240392327134,489.93114630334316,474.9590839853282,475.87286376953125,152265100
2016-11-25,472.14745837730453,477.4895889287686,460.4790573691416,465.1183166503906,156074100
2016-11-28,458.0891714532627,474.46706297240763,457.31594012767385,471.86627197265625,175078200
2016-11-29,467.01622362012125,475.73233418220576,465.6103951840613,473.69390869140625,124877000
2016-11-30,475.8729109605674,476.57582515696413,467.50821486245553,470.8119201660156,118600400
2016-12-01,485.0106969200652,488.3846757964066,479.3171102476433,482.97222900390625,153892800
2016-12-02,491.40730282143704,512.1432718380036,489.0174202694892,510.385986328125,297831300
2016-12-05,502.5834701177065,505.95744846947275,493.7267715815123,498.1551208496094,145390900
2016-12-06,507.99594283126254,508.2068084451452,500.6856202652566,503.427001953125,125026000
2016-12-07,508.20679539676587,516.6417629552184,505.1842739354798,516.2200317382812,130498900
2016-12-08,520.1563943101914,524.4441528320312,517.4853295144977,524.4441528320312,127316700
2016-12-09,525.7796814857757,538.5727250970725,525.5688158624645,536.1828002929688,170231900
2016-12-12,541.5952393387571,543.563389966763,516.9932492325189,529.0130615234375,179148300
2016-12-13,518.4694501678966,529.0131622204092,517.4150789626453,525.5689086914062,118334300
2016-12-14,527.7479640092596,528.5211953578967,521.2108706383902,526.4827270507812,87201000
2016-12-15,532.1060848412925,539.1352273094733,525.0066681094221,530.7002563476562,130653500
2016-12-16,540.5409039655768,543.0011031383721,535.7610970103542,539.9082641601562,134912900
2016-12-19,537.7292860123906,539.4162970118496,529.3645910689869,533.9335327148438,79237600
2016-12-20,528.1697382637373,529.9972979923753,520.8594135442308,526.4827270507812,92161200
2016-12-21,529.2943838040565,535.128562986607,520.156499355912,526.4827270507812,104696700
2016-12-22,521.5622281394759,524.6550671384874,510.5264689096698,523.8818359375,110381800
2016-12-26,516.9230288819433,519.3832281490405,513.8301897851757,517.4853515625,61272100
2016-12-27,516.712058803433,524.3738384838209,514.6736339663559,518.82080078125,67641200
2016-12-28,521.0701509618319,521.1404681048421,514.9547904482234,516.2903442382812,46427300
2016-12-29,510.80775097986015,510.80775097986015,503.00537772133373,504.97357177734375,78243900
2016-12-30,497.0305086795022,506.66043976602725,496.1870461396352,506.23870849609375,72028400
2017-01-04,520.1566044796625,528.2401192790087,517.3449471581508,523.811767578125,112945400
2017-01-05,527.7479470353715,529.1537753667935,522.6869564617566,525.9906616210938,76794300
2017-01-06,519.0317931550184,519.9455729125416,516.852733684416,518.7506103515625,66675800
2017-01-10,515.7280768568866,517.6962277300844,510.80767822265625,510.80767822265625,72792500
2017-01-11,514.3221887989308,519.1019954780868,512.9866350212775,518.5396728515625,57705500
2017-01-12,513.1273864837217,516.923140476237,510.1048638835601,513.4085693359375,70120200
2017-01-13,510.8780020967667,514.041115811747,509.82363085843997,512.77587890625,57602400
2017-01-16,515.587437464186,518.3990935648769,510.3155822753906,510.3155822753906,56752000
2017-01-17,503.28652923851297,506.871374227127,499.069044356626,502.4430236816406,79391400
2017-01-18,492.74281457939867,501.9509726979953,489.22824386199926,500.1234130859375,101854100
2017-01-19,508.27718599767877,514.1816818013632,505.8873037171196,510.5265197753906,82487500
2017-01-20,512.2838795903377,516.5013649484949,509.0504913100757,513.9005737304688,63260500
2017-01-23,507.50401416742216,513.8302414908387,506.4496429468527,510.1750793457031,57357100
2017-01-24,503.28650982229743,504.62206381102743,494.8515403839349,496.60882568359375,82906300
2017-01-25,504.6923749223437,505.6061547644097,497.5929589542037,499.9125671386719,68317000
2017-01-26,510.4562217948853,521.9137129051023,510.2453561479432,521.562255859375,117362500
2017-01-27,529.2241821289062,532.9496192574413,523.8820078235219,529.2241821289062,102187100
2017-01-30,524.7252978139007,525.4282118096327,520.859270837375,525.2173461914062,52684900
2017-01-31,513.197644079456,517.9774949970216,511.7215414094586,513.760009765625,77699700
2017-02-01,503.9192356869823,511.7215665879771,501.3887186821469,511.2998352050781,75206300
2017-02-02,513.2678912678308,516.1498219554013,505.4655189119548,507.2931213378906,70645300
2017-02-03,512.0731308610472,524.3741326319027,509.1208818555439,513.1275024414062,116578500
2017-02-06,539.8380063736327,539.9082806197246,529.6457523470472,530.4892578125,134978200
2017-02-07,525.0065915295884,532.6683299608412,520.9296551707391,528.0291137695312,73147600
2017-02-08,528.591486032825,531.403142873425,524.8660492995255,529.997314453125,55157800
2017-02-09,522.6165711274018,525.5688185764024,520.1563720703125,520.1563720703125,55615400
2017-02-10,531.4030922882584,538.5728251297854,530.70017814502,537.0966796875,101036300
2017-02-13,546.5156006000553,546.7967833433429,537.307444940641,537.518310546875,73402800
2017-02-14,542.0874354186789,542.2280268380847,529.8567112724902,531.1219482421875,63455600
2017-02-15,540.5409101537085,547.4294593359017,538.4321679814574,540.189453125,89277800
2017-02-16,541.2438524325642,547.4294878798705,538.080739009257,541.7359008789062,83361000
2017-02-17,537.7293087580656,540.9626965909155,533.0900926670247,536.8858032226562,60816000
2017-02-20,531.402950562556,540.8922889654589,531.402950562556,539.6973266601562,50450700
2017-02-21,541.2438854444242,545.0396389448944,539.2054172863062,544.0555419921875,52561200
2017-02-22,546.867104036512,546.867104036512,542.2278886953894,542.579345703125,52061800
2017-02-23,541.9467381613404,542.2279209452392,533.6523608659538,537.1669311523438,55616000
2017-02-24,533.5119413701973,537.3779699308509,531.5437899561794,533.0902099609375,55314400
2017-02-27,527.1151708706151,527.888359029114,517.2040587612148,519.3831176757812,88303700
2017-02-28,522.1948514245885,525.0767817941987,519.03173828125,519.03173828125,70676700
2017-03-01,525.0065693526137,526.4826718322759,517.0636055357025,525.9203491210938,86399800
2017-03-02,541.2438852852638,545.4613701056684,536.323486328125,536.323486328125,130658400
2017-03-03,533.301052857016,535.5503870493284,530.2082129797764,533.1604614257812,65306800
2017-03-06,530.5595321070368,535.4799306030791,527.958741464349,533.5117797851562,52230700
2017-03-07,531.4031431003644,532.3872401559862,529.6458575742389,530.8408203125,47337900
2017-03-08,530.5596097612244,531.543706765456,528.0994101531215,530.1378784179688,35149500
2017-03-09,532.8088328004484,533.6523382138713,530.8406821041065,532.03564453125,37006200
2017-03-10,541.1735550255472,541.2438292709581,534.3552800243672,540.962646484375,96106100
2017-03-13,540.1895536175431,542.2982961820878,538.6431338230482,539.767822265625,40630100
2017-03-14,540.1896421981974,540.9628307709942,538.4323564395826,539.6273193359375,36870000
2017-03-15,537.7293525573975,546.8672369799416,537.026438371048,544.1258544921875,51339000
2017-03-16,537.7293090820312,541.8062024527467,536.1828894165948,537.7293090820312,68678500
2017-03-17,535.6205219977458,538.0104469996687,533.3711883904896,533.5117797851562,67476100
2017-03-21,527.255759640073,528.7319047406802,522.8274101431807,524.1629638671875,69744000
2017-03-22,503.07571980852714,505.81705954669474,500.8263857062628,501.6698913574219,118990000
2017-03-23,499.0690471096109,503.0053491934291,495.976207684843,497.87408447265625,94270700
2017-03-24,499.4204159327723,508.06624988003824,498.7877761478029,504.05963134765625,59189800
2017-03-27,495.8356810972162,497.80383222613597,492.60225011883375,495.2733154296875,63944200
2017-03-28,500.1233528673185,503.0052833475901,498.6472505047344,501.81036376953125,65068200
2017-03-29,512.488749937028,512.488749937028,504.51558691354757,507.078369140625,58357200
2017-03-30,502.8071719692652,507.434450284833,500.74272002170306,503.1631164550781,52173900
2017-03-31,508.21747305066805,511.0650284823563,498.10864257812506,498.108642578125,66000000
2017-04-03,497.8237869600607,497.89500190417186,489.28112208403996,494.26434326171875,72327200
2017-04-04,484.51148535764185,487.4302554201836,482.7317634110589,486.43359375,75897300
2017-04-05,489.56603384577,490.1355363090197,477.74865134463835,481.8064270019531,73743600
2017-04-06,473.54834844029654,477.96206685140737,471.05673811388965,473.69073486328125,83838900
2017-04-07,476.1824613311875,482.6606323797851,472.19585776645727,475.32818603515625,81184600
2017-04-10,479.4570485987263,485.864047020981,477.6773268147667,483.3724365234375,52585700
2017-04-11,479.2434164446637,480.3824208298819,475.32802912640705,479.6705322265625,45580700
2017-04-12,469.84659365070695,472.69414876374157,467.1414249833727,472.4805908203125,63409800
2017-04-13,463.7954340632474,467.4260486305411,461.87332610693716,466.073486328125,63876000
2017-04-14,459.88010457019675,466.7142187750455,457.74443844990174,464.2938232421875,56304400
2017-04-17,462.3716643870008,464.57850175609855,457.1748860870166,462.8699951171875,56775100
2017-04-18,472.5518133660954,473.4060886823386,466.0024272085609,466.92791748046875,68179400
2017-04-19,461.3750164760705,471.6974018963983,458.5274618773594,466.57183837890625,88786800
2017-04-20,469.8465349408428,480.16892093575524,468.99225982363015,474.54498291015625,83163300
2017-04-21,484.08443940056713,486.0777195786373,480.1690505524743,482.9454345703125,75164200
2017-04-24,490.49133819757503,494.90505704266656,489.5658915325333,489.7794494628906,67181700
2017-04-25,490.63382340046917,501.24094161236457,489.77954805683186,500.529052734375,83704400
2017-04-26,509.71232062445745,512.5598754882812,506.36643496941673,512.5598754882812,88736500
2017-04-27,510.2106976988916,514.6955883262083,507.22075613059945,513.7701416015625,63592400
2017-04-28,510.42424467489354,511.84802220536744,502.5934682572871,504.87152099609375,55663600
2017-05-01,501.9527834105719,506.6512756347656,500.0307183804759,506.6512756347656,51819100
2017-05-02,507.0782576498373,511.63436221872087,507.00708616760585,509.6410827636719,47056600
2017-05-08,518.9669879012741,522.739990234375,516.9024927915264,522.739990234375,73788400
2017-05-09,521.8144658678245,522.1704102510904,516.4753001188359,518.539794921875,50580300
2017-05-10,519.7498885341764,520.8889364499042,517.1159352764454,518.0413818359375,44941900
2017-05-11,519.8924514872772,526.5130095227498,517.5432268231095,526.3706665039062,69232200
2017-05-12,521.9569472000564,523.0959520534752,517.400840885881,519.6788940429688,47645800
2017-05-15,512.5597307042619,514.7665677202591,508.3595710864558,513.6275634765625,52365600
2017-05-16,520.4618807055256,521.9568732453474,509.35643288231887,512.3463745117188,82058700
2017-05-17,506.72241849100993,509.9259179604041,501.59681064993083,505.0850830078125,81644000
2017-05-18,486.7183644577768,487.50142473066273,484.08436729860347,484.65386962890625,114789100
2017-05-19,486.6471158255228,493.41005872407953,485.2233383731951,491.1320495605469,82917800
2017-05-22,494.76270344687197,496.7559833462496,493.4100973810926,495.1898193359375,46574300
2017-05-23,491.5591903072321,494.26435891358847,489.35235252447234,492.1286926269531,54220600
2017-05-24,500.17303174998233,501.881582175784,497.04074723633556,499.0340270996094,68775000
2017-05-25,499.3187516057918,501.73914711587054,496.61353978535385,499.3899230957031,55485900
2017-05-26,499.17642302744537,500.10186975473647,494.90509033203125,494.90509033203125,44287700
2017-05-29,494.9050706286171,499.17640315397875,493.8372374972767,496.8271789550781,34776800
2017-05-30,496.89833847670275,497.46784077631276,493.6236676662647,495.83050537109375,36114000
2017-05-31,491.20312444510483,492.19978584581054,489.35223150120123,491.8438415527344,94351000
2017-06-01,487.71497361119174,495.0474626221665,487.07429979534623,492.1286926269531,79870200
2017-06-02,498.3221928944452,513.9837475282707,497.39674608340493,513.698974609375,129255800
2017-06-05,508.00386032106087,511.4921330273026,505.8681937948508,506.5089111328125,70157800
2017-06-06,507.00722531778763,513.0582802761361,504.8003439098899,505.93939208984375,66273100
2017-06-07,504.72911269319394,509.3563894668269,502.6646179833232,508.6445007324219,56597500
2017-06-08,513.6988950291362,523.8077237804524,512.4175039931081,514.695556640625,103621900
2017-06-09,521.0315000558606,525.374004938805,518.3262874924527,523.0247802734375,118601100
2017-06-12,528.2214559927194,532.7063464573263,521.1025684456476,522.0280151367188,69324400
2017-06-13,521.4585949224737,524.8044812864287,519.2517568155291,522.5264282226562,40896300
2017-06-14,527.4383549072767,528.150243606868,519.180419921875,519.180419921875,56718700
2017-06-15,512.9159074049729,518.1839021824301,509.0005187988281,509.0005187988281,72207900
2017-06-16,513.2718838409545,519.6788837779428,512.5599949590669,514.410888671875,104013700
2017-06-19,512.488777737748,517.9702868791408,511.3497295581797,516.2617797851562,42098400
2017-06-20,522.526432423054,526.7265941509681,519.3941040039062,519.3941040039062,64983500
2017-06-21,517.1872050790612,518.255038262294,511.42092326970175,512.4175415039062,60170000
2017-06-22,513.41411329664,517.5430588588367,512.6310096959006,514.837890625,51765000
2017-06-23,515.407414165046,516.7600200629776,511.91914218632013,515.3362426757812,44210700
2017-06-26,514.8380483440076,519.4653260787293,512.7735532053398,517.4720458984375,52513600
2017-06-27,520.0347308314366,523.0958437602457,518.255008960008,518.4685668945312,43286300
2017-06-28,525.3737730990331,533.204547494818,524.6618845175981,531.9231567382812,110652400
2017-06-29,553.280086781428,553.6360312475188,536.7642548647693,537.6185302734375,107875300
2017-06-30,537.4760046036746,541.7473370905913,534.3436767331727,537.3336181640625,69581200
2017-07-03,537.3336118549134,540.1811668127564,533.2046658560893,538.970947265625,49804400
2017-07-04,548.154327551807,548.6526583578112,538.9709454633754,540.537109375,64994000
2017-07-05,539.6830140581013,545.66289882256,539.0423400513588,545.4493408203125,55924300
2017-07-06,546.0899499221518,546.0899499221518,540.1101093186751,541.8898315429688,47839100
2017-07-07,538.2591092699561,541.6049953508995,535.411554043663,536.76416015625,53367100
2017-07-10,539.4693287799579,539.9676596344684,530.8554916029336,533.4182739257812,51715700
2017-07-11,533.2047793596231,535.6252189691259,530.64199673212,534.913330078125,45573800
2017-07-12,530.2146919541775,530.9265806499941,525.5874154313694,525.6586303710938,51526000
2017-07-13,526.7265300673685,526.9400880130897,517.116031457721,517.6143188476562,54749000
2017-07-14,521.0314200268947,524.1637046161911,518.9669251667103,520.960205078125,51560400
2017-07-17,520.960205078125,520.960205078125,520.960205078125,520.960205078125,0
2017-07-18,511.34975010435056,514.054919032871,508.0750787882859,513.698974609375,62804600
2017-07-19,507.9326697644417,513.2718358796951,507.0783944959521,511.13616943359375,37214500
2017-07-20,512.2040544217537,513.0583297765793,509.0005544288449,511.6345520019531,41117800
2017-07-21,508.85808992107656,509.4988072014954,506.15292125421087,508.0038146972656,41769600
2017-07-24,500.8849167834439,503.87485828117684,498.1085766750248,502.1663513183594,72928700
2017-07-25,502.4509983640303,507.07827456954385,501.2407789740797,501.6679382324219,40665600
2017-07-26,509.4988177282269,510.993766813101,504.94271207393024,506.5800476074219,43420200
2017-07-27,502.59355170145955,506.9360565102818,501.6681048430506,504.0885009765625,40428100
2017-07-28,500.45775548781984,502.16630574582507,499.1051495793792,500.0306396484375,46406000
2017-07-31,498.89158478093464,502.3798567386663,497.8237517469642,498.32208251953125,46416000
2017-08-01,501.16978846891175,509.9260132989861,500.0307836024917,509.28533935546875,62118200
2017-08-02,513.9836291582862,517.2582997201971,509.9970699133306,510.28179931640625,66346500
2017-08-03,509.3564652483642,510.9226293871157,504.65801628235636,507.4343566894531,39341800
2017-08-04,504.1596322308568,506.081740587045,503.5189149620467,504.87152099609375,24620500
2017-08-07,511.13605962725603,512.5598369521231,507.79017422377143,507.86138916015625,30549500
2017-08-08,507.8614261876767,508.4309284690981,504.0172097501647,505.86810302734375,32605000
2017-08-09,502.9494661681174,505.01396118712273,498.4645751598523,500.4578552246094,48538600
2017-08-10,498.3221245735665,498.74924044310455,493.3389033278308,495.972900390625,60660600
2017-08-11,495.972900390625,495.972900390625,495.972900390625,495.972900390625,0
2017-08-14,485.5081900580689,490.6337984085553,484.36918529140377,490.1354675292969,78996900
2017-08-15,497.4678638358307,503.1629739964017,496.2576442366609,498.393310546875,67155200
2017-08-16,498.251029039759,499.95953622862334,497.61031168753004,498.108642578125,40174200
2017-08-17,497.2542812451842,497.3966676821886,493.12533527349694,493.4100646972656,40554600
2017-08-18,485.5793526749447,485.7217391307335,481.9487370286822,483.65728759765625,73798200
2017-08-21,482.8029278289295,483.6572029639295,475.68404078766025,477.3925476074219,54845400
2017-08-22,474.90102620143466,478.31812738224545,474.1179658601426,475.6129150390625,46471500
2017-08-23,481.3792345169206,481.73517893116696,469.84662680528703,473.61962890625,81059900
2017-08-24,471.2703656745679,475.75525623489676,469.8465881347656,469.8465881347656,53224300
2017-08-25,470.5583386952332,475.3280007427043,469.1345615736137,472.9075622558594,51044400
2017-08-28,472.9077252144805,473.7620004718716,467.7109456198642,468.1380615234375,51646700
2017-08-29,462.51422763579814,467.9957808631458,459.3107275815333,467.2126770019531,56635800
2017-08-30,469.8465397825393,471.91103438289105,466.78542707703394,470.2024841308594,67116400
2017-08-31,474.9009041729315,484.65378743242314,474.26023045383914,479.8841247558594,87527400
2017-09-01,483.30120202319205,483.7994892975469,477.4637066428031,480.9519348144531,53475800
2017-09-04,477.67741051155724,480.02663498795823,474.4027392353918,475.32818603515625,42918000
2017-09-05,475.8264911765175,478.1045005757305,472.5517766272215,474.9010009765625,46859500
2017-09-06,467.1414648539319,469.1347449131341,464.57863896331764,468.3516845703125,49918500
2017-09-07,471.76868607433556,472.3381883876183,467.4261386037922,467.6397399902344,43128900
2017-09-08,466.144833213388,468.42288633546445,464.3651110008672,465.2905578613281,53379100
2017-09-11,470.6296517515763,475.3993152339138,469.91776297660783,470.70086669921875,57438100
2017-09-12,480.5248694437587,481.3791445683729,478.24681692819996,478.7451477050781,58452000
2017-09-13,484.58264871637874,487.9285343097961,484.58264871637874,485.9352111816406,64954300
2017-09-14,487.003075956845,488.9963992148356,480.66729215898965,481.3791809082031,56943400
2017-09-15,476.96540597782786,487.50134953923117,476.96540597782786,485.2232971191406,76710600
2017-09-18,485.2232971191406,485.2232971191406,485.2232971191406,485.2232971191406,0
2017-09-19,499.4611362798859,505.0850748599739,495.68813454462367,504.657958984375,110093000
2017-09-20,501.3831938012708,506.7935738951729,501.3831938012708,503.51885986328125,72891600
2017-09-21,515.0515391565881,517.1160340260485,510.99376436675703,512.1328125,102691700
2017-09-22,515.4072834498079,517.7565068528348,511.6342830206764,515.1937255859375,70579200
2017-09-25,517.5431634428106,518.0414942984854,510.78021976646033,511.8480529785156,53601000
2017-09-26,509.00048848477707,513.8413236012968,508.50215763816976,512.3463745117188,48980100
2017-09-27,515.6624949119026,519.6995827141004,514.9415910901328,519.4832763671875,42603500
2017-09-28,529.864292450247,530.4410066895534,523.3761582569787,525.466796875,78719000
2017-09-29,522.7272561347567,526.9806055719826,520.2040931805816,526.7643432617188,63897200
2017-10-02,523.8088638111486,525.0344094931617,520.348533179958,522.2949829101562,52074700
2017-10-03,525.2505669901241,527.1249435412985,522.943709697113,524.5296630859375,54095500
2017-10-04,526.043468039635,526.043468039635,518.2577164453385,519.6995239257812,54804800
2017-10-05,521.2135243172921,521.2135243172921,515.8788178098405,516.5276489257812,39646100
2017-10-06,521.069307386024,530.2247953166731,520.4925930912821,529.7201538085938,95172500
2017-10-09,529.7201538085938,529.7201538085938,529.7201538085938,529.7201538085938,0
2017-10-10,526.2598649237337,526.2598649237337,520.060108772771,524.3134155273438,74784000
2017-10-11,524.2411689841914,526.7643318838674,523.0876966869153,525.1062622070312,43346400
2017-10-12,526.5481094578844,526.6922550055507,519.4832176033369,519.6995239257812,57990200
2017-10-13,518.906580975915,521.429744443845,512.7068254834785,520.348388671875,70000400
2017-10-16,519.0508104547298,530.2968937477227,518.0415273897638,528.206298828125,81418400
2017-10-17,532.0269491497779,536.8570129082781,524.5295328081833,526.04345703125,87775100
2017-10-18,526.9807303298892,527.1969926913512,521.2134993550067,523.3041381835938,45892100
2017-10-19,529.8642999143528,532.819987932732,527.701588486131,528.9992065429688,66050300
2017-10-20,526.9806680070697,527.7736445721432,523.3040762955825,524.6737670898438,59224300
2017-10-23,533.4689114398453,535.4153608627632,531.0899372564942,533.1084594726562,82908600
2017-10-24,532.8921323239456,541.6871680544945,532.5316804005663,541.6150512695312,98470300
2017-10-25,547.8869601435156,559.9260639888709,547.7427705644341,551.3472900390625,161464100
2017-10-26,550.6262888432282,557.0423499744804,550.1937641828968,554.879638671875,78753100
2017-10-27,562.304912461744,572.9742789237442,561.5840087278187,570.1627807617188,136072300
2017-10-30,568.6488723285925,568.9372514303684,557.9795055699847,564.1792602539062,130010000
2017-10-31,555.1679992335058,555.6726406940135,549.5449583890057,549.6891479492188,90909100
2017-11-01,555.0960534941654,558.7005733220496,552.1403648354949,553.726318359375,79328100
2017-11-02,558.7004816003611,560.8631931420399,553.5099651002361,557.8353881835938,63121500
2017-11-03,557.8353881835938,557.8353881835938,557.8353881835938,557.8353881835938,0
2017-11-06,560.4306501151697,560.5027228973448,542.4080545236152,548.96826171875,86058600
2017-11-07,544.8590572785138,554.7354476680197,542.1196317691368,553.2936401367188,62778600
2017-11-08,546.0847150523574,550.5543281208694,545.2917383468641,548.1753540039062,63094700
2017-11-09,550.0496664916509,557.3307781595653,541.2546302587916,545.7242431640625,124262200
2017-11-10,540.3174454440026,542.984798537818,537.4338299913328,538.226806640625,64252900
2017-11-13,539.1639085296588,539.3080540729453,532.3873959772882,535.0547485351562,53423700
2017-11-14,537.7942500754815,538.3709643317673,533.5408999344792,534.8385620117188,49151000
2017-11-15,537.0733145629366,537.7942183408735,528.1340901163301,530.7293701171875,98201400
2017-11-16,530.7294176398734,538.0105288488122,529.1434203863037,532.5316772460938,74764100
2017-11-17,536.4966338868514,540.9662463896316,533.7572081594951,535.70361328125,86901700
2017-11-20,531.3062242990484,533.3247466089068,526.6924213046694,530.0086059570312,54758500
2017-11-21,532.0269846106738,538.7313809012013,531.73860550121,536.2803344726562,62294300
2017-11-22,540.0289628693652,549.8332799309562,539.5964382344961,547.8147583007812,90004700
2017-11-23,547.8147583007812,547.8147583007812,547.8147583007812,547.8147583007812,0
2017-11-24,544.4986826026734,550.7705550532448,543.2010644406021,549.6171264648438,58225000
2017-11-27,551.7077774312262,553.2937749020521,549.4729928135746,549.905517578125,52635200
2017-11-28,550.1217063414994,554.5913189791505,549.4008024967324,550.3380126953125,55736000
2017-11-29,559.5655790901891,566.2699761180987,559.2051271639522,565.549072265625,118254500
2017-11-30,573.8394968748859,581.2647981474169,570.5233565785654,571.0279541015625,172431800
2017-12-01,581.841432381607,584.4367124306775,570.5953508370617,575.4254150390625,93965900
2017-12-04,582.4903483065698,583.4996313617492,576.290592397559,577.3719482421875,64034400
2017-12-05,577.2996721835987,580.6879283620934,574.4160573934704,578.5972900390625,66047300
2017-12-06,574.560352541549,575.2812563715886,562.7375121287087,566.2699584960938,94065200
2017-12-07,569.5139991652107,570.018640622794,560.1422498118592,561.8724365234375,68776900
2017-12-08,551.0589301273263,565.3328178055626,551.0589301273263,564.756103515625,94648500
2017-12-11,566.4141843279554,573.1185815764899,566.1258051772843,573.0465087890625,65889200
2017-12-12,573.9835768261728,586.0226782990073,573.8393872755064,585.9505615234375,103838100
2017-12-13,594.7457003306193,598.8548612420907,589.4831108126385,598.3502197265625,134941000
2017-12-14,582.6345597355796,588.9064326697257,580.9764895117322,583.643798828125,97723000
2017-12-15,580.1834705997545,580.2555873926143,570.955909150947,575.6417846679688,85045400
2017-12-18,585.3739569755624,595.6828737724495,584.6530530876614,592.2946166992188,90952500
2017-12-19,593.3038134768042,596.4036909439634,588.8342012215984,589.4830322265625,64664300
2017-12-20,595.8991020024001,603.9011610999883,593.7363904625892,601.9547119140625,92243300
2017-12-21,601.9547293308962,603.6849162129973,595.9712360310564,598.2781372070312,69609300
2017-12-22,598.9990636508163,610.8218611225097,598.9269468610639,609.8126220703125,98869300
2017-12-25,607.7939516713195,609.0194968819962,602.7476252748061,605.4149780273438,36393400
2017-12-26,604.1175281579415,608.3708791902744,602.2431954321091,602.6757202148438,37116100
2017-12-27,605.5591916096275,606.0638330693974,600.152413113113,602.3151245117188,38933000
2017-12-28,599.1430473373609,599.7198054976094,588.2574190699554,588.90625,54430400
2017-12-29,591.7898515172102,599.1430338901736,591.7898515172102,595.7548217773438,48762400
2018-01-01,595.7548217773438,595.7548217773438,595.7548217773438,595.7548217773438,0
2018-01-02,595.7548217773438,595.7548217773438,595.7548217773438,595.7548217773438,0
2018-01-03,595.7548217773438,595.7548217773438,595.7548217773438,595.7548217773438,0
2018-01-04,606.6405684865485,610.8218018697233,604.4778570124432,610.6776123046875,81329100
2018-01-05,618.4633772194344,627.1862954525499,618.4633772194344,624.87939453125,98933500
2018-01-08,624.87939453125,624.87939453125,624.87939453125,624.87939453125,0
2018-01-09,631.5117148050756,632.4488809242118,619.4726128117787,622.4283447265625,72297900
2018-01-10,627.9072067219979,634.9720551272708,627.3304924849201,632.0884399414062,79009900
2018-01-11,634.395340870161,636.5580522594911,628.9885623968357,635.7650756835938,72964800
2018-01-12,634.6114745548759,635.6928300303189,628.6279830575181,629.4209594726562,70705300
2018-01-15,637.2788678335452,643.7670011033438,634.1068739681224,640.7391967773438,74018900
2018-01-16,643.7672068457658,644.7764899438139,638.5046169784783,641.099853515625,57019700
2018-01-17,634.3954803637804,638.5046417071428,629.565415065459,635.0443115234375,68383400
2018-01-18,642.2533037245247,643.046280416325,629.4211790718849,629.5653686523438,82881400
2018-01-19,636.1255697493503,638.9370683415628,632.5931233124285,634.9000244140625,60658300
2018-01-22,637.9277786787756,639.2974694737094,631.0791927026804,633.6023559570312,45863100
2018-01-23,633.6746259686698,639.3697852584587,628.7003706902219,639.2976684570312,68502600
2018-01-24,635.0442553989616,636.1976840247628,622.1400581454621,625.816650390625,78301600
2018-01-25,617.8866424949261,622.1399926053972,612.7682430064747,615.147216796875,84490200
2018-01-26,617.0215024173216,617.9586684393589,606.1358300061282,606.2079467773438,69823300
2018-01-29,602.6034721251023,613.9216259856648,599.1430988678749,609.8845825195312,64926200
2018-01-30,614.4983947530958,615.291371304558,602.170913813493,604.9103393554688,64132100
2018-01-31,598.4222310605198,605.7754586732151,591.7178344726562,591.7178344726562,78224100
2018-02-01,601.8826183359744,620.4819281356911,599.9361692172939,617.8145751953125,107660900
2018-02-02,619.1122338815694,620.6982311934257,603.9011798462433,609.4521484375,87055900
2018-02-05,592.5830157656428,595.7550105791801,586.4553325125918,591.7900390625,105771100
2018-02-06,562.3050908695078,570.1629616626223,555.2402408356035,569.9466552734375,144517800
2018-02-07,587.5365979743726,588.8342160164293,570.6674314262062,570.955810546875,109807100
2018-02-08,576.434735754797,580.2555615914773,568.1443409779306,577.1556396484375,74104500
2018-02-09,557.9795508712126,565.4769681213525,556.6819328088168,561.4398803710938,91861600
2018-02-12,561.4398803710938,561.4398803710938,561.4398803710938,561.4398803710938,0
2018-02-13,569.0813773972523,569.3697124663389,551.491310165638,553.2214965820312,94359500
2018-02-14,556.1053127760604,557.9796454059123,547.1660863864179,547.2381591796875,68891900
2018-02-15,558.7005261073944,564.1073053923046,556.7540767647303,557.1866455078125,66683200
2018-02-16,560.5747758942558,565.0443882433036,557.9074670412293,559.7817993164062,49933600
2018-02-19,564.8281419608868,572.9743463122373,564.0351653604944,572.1092529296875,58503400
2018-02-20,567.8559831665742,569.4419804694077,558.7004952824941,565.6211547851562,53865000
2018-02-21,565.6210289031901,565.9094079851541,554.2307591731371,554.447021484375,60470100
2018-02-22,549.3287923899392,552.6449328540418,545.3638207913241,551.203125,56499100
2018-02-23,547.1661042937203,552.2845047969323,546.0126755607525,551.7799072265625,47580100
2018-02-26,557.4748477284231,559.8538212463736,552.6447839189649,554.8074951171875,45788800
2018-02-27,558.6283331262496,562.7374492983045,556.5376946523663,561.7282104492188,69317500
2018-02-28,557.5469799301358,558.9166706599616,549.544921875,549.544921875,60220800
2018-03-01,543.4894203797113,543.777755514259,535.2710990367339,538.0826416015625,74672700
2018-03-02,526.2598280653796,531.3061551838147,524.6738307423466,530.801513671875,72159500
2018-03-05,524.0970852163358,528.2783186366731,521.2134698918993,523.7366333007812,61503200
2018-03-06,534.1898062932077,536.7129700206384,525.0343176821477,526.404052734375,57994100
2018-03-07,521.2134557231608,523.7366190634527,515.5904147934627,515.9508666992188,78487400
2018-03-08,522.7273635465842,525.1784542344866,516.7438703972686,518.9786987304688,48683600
2018-03-09,523.3760824569583,526.7643386228204,515.085689966249,516.9600219726562,88037200
2018-03-12,524.8179594402138,528.7108575087792,523.3761518593341,527.8457641601562,55868600
2018-03-13,524.1691234737556,531.8828027586412,523.1598845769653,531.8107299804688,52691900
2018-03-14,524.8179866176683,528.278316190876,524.0970827898968,527.1969604492188,51424600
2018-03-15,523.0878671872898,524.6738646127069,519.4112747924223,521.8623657226562,47988500
2018-03-16,522.2947787360666,522.7273033956999,516.4554758286481,516.8880004882812,57976800
2018-03-19,513.8602832371014,514.4369975481579,507.2279586587472,509.1744079589844,68201000
2018-03-20,506.79544871628474,514.0044878160896,506.2187343883969,511.9138488769531,53663800
2018-03-21,511.91384887695307,511.91384887695307,511.91384887695307,511.9138488769531,0
2018-03-22,504.63268954159,513.4277252165534,503.839712915359,512.6347045898438,49723600
2018-03-23,498.1446385028937,500.66780237374775,492.6657859835194,494.2517395019531,91878900
2018-03-26,487.04266720483054,496.0539661392041,486.32176329008064,495.9098205566406,63748500
2018-03-27,504.5606099411082,512.0579833984375,502.5420440098291,512.0579833984375,74245800
2018-03-28,505.98902861822285,513.9591048684922,500.6512920108686,513.593505859375,62294500
2018-03-29,516.3721808560911,517.6152267292896,504.9654620905475,509.13330078125,56648100
2018-03-30,511.83864423842135,515.7871316312044,507.74395293602925,509.6450500488281,45401600
2018-04-02,510.9611619993343,514.9096491167262,505.4771769078372,505.5503234863281,42347200
2018-04-03,502.2598814321416,509.06001332935807,499.5544401359556,507.7438659667969,41452700
2018-04-04,505.25800066386626,505.91609695329885,497.5804188882214,502.04071044921875,58054900
2018-04-05,505.6965922941717,516.3721114198079,503.13739892298906,511.61932373046875,77603800
2018-04-06,508.91378651878915,512.2772793253027,505.8427461226607,506.5739440917969,58243600
2018-04-09,506.06214692462714,514.4709244060975,505.3309488827602,513.301025390625,40170300
2018-04-10,508.9139475378415,517.9076764780527,507.08595203662804,515.0560302734375,46298800
2018-04-11,518.4193578621815,521.5635001900322,515.275215534331,517.1032104492188,38393000
2018-04-12,516.9570213164045,517.7613213198373,509.86439130610796,510.4493408203125,46851900
2018-04-13,516.2257810989638,526.9744004810303,515.5676850562477,523.0990600585938,71456100
2018-04-16,522.2947853279427,525.365826223273,517.1032967547053,520.9786376953125,43219300
2018-04-17,518.4193514157914,519.8817473295172,514.1052656187878,515.6408081054688,40463700
2018-04-18,511.91174213073936,516.3720770581216,510.4493460159493,515.8602294921875,56254200
2018-04-19,518.2001425384093,533.7746543491392,517.5420463459135,522.3679809570312,79902500
2018-04-20,525.7314459895948,530.1186346904816,522.2217039546437,523.7572021484375,62119600
2018-04-23,530.1185902851488,537.1380737670647,529.5336407664537,534.0670776367188,65230800
2018-04-24,544.742503806441,549.0565898089048,540.062818808134,547.3016967773438,82250500
2018-04-25,543.0608322699363,548.764168466145,541.0865884942668,548.617919921875,66625500
2018-04-26,552.2007141899629,552.5663131738507,541.9639426411031,545.2543334960938,61688700
2018-04-27,541.0865789337645,544.8888178736514,534.3595476753165,536.1144409179688,65845500
2018-04-30,536.1144409179688,536.1144409179688,536.1144409179688,536.1144409179688,0
2018-05-01,532.3121610408707,532.3852629916973,519.5161956312345,520.3204956054688,89831200
2018-05-02,520.6130225920311,522.6603682495006,516.95703226484,519.296875,50192400
2018-05-03,519.296875,519.296875,519.296875,519.296875,0
2018-05-04,519.296875,519.296875,519.296875,519.296875,0
2018-05-07,521.051667459141,521.3441645053277,514.544032154928,518.4193725585938,41711600
2018-05-08,519.7354783311279,526.9012091002473,518.4193309863964,522.8065185546875,48832900
2018-05-09,522.075456927086,525.6583455614355,517.9076187233383,524.122802734375,48623800
2018-05-10,529.3141495784504,530.4109463702592,524.1226179866231,525.7312622070312,39559300
2018-05-11,526.4625340378631,529.0948288565396,523.3183917186711,528.6561279296875,45608600
2018-05-14,526.8281902491138,531.5809775310282,525.9507436713108,529.8992309570312,36020700
2018-05-15,537.4306881231759,542.0372279527579,534.5058952626416,538.9661865234375,61991300
2018-05-16,524.0496918134834,527.3400832924771,510.3762782972404,526.2432861328125,121082000
2018-05-17,531.5809373927591,544.7425011796499,529.0948463814997,532.677734375,101288900
2018-05-18,532.6777798033783,534.4326729761397,527.3400429603441,529.0217895507812,55128500
2018-05-21,527.4131438498255,531.1422806772232,526.4625953118253,526.6819458007812,44345400
2018-05-22,525.7314008817398,525.7314008817398,519.8818164491196,525.4389038085938,51028700
2018-05-23,520.9785782438174,525.3657662711338,519.1505832324356,521.3441772460938,54137100
2018-05-24,513.1547773329272,513.9591219569996,509.6450356544644,511.3267822265625,71873600
2018-05-25,507.81705325202597,509.9375454799715,504.5997639328234,506.28155517578125,59213200
2018-05-28,504.5266816110322,507.3052254245814,502.1137368421287,506.72027587890625,39963400
2018-05-29,503.06426744298363,503.5029684293548,499.04267809569234,500.35882568359375,49339000
2018-05-30,485.5154628551673,487.12410735062485,481.5669758780246,483.3218688964844,105771300
2018-05-31,484.7841954401954,485.6616418237611,479.44645983093807,479.5195617675781,99519000
2018-06-01,480.1046475907219,493.04686269730166,478.49604749726734,487.1241760253906,88944000
2018-06-04,493.5586480779963,501.0899785229111,490.2682570908096,499.0426330566406,75033200
2018-06-05,500.87063835542335,501.08998883332566,493.8511552898394,497.2877502441406,43955200
2018-06-06,493.6317627740469,496.9953004250812,490.7069707099049,492.0231628417969,57744500
2018-06-07,500.5049761365327,504.4534627552282,497.5070825166642,498.8963317871094,62401100
2018-06-08,494.58238510614024,499.3351724910531,494.0705375389305,494.6554870605469,62647100
2018-06-11,492.9738233920559,499.1158613455958,491.43828043207446,494.80181884765625,43171000
2018-06-12,499.0426498188061,500.13944685137494,493.5586646559621,493.77801513671875,44149000
2018-06-13,493.5586899717208,496.84908123819895,492.46189288289474,494.6554870605469,38140400
2018-06-14,489.9027404785157,497.507218779251,484.8574555981905,489.9027404785156,78968200
2018-06-15,489.9026963231855,490.7801429139995,479.6659235641936,481.6401672363281,94064200
2018-06-18,477.2530227654704,481.7133134545118,474.7669313011837,477.6186218261719,48406500
2018-06-19,474.986198078348,477.47228910437127,467.966715201834,468.1860656738281,76465500
2018-06-20,466.79681501456173,468.4054148907308,457.1449926136292,465.8462219238281,73221100
2018-06-21,462.848344772732,463.1408418310535,455.1707655940374,455.6094665527344,89856500
2018-06-22,448.95561046626545,457.7299872180492,444.275925013799,457.2181396484375,94957900
2018-06-25,459.1192714843273,462.848363671875,456.0482307616949,456.998779296875,52671400
2018-06-26,454.5126464307521,465.04191519227913,452.3921990664219,461.38592529296875,61487700
2018-06-27,460.87407778130876,463.360168764353,454.9513919959391,461.38592529296875,49875700
2018-06-28,462.9214116669749,464.96880166261093,460.0697663938221,460.80096435546875,54366100
2018-06-29,462.9214720417551,462.9214720417551,457.0718875856721,461.4590759277344,52247100
2018-07-02,457.803086575753,461.532223451379,453.7814972539993,454.5126953125,44892600
2018-07-03,453.1964975929161,455.4632381007567,449.68675622617565,454.0739440917969,51705100
2018-07-04,450.5643638633252,457.29139658886686,450.4181152897441,454.29345703125,40377500
2018-07-05,451.0760814208814,451.8803814003385,446.3232942378681,450.12548828125,55514000
2018-07-06,452.4654013862035,457.36443786382074,451.5879546899628,452.31915283203125,45981500
2018-07-09,453.78143239308923,461.7515079430648,453.12338101176937,459.70416259765625,42663900
2018-07-10,470.81841484488274,474.76685730781105,465.40753173828125,465.40753173828125,72170100
2018-07-11,458.0955227160904,463.4332589073771,455.1707308711353,462.77520751953125,51289100
2018-07-12,467.235580299931,469.0635755280215,462.40969074928796,463.57958984375,39642900
2018-07-13,467.9668312215819,470.01417718241737,464.67643943955517,466.7237854003906,51130400
2018-07-16,466.7237854003906,466.7237854003906,466.7237854003906,466.7237854003906,0
2018-07-17,471.62275913858235,483.1025778604265,469.5754134510253,479.95843505859375,92387800
2018-07-18,481.8594097171291,482.444359103625,476.2291770359534,477.98406982421875,43357100
2018-07-19,482.5176844970139,485.9542801521145,479.373496700365,484.85748291015625,67625100
2018-07-20,481.64020594330736,487.8553899036067,481.12835833846566,484.4918518066406,60125900
2018-07-23,503.7954550807656,509.7912880002273,499.26201825732926,502.11370849609375,136413300
2018-07-24,508.2557969779844,509.6450912619224,502.33311003865236,504.8923034667969,76983700
2018-07-25,501.74816945603646,507.0128049568722,501.2363218354788,502.7718200683594,55244700
2018-07-26,506.7201829585912,508.69442636340693,502.77169614895973,504.3803405761719,55793200
2018-07-27,503.06422168533237,511.2536481734085,503.06422168533237,505.989013671875,76572500
2018-07-30,507.37827377368876,516.5182481201756,506.20833028006984,514.1784057617188,86783000
2018-07-31,516.5184435447162,525.3659242080437,499.847088326099,504.08807373046875,172490500
2018-08-01,507.74395043827144,519.0043737788502,500.1394727669086,516.225830078125,97490200
2018-08-02,518.3463729014919,522.2217140699144,511.8386916842749,513.6666870117188,69172600
2018-08-03,516.9571610417629,516.9571610417629,506.79348754882807,506.7934875488281,61167600
2018-08-06,500.8706020011275,504.1609928171933,493.19302343030733,495.1672668457031,76507600
2018-08-07,495.0210934007492,497.79963714105185,488.0016097801121,492.1694030761719,51513500
2018-08-08,495.0210969363942,501.74812815434524,493.70494932672284,497.2146911621094,45205900
2018-08-09,493.558773012089,496.77606286546364,491.29207649866265,494.80181884765625,36616100
2018-08-10,492.53500361973175,494.6554958807879,489.02526179866345,489.537109375,43991600
2018-08-13,478.20352471684623,479.08097130263457,472.79264129514075,475.93682861328125,71709700
2018-08-14,476.08292853213504,480.0314149913433,473.08503503335737,477.98406982421875,40081500
2018-08-15,482.5907692654241,483.102616885858,471.03784765422245,475.4981384277344,46418500
2018-08-16,469.13666182115463,486.24671443629285,468.69796083257705,481.4939270019531,62764000
2018-08-17,486.246752902399,492.5350389230036,484.19940707909467,490.6339416503906,48420800
2018-08-20,486.68545172886843,493.4124833711826,486.4661012182173,492.2425842285156,33478800
2018-08-21,488.4403562896543,492.97379367199346,487.2704571201183,488.5134582519531,36184800
2018-08-22,487.63590213511776,490.780044210141,484.8573143848949,490.1219482421875,35954600
2018-08-23,489.53715349689156,491.365148842287,486.6123609442589,488.5134582519531,28955800
2018-08-24,490.1952205939537,491.51136823880483,487.8553777648905,488.8790283203125,24841700
2018-08-27,489.90266355137214,492.75435362355813,488.5133694897873,491.21881103515625,29986400
2018-08-28,495.0210699384841,500.79755226933986,492.02317584502407,492.9737243652344,44536900
2018-08-29,496.55663390780785,502.69871607205977,496.55663390780785,501.382568359375,46306900
2018-08-30,504.5267220636868,505.11167165626284,495.8985928440085,499.627685546875,63290100
2018-08-31,492.3156048647312,493.558650391474,490.1220108629913,490.48760986328125,47625100
2018-09-03,488.4402770996094,492.90056716771744,486.758530580263,488.4402770996094,33632200
2018-09-04,492.7543628502032,493.26616576046933,488.51337863702156,490.4145202636719,35288700
2018-09-05,489.53709326477247,490.34139326626916,485.2230069289228,487.8553466796875,42165200
2018-09-06,488.00150108869667,492.02308957806514,486.68530915278967,490.1219482421875,39545700
2018-09-07,488.07476126001336,489.6834061030334,484.8574715739732,488.58660888671875,36857100
2018-09-10,486.9779073438434,494.72858891852155,485.7348617176586,491.6575927734375,42459500
2018-09-11,491.65756608154436,494.874810589538,490.414520522844,493.41241455078125,36685600
2018-09-12,492.46195241567256,492.97380004475855,485.881169087178,486.97796630859375,43975500
2018-09-13,487.0508509033445,497.21451847065094,486.3927996414561,492.82733154296875,45413800
2018-09-14,495.0210558293239,500.43193898827815,494.6554568220645,497.6533508300781,76002600
2018-09-17,497.65335083007807,497.65335083007807,497.65335083007807,497.6533508300781,0
2018-09-18,495.7522852481982,509.6450484041211,495.67918329362954,506.28155517578125,66797000
2018-09-19,511.39986088163545,517.2494444450341,511.1073638519532,513.8128051757812,62346800
2018-09-20,521.344320431077,529.3875006901819,521.344320431077,522.1486206054688,105002100
2018-09-21,529.7530011277262,530.7766962761067,524.3421175642092,527.9981079101562,87766900
2018-09-24,527.9981079101562,527.9981079101562,527.9981079101562,527.9981079101562,0
2018-09-25,528.7292359872141,532.6777228896593,526.5356420700294,532.0927734375,75964000
2018-09-26,537.2898293307018,539.4428220108678,528.6034987298331,531.7958984375,61901600
2018-09-27,527.4897511224904,528.5291579201529,521.7731043628464,523.554931640625,62255800
2018-09-28,530.8306776598237,536.2503384529007,526.3761544906504,526.4503784179688,73560100
2018-10-01,523.4806905221756,529.717041015625,523.4806905221756,529.717041015625,44054700
2018-10-02,532.3155184192818,537.2897450181679,528.306429443761,530.0882568359375,53317100
2018-10-03,527.6382719739161,530.0882506241343,521.10498046875,521.10498046875,49936700
2018-10-04,537.5124563483558,540.1109281677194,533.800353749265,537.438232421875,106779700
2018-10-05,542.7094944861356,546.3473737921897,539.7398118897681,543.9716186523438,86804200
2018-10-08,543.9716186523438,543.9716186523438,543.9716186523438,543.9716186523438,0
2018-10-09,546.124697152605,550.0595634620393,532.018702603551,537.7353515625,84384300
2018-10-10,539.8882396286817,543.3776253191278,538.0321882309715,540.1851806640625,49418200
2018-10-11,517.467185930099,525.2626026478408,513.9035759218833,515.3141479492188,107352600
2018-10-12,510.04297757385245,510.78539821078675,502.9157575847872,509.0035705566406,85555400
2018-10-15,504.1035292943319,504.6974566431212,495.1944831212362,498.9065856933594,66503000
2018-10-16,498.90656704511287,505.1429172586769,498.90656704511287,504.177734375,55412000
2018-10-17,512.2700751737596,516.5018805096831,508.7064663222563,512.12158203125,61173900
2018-10-18,515.9823331353791,518.9520156282446,512.3444539561153,513.903564453125,48975700
2018-10-19,506.9991427385697,511.2309047161327,505.9597355744657,509.7460632324219,46368000
2018-10-22,506.3309120888896,514.1263293571203,506.25668814517354,510.9339294433594,37890200
2018-10-23,505.14293594394064,507.88985559524383,497.94144789406664,498.6838684082031,63776700
2018-10-24,504.02942746766183,504.10365141158394,487.7703961375709,493.04156494140625,63796700
2018-10-25,478.7869823042846,484.4293597870322,475.2233277743918,482.7218017578125,72419500
2018-10-26,489.9975982183827,490.9627359400007,478.19309249943683,484.8748779296875,64694900
2018-10-29,488.8838713098387,490.73992245376365,479.30662928168636,481.9793701171875,44474500
2018-10-30,484.726369213371,494.67477686135436,483.9096794639365,492.8187255859375,72870500
2018-10-31,492.96720866563754,508.5580390601833,492.37328133240504,508.4095458984375,83101900
2018-11-01,507.74141116869436,508.1868453546804,500.0202196440865,505.43988037109375,53760200
2018-11-02,505.43990498337166,506.1823255386685,496.3823651459987,504.6232604980469,61139500
2018-11-05,501.2081850102181,504.1778677424694,499.94610610002115,500.1688232421875,55818500
2018-11-06,501.13385255261915,506.6277825431415,500.7626422914691,502.9156799316406,46306400
2018-11-07,504.10354611992216,513.4580267883987,496.4566236288655,500.0202331542969,69491700
2018-11-08,508.5580390601833,515.9080200859695,506.3307775752482,508.4095458984375,64726800
2018-11-09,506.3308239817041,513.0868329797116,505.95961370019256,508.8550720214844,41507400
2018-11-12,505.1429641309304,506.5535359982483,501.20809893544,504.8459777832031,37775100
2018-11-13,495.1944829621712,496.38233765936826,488.5126983344957,494.8232727050781,69924700
2018-11-14,500.1687237569174,505.43989143270534,497.94146215073886,502.0989990234375,77825500
2018-11-15,496.08545819443816,496.23395137845034,481.5339871226441,486.2112731933594,109753800
2018-11-16,487.77020207056944,488.80960875451314,482.12782516450534,483.90960693359375,67247600
2018-11-19,482.57337534710524,485.394564478691,467.72496379796354,474.7037353515625,97730200
2018-11-20,469.2840785135868,481.8310057249962,466.68560621768927,474.18408203125,62238700
2018-11-21,466.75977739986473,474.03548923691363,464.3840227371801,472.03094482421875,58915400
2018-11-22,460.30073667786246,467.1310147364783,456.1431997624027,465.27496337890625,96165700
2018-11-23,465.27496337890625,465.27496337890625,465.27496337890625,465.27496337890625,0
2018-11-26,455.84617221892705,462.0082531063678,451.61436644339557,460.4491882324219,77453600
2018-11-27,466.01736773996686,470.91732502830956,464.2355403730683,468.6900634765625,75331600
2018-11-28,467.7250426923502,470.9174426511484,461.04325636817373,463.5675048828125,85056400
2018-11-29,467.65082667128246,471.4371541936311,465.49778847150657,466.3887023925781,50788100
2018-11-30,464.90372547337876,466.0173562217274,460.449202479984,463.6416015625,66686000
2018-12-03,467.87337718612207,473.21881349496545,465.2749056081598,467.7248840332031,53574700
2018-12-04,462.52802952703246,464.82951524026777,455.84624418876075,457.5538024902344,84668900
2018-12-05,446.12047312463733,454.584039191489,443.96743566231385,453.544677734375,73984500
2018-12-06,449.16448424333777,452.95081135691004,446.26902564089346,448.79327392578125,63949700
2018-12-07,448.7931597703124,449.1643699934475,442.8537962001511,447.0856018066406,70605800
2018-12-10,438.7706290642354,444.78421854519434,438.10243231578977,442.85394287109375,59379600
2018-12-11,438.99333153786455,440.47817287255293,430.60398705962757,434.01910400390625,69899200
2018-12-12,434.01905065182484,439.8841913283722,433.3508993216049,435.9493713378906,56443400
2018-12-13,438.0281893860755,443.67056827639175,435.8009274061463,439.0675964355469,51893500
2018-12-14,434.4645058183934,436.69176742172033,430.15847578137857,432.9053955078125,82183200
2018-12-17,433.27668822986556,438.8448432978321,432.16305721627225,433.49945068359375,41150100
2018-12-18,430.60389797603864,430.90088430704014,426.00088172802714,427.18878173828125,57565300
2018-12-19,423.1796653580749,425.3327028336419,420.061490340055,421.91754150390625,55036900
2018-12-20,418.2055389930736,420.804011242666,409.7419708540858,411.5980224609375,70479800
2018-12-21,405.65863133373193,407.58890675570603,398.6798596135048,402.4661865234375,87530600
2018-12-24,402.4661865234375,402.4661865234375,402.4661865234375,402.4661865234375,0
2018-12-25,385.3162291326295,388.4344042114817,383.6086710913235,386.13287353515625,75145700
2018-12-26,388.8056865171844,392.5920135416097,382.1239009584869,386.20721435546875,58663700
2018-12-27,406.1039948871145,407.5146118979624,397.7146526843718,399.4222106933594,73631400
2018-12-28,393.1858957916711,402.1692114210065,392.2950274038885,399.3480224609375,49814300
2018-12-31,399.3480224609375,399.3480224609375,399.3480224609375,399.3480224609375,0
2019-01-04,391.9238418309572,399.94197502245663,390.8102109623113,399.1995544433594,67237800
2019-01-07,410.187406286455,414.04800270249126,404.69347538896943,408.40557861328125,67360500
2019-01-08,413.00855598897544,418.57671029040984,412.1176422379948,413.7509765625,70795900
2019-01-09,419.4675957815988,420.1357923782564,412.71158714318386,415.7554931640625,49909700
2019-01-10,411.67225717421127,419.2449569911149,411.5237639790247,417.0919189453125,50341000
2019-01-11,422.8827880994333,423.3282676818874,415.53285078342907,419.1706848144531,50191600
2019-01-15,422.9570121446367,426.223635498002,419.9130605880564,424.1448669433594,51699100
2019-01-16,421.39788189419284,421.6948682367625,415.38429362406447,420.13580322265625,49847500
2019-01-17,427.5599922222019,428.67362299342096,422.06606229202043,423.5509033203125,45349400
2019-01-18,428.0054903139587,428.4509245634567,423.9221768764448,425.3327941894531,39933800
2019-01-21,429.86148316473253,435.2811439242662,428.7478523793317,431.643310546875,49396200
2019-01-22,431.34632487118733,432.9053898476303,425.5554538410029,428.45086669921875,38748400
2019-01-23,428.37671768136425,431.1979071059417,426.89187637224336,427.1145935058594,30812600
2019-01-24,429.11914835165703,432.4600413751561,428.30250373808417,431.4949035644531,35016100
2019-01-25,430.6039919227464,434.61308169718706,430.5297679806783,433.49945068359375,37278400
2019-01-28,433.12819689560297,434.3160517321024,429.78730418997145,431.42059326171875,31047300
2019-01-29,431.3463242119337,432.97965842660545,428.82207630619064,431.643310546875,36036000
2019-01-30,432.5341930151078,433.499375978234,428.5251492453114,430.7524108886719,37371800
2019-01-31,434.9099149549613,435.50384228554367,431.6432919798831,433.2765808105469,45337900
2019-02-01,429.8614998276416,430.4554272067942,423.4024319591904,424.59033203125,51465200
2019-02-04,426.29783568177635,431.42050964934623,426.07511860731654,429.71295166015625,43742100
2019-02-05,430.3068757761802,434.6871745676904,428.3766007268273,430.9008483886719,44014200
2019-02-06,431.7918087523206,433.94484664733153,430.678177837058,431.34637451171875,29644200
2019-02-07,429.713001783369,432.16298051569805,427.560009394127,429.19329833984375,44733900
2019-02-08,426.5948456111062,427.18881832397886,421.6206639939674,423.9221496582031,55856200
2019-02-12,424.6645640761942,432.31148684908095,423.77365033356307,431.2721252441406,67374500
2019-02-13,435.8008535287129,438.39932539813447,431.9402576885358,432.68267822265625,44852600
2019-02-14,430.60390717605543,432.4599585000902,427.18879086533275,430.6781311035156,39288000
2019-02-15,424.7387388099373,426.29784900738923,420.8039193256539,424.5160217285156,50240500
2019-02-18,433.12814963806505,439.5871719132189,431.8660256908933,434.3902282714844,67273100
2019-02-19,431.4206175768124,435.652424305204,430.1585387345594,434.9100036621094,38811700
2019-02-20,438.1022970773077,440.0326174692976,434.24174692082573,435.8008117675781,39237400
2019-02-21,436.54327354991636,440.5523625549577,434.76144614461947,436.09783935546875,35111700
2019-02-22,430.6038620824261,432.7568995183375,428.7478109527604,430.9008483886719,45492000
2019-02-25,435.6523601700819,436.0978396786129,431.7917643315802,432.4599609375,37816800
2019-02-26,431.94027656579755,432.97968348449314,428.0054566257447,431.2721252441406,39955800
2019-02-27,430.60392661278377,431.8660506328481,428.74787520497,429.93572998046875,51014800
2019-02-28,430.2326684290343,430.4553855104236,426.3720728678702,428.1539001464844,47951600
2019-03-01,430.8265567042118,432.1629043851823,426.6690205159156,429.4159851074219,47962700
2019-03-04,432.5342293624957,432.8312157320689,429.7873093558543,431.34637451171875,35142200
2019-03-05,430.4554632720187,433.94484922330673,430.08425296472757,433.5736389160156,43532000
2019-03-06,432.68266709706177,432.97965342857486,429.41604401917857,431.94024658203125,34567200
2019-03-07,427.55998911460927,428.1539164588589,422.5857626432341,424.9615173339844,51764800
2019-03-08,417.5373456343689,420.5812518381455,413.8252427937851,415.3843078613281,88906500
2019-03-11,413.08275387312176,418.576637979863,412.56305049868394,417.31451416015625,28639900
2019-03-12,418.7252410391748,424.8130993510779,418.50252390988464,424.0706787109375,33799200
2019-03-13,419.0222147333901,421.6949108314665,416.2009801352715,417.4631042480469,32306500
2019-03-14,422.0661347673093,425.6297447843868,420.2100831632314,420.43280029296875,21971400
2019-03-15,422.1403028084473,426.14939186789775,421.91758570820093,424.66455078125,64900700
2019-03-18,424.73876877917075,425.62968248146973,421.2494285252757,423.847900390625,32131500
2019-03-19,426.0752065073469,427.4857784790947,423.4024651211924,427.04034423828125,28445100
2019-03-20,424.88727914402796,426.81759979608955,424.219127825578,425.62969970703125,33412300
2019-03-22,421.9918077518139,423.77358966824994,419.9129942120153,423.3281555175781,49002400
2019-03-25,412.8599790796701,413.528175585828,408.9251599007589,411.82061767578125,44143500
2019-03-26,412.34037688143025,417.1661102842274,410.41005633205975,415.7554931640625,40857000
2019-03-27,417.1944421345225,419.1633935160227,416.20992022208634,418.4060974121094,30578400
2019-03-28,416.51275188113954,417.4215162204878,413.3320998042578,415.9826354980469,27919400
2019-03-29,420.8294756750018,421.0566552734375,415.90705074824393,416.51287841796875,35812800
2019-04-01,421.510871868386,428.705182788961,420.67786488204115,424.1614074707031,37078300
2019-04-02,430.9771155067297,433.3247607329461,429.9926399958482,430.6742248535156,41109300
2019-04-03,432.4159873560855,432.8703464373162,428.62950760690785,431.65869140625,29669300
2019-04-04,429.3868385100029,432.41602255592886,428.70525361099743,430.1441345214844,20872600
2019-04-05,429.3868692326553,433.77917716918165,429.3868692326553,433.0218811035156,31388500
2019-04-08,432.0372735122707,432.3402103346895,425.9031957424821,429.08380126953125,28129000
2019-04-09,427.94795342196636,428.40235875742763,424.6158787369831,427.5693054199219,19515400
2019-04-10,423.10130630948197,424.54014105083064,420.90512930731546,424.01007080078125,27220100
2019-04-11,418.784729622287,420.2236106539668,414.468132748932,419.61773681640625,44885700
2019-04-12,422.4955480508286,423.63149229593205,419.84501147892047,420.52655029296875,34720000
2019-04-15,429.46251401647646,431.7344018625626,426.2819080092971,426.73626708984375,44960100
2019-04-16,423.3284020598119,428.0236458171533,423.17693363763834,426.6605224609375,35414000
2019-04-17,429.46242036701204,435.8237234375649,429.1595297865888,434.0061950683594,68797700
2019-04-18,434.76361402722523,440.5948024570209,431.12860248062526,431.5830078125,63939700
2019-04-19,430.37127690221604,430.67421376931105,426.4333287383628,428.3265686035156,31945000
2019-04-22,424.08571052176023,425.6003023450522,421.6623543601582,424.5400695800781,34341000
2019-04-23,424.9187100425846,425.67600594087594,422.94975919569663,423.9342346191406,35731000
2019-04-24,422.72257332737513,422.9497528491189,414.9981460363781,417.648681640625,57746600
2019-04-25,416.8157065894818,418.17883004605767,411.51463497482763,416.05841064453125,68738100
2019-04-26,412.42339735551616,416.9671735124481,410.9088053032055,416.4371032714844,47322800
2019-05-07,415.0738416279427,415.37677846006426,407.2737035283596,410.3028869628906,72019200
2019-05-08,404.0931090299681,406.1378173828125,402.27562644430014,406.1378173828125,55824500
2019-05-09,401.21548764172064,401.7456041865873,396.89889037879004,398.4134826660156,60141100
2019-05-10,396.97451333806214,400.0794079870968,393.86957246735477,396.44439697265625,62134300
2019-05-13,386.22089905289533,389.62873051512673,386.22089905289533,388.1898498535156,61985100
2019-05-14,379.40533935715024,388.6443608572901,378.79951173225425,388.568603515625,61682000
2019-05-15,386.37249029840456,389.02302672272685,382.7374550499707,388.6443786621094,60925500
2019-05-16,378.6480317826892,379.4053278462546,373.4984277947813,374.7100830078125,111216200
2019-05-17,380.7684252209279,383.04031325473017,378.49653718712557,380.16259765625,64246500
2019-05-20,382.51018843007535,386.5995819321657,380.54121434067235,381.9800720214844,44580000
2019-05-21,382.6616411071334,385.2364658716702,379.17809816375063,384.630615234375,46490300
2019-05-22,387.7355392156863,389.4773107139211,385.3121828512526,386.220947265625,45619900
2019-05-23,383.57041302750196,384.8578254350099,380.38976067415246,382.5859375,43228200
2019-05-24,378.4965207283109,383.04029659833066,377.5877794208104,382.5859375,39934600
2019-05-27,383.1917463895966,385.3121657814093,381.298506535893,383.72186279296875,28657700
2019-05-28,383.26749085534914,389.6287723117404,382.73737443780044,388.4928283691406,80235200
2019-05-29,383.5703757387005,383.5703757387005,379.405248262762,382.8130798339844,57878700
2019-05-30,382.3587154834492,385.53936767578125,381.6771537596175,385.53936767578125,38542400
2019-05-31,381.67717177388977,382.8131157375025,379.0266358587933,379.48101806640625,56723500
2019-06-03,375.08868623419966,376.60327818040815,373.34691474039545,376.3760986328125,51039000
2019-06-04,377.13344732030146,379.93545205677714,376.2246827812168,377.58782958984375,49626000
2019-06-05,383.1917865598778,386.97826666422446,382.58595898751855,383.5704345703125,62472600
2019-06-06,380.6926605451141,384.1762032181386,380.1625441674781,382.8130798339844,34644000
2019-06-07,382.4344512094348,384.55487060546875,379.9353838419064,384.55487060546875,35057300
2019-06-10,382.8888888450667,386.44816642604525,381.98012433754286,385.23651123046875,48310900
2019-06-11,387.3568983381577,392.05214271386507,386.52386812816576,390.91619873046875,45810100
2019-06-12,389.2501243308738,390.00742029260704,387.58406397072525,388.4928283691406,35437600
2019-06-13,384.63062350229757,385.1607399324713,379.1023720943226,383.4189453125,63204700
2019-06-14,384.32769182825115,384.32769182825115,380.5412121058053,382.73736572265625,42981800
2019-06-17,380.9199262270738,383.2675486848365,379.78398211307655,381.4500427246094,34809100
2019-06-18,380.76843124592926,382.8888739775345,378.4208320625257,379.7082214355469,38671600
2019-06-19,384.1005688154738,386.4481681002046,382.8888905038067,384.25201416015625,39723900
2019-06-20,382.43449789408857,385.16076824381855,381.7529360843663,384.17626953125,30959900
2019-06-21,382.055870341071,384.0248447608347,380.01116169153914,381.4500427246094,61017000
2019-06-24,380.9198823690452,383.04030189336413,379.85967260688574,381.90435791015625,32038600
2019-06-25,380.6927466486112,383.34328291460474,380.38980972953823,381.4500427246094,31727100
2019-06-26,379.93536019588703,382.8888095675627,379.4809780362054,382.282958984375,28378700
2019-06-27,383.94908505678177,387.7355651855469,383.6461712686487,387.7355651855469,42507700
2019-06-28,386.97826915979385,388.4171500973971,385.0850290954113,387.7355651855469,37464900
2019-07-01,395.3085517554971,397.0503234863281,393.41531156509717,397.0503234863281,51047900
2019-07-02,396.14146095192956,398.71628546257926,394.8540949182776,397.27740478515625,35841000
2019-07-03,393.8696312052587,394.39974764972106,390.61326764881807,393.1123352050781,44129800
2019-07-04,394.4754898448702,396.89879997511053,393.3395458881908,395.9900817871094,31076800
2019-07-05,395.83862061111273,400.0037485286893,395.4599726186058,398.640625,33794500
2019-07-08,401.36686531579693,403.41157368532623,398.4891498654155,398.8677978515625,37088200
2019-07-09,401.3668532984997,403.5630300410678,398.33766950002047,399.77655029296875,36104400
2019-07-10,399.5493432046737,399.5493432046737,396.898807257125,398.640625,49997700
2019-07-11,396.82307841017274,399.24643469823434,395.8386029179943,398.5648498535156,35094500
2019-07-12,400.7610482441366,400.9882277974197,397.05027939435564,399.5493469238281,28374000
2019-07-16,395.0055600473116,396.97455730522927,393.8696160906322,395.9900817871094,33637300
2019-07-17,396.14148761962605,399.0949602735084,394.9298326046198,396.36871337890625,30781200
2019-07-18,394.39974179087926,395.53568577427563,389.4773178628284,390.91619873046875,50028700
2019-07-19,392.2036019315114,396.82308886666976,390.68900998927217,395.9900817871094,39443100
2019-07-22,396.44443635332345,398.9435037851407,396.3687252457473,397.5046691894531,26649600
2019-07-23,396.2929870758416,400.30664662664606,395.99009640921616,399.2464599609375,25858800
2019-07-24,402.8057864549741,404.54755812118935,399.92802449497725,400.7610778808594,36631700
2019-07-25,400.98824634611435,401.3668943596612,398.9435378286251,400.4581298828125,21485600
2019-07-26,401.36685481139205,402.04843965728963,398.48913943632493,401.44256591796875,27723000
2019-07-29,401.51836420053144,402.19990289426823,399.70083524053695,400.91253662109375,28397700
2019-07-30,400.91252551521467,403.79024110408767,399.39793349773623,400.6095886230469,29884600
2019-07-31,397.5804369870244,398.7163810927016,395.8386652693228,396.974609375,35748200
2019-08-01,401.3669549014595,411.81763240738627,400.8368383581954,408.2583312988281,75049500
2019-08-02,399.8522750476271,400.382391474791,393.41525925614064,395.2327880859375,80583300
2019-08-05,391.5220450512253,392.5822779752396,386.5238866624458,389.7802734375,51974000
2019-08-06,379.48104606004733,388.34139576333564,378.95092959358664,387.811279296875,55079900
2019-08-07,389.2500825748788,389.855910034941,386.29663326311214,388.1898498535156,38623800
2019-08-08,386.29665469609665,387.3568643654475,384.6305944222329,386.5238342285156,33642100
2019-08-09,388.18991852685224,388.41714430853665,384.17625889451597,386.1452331542969,32424700
2019-08-13,381.75294008990005,382.661681475451,379.0266697115647,381.82867431640625,41510900
2019-08-14,383.7975881360767,384.85782098215225,381.0713411342792,382.0558166503906,32813400
2019-08-15,376.07318034372804,378.6479819991546,372.7410827243032,377.89068603515625,60750000
2019-08-16,376.3761037690678,378.193609507153,374.3313953694474,377.7392272949219,33525900
2019-08-19,380.7684116506332,382.88885427311516,380.54123209968554,382.6616516113281,30689000
2019-08-20,383.9490460563869,384.5548735711149,382.661633699042,384.0247802734375,26541400
2019-08-21,379.7082251259396,380.5412553817793,378.64801530525307,380.0111389160156,32873400
2019-08-22,380.1625858272587,380.7684133730859,378.26934585799944,379.0266418457031,32270000
2019-08-23,378.8751584854149,381.904342316954,378.79944737829726,380.4654846191406,26720400
2019-08-26,373.34686295680785,376.37604642907405,371.45362328664146,375.3915710449219,49810900
2019-08-27,379.7081865116536,380.6926851178335,375.92170674366577,376.5275573730469,34745100
2019-08-28,375.6188344648534,378.3451048210407,375.3159206721306,377.43634033203125,27569000
2019-08-29,379.5567582814315,380.4654996001723,377.96643208508584,379.0266418457031,39911400
2019-08-30,383.8732984997198,386.5995684429344,382.4344408691124,386.5238342285156,46070400
2019-09-02,384.1005026416738,388.3413413356242,384.0247684269595,387.58404541015625,25038200
2019-09-03,386.5238795490594,388.11420579497275,385.9180519843497,387.1297302246094,22729800
2019-09-04,385.08502197265625,386.1452317669321,382.88886816076194,385.08502197265625,29722700
2019-09-05,386.9782090997291,392.960865263326,386.9782090997291,390.61322021484375,49617700
2019-09-06,396.0658125267205,398.86781700308114,393.4909876086204,393.6424560546875,52700200
2019-09-09,394.4754580406135,397.8832896358981,394.323989614266,397.5803527832031,41336700
2019-09-10,405.1533357368676,414.1651760858537,405.1533357368676,413.3321228027344,105319000
2019-09-11,428.47803917260546,432.64316689670085,425.3731442669504,431.65869140625,136874000
2019-09-12,432.18883626094754,432.56748426078684,424.6915873754569,430.3713073730469,80996600
2019-09-13,430.37133051767483,430.5227989700922,424.6916102146393,429.7655029296875,78544700
2019-09-17,429.38677546376096,437.56556194254546,428.70519066483155,432.9460754394531,71452400
2019-09-18,428.2509295999372,430.5228178206265,425.97904137924786,428.62957763671875,42644900
2019-09-19,434.68788967832927,437.1112460428228,427.56928902419406,427.94793701171875,64566100
2019-09-20,428.6295240237632,430.67423241096844,427.2664005061859,429.2353515625,41470800
2019-09-24,429.3111834160765,430.9771978813809,427.6451227290857,428.78106689453125,37048600
2019-09-25,425.14595962379695,429.2353299708228,423.5556104152235,428.2508544921875,38209600
2019-09-26,431.35579498374926,432.11309100459266,428.25089978696354,429.4625549316406,52465600
2019-09-27,432.0954805342895,432.71496280996047,425.4359633597576,429.075439453125,52603900
2019-09-30,429.07530790648,429.4624901180049,422.260910436333,424.6614685058594,49521000
2019-10-01,426.28772691514644,430.23696760515924,426.28772691514644,428.0687561035156,40715900
2019-10-02,420.47996071555394,426.3651125310497,420.17019598275425,425.9005126953125,37472500
2019-10-03,418.93122681897484,421.951267507343,415.6014686647881,419.628173828125,51175000
2019-10-04,416.76294515396563,416.99524502998236,414.36238706591564,416.3757629394531,42477800
2019-10-07,416.84045673654475,417.38252141185046,410.4906575332448,412.5814514160156,33689300
2019-10-08,415.1367743995376,416.06602121832833,413.6655102612874,414.5947570800781,29947300
2019-10-09,408.86449758396753,411.9619558989976,408.4773152945888,411.6521911621094,31079400
2019-10-10,407.85781457229376,410.25832575210165,404.29570931360934,410.180908203125,40148300
2019-10-11,415.8337019425098,417.30501327562104,413.74290851357165,414.51727294921875,37707900
2019-10-15,421.8738216235271,423.4225508125,419.7056102116578,420.6348571777344,52303900
2019-10-16,427.4491804951468,430.31433844028726,424.893787238356,426.13275146484375,59622900
2019-10-17,426.98460977789944,427.44920957857954,423.3450871277089,423.4999694824219,36838000
2019-10-18,425.1260909894703,426.44252003174637,422.4932329049181,423.5773620605469,29361500
2019-10-21,428.92058706653336,431.4759808904817,426.98467549331997,430.0046691894531,45450100
2019-10-23,432.09538630478363,433.9538799899722,429.2302282332252,433.3343505859375,44103200
2019-10-24,435.58008562555034,438.0580617875796,434.5734211025752,436.8965148925781,39776800
2019-10-25,436.8963815400144,438.75482764669033,434.6507059897333,437.4384460449219,28706400
2019-10-28,441.31031215429465,441.7749119117473,438.52257181921533,438.60003662109375,29887400
2019-10-29,442.54925950009823,448.5892924342857,442.31695963021656,446.42108154296875,53595700
2019-10-30,443.47857268599245,446.033966164451,443.0913904236969,445.8016662597656,47888300
2019-10-31,443.71085547446694,445.72418425535534,437.0513397252595,441.2328796386719,51909000
2019-11-01,435.3476718785697,439.06461151809606,434.88302488397153,438.21282958984375,40595400
2019-11-05,445.956561859192,448.35707305131893,441.0006098492679,446.9632263183594,62832400
2019-11-06,454.0099281447544,454.6294103346989,449.59604073827484,451.0673522949219,49029100
2019-11-07,448.82165172356406,452.4611743783885,448.5119342772026,450.2155456542969,37843400
2019-11-08,457.6493892556626,458.6560535864443,453.8549845510373,457.26220703125,66085300
2019-11-11,459.97248464775856,461.4437960124517,458.19145586023103,458.9658203125,43666800
2019-11-12,457.80427363409655,459.3530025386344,454.7842333648655,458.9658203125,36616200
2019-11-13,457.5719449185863,458.6560267253795,453.85495797114584,454.4744873046875,40547400
2019-11-14,454.5519524808573,456.79762839168234,446.1888254994887,447.5826721191406,55975800
2019-11-15,445.3370356951468,453.46786350475486,445.25961814520184,451.0673522949219,44379900
2019-11-18,450.6801203003924,452.07396688986734,448.6667915893127,450.7575378417969,31519200
2019-11-19,450.75756080173613,451.06732551004495,447.42780287298035,449.2088317871094,28899400
2019-11-20,448.2021254763886,449.75085434621957,442.47185701608663,443.0913391113281,47908900
2019-11-21,442.4719180709135,445.2596115158895,435.81235465364284,442.8591003417969,43522600
2019-11-22,442.85909448762396,446.1113877092835,441.7749652380973,443.47857666015625,32512800
2019-11-25,447.73759086594373,448.35707305131893,445.4144972231908,446.9632263183594,28396800
2019-11-26,449.1314548916287,450.215584205373,446.03399658203125,446.03399658203125,47283800
2019-11-27,446.80839297198753,448.6668869954551,445.9566107815869,448.4345397949219,28409900
2019-11-28,448.4345229253949,449.98325213220124,447.19555846533564,448.6668701171875,28275000
2019-11-29,450.06068418629025,450.6027488219032,447.50529063378485,447.6601257324219,28709200
2019-12-02,450.21552052505285,452.07396688986734,449.20880890605673,450.7575378417969,32027300
2019-12-03,446.3437645772469,450.21558749251284,445.87911746933696,449.90582275390625,33329600
2019-12-04,446.80830183593713,448.4344483271844,444.7175083018644,448.2021484375,32496500
2019-12-05,451.45451157882337,453.93248747585864,450.9124469664314,452.6160583496094,44767800
2019-12-06,452.84841364922283,455.0166251005746,450.98996694669194,452.77099609375,34729000
2019-12-09,455.3263302027926,456.2555770640614,453.46783648025485,454.93914794921875,36864300
2019-12-10,455.326311031127,456.41044020086946,453.15809995509863,454.3970642089844,33089100
2019-12-11,454.39705477419216,454.5519371185762,448.1247215660132,450.44781494140625,40053300
2019-12-12,452.22887227101506,452.46117217051733,447.96986748079144,449.2088317871094,29594300
2019-12-13,456.8750835685719,464.4638466904085,455.94583665777407,461.2889709472656,124520000
2019-12-16,458.81096838296565,461.21147943874206,457.64942162756574,459.1981506347656,38957400
2019-12-17,462.6052933703052,464.6186218261719,460.12731793454225,464.6186218261719,53507600
2019-12-18,464.38644986961816,466.7869611714906,462.91513825655875,463.999267578125,51006500
2019-12-19,466.16745397602773,466.94181851751614,462.52793117834,463.8443603515625,34015200
2019-12-20,463.147438178762,464.7736321611113,461.366409090586,463.999267578125,34775200
2019-12-23,462.52791614186236,462.6827984978171,459.04327581844785,460.74688720703125,27188600
2019-12-24,462.0633203181457,462.3730377692641,458.11403289284385,458.4237976074219,21558800
2019-12-25,456.9524424235938,458.501171321506,456.2555427776064,457.0299072265625,15854100
2019-12-26,456.87514229630546,460.1274832704302,456.64284235461093,459.8177185058594,21747300
2019-12-27,461.5986654280859,464.30894121263066,461.28894798221324,462.8376770019531,28385400
2019-12-30,460.74687398041095,461.1340562274533,458.26889814664827,459.35302734375,25897800
2020-01-06,452.8483313577374,453.15809605026794,446.96318030730725,450.7575378417969,56430300
2020-01-07,449.90582413974494,452.46121781899916,449.5960594001842,452.30633544921875,41756400
2020-01-08,444.56267756082843,445.8791067731317,441.8524015851591,444.4852600097656,67480800
2020-01-09,453.7776265111463,453.93250887391065,448.04730993309545,449.1314392089844,41613400
2020-01-10,449.6734293657953,450.4477937878947,447.35033609949716,447.7375183105469,27565200
2020-01-14,451.2996928138089,451.2996928138089,446.42120514179555,448.35711669921875,37523000
2020-01-15,445.02732247836803,448.51196300145057,444.6401401980255,448.2796630859375,31181300
2020-01-16,446.0339107298002,447.5052220490474,445.64672851562506,445.646728515625,31002600
2020-01-17,447.8148960538632,451.2221181137109,446.96311417062594,451.1446533203125,48892100
2020-01-20,452.77093294573245,453.5452974463191,451.4545038420434,451.53192138671875,25029800
2020-01-21,451.06723579036344,451.29953564366,448.5118428772023,451.1446533203125,28130800
2020-01-22,445.2595635378074,450.68011474609375,445.2595635378074,450.68011474609375,33064100
2020-01-23,447.6600456259651,448.2795749634961,445.95648173811287,446.65338134765625,32175700
2020-01-24,445.9565715876567,446.2662890553701,443.63347789422585,444.4852600097656,29327300
2020-01-27,437.5159434817685,440.3036367826407,435.9672144782932,438.677490234375,40560200
2020-01-28,435.3478288226855,439.0647698021795,434.26369937457656,438.522705078125,41075100
2020-01-29,436.9739224159546,441.2329275998595,436.35444020553376,439.8390808105469,33814500
2020-01-30,436.74162086061835,438.60011474838916,435.1154741564161,437.9031677246094,40500500
2020-01-31,440.76823030955757,444.48517001377667,439.68410123341124,440.2261657714844,44500900
2020-02-03,433.6440417740193,439.1420098268457,433.2568595938639,437.4384460449219,39729700
2020-02-04,433.87646410038735,439.99396317901784,433.7215817319164,439.8390808105469,36642400
2020-02-05,438.98730581448854,444.0206756590981,438.8324234435001,441.8524169921875,45390100
2020-02-06,450.29296894782703,451.4545157292918,448.51194000227304,449.828369140625,67561700
2020-02-07,449.0540524188891,449.51865227554515,446.73095860867954,448.6668701171875,35610700
2020-02-10,444.25296153538636,448.9765664886461,444.1754967206099,446.8857727050781,32089800
2020-02-12,443.7108822218716,444.0206469438157,439.68417715390245,443.3236999511719,56821400
2020-02-13,441.54264618429573,443.2462575324794,440.76828168634484,443.1687927246094,30531700
2020-02-14,441.1554639353203,443.16879272460943,439.916452380524,443.1687927246094,30853100
2020-02-17,439.2195454183042,441.774938766541,438.44518093317447,440.92315673828125,27017000
2020-02-18,439.064653308331,441.3103291706697,436.43179521203433,438.1354064941406,36448300
2020-02-19,437.2835955622382,437.8256601066177,433.7989556870957,434.1086730957031,45982400
2020-02-20,434.650831055001,438.9873010785753,434.5734135020739,435.8123779296875,39223900
2020-02-21,437.1288581187484,441.07809904756033,436.74167578206215,438.522705078125,39992900
2020-02-25,422.4158639733372,432.56002071974126,422.2609816099306,430.77899169921875,73048800
2020-02-26,425.51330753343296,427.60410120876423,422.41584942581926,427.2169189453125,78583000
2020-02-27,422.4159107037468,425.97796913885,420.7122990447322,421.7189636230469,92127600
2020-02-28,410.41317953101964,411.8844909667969,404.99262810325143,411.8844909667969,134141600
2020-03-02,404.605417559758,410.5680331659611,400.19153082459707,407.6254577636719,89172100
2020-03-03,411.5747222436717,412.34908672578587,402.7469482421875,402.7469482421875,70014100
2020-03-04,391.8284196570422,396.55202399258457,390.7443141313723,393.6868896484375,91622400
2020-03-05,394.8483728924648,395.2355550631049,389.7375635136702,391.75091552734375,75649700
2020-03-06,380.98731316514187,383.2329653659892,376.1088265346208,377.42523193359375,102643900
2020-03-09,356.2077024702653,359.924642956393,330.8859715593604,334.8352355957031,195016700
2020-03-10,334.8351327832071,347.2249621082599,319.11554627973595,340.4880065917969,144788500
2020-03-11,339.9460171906494,350.0127557407142,337.4680413256341,342.7337341308594,100784300
2020-03-12,333.7511392123095,334.52550380444944,321.36130573807066,323.994140625,136822000
2020-03-13,298.6724315147111,318.41872853981215,296.42675530058864,307.50018310546875,239816200
2020-03-16,308.19706155561823,319.03816422340384,298.51750560223826,305.4867858886719,163249300
2020-03-17,298.1303159681939,307.73243050939533,294.5682347393712,303.70574951171875,169340500
2020-03-18,307.6549832389436,315.7083923381161,298.13031005859375,298.13031005859375,137598800
2020-03-19,303.78317854482066,307.9647656765268,296.58159827440005,296.9687805175781,141131100
2020-03-23,294.25854378930796,309.9007179381692,294.25854378930796,307.73248291015625,107968800
2020-03-24,319.03815378872946,327.4787215776683,316.1729958675474,325.92999267578125,106662300
2020-03-25,338.31985149757355,348.4640313590381,334.8352111839831,347.4573669433594,119887000
2020-03-26,340.4106932715406,344.74713989018267,337.85527583454103,340.1009521484375,94636200
2020-03-27,344.7470796838113,348.4640197753906,337.2357346937391,348.4640197753906,123393700
2020-03-30,334.5254745855758,341.21597921590285,329.1889870539418,339.3840637207031,103657000
2020-03-31,335.4812506659386,337.39281982702266,320.5868933514389,320.9851379394531,110203300
2020-04-01,318.5957089444292,327.27743715178013,314.6132625826238,318.4364013671875,84636400
2020-04-02,312.06443750918254,312.9405804306868,308.48023635414484,311.82550048828125,84664000
2020-04-03,311.50694959884584,315.8876404606613,305.69256350719155,308.08203125,65025200
2020-04-06,309.03787122565296,324.0118614488677,305.3740153136543,321.3038024902344,74786100
2020-04-07,336.1184303772967,338.4282441132921,320.98513611860324,331.0209045410156,87395500
2020-04-08,330.46337202785617,330.86161663726716,318.595687528793,324.1711120605469,95292600
2020-04-09,328.31291632462,329.1890351548243,320.2683691132138,324.9676513671875,62302900
2020-04-10,326.56061450080693,340.57883110661675,324.9676358934859,339.304443359375,93740200
2020-04-13,335.08299870351425,343.764725669775,334.4457927925626,335.1626281738281,64474200
2020-04-14,333.4104086384039,342.0124829117928,331.73777633332185,340.8177490234375,64006000
2020-04-15,335.32197384182496,338.50793083794684,329.0297136358689,332.1360168457031,79252000
2020-04-16,326.1623091604908,326.4808999612904,321.2240666738765,325.2065124511719,66641100
2020-04-17,330.1447794504426,334.0475717405834,327.1181301577429,328.8703918457031,71414900
2020-04-20,329.7465421551459,336.038802228606,328.4721545221473,333.49005126953125,49237200
2020-04-21,330.5430286128123,333.25108711837623,329.268640990511,331.7377624511719,59984500
2020-04-22,328.1535280636272,329.268608006343,325.20650850145296,326.48089599609375,63939700
2020-04-23,325.84375261822225,333.410400390625,325.28620042801305,333.410400390625,78661800
2020-04-24,330.3837026182454,333.80862068134286,326.7995013030705,329.74652099609375,122603500
2020-04-27,329.82623755536014,339.4637633430845,327.9146680181325,337.313232421875,86017900
2020-04-28,342.41069326894575,342.7292840792344,336.19808739409467,338.5875549316406,53297600
2020-04-30,346.5524892087407,351.49070814091283,345.915283203125,345.915283203125,84877900
2020-05-01,340.8974212278803,341.0567288110369,327.75534774596434,330.5430603027344,87270900
2020-05-07,326.16234649740295,328.711121809407,324.9676126274491,327.5163879394531,56678800
2020-05-08,329.26862330217546,335.08300892066273,327.99423574833435,333.8882751464844,49774700
2020-05-11,335.32193359899037,339.62297016619203,334.68475199900496,337.5520935058594,48674300
2020-05-12,334.5254845927945,335.1626662692497,329.9854861505517,332.1360168457031,50033800
2020-05-13,328.15355978057715,335.00337195776973,327.75531516919295,332.9324951171875,47473500
2020-05-14,330.0651356258071,330.8616248644345,323.45428466796875,323.45428466796875,70466000
2020-05-15,326.560616003255,326.79955307268267,320.98519085197995,321.7020263671875,65662000
2020-05-18,325.7641032375076,327.1181446852248,323.5339430603623,324.4897155761719,58388400
2020-05-19,333.64932880935334,338.7468549469967,331.97669658891294,337.63177490234375,80303600
2020-05-20,334.2865427484159,338.98582438894067,333.649336774173,336.9149475097656,56332300
2020-05-21,340.9770095913919,341.4549079422363,335.9591133679056,336.43701171875,40174400
2020-05-22,336.4370133676294,337.47246385068695,327.19773433139557,328.2331848144531,65766200
2020-05-25,332.93245777383834,335.16261762467525,332.1359686404081,334.2864990234375,32828700
2020-05-26,336.91497577769485,341.85321918798644,336.4370773336465,341.6142578125,65637200
2020-05-27,349.81807607409405,357.46435316082585,347.10999327337765,354.0394592285156,113881000
2020-05-28,364.0752839483676,372.6773591394879,356.0307367138069,364.1549377441406,144319200
2020-05-29,356.26960362598544,361.52643712162353,353.8005065917969,353.8005065917969,92317400
2020-06-01,354.4377408584141,354.67667792723415,347.9065188321858,348.0658264160156,61324700
2020-06-02,351.6499927253809,355.4731312813931,350.8535035006349,352.8447265625,67417300
2020-06-03,360.80964575105196,362.4026243194893,351.8889560450334,354.119140625,71496800
2020-06-04,364.7920718728568,365.9868057327024,355.3138547794663,359.1369934082031,84199700
2020-06-05,361.6857739792188,368.7745234564132,360.09279547616734,368.4559326171875,77153700
2020-06-08,381.1997312894925,387.25305399637114,379.12885453359706,384.86358642578125,123141100
2020-06-09,387.41234656233564,389.64253093264495,378.8899266065343,381.1200866699219,82708500
2020-06-10,378.33234059022686,378.5712776088845,372.9162241740188,373.55340576171875,69646300
2020-06-11,360.8096193816669,361.7654161756455,353.95980717661286,355.154541015625,116487700
2020-06-12,337.39286270654793,351.01283420899097,336.2777825797759,350.0570373535156,111078000
2020-06-15,347.508205821084,353.4818744357502,341.77349853515625,341.77349853515625,61218000
2020-06-16,353.1632719127047,360.17239077202976,350.45521375868054,358.42010498046875,84853900
2020-06-17,355.63245895815896,357.2254374977252,351.4907050325174,355.9510498046875,53191700
2020-06-18,351.80932389606704,353.16334108482334,348.2251221442449,352.3668518066406,46483100
2020-06-19,354.35805881084445,354.5173663819715,348.7029803327532,349.8180847167969,58436600
2020-06-22,349.65878417968753,351.012825640738,348.0658056640625,348.46405029296875,34469700
2020-06-23,350.2959744139226,352.5261589743905,346.47283560586874,350.0570373535156,44869400
2020-06-24,348.0658056640625,351.09245512098073,347.1896626190841,348.46405029296875,39195500
2020-06-25,343.2072092235323,344.56125065654584,338.1893367259835,339.8619689941406,65237900
2020-06-26,343.28680897943934,347.9860899022289,342.4903198634778,344.3222351074219,46410500
2020-06-29,336.11847898946,338.26900978633284,334.60515420610557,336.5167236328125,54000000
2020-06-30,342.3310939646815,342.5700553406144,335.24234400331557,335.7998962402344,57934900
2020-07-01,337.15386247338813,337.79106840589156,330.94125654973544,332.69354248046875,62189200
2020-07-02,332.21568471452935,339.14512689067794,331.57847870414025,335.4016418457031,60094900
2020-07-03,336.9149279119844,338.6672138555717,332.7731743945533,336.1184387207031,42247500
2020-07-06,336.11843891600535,342.5700062305167,334.5254605325172,341.93280029296875,44984200
2020-07-07,342.09211235344515,343.12753859356246,335.9591357735834,338.9858093261719,46083300
2020-07-08,336.1184548257789,339.22475795922986,334.6847839355469,334.6847839355469,45760400
2020-07-09,333.0121598810212,334.1272399682793,330.70234592021745,332.1360168457031,56072100
2020-07-10,328.7111387094074,330.06515591414876,325.76411862257055,326.56060791015625,65546300
2020-07-13,333.7289985600128,336.75564801272816,332.85285551625105,336.1981201171875,57462100
2020-07-14,331.8971337807157,340.3399017482153,331.8971337807157,338.1097412109375,52289600
2020-07-15,339.62300194225287,341.2956341823607,336.43704503039885,338.1893310546875,48275200
2020-07-16,343.92402258101606,346.63210527303943,338.58755959121004,341.4549255371094,71616800
2020-07-17,343.7647065502624,343.7647065502624,338.02997520525224,338.50787353515625,40785600
2020-07-20,338.50796642100795,338.5876202156686,334.92376442360904,337.313232421875,40273100
2020-07-21,334.5254927385987,334.68480031505317,329.34831249383467,331.419189453125,82575500
2020-07-22,332.21565802965125,335.48126868818235,329.90584415646845,329.9854736328125,69613800
2020-07-27,325.04725391961836,331.3395138648011,322.817069530606,331.1802062988281,63235900
2020-07-28,329.90585567936085,331.7377712238543,326.7995281719426,327.5163879394531,41638800
2020-07-29,329.1093462959146,330.38370956702084,327.4367141189359,328.3924865722656,45310800
2020-07-30,329.50762191442885,329.66690518485126,322.17991088113666,322.5781555175781,59169900
2020-07-31,319.9496925014008,320.90546487103165,312.86091981531325,313.1795349121094,96430700
2020-08-03,318.59568810732424,321.14446333495164,318.11778971377885,320.66656494140625,48074500
2020-08-04,322.97636689559044,328.4721374511719,322.7374298610995,328.4721374511719,64484500
2020-08-05,321.7816652293681,328.9500686626956,321.7816652293681,327.9146423339844,47600400
2020-08-06,328.15355931226037,331.10057915506644,327.35707009062867,328.7907409667969,39291400
2020-08-07,329.50761155482604,330.7819749058343,328.15357011072626,329.8262023925781,30894200
2020-08-11,335.3219835148301,342.4903869628906,334.60514803140876,342.4903869628906,87005000
2020-08-12,345.43738201896093,351.3313973443228,345.27807445330717,349.97735595703125,77583900
2020-08-13,355.15450674865787,355.47309754693754,349.10118435366473,351.0924072265625,63378700
2020-08-14,349.6587140404124,349.89765104705765,345.27802400118173,346.8710021972656,47190300
2020-08-17,344.0833376993757,347.4286020942216,342.9682576700676,344.2426452636719,36313300
2020-08-18,340.8973653751963,341.85316210368933,335.7201857608533,340.3398132324219,49279800
2020-08-19,336.9149741724918,341.7735637678062,335.7998940129748,340.4991760253906,40001100
2020-08-20,339.30441680244735,342.5700275532451,338.5875813466436,339.8619689941406,39909000
2020-08-21,342.490354022535,344.87982160873867,338.82649886230496,339.0654602050781,47250900
2020-08-24,340.73806584473937,341.77351637615186,339.3840488055522,339.62298583984375,24371000
2020-08-25,346.7914167794851,352.8447399791118,346.7117629925973,349.6587829589844,66572000
2020-08-26,348.06582384976474,350.6145993307021,346.55249904223757,350.4552917480469,36435800
2020-08-27,348.862281777939,348.862281777939,342.88861256941266,344.0036926269531,38515700
2020-08-28,350.9331359863281,357.9422310159419,347.18962713444677,350.9331359863281,103375900
2020-08-31,357.3050921037267,357.9422737982419,351.88895047265345,352.4465026855469,59409200
2020-09-01,350.8535293091033,352.3668540860552,348.38440766937975,351.809326171875,40162100
2020-09-02,353.641176392432,353.8801134104699,350.29591229838445,351.251708984375,32444800
2020-09-03,355.23416052495776,355.8713421215171,350.45522563000316,351.0924072265625,47307200
2020-09-04,348.8623423038121,354.27846026977653,348.8623423038121,353.9598693847656,46868000
2020-09-07,356.82718550496236,357.4643671848806,351.57035157140643,353.163330078125,44785200
2020-09-08,354.35804539594244,354.35804539594244,349.7384176912162,353.0040283203125,46860200
2020-09-09,347.0303662767598,347.269303322332,342.6496755238405,344.0036926269531,73268500
2020-09-10,346.0745550932645,348.3843688964844,344.2426396682436,348.3843688964844,49668500
2020-09-11,345.1984138717913,350.6941844817012,344.87982305368024,349.49945068359375,48296000
2020-09-14,351.25174972225386,355.9510313084007,350.8535051080563,355.791748046875,49211800
2020-09-15,358.1015567774109,358.1015567774109,353.72086608448797,356.4289245605469,50478700
2020-09-16,353.7208557450885,353.95979278040403,350.29593762839824,351.888916015625,47748300
2020-09-17,353.6412418007761,355.07491278800967,351.6500185924384,351.809326171875,36507800
2020-09-18,351.8093043719257,353.6412198873117,350.1366721191823,351.5703430175781,51377800
2020-09-23,347.2692769428976,351.5703135849347,344.0833202736967,350.3755798339844,57954400
2020-09-24,348.0658039730234,348.62335617355257,346.47282546513765,347.3489685058594,52802400
2020-09-25,350.6942109588218,351.17210937553006,349.1012324410767,350.77386474609375,50046800
2020-09-28,352.2075328709167,354.8359375,350.45524691358025,354.8359375,80738900
2020-09-29,357.94996554959897,360.0806251677107,356.8846482448544,357.3763427734375,61883100
2020-09-30,353.9345403094703,353.9345403094703,340.82281832526303,340.9867248535156,92362300
2020-10-02,346.55915558825694,348.60786190529393,342.9534374719962,344.1007080078125,69756000
2020-10-05,348.44398685962307,353.36088211159165,348.3620336036991,351.39410400390625,43543900
2020-10-06,354.50815417327715,356.39295402441564,353.4428118589889,355.32763671875,46719600
2020-10-07,352.29552577309795,356.3929383199091,351.1482552617151,355.5734558105469,34074100
2020-10-08,356.47492344605934,357.70414732001126,354.9998648007665,355.9012756347656,40365500
2020-10-09,355.9012721813086,356.0651786996946,352.2955538544289,352.86920166015625,34306800
2020-10-12,350.7385058019481,350.9843405455572,347.4605758411823,350.0009765625,39958000
2020-10-13,352.7053078901603,353.1970024544668,348.4440133529609,350.4107666015625,29520500
2020-10-14,345.98558250616713,347.296734730447,342.87153345193843,346.8869934082031,54583600
2020-10-15,343.85482922047373,346.31327648609874,343.363134765625,344.1826171875,39734100
2020-10-16,347.0508659144477,347.3786539383801,343.8548889160156,343.8548889160156,32565800
2020-10-19,345.00215108005284,346.6411161683191,343.85488051999096,345.24798583984375,32964900
2020-10-20,344.67435947201244,345.3299354970377,340.9866880618453,342.2159118652344,41601400
2020-10-21,346.3952735660849,349.0995558970498,344.9201900148678,348.1981201171875,42344700
2020-10-22,345.65775213726215,347.7064586459198,345.411917359673,345.9855651855469,28375800
2020-10-23,349.9190274309889,350.98434467733034,346.0674496783,348.9356384277344,40219500
2020-10-26,347.70646245494004,348.52594506738023,345.4119211435572,346.96893310546875,24380200
2020-10-27,344.920202837975,344.920202837975,342.0520138918145,343.69097900390625,40268800
2020-10-28,340.16718427579104,340.49497226782654,336.06977185379554,337.5448303222656,54278500
2020-10-29,331.8904215807616,339.18381102858973,331.7265150728285,337.29901123046875,40403800
2020-10-30,337.872687998861,339.101911978981,335.90593463239423,336.15179443359375,44587500
2020-11-02,339.3477332043804,346.5591697311977,339.26577994663006,345.5758056640625,61739000
2020-11-04,352.7872607908404,354.4262259977665,345.411917359673,345.9855651855469,60155000
2020-11-05,343.36320412006125,345.9036051427221,340.0033205100018,345.6577453613281,55166500
2020-11-06,345.73969780367594,350.24685202370364,344.18268589302744,349.7551574707031,47723600
2020-11-09,349.91907330094097,351.88582655664527,348.28010808641665,350.7385559082031,40208200
2020-11-10,368.76717127096094,372.3728897216633,359.26116807647355,365.40728759765625,161581400
2020-11-11,372.8645564060585,379.58432325023205,372.618721647042,376.1424865722656,113993800
2020-11-12,374.33962831114667,376.14249997022677,366.3906623801307,369.5866394042969,78844200
2020-11-13,365.4891954693998,369.34077322779495,362.7029599675457,365.1614074707031,69539900
2020-11-16,372.6187501721866,381.4691522950231,372.53679691003316,377.8634338378906,117857700
2020-11-17,388.0250124785322,393.67943743689574,383.92759946397535,392.8599548339844,136841500
2020-11-18,391.8765575125119,391.9584857589619,381.0593780671567,383.6817321777344,90817900
2020-11-19,380.89550446857334,383.1900707657481,374.3396436342872,377.8634338378906,78454800
2020-11-20,374.5035375994509,381.0593982138833,373.766008282052,380.3218688964844,71090000
2020-11-24,391.79462035173,392.2043616353004,385.56654783973545,386.3040771484375,62856200
2020-11-25,393.35161205073996,394.82667059248143,386.22210407887155,387.615234375,76747100
2020-11-26,382.45256773658423,387.20555716500047,380.56774261187525,386.22216796875,52491700
2020-11-27,384.00950146891756,384.6650774602915,378.273124014222,379.6662292480469,99405900
2020-11-30,379.994046889096,379.994046889096,367.12816158026754,367.53790283203125,93854400
2020-12-01,368.275452948539,372.45481895503957,364.7516879871769,368.6032409667969,55427800
2020-12-02,372.04503513850364,374.50348250726023,368.35736408536866,372.6186828613281,66073200
2020-12-03,375.8966789985849,376.1425137753805,368.1935225439979,369.50469970703125,63844600
2020-12-04,367.8657028326696,369.1768798828125,365.8989497617664,369.1768798828125,36656400
2020-12-07,370.3241383423001,370.73387959406375,366.55451382434984,367.53790283203125,43143000
2020-12-08,367.12819539932553,367.78377145908917,364.0960998535156,364.0960998535156,37188100
2020-12-09,362.21127424574973,366.2267335965235,362.0473677381174,364.5877685546875,38591300
2020-12-10,364.7517013176907,366.3087132177865,362.0473937988281,362.0473937988281,45683200
2020-12-11,363.0307879982363,367.7018487727693,361.47377607626663,366.96429443359375,61160000
2020-12-14,366.7184613445485,370.8978275817084,366.22676678571366,368.84912109375,52224100
2020-12-15,367.86568972072774,368.02959622438675,364.3419249696506,365.1614074707031,49457600
2020-12-16,367.2101223770789,369.25882867799027,366.0628518502929,366.636474609375,35264200
2020-12-17,369.5866354246325,371.06169403263414,364.9975280761719,364.9975280761719,34164000
2020-12-18,365.07949447678163,367.53794225103604,364.7517064419392,366.96429443359375,47702200
2020-12-21,374.33965297824733,379.5843617834899,372.0451116324225,375.2410888671875,84102900
2020-12-22,374.0118686270345,375.07721105490333,367.9477021457341,368.93109130859375,53376700
2020-12-23,368.76714390430027,368.9310504161512,363.44050738123815,365.5711669921875,64437800
2020-12-24,369.75053961325585,372.70065681069104,369.42272658365374,370.81585693359375,49776400
2020-12-25,368.7671720293071,372.2090089716971,368.6852187671313,371.3895263671875,22782100
2020-12-28,371.9631424004431,374.6674499511719,371.3895195929241,374.6674499511719,43702600
2020-12-29,376.388327306015,378.02729241513526,374.6674339483371,376.96197509765625,49096200
2020-12-30,375.1591577853498,376.2245002656796,372.78266303480876,373.76605224609375,37152100
2021-01-04,373.84795877560066,374.0937935433737,367.1281916920732,369.5866394042969,44803800
2021-01-05,369.34075927734375,370.5699829824932,367.94762907472625,369.34075927734375,33068600
2021-01-06,370.4060916744375,383.4358584816149,370.07830367467994,380.1579284667969,92477300
2021-01-07,393.2696702785285,396.30176571339445,389.33616404662604,393.35162353515625,126359600
2021-01-08,395.81007776523984,399.49774929721417,392.28631274924703,398.5963134765625,84504900
2021-01-12,401.4644724253309,407.0369684399014,398.67823692235623,405.0701904296875,84818100
2021-01-13,402.9395989414711,406.95505862511607,401.7923033101806,406.217529296875,47771400
2021-01-14,403.4312689181368,416.0513208068,403.4312689181368,410.6427307128906,95815700
2021-01-15,416.54296871325215,419.2472761240231,408.0203552246094,408.0203552246094,65837400
2021-01-18,402.0381516503641,406.9550470435395,400.31723326102804,402.52984619140625,51026600
2021-01-19,403.34931745619815,408.26621271161565,402.85762292893185,405.3160705566406,43789700
2021-01-20,408.1842773192222,408.9218066380872,398.10462659932165,401.3006286621094,58949200
2021-01-21,402.3659309308553,405.64386112173804,397.44903564453125,397.44903564453125,53932700
2021-01-22,395.31836407824454,395.89201184777124,392.85991650933926,395.81005859375,51621500
2021-01-25,394.82668211996395,395.3183766511075,390.8112226314338,393.35162353515625,45496700
2021-01-26,392.4501731475112,393.5155154268417,390.72925485676325,391.05706787109375,38726400
2021-01-27,393.35159660528524,393.67938460073213,389.50001888507677,391.466796875,34140900
2021-01-28,385.1567716760085,391.7126316194299,383.5997599411701,391.466796875,62211900
2021-01-29,393.18766499142475,393.4335247287733,384.50117112807095,384.5830993652344,66051200
2021-02-01,384.3373006613961,391.30290205931055,384.2553474079316,389.5000305175781,49070500
2021-02-02,390.72923304848297,393.6793749524448,388.59859862598535,392.5321044921875,44892700
2021-02-03,399.08801704621214,409.1676427915685,397.4490518838047,408.1023254394531,86332300
2021-02-04,409.7412305523548,414.1664308405962,407.85643089526195,410.478759765625,60129900
2021-02-05,416.29713171024133,418.91948585044776,412.8552950272982,413.83868408203125,80238100
2021-02-08,417.1166357105486,425.8031311035156,416.9527291901205,425.8031311035156,85957600
2021-02-09,428.0977112015915,431.2936631890601,421.2140376609345,423.6724853515625,77493700
2021-02-10,421.3779892665992,428.5074983357621,417.7722455942807,423.9183654785156,61836700
2021-02-12,425.22952587613474,433.752114599724,422.8530064145805,433.178466796875,81873000
2021-02-15,440.88156722501157,446.4540379968982,440.22599125489086,443.749755859375,79995400
2021-02-16,447.437529516713,466.121724042532,446.7819533963294,460.3853454589844,135288600
2021-02-17,463.8271598802025,466.69534903140516,458.008853323234,463.9090881347656,86031100
2021-02-18,462.3520608618889,466.2855670656723,452.0265508075569,453.5835876464844,85243500
2021-02-19,449.15835624709723,456.28786428632384,448.42085197788066,450.71539306640625,52579200
2021-02-22,461.3686366947528,467.0230858192227,459.72967173313737,461.6144714355469,74122300
2021-02-24,469.31764290219274,469.56347765144125,458.91020503456735,459.3199462890625,70055300
2021-02-25,468.0883993134318,468.4981405505729,463.0075979694341,465.5479736328125,63112500
2021-02-26,461.45061182181973,466.2855789567407,456.5337164373901,457.2712707519531,90800100
2021-03-01,458.99212706545734,462.35203531718224,456.53367957176505,460.5491638183594,63212100
2021-03-02,462.84371712603144,464.318775658052,455.9600939708542,460.1394348144531,59461700
2021-03-03,463.0076658430874,463.82714843749994,458.5824398263604,463.8271484375,54299900
2021-03-04,466.53143099561174,467.0231505626082,458.41858332127646,463.8271484375,65770100
2021-03-05,464.6466557055448,465.0563970245091,459.64783162108034,463.0076904296875,64588500
2021-03-08,469.8092985932431,485.1336310644363,468.33424012386035,476.11932373046875,118940800
2021-03-09,484.31420009648855,488.65744772503814,480.62652852214984,484.8878479003906,112420800
2021-03-10,479.3972711248712,484.8878139771005,478.16804735275616,484.7239074707031,72105300
2021-03-11,489.23094713952094,491.4435594164626,485.5432766836954,486.1988525390625,81559000
2021-03-12,487.3462910109215,487.8379605426214,480.21678269779505,487.2643127441406,76516600
2021-03-15,491.6895174702913,509.6362048648547,491.6895174702913,507.34161376953125,146755700
2021-03-16,503.98176275490744,506.93187989584305,500.29409132011546,503.572021484375,86007100
2021-03-17,501.1955956789255,506.9319745373309,500.4580912646259,504.2276916503906,55688600
2021-03-18,507.9973019802658,531.9261547453367,507.25974760689354,530.2052612304688,173417000
2021-03-19,532.6636050357242,540.3667602539062,528.0745232146203,540.3667602539062,193843000
2021-03-22,535.5318061383873,541.1042770557362,532.8275239302723,535.859619140625,91409700
2021-03-23,533.9748867594155,535.5319238363841,517.1754920560553,518.4866943359375,108869700
2021-03-24,502.09702598506925,506.52220225234333,491.85349293501173,495.37725830078125,146128600
2021-03-25,501.5233748392101,509.6362729685094,498.65518560401847,507.66949462890625,84101400
2021-03-26,519.7977938932303,521.8465003566415,512.8321919176324,516.35595703125,83705000
2021-03-29,522.9936979419929,523.8951086100152,499.88428336338546,506.8498840332031,135241400
2021-03-30,502.41709042476094,515.7155974604776,498.4860659366115,514.7955932617188,98862500
2021-03-31,504.3408319307213,507.6863764211407,490.95865396904384,494.8896789550781,114950100
2021-04-01,501.7479699110627,505.1771320100946,495.55869323837925,497.7332763671875,79224700
2021-04-02,499.3224221531349,502.1661548596834,490.95856248557817,495.5586853027344,55416500
2021-04-05,496.64602086556175,513.373741683189,495.9769222426472,510.6972961425781,85224300
2021-04-06,506.43180099538336,507.26818712419487,493.6351034343585,500.1589050292969,72603100
2021-04-07,498.9042557248318,503.16980396274795,495.5587116797365,499.32244873046875,44471300
2021-04-08,496.56239918243665,496.8133047831427,483.01293520583323,486.77667236328125,91087500
2021-04-09,485.7730187034418,491.37681557597136,484.9366326343763,487.27850341796875,53585000
2021-04-12,490.289605217282,493.3842443959038,484.93671306783,487.69677734375,45666800
2021-04-13,490.1221207848798,494.7222430789359,489.8712152331744,490.5403137207031,45622200
2021-04-14,485.10393906771776,489.5367751976832,482.84568638295605,488.2821960449219,39712100
2021-04-15,497.6497636280388,502.4171749347716,493.46783284124854,494.8060302734375,47366700
2021-04-16,492.7987151643099,496.14425966501943,489.53678885653494,493.7187194824219,32469800
2021-04-19,492.21325526476056,494.8060319417284,489.6204785877927,493.38421630859375,27715700
2021-04-20,491.87860391059746,493.2168521882059,487.9476304080624,489.28582763671875,42668900
2021-04-21,477.66004412619327,479.24919801213207,472.7253971495061,477.82733154296875,68816800
2021-04-22,483.8493219523031,484.5184205714873,476.4891350433723,477.0746154785156,44539500
2021-04-23,475.0673376053675,478.663787873926,474.9837194091759,478.5801696777344,34401700
2021-04-26,481.7584061135371,483.5984657911234,478.1619559999116,478.8310546875,31989800
2021-04-27,479.0818964708876,484.6020747680173,477.4091244503545,481.42376708984375,42088700
2021-04-28,486.35848784436314,491.62770974707377,485.43848360938074,488.19854736328125,47554800
2021-04-30,492.21320614930255,493.30049783924665,483.34753415566,483.43115234375,50189700
2021-05-06,496.8969041211232,507.9372095740328,496.3950929387434,503.6716613769531,102315400
2021-05-07,509.1917979069246,509.8608965120052,503.67167060382064,504.5916748046875,49183400
2021-05-10,504.5916805553368,509.4427093086456,502.24980988638964,508.4390869140625,36562500
2021-05-11,507.35172322459175,507.51901063307747,497.3150913028475,499.7406311035156,52450400
2021-05-12,498.4861755735246,499.15527432423346,491.8787041689885,498.4025573730469,48116900
2021-05-13,494.88961104476573,509.1081731779322,493.2168390290991,501.1625061035156,69134800
2021-05-14,508.52275620980225,510.1955284341766,504.2572074572305,508.2718505859375,55716800
2021-05-17,510.27915191380345,513.6246963972218,504.59173650178377,512.2864990234375,52685000
2021-05-18,522.7413922990501,528.0106153236317,518.308555502147,524.07958984375,88863200
2021-05-19,521.82133898672,536.9599078700136,520.5667597627246,530.6033935546875,95968400
2021-05-20,530.2687192663032,530.9378178505401,524.8322103148348,528.5123291015625,46640200
2021-05-21,520.1485611137534,520.3994667460718,514.4610945200916,518.9776000976562,56832400
2021-05-24,519.3957530301843,530.770583240571,519.2284656052468,527.0905151367188,49404200
2021-05-25,526.923154134886,529.4323120117188,524.6649018359469,529.4323120117188,44909000
2021-05-26,523.4940497599907,524.5813414165406,520.5666985813816,522.9921875,49019600
2021-05-27,522.3231047224891,525.4177434150234,515.8829217242863,518.0575561523438,85566300
2021-05-28,525.250555750584,528.4288132348233,521.8213926055562,528.0106201171875,61655700
2021-05-31,524.5813156533385,526.5886114478592,518.559326171875,518.559326171875,46106600
2021-06-01,521.068509792419,523.1594749199969,516.970197722785,522.9921875,32356600
2021-06-02,526.9231838333217,533.0287914679494,524.3304076340396,530.017822265625,59813700
2021-06-03,526.5886794612728,531.5233779769438,525.6686751510766,530.3524169921875,39953700
2021-06-04,533.6143203585998,535.2870925227332,529.181484333437,532.276123046875,41078500
2021-06-07,529.8505904496379,530.5196891149212,525.2504669335005,526.0868530273438,32878000
2021-06-08,527.3414572869883,530.7706200155044,525.835972456151,530.4360961914062,39531600
2021-06-09,527.1741909045691,527.592383988112,520.6503890110896,521.9049682617188,42894100
2021-06-10,516.1338750524864,521.9049599328663,513.8756732765598,520.4830932617188,40421100
2021-06-11,515.4647168202603,517.8902568056168,507.93724230578607,510.8645935058594,80042700
2021-06-14,508.52275928964247,510.11191333200554,504.1735412701369,505.7626953125,45644200
2021-06-15,504.34080445901526,509.77731395981726,502.83531973012265,509.19183349609375,36399800
2021-06-16,508.0209115408747,512.9555586487689,507.18452548371084,510.8645935058594,34391700
2021-06-17,524.0794965375251,527.6759975153989,516.1338287892128,516.8865966796875,51805400
2021-06-18,504.3408615093409,507.18459491255993,502.41718352432133,504.00628662109375,69093600
2021-06-21,491.5441605493118,493.88603160708936,486.7767491876816,490.2895812988281,72678100
2021-06-22,501.8315992310357,508.68997463031656,500.4097328234244,506.2644348144531,64003100
2021-06-23,503.5044464263662,505.5117935426657,500.5770949936547,502.6680603027344,46547100
2021-06-24,503.33716656177523,507.1845734177193,503.0026427366661,504.759033203125,38360900
2021-06-25,508.5227050972938,509.7772841394746,506.51535821022367,508.4390869140625,32558200
2021-06-28,512.9556605644494,514.6284330111289,509.8610213282998,510.9483642578125,26678400
2021-06-29,504.42434821756154,505.76259637274563,501.99885958138907,503.1697692871094,54562300
2021-06-30,506.1808522081638,506.6826634230817,501.9152526855469,501.9152526855469,37819000
2021-07-01,504.9262731664072,505.26079696006406,500.4934372710629,501.7480163574219,33209100
2021-07-02,503.5044402550146,508.35546950282964,502.08257365247647,507.7699890136719,32681300
2021-07-05,503.3370673307567,504.34074070613076,501.246102402456,502.5843505859375,30517900
2021-07-06,503.8389778525627,507.184522058625,502.16620574953157,505.0098876953125,23693200
2021-07-07,497.0642011325387,497.4823941422496,494.3041374782373,494.9732360839844,56445100
2021-07-08,493.4677663744462,495.4751133013133,490.70770263671875,490.70770263671875,46478100
2021-07-09,484.2674897502437,492.54773149715936,482.2601429482794,490.7912902832031,66968800
2021-07-12,500.1589512572872,500.57714436034513,495.3915396726342,496.0606384277344,40334400
2021-07-13,501.83159204020455,503.58798219276554,499.5733396662338,503.5043640136719,38173300
2021-07-14,496.9806593546911,500.7443970207161,495.47517449807293,499.1552429199219,35367000
2021-07-15,495.14052558559484,496.8132976314921,492.2131745052746,493.1331787109375,47239500
2021-07-16,491.6276940794202,496.2278172056378,490.20582763061725,493.1331787109375,40327200
2021-07-19,486.0238860365477,487.696658042936,483.0129168446289,485.020263671875,48558200
2021-07-20,477.57637748417045,477.91095228377327,472.05625063335435,475.40179443359375,65947300
2021-07-21,481.7584076729422,485.0203339778108,477.57647705078125,477.57647705078125,45444800
2021-07-26,485.2712608306669,487.61313187171675,483.431201066642,485.1039733886719,38760800
2021-07-27,488.4495387798649,493.9696672574497,487.86405823249385,492.5478515625,38257000
2021-07-28,488.36584177026435,492.547772078114,488.28217253473497,491.042236328125,31474900
2021-07-29,491.96241665674256,492.7988029308788,487.6131978214406,489.0350646972656,32641300
2021-07-30,488.616714640531,489.8712936488263,483.84930419921875,483.84930419921875,39134500
2021-08-02,487.61316402733155,492.2969064183003,485.1040053788204,491.544189453125,36384700
2021-08-03,487.61298851661746,488.4493744317403,482.4273856330668,485.2711181640625,42297800
2021-08-04,486.3585534520744,487.27855781116153,484.2675880460036,484.43487548828125,29908700
2021-08-05,485.94026785580843,486.77665385900264,483.849302847823,485.020263671875,22368300
2021-08-06,485.2712765367224,489.2859200297382,484.9367016419037,488.6168212890625,31179600
2021-08-10,495.140634020592,501.413530566461,494.22062961344966,496.0606384277344,50700900
2021-08-11,504.17348335461713,515.0465016298947,504.17348335461713,512.3700561523438,82981400
2021-08-12,520.5666167250279,520.7338530697745,512.5372812683273,513.6245727539062,46213500
2021-08-13,516.1337745814759,516.8865423928901,510.36274187344935,510.6136474609375,32363500
2021-08-16,506.0136255300067,506.5154368051633,500.4098280622792,502.50079345703125,36919800
2021-08-17,504.5081223102154,506.1808945651903,500.2425224306547,500.8280029296875,27048400
2021-08-18,500.57717545430853,504.42453182183965,498.0680166801015,503.0863342285156,27500300
2021-08-19,500.9116901263117,501.6644070386558,494.6387939453125,494.6387939453125,39295100
2021-08-20,494.304139600051,497.0642032662,490.289496899384,492.9659423828125,41411000
2021-08-23,491.96232599181366,498.15155265041426,490.5404593780279,496.1442565917969,33382000
2021-08-24,495.2242234163712,495.89337318151235,492.7150649439715,494.6387939453125,37395800
2021-08-25,496.72966807820984,498.0678652647145,493.63502965434844,494.05322265625,25738800
2021-08-26,498.9879463526229,499.4898086616213,495.3078779980929,498.31884765625,33895100
2021-08-27,494.8896179016228,496.81329553650244,493.7186570548518,494.9732360839844,28240000
2021-08-30,495.97697223019236,498.0679375431359,493.30052641983315,493.7187194824219,44440800
2021-08-31,492.46415613769983,499.32253279458655,490.8750530781145,497.14794921875,51793400
2021-09-01,498.5697313105006,508.1045532226563,498.3188256915398,508.10455322265625,53877000
2021-09-02,504.340832549998,506.34817966629754,500.99528805547067,502.6680603027344,43177400
2021-09-03,502.6679622179731,509.10814432306785,501.83157625754393,509.02447509765625,52661600
2021-09-06,514.4611008215644,517.3884523487047,513.2065215956471,513.9592895507812,46409900
2021-09-07,518.5594085731575,520.6503739303073,513.5410917159979,517.806640625,48253300
2021-09-08,519.8139431458425,532.276116023788,518.1411710037802,529.6832885742188,90725400
2021-09-09,526.4214123967396,528.7632831808095,521.9049072032832,521.988525390625,48757400
2021-09-10,520.483062780554,532.1088500562604,520.3994445896609,528.846923828125,70695400
2021-09-13,524.9158650950174,532.2761031816759,523.9122426731578,531.85791015625,47909800
2021-09-14,535.203393812876,540.8908081054688,533.4469526754189,540.8908081054688,71777200
2021-09-15,537.7125682073869,538.0470919707926,533.7815438824895,534.8688354492188,58767100
2021-09-16,538.465310596382,538.7162161931184,528.7632531635992,530.2687377929688,51610000
2021-09-17,533.3633890766259,537.04345703125,531.3560421566835,537.04345703125,74389700
2021-09-21,522.7412649765316,530.8542196187577,522.7412649765316,529.01416015625,64698300
2021-09-22,538.5491566127595,542.731088094303,535.2036114275246,536.5418090820312,87119400
2021-09-24,553.269432592226,559.040517388055,549.672982393633,558.9568481445312,126972400
2021-09-27,569.5789843641734,571.0844692672381,563.3060880606032,565.8152465820312,91668900
2021-09-28,573.0917527213749,576.1863914298419,568.0734362370353,576.0191040039062,111200200
2021-09-29,578.9196245646302,578.9196245646302,567.9145520257377,572.7772827148438,100025400
2021-09-30,569.9619832719587,575.8484549728668,560.9190505846814,561.2603149414062,73491400
2021-10-01,552.7292660613894,558.4450539211393,543.9422029117704,545.9896850585938,79201000
2021-10-04,549.9993103150174,552.8145592305052,536.6054903641786,539.33544921875,57165000
2021-10-05,538.4823196910872,543.0037862086706,533.4489566187235,541.4682006835938,57537200
2021-10-06,552.4733085844326,565.9524710009721,548.8049506900323,563.0518798828125,89135300
2021-10-07,560.4072424649106,561.601563651646,552.0467338095947,555.2032470703125,56028500
2021-10-08,558.1038380817038,558.1891281416015,552.4732882483502,555.2032470703125,54450500
2021-10-11,559.4686487867397,568.51163182407,558.3596179427179,566.2935180664062,58449300
2021-10-12,562.198689655529,566.0376791903543,562.0280574845001,563.9049072265625,46831600
2021-10-13,563.9049522288634,564.7580610824623,556.6535269732728,559.1275634765625,44441800
2021-10-14,551.1935662299119,555.2885300615582,548.6342398699471,553.6676025390625,52904700
2021-10-15,557.4212979571942,560.5777587890625,552.814489715051,560.5777587890625,43883500
2021-10-18,564.2461140696753,566.0376215088475,561.345523666649,563.3930053710938,36916300
2021-10-19,560.8337349797089,562.9665069379986,556.8241132841987,559.0421752929688,33052000
2021-10-20,563.0519195924322,573.5451494981816,562.5400750388403,566.46435546875,60324300
2021-10-21,566.8055997096905,567.9146309160917,558.1891681868929,558.61572265625,42554800
2021-10-22,560.4925153618856,562.1987330646615,555.8004166792518,556.8241577148438,40639500
2021-10-25,554.3501393560837,556.0563571146864,548.6342994508381,548.804931640625,42580700
2021-10-26,549.5727136086998,551.1082990745481,545.9896461419671,546.1602783203125,40587200
2021-10-27,545.1365727330706,545.989681610587,540.5297639666278,545.2218627929688,42612600
2021-10-28,537.5438847468337,538.6529679471322,532.169309213894,534.9845581054688,126100600
2021-10-29,535.3257858092526,536.6907390966113,527.1359619458397,531.0602416992188,52369900
2021-11-01,538.7381757133656,546.0748901367188,535.8375851350396,546.0748901367188,46975000
2021-11-02,542.8331330862828,547.3545994294699,542.3212886208768,546.1602783203125,39294200
2021-11-04,554.5207282793216,557.3359769474292,551.3642152582672,552.0466918945312,51306000
2021-11-05,543.5155657666897,544.4540166368658,541.2122137890437,543.2596435546875,39993400
2021-11-08,544.5394305710076,547.3546796827737,542.9185548131486,544.2835083007812,27340100
2021-11-09,550.2551894414993,550.681743851919,537.4585571289062,537.4585571289062,36074800
2021-11-10,538.7382203601655,541.382836876916,536.6054483080667,537.4585571289062,24093100
2021-11-11,541.8093890281336,545.0512441895104,539.0794824685343,541.553466796875,31090400
2021-11-12,545.1365924297028,548.5490280630655,543.7716390042118,548.207763671875,37675500
2021-11-15,555.5444954023717,557.4213452926105,549.2314690632865,550.4258422851562,50489100
2021-11-16,556.1415811269853,559.4686738078481,550.8522967847672,553.1557006835938,65176600
2021-11-17,554.4353975837581,555.2885063339595,544.3686726756805,544.7952270507812,46740400
2021-11-18,542.8331540237438,543.0037862086706,534.0461432311513,541.4682006835938,48060000
2021-11-19,541.724102324882,543.7715843268753,538.5675892674881,543.6009521484375,45025500
2021-11-22,537.6292079533939,538.3116846198095,533.193031517244,536.8613891601562,53744600
2021-11-24,544.2835296727129,547.3547011752986,538.9942435785799,540.87109375,52944200
2021-11-25,537.7145228454734,543.6862850742784,537.6292327843443,541.6388549804688,33108000
2021-11-26,538.5676094853762,539.0795060399064,530.7189976092709,531.48681640625,55158800
2021-11-29,517.0691327772681,524.5765305651616,515.2776254372052,520.4815673828125,67605900
2021-11-30,522.9557343917361,529.0981286353862,513.0596923828125,513.0596923828125,95601800
2021-12-01,513.6567855059769,522.017293366748,513.5714954541849,521.1641845703125,54822900
2021-12-02,515.8749960497908,524.5767178139513,514.8512548887769,523.8088989257812,41272100
2021-12-03,522.3585030059244,532.5105184600966,521.3347620414454,531.6574096679688,43612000
2021-12-06,527.5625532007017,531.2309109775952,524.6619621754554,531.1455688476562,44002000
2021-12-07,534.1314078772974,541.8093872070312,531.5720814340528,541.8093872070312,54219500
2021-12-08,546.8428153781275,549.0608777327741,540.3592084417483,541.297607421875,45486200
2021-12-09,538.1409948182268,540.1884766678863,536.6054094657952,537.629150390625,30998400
2021-12-10,539.1647750635467,539.9325938305716,534.302044368193,534.8992309570312,42086100
2021-12-13,536.0083026229494,539.9326347400595,533.7048982169812,535.7523803710938,34364300
2021-12-14,534.0461218455481,538.1410337716519,533.7048574893603,537.4585571289062,28318500
2021-12-15,538.4822992130843,544.2834287925585,538.4822992130843,543.6009521484375,34160300
2021-12-16,545.9896623892796,549.9992843863773,545.563107965538,549.6580200195312,40282200
2021-12-17,548.9754807943787,550.766988342081,542.6624552145805,543.5155639648438,55781600
2021-12-20,535.7523443766694,536.7760853849459,525.0884840188535,526.7094116210938,50195000
2021-12-21,532.5958475032836,535.069884009432,529.9512308819241,531.48681640625,34587900
2021-12-22,533.7901798283327,534.0461020511729,529.8658481561478,531.913330078125,26432200
2021-12-23,533.1930166435708,536.9467163085938,531.9986434584371,536.9467163085938,31028000
2021-12-24,536.5201570038092,537.6291880543907,531.7427163764606,532.5958251953125,27494400
2021-12-27,532.3399833397424,534.3021235054324,529.0981797525626,529.4393920898438,33100200
2021-12-28,532.339884375,533.1929931640625,530.4630346251369,533.1929931640625,31890200
2021-12-29,534.0460983255332,536.434792504757,531.9133263673641,533.704833984375,45572500
2021-12-30,533.7048615742351,535.3257891740885,531.3161672715279,533.1077270507812,26699600
2022-01-04,540.9561828949847,551.7906733393141,537.543748239739,551.7053833007812,68510200
2022-01-05,559.6393045799541,567.0613606491311,555.373761099924,566.208251953125,75523400
2022-01-06,569.0235802836008,571.0710622698945,559.9806476616684,565.6111450195312,58236800
2022-01-07,570.72985365891,592.2282083362219,570.3032992092396,585.0620727539062,117726300
2022-01-11,591.8015961357723,598.3705444335938,577.7253006702823,598.3705444335938,108618200
2022-01-12,598.8823445060036,604.000997023149,593.9343241533551,600.5885620117188,71469200
2022-01-13,599.7355148117075,609.4609764202905,597.2614783466516,609.2903442382812,73486600
2022-01-14,606.5604644294294,606.8163867009151,598.4559293913429,603.8305053710938,80653800
2022-01-17,605.8778867521783,618.0773323107065,605.8778867521783,610.3993530273438,69099500
2022-01-18,614.2383889702131,619.186410022991,589.0716771999058,600.5033569335938,102817100
2022-01-19,591.7161714798126,599.6501240185287,586.938783603909,589.2421875,70985400
2022-01-20,585.232644024642,592.8253332662247,580.5405455667185,583.7823486328125,64345700
2022-01-21,578.3224879254526,579.0902546190454,566.2083323090101,575.592529296875,63789400
2022-01-24,574.0569991941926,588.3892182891889,573.5451026128072,585.0620727539062,52327400
2022-01-25,576.5308412276912,578.4076907561637,570.0472360234651,574.6539916992188,67486400
2022-01-26,580.1993607583006,586.5976777144779,579.0903295664906,581.9055786132812,46212300
2022-01-27,590.4365063773637,596.493609347438,575.0805498830799,581.8201293945312,75455300
2022-01-28,590.3512736276019,598.3705169584867,586.5975741813095,597.68798828125,71677700
2022-01-31,588.7303872572262,592.1428226033214,584.4648430746072,589.58349609375,55231400
2022-02-01,589.4982655740564,598.3706191978157,588.3892343884955,595.9818725585938,54511800
2022-02-02,602.8919656322868,613.3851928710938,602.2094890444082,613.3851928710938,73382700
2022-02-03,610.0582281546857,614.7503276783943,604.5130196266665,613.6412963867188,57881500
2022-02-04,618.5038266611684,620.7218885220346,613.9823608250186,619.1010131835938,67810200
2022-02-07,621.48984378446,634.0305552328849,616.8830348214841,631.5565185546875,90208700
2022-02-08,634.1158011595934,644.0118951139422,632.2389512656969,641.1965942382812,78397400
2022-02-09,649.2157425594951,657.1496433227098,636.8456659929869,641.8790283203125,90537800
2022-02-10,635.9926111136834,644.3530669491395,628.1439997309503,636.5044555664062,65995500
2022-02-14,632.7508528440246,643.1587913658751,629.9356040156438,642.9881591796875,66118100
2022-02-15,641.5378192664241,643.6705912719641,624.0490888209963,626.2671508789062,66230900
2022-02-16,641.3671879766054,642.3056389021147,631.0445922834069,636.24853515625,47588000
2022-02-17,636.1631429896714,636.5896973228992,628.9970093635983,630.2766723632812,48859700
2022-02-18,622.4282249958432,624.8169715423214,617.0536494055358,619.6129760742188,56156900
2022-02-21,615.518020277447,632.0683523920386,615.1767559179093,630.53271484375,50013300
2022-02-22,621.0632524882278,624.9022423731138,614.8355682000059,622.7694702148438,53881400
2022-02-24,631.3005825576273,631.5565048123048,609.2050413402565,616.5418090820312,72817900
2022-02-25,606.6456577382827,610.2287251765058,601.015160385096,603.4891967773438,70515400
2022-02-28,591.4603848931819,608.0960083007812,591.2044626392995,608.0960083007812,92849700
2022-03-01,605.4513318015665,610.9965390567725,597.4320881738785,597.858642578125,67850800
2022-03-02,580.1140743935712,589.242350389868,578.4931465931461,581.3937377929688,93778400
2022-03-03,598.4559290539654,607.3282829711452,595.4700477258273,605.1101684570312,85444400
2022-03-04,599.991418660583,603.6597761480084,592.3134393321733,593.5078125,73654500
2022-03-07,583.2704485958055,587.1094378773888,573.5449882546116,579.175537109375,82862400
2022-03-08,567.3173650546365,573.9716034338326,558.9569090361784,560.236572265625,101462700
2022-03-09,563.563700048278,583.0146239867212,563.137145612253,575.6778564453125,87059000
2022-03-10,594.1902887332433,602.2095324097563,593.4224699730728,597.3468017578125,87326500
2022-03-11,592.9106671309696,602.8067092365253,591.6310038206151,600.5033569335938,92875900
2022-03-14,605.7072356893983,624.0490745166124,605.7072356893983,617.3948364257812,83657200
2022-03-15,622.9400630917427,629.167746986976,618.6745190443733,626.779052734375,72112400
2022-03-16,625.0728530356006,633.2626770134915,622.7694487700592,631.300537109375,76945100
2022-03-17,639.8317002347976,650.9221163722008,639.7464101692879,647.594970703125,96446900
2022-03-18,641.7937394046368,649.3010864257812,641.7937394046368,649.3010864257812,95122900
2022-03-22,655.1875,685.8994140625,655.0168678412836,685.8994140625,158288300
2022-03-23,695.2837503009761,706.6300882048442,687.6910602980563,688.1176147460938,104541300
2022-03-24,675.32096956589,682.6577371863796,673.6147518033995,681.5487060546875,60079600
2022-03-25,682.4870014384555,684.1932189420517,675.9180536356853,678.39208984375,46748400
2022-03-28,685.6435974132991,687.1791829389008,666.4486481691956,672.42041015625,65447000
2022-03-29,673.9559709341347,679.4158882353773,667.8135769876444,678.9039916992188,55281400
2022-03-30,677.7743818656193,684.8127869244468,668.042226288045,674.1248168945312,56884600
2022-03-31,663.6975454256545,673.9510451106648,660.3955781421405,660.65625,52989300
2022-04-01,653.8784315050056,673.1689420183951,652.8356911731512,669.6931762695312,46839500
2022-04-04,664.7402796909734,668.650516630332,661.9596561491218,667.6947021484375,28206000
2022-04-05,666.8257881341997,667.6078037327649,651.8799823862408,654.2261352539062,39349300
2022-04-06,656.1376792583014,662.4809943840123,653.6177808304236,655.2687377929688,45860600
2022-04-07,651.7060893529714,653.3570993270565,639.2802371898368,644.8414306640625,45157100
2022-04-08,647.3614673348653,650.0551649778381,639.6278661751289,643.798828125,42055300
2022-04-11,646.4925068013704,660.0479736328125,646.1449089704174,660.0479736328125,42154600
2022-04-12,659.7003874809562,668.9111460279737,653.7046700067792,658.0493774414062,41790900
2022-04-13,654.2261324494317,654.4868043145027,642.1478233532912,648.8386840820312,45438700
2022-04-14,648.8386008612807,653.4439800067926,646.3186494048421,651.1847534179688,26359200
2022-04-15,649.0993639553834,658.6577213898,648.5780202188093,653.5309448242188,27757700
2022-04-18,647.3614807854894,654.7474842575386,645.1022538790215,653.5309448242188,27945800
2022-04-19,662.1334422640787,662.6547859648546,653.2702280990167,656.3115234375,29534700
2022-04-20,661.2645477495257,672.9083862304688,660.9169499003092,672.9083862304688,52703900
2022-04-21,675.1675931611624,682.5535964325522,670.475287515533,672.9952392578125,45032200
2022-04-22,669.1718962150723,670.8229064479264,661.3514219171042,664.6534423828125,31917900
2022-04-25,651.6192998569965,656.224679537579,650.9241041772235,652.6619873046875,32625800
2022-04-26,647.9697331432837,654.0523240749621,644.4939668966103,646.6663208007812,36963900
2022-04-27,637.8030782364311,642.4953836776314,634.5879839923482,640.1492309570312,39781300
2022-04-28,640.236089596624,656.1377085140341,639.0196033125046,655.4425659179688,44233800
2022-05-02,653.3571290859172,658.9183228134419,649.5337653065104,657.0935668945312,37565000
2022-05-06,668.2160189605967,678.5564441094898,665.8698662842281,677.3399047851562,52418900
2022-05-09,676.9922756435103,677.687471245809,661.6989270405495,662.9154663085938,37098700
2022-05-10,659.1790208493408,660.3955602009457,648.0565799163106,651.8799438476562,35883800
2022-05-11,648.2304451679606,648.7517889228697,633.11083984375,633.11083984375,50488000
2022-05-12,638.6720205615001,642.0609137217292,633.1107735898371,633.8059692382812,36581000
2022-05-13,632.5894352552531,635.1093869122836,627.375786063589,635.0224609375,37995700
2022-05-16,643.0166890827879,644.7545720262549,630.5039106754342,633.3714599609375,45358300
2022-05-17,641.2788182381327,642.4084315655026,623.2048458922754,623.117919921875,64714400
2022-05-18,630.5039806097766,632.5025886452283,624.2476437481369,631.7205200195312,49620400
2022-05-19,618.6863657953354,623.5524171209061,615.3843986075567,621.7276611328125,50240300
2022-05-20,629.4612480883284,630.9384062195738,619.6421666428743,630.677734375,50183400
2022-05-23,631.1122597209024,638.4982631599619,630.3302441195343,637.7162475585938,41923600
2022-05-24,645.0152624454273,651.706122577755,641.713295364896,642.1477661132812,59699600
2022-05-25,638.6720846809086,646.2318873108596,637.0210744040734,637.2817993164062,46595200
2022-05-26,642.4084897963816,646.3187268473974,642.1478179335106,643.798828125,33229900
2022-05-27,647.7957947701925,648.4040643396125,639.1063810241135,641.973876953125,40306900
2022-05-30,639.5409349316283,643.7987694356465,636.4996397247523,641.5394897460938,43336200
2022-05-31,636.9340855454082,641.1919198828175,631.2859660965062,634.0665893554688,100463200
2022-06-01,638.671992917433,650.1420311525338,638.671992917433,647.8827514648438,53036500
2022-06-02,645.1022404753387,648.9255515480748,641.3657493089138,643.798828125,30561500
2022-06-03,645.3628669980027,647.274548918057,640.0622919907621,642.7560424804688,32809200
2022-06-06,641.7132051479372,642.842818327733,638.6719103368096,641.973876953125,25535400
2022-06-07,648.5779290296438,657.35421658928,647.9696593985057,651.1847534179688,52639400
2022-06-08,643.8856746172664,645.6235576796612,639.6278399000064,645.1890869140625,57573700
2022-06-09,644.5808333966115,656.3115443619005,643.9725637023257,649.8814086914062,59545200
2022-06-10,649.0992720840761,651.8798953695435,645.1021625734516,647.3613891601562,43670500
2022-06-13,636.9340890832917,640.6705267476625,634.5010636066766,639.4540405273438,52619200
2022-06-14,636.4996138855568,643.4511455047847,634.5010591522242,636.5864868164062,47886900
2022-06-15,637.021034875199,648.1435292449856,636.7603630150286,643.1905517578125,51603300
2022-06-16,642.3215802749528,652.5750795731672,641.5395116948933,649.3599853515625,51490200
2022-06-17,642.4953993393457,644.2332824286748,631.8073759111857,635.2831420898438,86086200
2022-06-20,635.9783284442277,642.4084639590242,630.0694835982225,635.0224609375,43319600
2022-06-21,640.0622630977945,655.0080669308516,637.8899094312449,652.7488403320312,52056000
2022-06-22,656.9197779565166,656.9197779565166,649.6206480981631,651.010986328125,34175900
2022-06-23,650.8371517783717,658.3969530671051,649.8813373893499,652.1405639648438,36452700
2022-06-24,642.8429191199906,643.4511887847822,637.542397118195,639.8885498046875,45705700
2022-06-27,645.6235773221625,649.186216494069,637.6293043847318,639.3671875,31136400
2022-06-28,642.0608959978174,645.4497360285169,640.1492140893308,643.7118530273438,38790800
2022-06-29,642.4084673189716,649.0993277571317,640.3230394529879,644.2332763671875,44668500
2022-06-30,639.1933642618515,639.8885599102956,630.5908749901631,633.8059692382812,62759200
2022-07-01,632.3288056692518,638.1507249296244,629.9826527689839,632.5894775390625,44471300
2022-07-04,634.3273212152907,638.5851559556494,633.0239089114236,638.4982299804688,32123600
2022-07-05,642.408440995786,645.9711329709954,640.3230132152544,645.62353515625,37793800
2022-07-06,634.3273169289173,636.847268580425,615.3844021812502,616.948486328125,83592500
2022-07-07,619.5552435714895,621.5537982661378,611.3002999334402,620.1635131835938,64099000
2022-07-08,620.9456546813336,632.7632924253746,619.9029671757896,629.6350708007812,59638800
2022-07-11,638.1506340915464,642.7560132559315,633.6321278594036,642.5822143554688,54241900
2022-07-12,640.4098861218389,641.2788276226827,631.3728732986718,633.5452270507812,43971900
2022-07-13,633.5452854974794,636.934178877799,630.8515878107531,635.8045654296875,34560200
2022-07-14,627.7233137605356,628.4184563012319,623.4654795153089,624.5950927734375,53741600
2022-07-15,616.9484346110798,618.4256456955131,605.3045978702262,608.9541625976562,76339700
2022-07-19,616.5139543574788,623.3786129776822,614.0809289221077,623.2916870117188,54941500
2022-07-20,632.7632578787811,633.9797442474958,626.0723972249059,632.068115234375,55964000
2022-07-21,625.7247638309609,635.0224486500517,625.1165471991546,631.2860107421875,47759500
2022-07-22,629.1137164421341,635.8045773485087,627.0282353942298,635.7176513671875,40466400
2022-07-25,630.8515302634235,640.8443575334364,630.5908584200974,639.2802734375,29868600
2022-07-26,641.1919702594432,648.3172483106274,640.8443724362717,642.6691284179688,33257300
2022-07-27,642.6691025430688,648.6648200175017,640.8443466348393,647.8827514648438,34181800
2022-07-28,649.7075643000975,649.7075643000975,642.8429052975902,646.9269409179688,36189600
2022-07-29,645.1021599995213,649.8813380212323,641.887065995902,647.708984375,40329300
2022-08-01,647.7958630713347,651.2716289362379,644.9283668399852,650.837158203125,38763900
2022-08-02,645.6235679351579,645.7104408752647,637.3686232576558,639.1065063476562,38805400
2022-08-03,635.2831698458402,636.0652384846007,624.0738552515143,627.5496215820312,60670600
2022-08-04,622.1621488574455,623.5524341209459,614.5154738362266,616.2533569335938,65333600
2022-08-05,607.3901398286564,615.1237407919409,605.6522567390178,614.6892700195312,56516600
2022-08-08,619.5552789616837,627.6364241670316,619.1208082190739,627.2888793945312,48150200
2022-08-09,617.4698432801608,620.0766679262116,614.4285478597683,616.2533569335938,49061700
2022-08-10,621.1193594107615,622.509697600604,618.3387360670555,619.98974609375,31977500
2022-08-12,625.0295792560155,632.5025076059263,623.6392941395555,631.8073120117188,58136400
2022-08-15,629.8957572914153,632.2418570717715,626.5937369386488,631.1122436523438,25928400
2022-08-16,633.458441773192,634.2405104465663,629.2006066154655,630.2433471679688,25387300
2022-08-17,634.1534840275204,638.8457892526376,632.415601060585,638.063720703125,46207400
2022-08-18,637.7162153137406,637.7162153137406,631.1122278099668,632.1549682617188,30475400
2022-08-19,635.5439001595458,635.5439001595458,628.766113328553,632.5894775390625,34318100
2022-08-22,632.8500887624351,636.4127807617188,632.2418191005105,636.4127807617188,34903600
2022-08-23,632.8501720762392,633.1108439553867,627.6365223493401,628.3316650390625,44046400
2022-08-24,629.9826329365196,635.1094093706724,629.3743632354531,632.6763305664062,39200900
2022-08-25,632.3287700557559,637.2817474471448,632.3287700557559,635.6307373046875,33973600
2022-08-26,635.19630498834,637.5424578985037,633.9797655427777,636.0652465820312,23703600
2022-08-29,626.6806786993361,631.8943281842957,624.0738539568564,630.0695190429688,43554400
2022-08-30,632.5894258077562,634.3273088456897,631.1122146183166,632.85009765625,43773600
2022-08-31,627.0281597110504,632.5894064768875,626.5936889648438,626.5936889648438,95064300
2022-09-01,627.3758105152222,629.5481644297486,621.8145632796409,621.9014892578125,55326400
2022-09-02,622.5097616597335,623.9869198992277,618.860196460311,623.465576171875,41140000
2022-09-05,625.985473397614,629.3743134021151,623.9868655329315,624.0737915039062,36462600
2022-09-06,624.7689141647535,627.8102092962927,622.422761598942,624.16064453125,31860600
2022-09-07,624.1607454429608,630.851606421293,616.9485407150386,618.251953125,66128100
2022-09-08,623.0310977613804,631.2860425713288,622.5097540404087,631.1122436523438,68042300
2022-09-09,626.5937304224987,633.6321887983236,625.7247888725931,632.4156494140625,61415800
2022-09-12,634.3273833942801,634.9356531362392,628.4185909780789,630.2433471679688,35524500
2022-09-13,631.2860267245892,632.2418412010387,628.7660750525206,632.1549682617188,32929200
2022-09-14,624.0738828726386,632.15502934156,623.4656131306795,630.2433471679688,52678600
2022-09-15,628.76611328125,630.5039964611717,626.1592885113675,628.76611328125,33660400
2022-09-16,629.982588329674,636.8472474031066,628.4185042348101,635.4569091796875,72999000
2022-09-20,639.3670942876863,640.757432398796,635.6306567417856,637.6292114257812,43877600
2022-09-21,638.5851571320677,645.1022186634087,635.9783325195312,635.9783325195312,62311300
2022-09-22,633.8928484175233,635.1093877782967,627.4626598579766,628.67919921875,57336900
2022-09-26,622.162100739092,622.3358996425837,596.7021259389479,597.1365966796875,120818000
2022-09-27,599.7434904818979,609.823191618339,598.9614218437321,601.8289184570312,54682300
2022-09-28,596.0938531648899,596.3545250007691,585.5796825085887,593.6608276367188,79398600
2022-09-29,596.1522754678153,601.5799087899867,588.5891495850148,595.5294189453125,73837000
2022-09-30,589.2119347046795,593.2159420397657,576.3101332916243,579.6912841796875,74146500
2022-10-03,570.7935813621239,576.5771484375,562.8745216434752,576.5771484375,84339200
2022-10-04,588.32220282197,595.7963178665333,588.1442360644693,594.5506591796875,66711200
2022-10-05,597.8428315361601,601.3129387911284,590.1017394938038,592.0592651367188,65206300
2022-10-06,592.4152320399767,597.5759427296696,592.0593527935566,594.1058349609375,46631400
2022-10-07,584.7631020139748,585.2079917668298,577.0220094527343,580.7590942382812,73774300
2022-10-11,573.1959513334622,579.4244076875499,572.0392488721261,578.4456176757812,68439000
2022-10-12,578.4456655995062,579.6913786966619,574.5306681515661,575.0645141601562,46701200
2022-10-13,575.7761598173471,576.4880266992877,572.1280864325839,574.7974243164062,48947100
2022-10-14,586.2756795755317,590.7245766604642,583.1614516160789,586.5426025390625,64104200
2022-10-17,595.4404091582209,605.9397956366143,594.3726629739477,600.8680419921875,99461500
2022-10-18,609.4098775086679,612.7910280604272,604.5160912525423,606.7405395507812,67082000
2022-10-19,606.7405876706532,612.7910766601562,605.1389413226407,612.7910766601562,56380500
2022-10-20,612.0793338172879,617.8629005110108,610.9225770322792,616.6171875,43652500
2022-10-21,612.1682561878966,621.2440173592246,611.2784767457631,618.6636352539062,40312100
2022-10-24,627.2945394173493,629.6969548979604,622.3117960046839,627.5614624023438,52455000
2022-10-25,633.5230002239932,638.6837104316676,631.2095952609143,631.8323974609375,52191300
2022-10-26,633.078048724878,637.5269457644064,631.2095336914062,631.2095336914062,43590800
2022-10-27,631.2984761434752,631.8323220534479,614.8375574561542,614.926513671875,44516600
2022-10-28,620.176169921875,621.955728515625,611.7232666015625,611.7232666015625,54071200
2022-10-31,617.8629031339614,623.2905363310568,615.9943336095126,622.4007568359375,39451900
2022-11-01,627.6504297335675,629.2520218411245,623.9133452773839,625.7818603515625,34022800
2022-11-02,624.6251668733183,629.4299975723977,623.3794539342008,624.89208984375,45086600
2022-11-04,622.5787012018741,630.7646831240812,622.044800939309,624.6251831054688,42728700
2022-11-07,629.9638300350384,630.8536094559919,625.7818558949921,626.2267456054688,36451800
2022-11-08,629.3410329632738,635.302566507756,627.2055947361818,632.4552612304688,42531800
2022-11-09,631.7434828064353,634.0568879217477,628.5402981378743,630.4088134765625,33052600
2022-11-10,629.3410000908395,632.9001179245871,628.5402311629433,632.3662719726562,28718200
2022-11-11,636.1923460126688,637.4380590426792,628.2732866958122,632.4552612304688,47598200
2022-11-14,632.4552060562382,632.8111395502848,624.8920809242724,625.7818603515625,58137600
2022-11-15,631.8324345511961,643.0436894272025,630.2308422282905,642.86572265625,78242000
2022-11-16,640.3742558070568,642.242770855339,634.9465687911157,640.1962890625,56304000
2022-11-17,637.0820906254271,640.8191752029519,636.9041238726253,638.5947265625,32014000
2022-11-18,639.7515311206122,644.1114728750279,634.5908203125,634.5908203125,45237300
2022-11-21,636.1922933893846,640.7301467659546,635.8363598937285,640.374267578125,32552200
2022-11-22,641.9758877109135,656.7462051922188,641.7979209553184,654.4328002929688,66408200
2022-11-24,660.216301537717,673.0291463634652,659.4154783706739,668.4022827148438,93865900
2022-11-25,662.8857541276764,675.0757446289062,661.2841618249076,675.0757446289062,57929400
2022-11-28,681.215142854237,683.0837123323678,662.7077406760833,669.0252075195312,68521500
2022-11-29,672.1394455621346,680.1474609375,666.088901610039,680.1474609375,70568800
2022-11-30,678.2789209997238,680.5033698120723,670.0929385087151,671.8724975585938,62908700
2022-12-01,680.6813049316406,681.0372384482009,665.2881307274322,665.5550537109375,48337400
2022-12-02,661.9959105537113,664.398325929383,653.5430057818561,657.2800903320312,48342100
2022-12-05,655.767439444061,660.3052928107061,653.2760679033964,660.1273803710938,47593900
2022-12-06,660.2163118554818,668.580259901309,659.8603783739393,665.9998779296875,47070700
2022-12-07,665.643927224087,674.7196876903323,663.1525558412295,672.4952392578125,58745700
2022-12-08,667.3345227865938,668.4912250978593,655.1445346421275,665.0211181640625,57632200
2022-12-09,665.1100901028678,675.9654094584192,665.0211338875221,671.60546875,51350500
2022-12-12,669.7369002676381,675.9653554633901,667.9573416402804,672.228271484375,37306300
2022-12-13,674.1858968520808,677.5670478840931,671.9614482378847,674.4528198242188,37350300
2022-12-14,669.4700532832053,674.0968627929688,668.3132965979388,674.0968627929688,32785500
2022-12-15,673.6519772002406,679.3465872117207,673.2070874902132,677.7449951171875,38373800
2022-12-16,678.011922542443,688.6892756533476,675.5205510114638,677.3001098632812,72437200
2022-12-19,681.9269369540564,694.7397274112795,681.5710034797627,687.087646484375,68307800
2022-12-20,687.0876757344167,753.1982754660306,685.3970731212859,728.1954956054688,199202400
2022-12-21,765.2104747666814,794.1283124758874,755.3339426875956,756.757568359375,308652800
2022-12-22,760.7614063791601,773.6632080078125,753.4652042517363,773.6632080078125,115352000
2022-12-23,778.5569851541837,799.0219116210938,778.023139230351,799.0219116210938,148857700
2022-12-26,787.4547192694456,793.1493287929408,781.3152200740468,783.9845581054688,78358000
2022-12-27,789.0563597220455,800.8014586437183,786.6539444845495,798.8439331054688,81729200
2022-12-28,800.8014749086002,811.3008611625035,796.3525778257747,798.5770263671875,93949400
2022-12-29,800.6235913606534,800.712601896255,776.1546548624194,784.3406372070312,128383100
2022-12-30,775.7987692940842,797.2424335629921,769.7482252359575,791.0139770507812,68897500
2023-01-04,795.462800351186,826.6050800069931,795.0179106418174,824.1137084960938,166037700
2023-01-05,830.2532070500188,831.0540303012781,807.029984457451,811.4788818359375,124692600
2023-01-06,812.2796343649821,818.8639693271706,795.9076717144669,802.9369506835938,105351000
2023-01-10,796.3525405841433,799.5557246108497,785.9421110356127,794.8399047851562,75200400
2023-01-11,800.8014426882571,808.3645674247574,796.886391689763,807.919677734375,68018000
2023-01-12,802.2250637523337,848.4935913085938,802.2250637523337,848.4935913085938,171853100
2023-01-13,849.7393390862504,886.0423282610402,844.4006626103159,869.4034423828125,231075600
2023-01-16,882.750104463358,882.8391149863836,843.154921905855,844.400634765625,122906900
2023-01-17,847.9597720780525,861.8403090584038,832.1217095471839,845.8242797851562,108631000
2023-01-18,842.4431958949503,845.9133575698675,802.7590530412542,839.1510009765625,198566500
2023-01-19,838.4391855466669,851.6079108698,823.5798575037177,823.935791015625,120951800
2023-01-20,823.9357218286227,837.1044460459602,813.7922149771492,834.2571411132812,84961300
2023-01-23,830.9650213898736,847.0700071557336,826.7830472576867,833.5453491210938,80147000
2023-01-24,838.1721871503294,855.8788187718577,835.5028489746913,854.4551391601562,82106200
2023-01-25,852.764661879278,859.8828976067917,850.54021321443,856.1458129882812,65694700
2023-01-26,860.4167606129366,864.4207682890051,843.8668839416522,847.070068359375,78271200
2023-01-27,854.1881949769938,871.8058156368297,847.5148497037361,870.2042236328125,114387300
2023-01-30,866.645088538345,872.8735440001196,861.6623458920541,871.9837646484375,77061300
2023-01-31,873.6745041335461,874.2083501051346,846.6251858778988,847.6929321289062,89877000
2023-02-01,852.408715344129,860.2387636631775,843.955810546875,843.955810546875,64647800
2023-02-02,842.6211689446124,843.0660586853434,828.473653466233,832.4776611328125,60544800
2023-02-03,827.4948864568609,845.2904754129223,820.020717372184,826.1602172851562,78013100
2023-02-06,822.6010905686517,828.1177339467401,797.4203433306034,808.8095092773438,116233300
2023-02-07,818.5971009438621,841.9982898158004,809.2544166396115,834.7020874023438,99958900
2023-02-08,833.7232583288272,843.3328645323122,830.3421076304668,839.328857421875,52986000
2023-02-09,835.5918602524881,848.8495957882449,834.4351578283884,840.7526245117188,48720800
2023-02-10,848.5826997858643,865.1325763682709,846.2692405563064,852.2307739257812,78842100
2023-02-13,858.6371208839088,874.6531500817433,851.6968524264121,859.7938232421875,90220200
2023-02-14,863.0861311127564,870.4712902390621,862.5522851259225,865.3995361328125,49113900
2023-02-15,871.9838497899323,879.546975017702,865.3994602214489,872.9625854492188,73508800
2023-02-16,875.4539987184679,877.5004805361275,864.8656018289134,867.4459838867188,64977200
2023-02-17,870.6491476791957,876.1657908510427,868.602665909527,872.8735961914062,62328100
2023-02-20,874.7421266141279,889.3345308341874,873.051578299789,888.2667846679688,79208900
2023-02-21,887.9999019166542,888.26682489334,873.8523867661934,874.8311767578125,70425800
2023-02-22,879.7249745280612,880.3478310198147,863.6199335056541,867.7129516601562,70234500
2023-02-24,866.6451171367958,873.0515395418769,848.849529515917,856.8575439453125,105041900
2023-02-27,862.641193915418,870.1153631670586,859.3489990234375,859.3489990234375,47870000
2023-02-28,864.8655737804447,867.8908454530123,855.1669566311762,858.72607421875,85523600
2023-03-01,856.5907162564885,856.8576392389222,842.1762778189407,850.0953369140625,73251300
2023-03-02,851.9638029000121,860.4167074718661,838.3501885037496,841.4644165039062,86822300
2023-03-03,846.6251074473064,855.0780118306478,844.3117027076272,854.188232421875,71122400
2023-03-06,861.3065392030849,871.7169700116302,860.6836827036655,865.310546875,70743400
2023-03-07,868.424653708828,874.7420654296875,862.7300440925264,874.7420654296875,73008300
2023-03-08,876.4328032129293,879.0131854734398,868.1578647649724,872.7847290039062,55543200
2023-03-09,872.7846230553129,886.8431265183974,870.8270975409488,884.0847778320312,81430000
2023-03-10,867.9798262353271,869.8483412985568,829.8972778320312,829.8972778320312,164550100
2023-03-13,808.2756664718057,823.4019169789914,790.1241441400521,801.0684204101562,187300300
2023-03-14,740.4744952739435,762.2740925679873,731.9325796679061,732.2885131835938,255560800
2023-03-15,769.9261339000808,774.8199207903953,753.9991146053901,766.5449829101562,166396300
2023-03-16,718.0520067494275,748.1265409041331,716.2724478727251,745.2792358398438,173635300
2023-03-17,754.2660656911529,760.2275989867852,740.6524506958203,748.215576171875,132450300
2023-03-20,746.5249905459843,763.786734338952,731.576706006868,734.4240112304688,129859100
2023-03-22,758.0920992399516,770.7269784221832,752.7534224847407,757.0243530273438,106231000
2023-03-23,740.7413480376274,751.2407340611604,736.7373407509375,746.702880859375,81795500
2023-03-24,738.5169677734375,743.7666884241155,735.0468060812498,738.5169677734375,74099700
2023-03-27,738.5169802086698,739.1398367161951,726.5049570366011,734.6019287109375,75936300
2023-03-28,747.9485562725466,755.6896480626895,742.5209235515018,747.0587768554688,95826000
2023-03-29,740.3854193021565,751.8635953207151,740.2964630850119,750.9738159179688,82038200
2023-03-30,757.3226853108479,762.7645249657761,750.1575742889568,750.5203857421875,100018900
2023-03-31,764.125026975969,775.7342744745973,758.6831870212441,769.022705078125,78738800
2023-04-03,766.4830944482821,782.9900191654078,766.392419263461,780.9039916992188,73830100
2023-04-04,778.1831174887212,783.4435517336268,775.8250089725681,783.2621459960938,67236300
2023-04-05,770.0203742028417,773.5575924109885,760.4971540271881,762.7645874023438,74099600
2023-04-06,760.3157319354766,761.8575976688774,753.5134319562902,756.1436767578125,56471600
2023-04-07,765.0319397225314,772.469131476525,762.4924256828702,766.8458862304688,52929700
2023-04-10,772.37841796875,778.5458805175408,770.0203095993338,772.37841796875,44318900
2023-04-11,772.4691622098418,779.3621370713443,764.7598892443888,773.7388916015625,71525300
2023-04-12,778.0015879510737,780.2690209162827,770.7458024624048,775.3713989257812,55472600
2023-04-13,769.2039701890689,771.8342146851861,764.2156174502104,771.5621337890625,53717400
2023-04-14,775.3715415987239,776.5505958861355,768.2064299673405,769.1134033203125,55313900
2023-04-17,780.631880580839,789.9736939034243,777.1853933321601,788.8853149414062,74068700
2023-04-18,798.1365405347544,801.401622421311,791.878402335385,796.4132690429688,70931700
2023-04-19,794.9620846280523,806.9341430664062,794.690003713892,806.9341430664062,64072000
2023-04-20,805.9363979139225,811.2875621661366,797.8643693023621,803.9411010742188,70240700
2023-04-21,794.599245843684,795.7783553599206,785.4388381193736,786.07373046875,58721900
2023-04-24,788.6133512944295,788.8854322360748,776.8226973935353,777.2761840820312,49031800
2023-04-25,781.9016449460112,786.5272419025681,777.3667785320863,779.1807250976562,52543900
2023-04-26,767.9342329155647,770.2016659551423,759.4086625438525,764.7598266601562,63978400
2023-04-27,770.0203261055766,780.0877075195312,767.7528928720501,780.0877075195312,51950800
2023-04-28,784.80399195161,801.1295114875109,754.7831976146061,773.5575561523438,151613400
2023-05-01,781.3575645294251,788.4319458007812,777.3668595264745,788.4319458007812,58748900
2023-05-02,785.1668140801609,786.7086797953862,774.6458903553507,782.3551635742188,57437300
2023-05-08,777.366729288022,779.8155680678653,768.2969970347152,769.3853759765625,66943700
2023-05-09,773.5574505268296,782.8085327148438,765.9388536407886,782.8085327148438,72539200
2023-05-10,784.6225171430881,789.7922756124465,780.2690567215635,782.7178955078125,52244700
2023-05-11,778.1830235435642,789.7922696998032,777.0039694278274,789.2481079101562,40269900
2023-05-12,789.0668198975874,789.0668198975874,780.1784920782391,787.7063598632812,51950500
2023-05-15,790.971446201929,802.5807495117188,790.8807710087085,802.5807495117188,62246900
2023-05-16,825.3456985616239,826.4340775872224,814.9155056677132,824.8922119140625,127413200
2023-05-17,826.4340262475506,845.5711394429018,825.8898090899307,842.8502197265625,104381900
2023-05-18,861.5339693839262,865.252537812334,854.7316695583576,857.7246704101562,106653900
2023-05-19,854.2781216244747,857.8152840656891,838.224684116222,840.6735229492188,76905900
2023-05-22,845.2989936171832,851.375724921718,835.7757753414531,837.5897216796875,69830900
2023-05-23,846.2966710131916,848.3827536595743,831.3316132090168,835.5037231445312,78716100
2023-05-24,838.2247573007703,847.2944905428102,838.0433515644778,843.5758666992188,61232300
2023-05-25,837.1363406781069,837.6805025053094,827.7037963867188,827.7037963867188,69831100
2023-05-26,827.7037794215372,830.6061049407267,820.90147993465,822.1712646484375,75421300
2023-05-29,835.7759379025163,843.1223998583756,831.2410711748846,841.6712646484375,73027800
2023-05-30,852.5549149736312,852.5549149736312,842.2153970533882,847.0223999023438,67756900
2023-05-31,847.1130233641924,859.538568075996,844.1200226828576,845.7525634765625,177354000
2023-06-01,843.4851510251234,876.4990005844929,840.2200693576059,874.2315673828125,117416800
2023-06-02,877.9501572034677,879.5826980772293,868.6990184424756,879.1292114257812,73751300
2023-06-05,893.459348865787,896.0895934997309,880.3082364105784,884.4803466796875,79045100
2023-06-06,875.2292372947793,879.6734286218733,865.4339366949523,879.1292114257812,65653200
2023-06-07,883.3920004742574,891.3733544994933,867.7013733442668,868.4269409179688,85821100
2023-06-08,879.5826815559774,885.6594136426935,867.792028839792,870.33154296875,67768700
2023-06-09,878.5850646536206,882.1222273812193,870.8757914467986,877.8594970703125,80734700
2023-06-12,879.7641394512958,880.0362203817361,868.4269727057895,871.6013793945312,48591800
2023-06-13,875.2292205299907,880.6710602431306,870.785029288024,873.5966796875,58619900
2023-06-14,885.4779920425648,896.27099609375,885.2059111331348,896.27099609375,90042300
2023-06-15,896.9965681213122,914.6825469669801,888.4709972015239,897.8128662109375,113103100
2023-06-16,902.4384650394794,909.2407650272141,880.8525108165195,894.0942993164062,109953600
2023-06-19,903.3453288857971,906.7011408778072,892.7337311196038,898.7197875976562,69061600
2023-06-20,898.8104733596134,898.8104733596134,885.4779557711231,891.5546875,61920600
2023-06-21,893.3687008919972,903.1640014648438,889.6501325032683,903.1640014648438,63116700
2023-06-22,911.5081344183714,940.5312789968667,911.0546477843324,937.3568725585938,115655900
2023-06-23,942.3451959390555,944.1591424182453,908.787186074046,922.3917846679688,87694400
2023-06-26,912.415104676051,917.8569442665643,902.9825605762594,912.8685913085938,55736900
2023-06-27,920.1243652883089,926.0196914335766,912.4150926368051,923.7522583007812,50357700
2023-06-28,927.8337181578291,941.8918047965841,924.6593114974651,937.8104248046875,79383400
2023-06-29,945.0662019410381,976.8102682250461,945.0662019410381,967.2870483398438,100320700
2023-06-30,965.4730270457379,971.8218398116563,958.2172410275455,965.926513671875,76969600
2023-07-03,971.3684182116535,984.9730179064946,964.1126317077383,984.51953125,69519100
2023-07-04,992.6821591216739,1011.2751095666207,984.9728869859642,1007.647216796875,101992200
2023-07-05,1002.6587861611025,1010.3680576964887,990.8681355775708,994.0425415039062,91462900
2023-07-06,991.321800554702,994.9496936948839,973.6358214963153,975.4497680664062,73080600
2023-07-07,966.3800539995198,973.6358404209145,955.4963743674275,959.124267578125,78028500
2023-07-10,965.0194758683838,973.1822345928343,951.4148779942994,959.57763671875,63652700
2023-07-11,967.7404011773519,967.7404011773519,950.5079104347374,954.1358032226562,53971900
2023-07-12,969.5543869182628,983.1589854250672,956.4032750283518,970.0078735351562,73234200
2023-07-13,970.0079270702297,973.1823335636807,957.7637877383474,963.2056274414062,49817600
2023-07-14,965.0194758683838,966.833422251595,953.6823109733135,959.57763671875,49009600
2023-07-18,960.031229542233,990.8683214689555,957.7637963123268,982.2520751953125,82743900
2023-07-19,993.1357115292878,994.042684781826,975.9032197310628,984.0659790039062,72496200
2023-07-20,979.9846545877466,988.147414320546,969.1009749440141,971.368408203125,63233100
2023-07-21,978.6241653889708,979.0776520272419,965.0195662408387,974.5427856445312,50783100
2023-07-24,947.3335133957388,962.7520578933238,942.3451607641672,955.0427856445312,78785400
2023-07-25,955.0428887375263,973.1823548104138,955.0428887375263,971.368408203125,52318700
2023-07-26,967.740553174445,973.1823932110399,962.2987131378502,969.1010131835938,29293300
2023-07-27,967.2869194532789,980.4380308757566,965.4729730501784,978.6240844726562,47301200
2023-07-28,999.0310768342355,1033.042575137716,976.8102312759614,1030.3216552734375,206503500
2023-07-31,1043.926223728253,1054.8099028635606,1021.2518921963623,1039.391357421875,139212000
2023-08-01,1032.1356969363692,1036.6705637946134,1020.3450431049343,1027.600830078125,80307700
2023-08-02,1032.5890147432367,1042.112233588036,1016.2634967235808,1023.0657958984375,105827100
2023-08-03,1032.1355573180094,1036.670423562816,1016.7170120856665,1019.8914184570312,90227000
2023-08-04,1026.6935974361074,1038.03076171875,1022.6122182943562,1038.03076171875,63712800
2023-08-07,1033.9495254604103,1037.1239318982273,1025.7867660488807,1028.05419921875,52261500
2023-08-08,1033.949488504316,1039.8448145352618,1023.9727829134849,1024.42626953125,66540900
2023-08-09,1017.6239582218536,1017.6239582218536,983.6124622919789,993.1356811523438,85837100
2023-08-10,1001.2984998467454,1019.8914520631025,996.763633452512,1017.1705322265625,63626600
2023-08-14,1020.34489399678,1020.34489399678,1004.0193756928315,1006.7402954101562,48459100
2023-08-15,1013.5426391111757,1017.6240188659858,1010.3682326352123,1017.1705322265625,37893100
2023-08-16,994.0427785513322,999.0311319108507,986.7869918465778,987.240478515625,78125100
2023-08-17,979.5311189326944,997.2170974689792,967.7404665751712,996.7636108398438,70059200
2023-08-18,986.7869246802193,995.403170805644,983.6125182129575,992.6822509765625,51165900
2023-08-21,988.1473754826997,998.5775680646648,986.7869155807042,991.7752685546875,46141300
2023-08-22,1001.2984430383252,1024.8797469504598,999.4844965835457,1023.519287109375,69199800
2023-08-23,1011.275153079848,1023.9727783203125,1007.6472601540011,1023.9727783203125,51530400
2023-08-24,1024.8799816669862,1035.7636628882285,1021.7055746441238,1034.856689453125,63889900
2023-08-25,1023.0657523440938,1033.9494305605203,1019.891346197636,1030.7750244140625,48057400
2023-08-28,1035.3099431261155,1049.8215148212691,1034.856456510642,1048.007568359375,63497300
2023-08-29,1053.902894360531,1062.065653439055,1043.4727022046395,1048.007568359375,64768500
2023-08-30,1053.9030041320932,1062.5192507235345,1053.9030041320932,1058.891357421875,72339700
2023-08-31,1053.4494811460906,1062.5192140875122,1050.7285612636642,1055.263427734375,66260500
2023-09-01,1051.6355893674383,1077.484329597686,1049.368156013908,1072.949462890625,78309500
2023-09-04,1082.0191175477305,1101.51904296875,1081.1121442723343,1101.51904296875,77548900
2023-09-05,1120.112022948216,1121.9259695440837,1091.542364063302,1104.239990234375,73109400
2023-09-06,1109.6819434685435,1124.1935177190517,1107.86799668723,1115.5772705078125,65998600
2023-09-07,1116.0307391039323,1122.3795527355678,1109.6819254722968,1113.7633056640625,63063500
2023-09-08,1100.6121690202467,1116.03071609346,1093.809868840888,1099.251708984375,90522800
2023-09-11,1120.111960399,1146.8676711939559,1119.2049871517133,1146.4141845703125,96502100
2023-09-12,1158.65844272503,1159.1119293953725,1140.0654892409884,1158.2049560546875,82600800
2023-09-13,1166.367594030289,1205.3674435973983,1162.739701047302,1194.4837646484375,116364300
2023-09-14,1208.0885097189987,1211.7164031415782,1191.7629893173905,1196.7513427734375,91116200
2023-09-15,1206.2744272950542,1213.9836999506992,1160.925764614789,1171.35595703125,165549000
2023-09-19,1172.7164739347395,1202.64659275906,1172.7164739347395,1201.2861328125,91966300
2023-09-20,1206.7278781571267,1208.541824610576,1177.251248288576,1179.97216796875,91293500
2023-09-21,1200.8325865865659,1218.9720516407435,1195.3907470703125,1195.3907470703125,120236200
2023-09-22,1188.135078367123,1212.169871937145,1170.9025848640883,1207.1815185546875,109309300
2023-09-25,1195.8442907785404,1197.2047507225434,1174.983904970496,1176.7978515625,83148100
2023-09-26,1179.0652768666507,1196.2977693747018,1170.902517257574,1188.135009765625,81313100
2023-09-27,1179.0653039913366,1190.85595703125,1173.623464126761,1190.85595703125,75980600
2023-09-28,1202.3728351923771,1211.5864201363802,1185.788382293172,1195.462646484375,79431900
2023-09-29,1187.6311358495825,1192.6986077248134,1167.3612483486586,1168.7432861328125,84404400
2023-10-02,1171.0465022495814,1205.13676234654,1171.0465022495814,1186.7095947265625,79629800
2023-10-03,1183.0244048713237,1186.2491598690258,1167.3613091681987,1174.732177734375,62827400
2023-10-04,1142.4845279799522,1153.080150618476,1106.5515468580022,1111.6190185546875,128957900
2023-10-05,1125.9002196292954,1158.1477709280068,1112.5405198055435,1156.3050537109375,97438100
2023-10-06,1142.4845909629742,1152.1588556445154,1130.0462506581352,1141.563232421875,65604600
2023-10-10,1155.3835920061383,1165.518535795666,1150.3161201113746,1160.9117431640625,58576100
2023-10-11,1159.0689647113084,1161.3723609050908,1150.3160591749352,1154.9228515625,49166400
2023-10-12,1162.754422753365,1173.810724712985,1158.14763027019,1163.67578125,57538100
2023-10-13,1163.6757942708334,1166.9005490451389,1139.7204730902777,1140.18115234375,52746600
2023-10-16,1134.652973204357,1147.5519919821572,1125.4393883630712,1139.259765625,51663300
2023-10-17,1152.619563342679,1159.9904318532635,1131.428316374748,1142.484619140625,45872900
2023-10-18,1147.0912674988497,1165.9791156785498,1143.8665129315839,1157.6868896484375,75425200
2023-10-19,1142.9451338545084,1155.383472675174,1134.6529079740644,1141.1024169921875,55708500
2023-10-20,1139.2598454402043,1148.4734309269832,1128.6642221304087,1137.8778076171875,52632000
2023-10-23,1134.192293118008,1143.4058779524353,1127.2821044921875,1127.2821044921875,46169000
2023-10-24,1125.4394058735957,1127.7428021197552,1091.8098206796649,1119.9112548828125,72420500
2023-10-25,1131.8888326805832,1148.9339636570512,1128.6640781715219,1141.1024169921875,49728200
2023-10-26,1139.720529449749,1143.8666429360255,1126.360830438414,1130.0462646484375,45601100
2023-10-27,1128.664281730302,1161.3725119355477,1127.7429231329713,1155.8443603515625,65303700
2023-10-30,1145.2487803885606,1155.8444046640784,1129.5856836334476,1133.2711181640625,68026700
2023-10-31,1160.9117807465693,1172.8894419764943,1120.3720042760542,1158.147705078125,143312800
2023-11-01,1174.7320615668823,1192.237872680428,1160.4510051321477,1190.8558349609375,90556400
2023-11-02,1202.3728586754069,1208.8223682621715,1182.1029714027181,1192.2379150390625,70901400
2023-11-06,1195.92339138348,1196.8447499284598,1165.0578801266647,1169.6646728515625,84459900
2023-11-07,1173.810762532552,1182.1029892694382,1159.0690261114212,1160.9117431640625,57875400
2023-11-08,1163.2152511565089,1163.6759304638977,1095.034713662979,1112.54052734375,126172000
2023-11-09,1105.6301524156443,1130.9675100751695,1076.6073609147336,1126.3607177734375,109230400
2023-11-10,1121.293376697312,1148.0127751559987,1119.45065956223,1146.6307373046875,54498000
2023-11-13,1153.5409217097715,1166.439941601095,1148.9341288914418,1154.4622802734375,58960300
2023-11-14,1182.1029335093276,1184.8670089579075,1173.350027922158,1183.0242919921875,70706100
2023-11-15,1201.9122948559436,1201.9122948559436,1153.5409683094222,1159.990478515625,159360000
2023-11-16,1159.990375373937,1184.8670553859276,1159.990375373937,1164.59716796875,84402000
2023-11-17,1151.237469443792,1164.59716796875,1141.5632049946846,1164.59716796875,69386000
2023-11-20,1162.7544234224995,1183.484989608717,1162.7544234224995,1175.6534423828125,74423400
2023-11-21,1177.4963017072337,1180.7210568371047,1155.383695102403,1156.3050537109375,66199700
2023-11-22,1152.1588419065404,1166.9005783883513,1148.9340870511442,1165.057861328125,47858000
2023-11-24,1166.9004844324902,1171.9679559400927,1157.6868998732127,1165.9791259765625,44424000
2023-11-27,1171.046683101131,1192.6986083984375,1166.9005697463276,1192.6986083984375,80061300
2023-11-28,1192.6984810762629,1198.6873108383297,1180.7208215521289,1188.5523681640625,72795900
2023-11-29,1178.8781719778372,1185.327681320428,1154.9228515625,1154.9228515625,83541500
2023-11-30,1160.9118467536107,1165.979319100551,1152.1589399725317,1156.3050537109375,109446300
2023-12-01,1165.518536084483,1172.889404296875,1160.911743451738,1172.889404296875,61386700
2023-12-04,1169.664687129079,1171.9680835196443,1145.7093646671995,1146.1700439453125,67696400
2023-12-05,1144.3272372877072,1152.1587844028002,1130.0461807837141,1139.259765625,56808700
2023-12-06,1142.4846097204081,1146.6307232234255,1132.3496656019206,1146.1700439453125,54043100
2023-12-07,1133.2709411913129,1155.383544921875,1125.9000732811255,1155.383544921875,68933600
2023-12-08,1159.529742912347,1186.2491410406412,1155.8443086877548,1158.147705078125,110786400
2023-12-11,1165.0579450756998,1182.103079108045,1160.4511520939848,1179.7996826171875,66297800
2023-12-12,1163.6758187430246,1169.664649164109,1159.0690261114212,1160.9117431640625,68181000
2023-12-13,1153.0800481352417,1171.9678955078125,1152.6193689310326,1171.9678955078125,53445300
2023-12-14,1147.0912882984412,1154.0014767821667,1125.9000436150163,1130.5068359375,101036800
2023-12-15,1124.9786594338611,1137.8776776419481,1106.0908113434484,1109.7762451171875,88425800
2023-12-18,1097.798538048863,1108.8548388936692,1077.5286531667189,1104.248046875,79172300
2023-12-19,1103.7873514553667,1107.0121058210543,1079.8320333102586,1091.8096923828125,86084300
2023-12-20,1075.2254309210527,1106.5516217105264,1072.4613552631579,1094.11328125,67595800
2023-12-21,1084.4389696996998,1093.191875572382,1078.4501393657592,1088.5850830078125,44567600
2023-12-22,1093.1918721951936,1120.8326274972212,1093.1918721951936,1120.3719482421875,65889400
2023-12-25,1124.0572490549916,1130.0460786606125,1110.2368730420205,1112.07958984375,29668000
2023-12-26,1107.4729426866952,1110.6976975114899,1101.9447915584753,1108.85498046875,33587000
2023-12-27,1108.8550273489982,1115.3045372712606,1108.3943480688365,1114.3831787109375,47138300
2023-12-28,1110.237018250805,1115.3044901183398,1105.1695463832702,1108.85498046875,67936400
2023-12-29,1110.2369997888077,1118.529226343247,1108.39428277671,1116.225830078125,46796400
2024-01-04,1116.686523836097,1128.6641845703125,1105.1695423608896,1128.6641845703125,64417600
2024-01-05,1135.574208852407,1159.06884765625,1135.574208852407,1159.06884765625,67823400
2024-01-09,1170.5861166075329,1170.5861166075329,1153.5409822846368,1160.451171875,54293500
2024-01-10,1154.0015542166573,1167.8219321114675,1152.158837164016,1160.9117431640625,54849300
2024-01-11,1172.8893858100362,1186.2490842344237,1167.3612347378757,1180.26025390625,82084400
2024-01-12,1179.3388806706114,1183.4849939229691,1165.9791824130148,1167.8218994140625,71206800
2024-01-15,1177.0354055800415,1182.5635562129028,1173.8106510442058,1181.1815185546875,14075100
2024-01-16,1177.0357187047641,1192.6988163313638,1173.8109633110523,1183.4852294921875,49091500
2024-01-17,1192.2380089756139,1200.530236240514,1186.2491781731862,1191.316650390625,80529100
2024-01-18,1194.5413302450202,1200.0694814069718,1188.0918205560768,1196.8447265625,50038500
2024-01-19,1202.8335379316043,1202.8335379316043,1190.3951980142726,1192.2379150390625,60287900
2024-01-22,1197.7659732923594,1205.1368408203125,1192.2378226463948,1205.1368408203125,55593300
2024-01-23,1205.1370377109079,1223.1035302455887,1197.30548968297,1211.5865478515625,93799300
2024-01-24,1212.5077786307804,1275.6208354972002,1210.2043823947797,1275.16015625,166119500
2024-01-25,1282.5310100063245,1286.6771231852242,1265.9465572907257,1274.699462890625,91672900
2024-01-26,1255.8115109664839,1259.0362653966986,1235.5416259765625,1235.5416259765625,93031600
2024-01-29,1261.8004948130824,1268.2500044616343,1253.5082681220874,1260.41845703125,58941000
2024-01-30,1260.418574669967,1260.8792539735744,1253.9690644194627,1256.2724609375,42962300
2024-01-31,1262.2610825842853,1285.2950439453125,1257.6542903120799,1285.2950439453125,83406100
2024-02-01,1269.632145287752,1288.9806758037482,1269.632145287752,1279.76708984375,67598100
2024-02-02,1275.1602593783673,1282.5311279296875,1267.3287115425899,1282.5311279296875,59659100
2024-02-05,1299.1155075678498,1327.2169423060195,1294.048035729819,1323.9921875,99904400
2024-02-06,1301.4188220646604,1316.1605573942425,1289.441162109375,1289.441162109375,97220200
2024-02-07,1293.58740234375,1293.58740234375,1293.58740234375,1293.58740234375,50674700
2024-02-08,1294.5086846324061,1294.9693638796064,1273.7781185083995,1275.16015625,63266500
2024-02-09,1280.6882414054046,1285.2950336406757,1265.0251478054822,1277.0028076171875,56641300
2024-02-13,1294.0480208425647,1300.497530380406,1284.834435788506,1299.576171875,62452600
2024-02-14,1299.5762517101973,1307.4077994872528,1294.5087796191615,1298.1942138671875,55120800
2024-02-15,1307.868459848257,1309.250497671274,1292.666043795072,1293.58740234375,60150000
2024-02-16,1304.6436772657335,1330.4417160817225,1300.9582431491635,1328.5989990234375,96849200
2024-02-19,1335.9698455759599,1380.1950542570953,1335.5091663188648,1379.734375,89089400
2024-02-20,1386.6446490119486,1406.9145375689338,1364.9927225988051,1370.5208740234375,80527900
2024-02-21,1366.8353455975596,1370.9814588804643,1356.7004020171262,1359.4644775390625,50298700
2024-02-22,1375.5882943582214,1378.352369966443,1366.8353882655201,1372.82421875,63324400
2024-02-26,1382.0377765315593,1405.9930979914398,1379.2737009784962,1395.858154296875,81583200
2024-02-27,1397.7008673546563,1428.1056983518242,1389.869319976598,1415.6673583984375,98299000
2024-02-28,1419.3528442382812,1429.948467548077,1392.1727670522837,1401.3863525390625,78955100
2024-02-29,1402.3076925512728,1420.73486328125,1394.9368242592818,1420.73486328125,86174200
2024-03-01,1404.6111575918794,1448.3756902160935,1402.3077611379736,1446.99365234375,95139500
2024-03-04,1451.13960105648,1452.0609595333412,1435.9371861882694,1445.6114501953125,66349200
2024-03-05,1447.9148899249212,1470.9488525390625,1442.3867388975273,1470.9488525390625,84960500
2024-03-06,1466.8025770804184,1482.9263491274705,1461.274426664286,1481.5443115234375,91680600
2024-03-07,1488.9152973244663,1514.7133346543458,1474.634240945426,1489.3759765625,115109000
2024-03-08,1489.3759265226477,1516.0953214308795,1480.623021294089,1503.656982421875,132212500
2024-03-11,1496.747069339363,1497.6684279539147,1424.4204180970482,1444.6903076171875,125706100
2024-03-12,1413.82470703125,1428.5664439569587,1389.8693845269734,1413.82470703125,95421000
2024-03-13,1446.9936247872045,1453.4431347353168,1401.38637586841,1410.1392822265625,70811000
2024-03-14,1401.8468814247533,1410.139107473273,1386.644467002467,1400.46484375,67340500
2024-03-15,1384.801678217301,1414.7458262825455,1382.958961413286,1386.1837158203125,108961200
2024-03-18,1403.2290556478235,1415.2067166612323,1389.8693568251751,1412.9033203125,66555300
2024-03-19,1409.6785183421134,1430.869764042681,1362.6892343973764,1407.3751220703125,120416400
2024-03-21,1422.577585328895,1450.2183415205186,1407.8358486933625,1448.8363037109375,114661500
2024-03-22,1457.5891869172324,1477.8590744723392,1449.2969601901432,1476.016357421875,87299300
2024-03-25,1471.409569030395,1471.8702482943368,1454.364436264545,1456.2071533203125,65873500
2024-03-26,1462.1958025746815,1462.1958025746815,1439.161842231665,1442.3865966796875,59954700
2024-03-27,1446.532865119997,1466.3420731455258,1443.3081103251436,1447.4542236328125,85351800
2024-03-28,1438.585739404138,1465.1916404898082,1432.9844970703125,1432.9844970703125,69498500
2024-03-29,1446.0541304655999,1457.2566156596522,1443.2535091670866,1446.9876708984375,29338800
2024-04-01,1453.522196792041,1459.5902085320208,1390.0414585891774,1395.6427001953125,82315700
2024-04-02,1409.6457771921525,1426.916271813381,1392.3752825709241,1395.1759033203125,67769500
2024-04-03,1390.508323934606,1413.8468322248816,1382.5732311159127,1410.1126708984375,52643600
2024-04-04,1425.982838206479,1457.723209073268,1415.2471245309475,1446.053955078125,76582900
2024-04-05,1413.3801303939795,1424.1158447265625,1408.7124285102477,1424.1158447265625,53495200
2024-04-08,1431.5840007036297,1444.653564453125,1425.9827590967034,1444.653564453125,44993200
2024-04-09,1446.5206449887671,1452.1218865956937,1429.7169201679876,1444.653564453125,47275500
2024-04-10,1432.984306414922,1438.5855480035145,1428.7833752234776,1433.9178466796875,35143800
2024-04-11,1430.18375875,1459.59027859375,1429.71698859375,1458.65673828125,54463800
2024-04-12,1460.9907773910031,1461.457547607422,1436.7187261372228,1446.9876708984375,50804800
2024-04-15,1423.6490061062855,1439.9859619140625,1415.2471431194285,1439.9859619140625,42520500
2024-04-16,1434.3846651464553,1449.3213098860213,1406.8452264078803,1409.1790771484375,60652500
2024-04-17,1418.9811950376884,1418.9811950376884,1380.7060443820667,1393.308837890625,50614200
2024-04-18,1385.3738335324654,1422.2486761365976,1384.9070633729193,1416.1806640625,49230800
2024-04-19,1419.4480006103515,1424.5824721679687,1382.5731594238282,1400.3104248046875,64517700
2024-04-22,1425.516030295546,1450.7216182575496,1420.3815586736564,1443.2532958984375,73855500
2024-04-23,1457.256366267163,1467.058539134431,1444.6535725806757,1451.1883544921875,48408400
2024-04-24,1461.4573936899756,1467.5254058643511,1449.7881395084842,1465.6583251953125,45715700
2024-04-25,1460.0570714706535,1467.5253940868715,1446.9875068922715,1448.3878173828125,35517800
2024-04-26,1446.987438355475,1463.3243933046497,1423.6489312852254,1449.3212890625,61190400
2024-04-30,1440.452635636772,1474.52685546875,1437.1852446939795,1474.52685546875,57840300
2024-05-01,1463.7910187480013,1467.5251795101135,1445.586985032704,1459.590087890625,45797000
2024-05-02,1453.5221783847883,1455.389258896522,1440.4526148026514,1450.7215576171875,31113300
2024-05-07,1463.7911446640474,1463.7911446640474,1440.4526378932558,1455.3892822265625,43814000
2024-05-08,1456.322883296059,1461.4573549999873,1442.786548803884,1447.9210205078125,35760700
2024-05-09,1464.2580034878113,1487.1297415085007,1460.9906123419985,1478.2611083984375,69999200
2024-05-10,1481.5283970949565,1505.3336737968602,1477.7942360436775,1487.129638671875,73830500
2024-05-13,1493.1978072953277,1509.0679934310078,1483.862403686104,1494.13134765625,64361200
2024-05-14,1493.6644785502958,1505.800502438517,1485.2626158584503,1498.7989501953125,42670200
2024-05-15,1509.5345931378447,1517.469685309565,1484.7957763671875,1484.7957763671875,70435500
2024-05-16,1447.454191080729,1456.789593796503,1402.177487909226,1421.3150634765625,159290800
2024-05-17,1426.449484656622,1473.1264965891032,1421.781783463374,1450.2547607421875,107747200
2024-05-20,1449.7880105709924,1468.4588156008829,1448.3877001937506,1459.1234130859375,56938900
2024-05-21,1451.6552352905273,1455.3893966674805,1433.4511985778809,1448.8546142578125,49373200
2024-05-22,1460.0569332480084,1461.9240137253078,1446.0538296682641,1450.2547607421875,47238500
2024-05-23,1455.3891570332487,1460.523628081153,1442.319594365856,1459.590087890625,48875800
2024-05-24,1440.4526687320974,1468.9256476020448,1439.5191284412795,1466.591796875,43700300
2024-05-27,1466.5917413850057,1484.7957763671875,1462.8575803630197,1484.7957763671875,42011200
2024-05-28,1488.996759363123,1519.8035888671875,1483.395517635111,1519.8035888671875,68773800
2024-05-29,1521.6706623503837,1554.3445722781528,1521.2038922085585,1528.2054443359375,86664600
2024-05-30,1513.2688866258582,1538.0077055620613,1505.8005639281364,1521.2039794921875,57651000
2024-05-31,1517.4696350833906,1552.9441636180993,1515.1357845218968,1547.8096923828125,98476700
2024-06-03,1572.5487098693848,1588.4188957214355,1570.214859008789,1583.284423828125,73945300
2024-06-04,1579.083434786682,1608.9567247146592,1567.4141809085656,1571.6151123046875,87423800
2024-06-05,1550.6104886408484,1555.2781902923862,1530.0726013740823,1533.8067626953125,65780900
2024-06-06,1533.8066754599695,1560.879343499129,1523.537732410633,1540.8082275390625,61462800
2024-06-07,1526.3383205983966,1538.9411140712273,1498.3321128809948,1514.6690673828125,69190100
2024-06-10,1531.006122830782,1541.7418364969735,1522.137489802189,1539.874755859375,49724900
2024-06-11,1542.208428646631,1550.143520440515,1524.00439453125,1524.00439453125,43479400
2024-06-12,1506.7340052819452,1513.735557351099,1498.3321427989604,1510.9349365234375,39735800
2024-06-13,1515.135773421005,1516.0693136387629,1488.9966473237848,1492.2640380859375,44414200
2024-06-14,1470.7926410122843,1496.4649974882207,1464.257859363864,1473.59326171875,85053900
2024-06-17,1458.1899829789172,1469.3924668430318,1433.451164445664,1441.85302734375,55565500
2024-06-18,1449.7881200808313,1457.2564426569077,1436.7185555726976,1441.85302734375,34458900
2024-06-19,1456.3229218501194,1472.1931075369475,1448.854599173965,1465.6583251953125,35779700
2024-06-20,1460.9904920877607,1469.8591244678462,1438.585526074913,1444.186767578125,32887900
2024-06-21,1466.124963465705,1472.1929750941842,1441.386146826519,1444.186767578125,58191500
2024-06-24,1446.520647387672,1485.2625685664964,1443.2532564448795,1474.52685546875,47993500
2024-06-25,1496.4650712328425,1537.0740734777762,1491.7973698253788,1532.4063720703125,70543800
2024-06-26,1531.0060130712773,1550.6103583606046,1525.404771560041,1542.20849609375,57890200
2024-06-27,1548.7434577059553,1563.2133332903088,1545.4760664449723,1553.8779296875,58242800
2024-06-28,1568.3477116017207,1622.493049264161,1564.6135503836213,1614.0911865234375,123467800
2024-07-01,1626.2273024596645,1632.7620849609375,1606.6229549558454,1632.7620849609375,69798600
2024-07-02,1652.3663272783942,1697.1762615774694,1647.6986257889073,1690.6414794921875,110642900
2024-07-03,1685.0403137037583,1692.9754065937761,1671.9707489437292,1681.30615234375,62474100
2024-07-04,1686.4405753035226,1709.77908312671,1667.7697690449727,1706.044921875,69165000
2024-07-05,1715.8471179713306,1726.5828317127182,1688.3076783738582,1695.7760009765625,55089300
2024-07-08,1700.9104800446553,1706.511722020653,1672.4375,1672.4375,46190200
2024-07-09,1671.9706134294067,1671.9706134294067,1643.4976353670968,1649.098876953125,65744800
2024-07-10,1675.7048491665723,1684.573482073025,1657.0340430477247,1673.8377685546875,61432500
2024-07-11,1694.8423712934766,1696.7094518457138,1671.03709425245,1672.9041748046875,46967900
2024-07-12,1644.4311474260603,1646.764998046875,1628.0941930803572,1633.6954345703125,61952300
2024-07-16,1643.0309378517165,1667.302985797253,1637.89646617093,1658.901123046875,42048400
2024-07-17,1679.4388776703743,1680.3724179025423,1648.6320500088277,1652.3662109375,37687900
2024-07-18,1639.2967916483276,1675.704863900198,1637.4297110200264,1657.0340576171875,52442000
2024-07-19,1669.1700547799555,1670.5703652285965,1644.4312368539663,1656.5672607421875,37630600
2024-07-22,1661.7018516116914,1664.9692428929504,1627.627628249991,1630.89501953125,38158300
2024-07-23,1645.8314976322915,1661.2349121024745,1637.4296351940097,1651.4327392578125,38657200
2024-07-24,1642.564181775932,1648.6321938143199,1627.1607666015625,1627.1607666015625,38133600
2024-07-25,1594.4867601445897,1612.6907951696596,1561.8128511252332,1563.679931640625,65008600
2024-07-26,1573.482177734375,1600.5548464702379,1562.7464642701536,1573.482177734375,53587800
2024-07-29,1590.2859002277692,1598.687762923425,1576.2827957350091,1592.6197509765625,43301100
2024-07-30,1564.6135218313002,1577.2163157123996,1558.0787398188784,1568.814453125,45226000
2024-07-31,1587.0184221540178,1644.8979175502232,1577.683019670759,1633.6954345703125,122531400
2024-08-01,1626.2271448719573,1636.9628579408595,1580.9504419291961,1610.82373046875,110242400
2024-08-02,1461.4574404190587,1501.1329059047248,1409.645950196601,1415.2471923828125,167127800
2024-08-05,1153.855854121713,1258.8791418148303,1120.2484020599156,1162.7244873046875,217917100
2024-08-06,1353.6333144886903,1359.2345557900228,1188.8634662078255,1230.406005859375,195791600
2024-08-07,1222.9378439776146,1385.3738629486872,1217.3366019441296,1337.7633056640625,180522900
2024-08-08,1288.285633493676,1348.0322135977306,1285.9517827083614,1300.888427734375,104202000
2024-08-09,1329.3613385102801,1331.2284190418957,1293.8868084095843,1316.758544921875,85154400
2024-08-13,1318.625777439811,1343.8313675218462,1312.5577650126543,1342.8978271484375,74626800
2024-08-14,1381.6397908179674,1387.707803412776,1348.0323364467197,1360.6351318359375,69070500
2024-08-15,1378.839035958032,1423.1822006215434,1369.5036328709768,1403.111083984375,80672800
2024-08-16,1470.3259725380312,1470.3259725380312,1436.2517515871498,1449.7880859375,74276100
2024-08-19,1451.6551468987893,1466.5917914971049,1433.9178814382897,1440.91943359375,53622900
2024-08-20,1456.322752008784,1456.7895221216072,1432.050706141971,1441.3861083984375,37981600
2024-08-21,1418.9811875203186,1436.7184523643225,1416.6473368829495,1435.784912109375,32992000
2024-08-22,1434.384634360095,1435.7849447743743,1402.177494831671,1412.9132080078125,42850000
2024-08-23,1421.7818452228485,1427.3830868980533,1408.712281314037,1423.64892578125,38568400
2024-08-26,1412.4464907615948,1422.248664028612,1389.107982982983,1398.91015625,47185600
2024-08-27,1395.642598571473,1415.7137128653103,1391.4416676727628,1404.51123046875,29317100
2024-08-28,1392.842121964537,1409.1790771484375,1387.2408801871998,1409.1790771484375,35413900
2024-08-29,1416.6473154619705,1421.7817867865444,1405.911602692407,1411.9796142578125,41281700
2024-08-30,1418.9811410953862,1430.1836237882444,1411.5128193001472,1426.449462890625,44526700
2024-09-02,1448.8544269151598,1458.1898291504378,1436.7184040092984,1445.5870361328125,35940300
2024-09-03,1455.3893445976978,1492.73095703125,1450.2548728880843,1492.73095703125,52222400
2024-09-04,1446.0538914138865,1452.1219032242095,1404.9781191593927,1408.7122802734375,73244900
2024-09-05,1380.7060361982235,1412.9131749736384,1362.9687713653861,1386.7740478515625,70183600
2024-09-06,1390.9750128599462,1402.1774961849928,1369.5035864869403,1378.8389892578125,41174300
2024-09-09,1316.2918033718815,1353.1666446720158,1313.0244123706038,1347.0986328125,59335300
2024-09-10,1346.6317524179296,1376.9718092315052,1346.1649823131054,1349.432373046875,46372100
2024-09-11,1333.5623244838414,1352.2331305669193,1320.0259900736098,1332.6287841796875,56256200
2024-09-12,1360.6349678902368,1374.1713020476354,1346.6318635894797,1362.0352783203125,45593000
2024-09-13,1355.5004347755857,1365.3026073411118,1347.0985725765636,1354.56689453125,52635600
2024-09-17,1358.7678223516507,1367.1696845303966,1299.0212468583454,1324.693603515625,62329300
2024-09-18,1341.4973702566965,1345.231531343006,1318.6256336030506,1323.2933349609375,44240600
2024-09-19,1362.9688176758489,1367.6365191062457,1347.0986328125,1347.0986328125,52452100
2024-09-20,1384.4403763126265,1403.111183815157,1375.5717427489246,1383.5068359375,93077100
2024-09-24,1400.3104661809655,1401.2440064917528,1378.8390390328573,1383.9735107421875,48397800
2024-09-25,1368.5700168946328,1373.237718180085,1345.698280595916,1348.4989013671875,47229600
2024-09-26,1356.9009090633438,1383.0400390625,1349.8993563849983,1383.0400390625,63504400
2024-09-27,1399.1824491410155,1399.1824491410155,1366.422493596146,1377.8172607421875,64741600
2024-09-30,1422.446756683759,1422.446756683759,1370.2207409176663,1380.191162109375,98282300
2024-10-01,1388.7372954466248,1426.2450719732174,1376.3929639315436,1404.8798828125,53945200
2024-10-02,1384.4643098397091,1416.7494857893319,1372.119977858971,1376.8677978515625,56423600
2024-10-03,1396.808671871629,1397.7582358905765,1367.8469692937333,1375.4434814453125,46963700
2024-10-04,1381.615516043998,1410.5772158648517,1377.3424783655114,1405.3546142578125,49705300
2024-10-07,1456.6311626770696,1471.8241865381083,1445.2363947812908,1453.782470703125,70929500
2024-10-08,1452.8328274665994,1462.328466861806,1419.1233076136161,1428.1441650390625,48802100
2024-10-09,1442.3877562053833,1443.8121022450857,1418.6486555436752,1425.7703857421875,31514600
2024-10-10,1449.9842825770495,1453.7825387200148,1437.639950112412,1448.5599365234375,39215000
2024-10-11,1461.853838183216,1480.3703369455238,1458.5303640463917,1473.723388671875,50210400
2024-10-15,1514.5545703155776,1518.3528262912907,1496.0380724339766,1506.4832763671875,67380200
2024-10-16,1497.4624306732753,1514.0798007029407,1489.865918659714,1509.8067626953125,43088800
2024-10-17,1519.3023709888923,1545.415380490264,1511.7058591339478,1538.7684326171875,61903700
2024-10-18,1549.6884836906934,1576.2762763030337,1542.5667535266737,1561.083251953125,61953500
2024-10-21,1559.1840844529797,1559.6588664518997,1530.2223825188653,1531.646728515625,41261300
2024-10-22,1522.6259698894762,1530.222482367877,1499.3616504243737,1511.231201171875,41483300
2024-10-23,1509.331987002433,1512.1806790194241,1485.118104858009,1487.966796875,31281200
2024-10-24,1471.8241672698682,1496.9876127102887,1464.227655438798,1486.067626953125,37136200
2024-10-25,1462.3284866781362,1477.0467279401564,1455.6815390114173,1470.3997802734375,39535300
2024-10-28,1439.0642673624309,1499.8363644334936,1439.0642673624309,1483.218994140625,44982600
2024-10-29,1488.4416038461027,1536.3945869365193,1487.9668218353063,1527.8485107421875,49491400
2024-10-30,1536.3946391574584,1546.83984375,1525.4746525379833,1546.83984375,116677200
2024-10-31,1534.0206581047792,1555.3858483290796,1530.697184069888,1546.364990234375,42719700
2024-11-01,1528.7980108075728,1562.982314154823,1526.8988828438366,1538.7684326171875,45471600
2024-11-05,1547.7892818204134,1549.213627785279,1532.5962581951824,1541.142333984375,28419300
2024-11-06,1554.4362763794265,1628.97705078125,1550.6380203589515,1628.97705078125,89785000
2024-11-07,1704.9422134891634,1718.2361098906383,1648.9179357972332,1677.879638671875,105778900
2024-11-08,1694.022197262864,1694.4969792688232,1671.2326609768165,1679.303955078125,38968300
2024-11-11,1694.4970479825647,1703.0431244363856,1663.1614343185554,1674.0814208984375,44870100
2024-11-12,1708.7404329649669,1722.9838930897097,1701.1439208984375,1701.1439208984375,68350700
2024-11-13,1713.9628568608712,1717.2863305445348,1682.152465888661,1695.921142578125,51781400
2024-11-14,1699.244867683385,1726.307443111704,1695.4466114829195,1707.316162109375,54966700
2024-11-15,1737.7021448235764,1745.2986569320947,1710.6395704369797,1732.0047607421875,94700800
2024-11-18,1738.1768260451188,1744.3489917754073,1717.761200937241,1719.185546875,47560000
2024-11-19,1720.1351921261569,1750.521240234375,1718.7108461210842,1750.521240234375,59335500
2024-11-20,1742.450042254074,1743.3996063097984,1720.1352869445532,1724.4083251953125,42730200
2024-11-21,1725.357924553247,1732.004873079319,1707.3162071253373,1714.9127197265625,38328400
2024-11-22,1725.3577119675729,1737.7020434235874,1718.710764260488,1732.9542236328125,35842900
2024-11-25,1739.601314883112,1750.521301302957,1729.1561104815214,1733.9039306640625,53835900
2024-11-26,1732.0046909828643,1736.752510859462,1687.8499661305052,1703.9925537109375,44950100
2024-11-27,1694.971689077524,1706.841238720924,1660.312604118796,1678.8291015625,47675000
2024-11-28,1652.2413807384435,1689.2743772032707,1649.3926887026876,1679.303955078125,34111600
2024-11-29,1684.5265007019043,1705.4169082641602,1675.5056428909302,1701.61865234375,39570400
2024-12-02,1713.4882539153393,1734.853444113785,1704.4673958315511,1734.378662109375,58921200
2024-12-03,1737.702185048645,1753.3699916351493,1734.853492942008,1747.672607421875,60177400
2024-12-04,1756.6933748866973,1765.2394507645245,1718.236033436475,1718.7108154296875,53782100
2024-12-05,1744.8237180906392,1745.7732820188517,1712.0637625673046,1727.7315673828125,43638700
2024-12-06,1709.2151044185205,1720.135089807861,1704.4672846840244,1718.2359619140625,35967200
2024-12-09,1720.6100272080864,1729.630885518504,1691.6483242114823,1722.5091552734375,43808400
2024-12-10,1732.004873079319,1735.3283473423548,1714.4379376889858,1714.9127197265625,31932900
2024-12-11,1726.307387361309,1749.5717058378502,1722.5091312835063,1749.096923828125,51405300
2024-12-12,1758.592579865565,1774.7351683416528,1757.1682338235573,1758.1177978515625,56473100
2024-12-13,1756.6934099323719,1765.2394859806916,1740.5508218411014,1756.2186279296875,47770900
2024-12-16,1765.2394600140517,1773.7855359366586,1751.9455641344407,1763.34033203125,36621800
2024-12-17,1760.491617168194,1762.8655271158318,1725.3577499431544,1729.156005859375,56169900
2024-12-18,1719.6603708243535,1748.1472902747846,1718.7108068426724,1721.084716796875,34653300
2024-12-19,1709.2151407910876,1755.2689931957364,1697.3455912022605,1741.97509765625,46831000
2024-12-20,1723.4587156550735,1727.7317537930612,1679.3039882291996,1683.5770263671875,70783300
2024-12-23,1684.5265458170572,1709.2152099609375,1679.303943786621,1709.2152099609375,35341700
2024-12-24,1716.811767578125,1723.9334978086758,1708.2656913014641,1716.811767578125,29502900
2024-12-25,1710.6395559692382,1713.9630299886066,1697.820441894531,1709.2152099609375,25367400
2024-12-26,1709.2151964125485,1719.660400390625,1702.5682484264996,1719.660400390625,32981700
2024-12-27,1728.2064996695942,1746.7229978803398,1724.4082436263643,1740.0760498046875,64716400
2024-12-30,1751.9455776028617,1771.8864215755773,1746.2481936106572,1752.8951416015625,45651400
2025-01-06,1766.1890956216353,1775.2099539057242,1742.4499948740327,1763.815185546875,46536300
2025-01-07,1778.5333635948089,1836.456767321068,1773.7855436172465,1821.738525390625,84675200
2025-01-08,1829.3349866047074,1849.750611941848,1809.8689252367362,1822.2132568359375,65845300
2025-01-09,1809.8689546070323,1834.557618206079,1807.969826637875,1820.7889404296875,49890200
2025-01-10,1814.141942827101,1820.314108557735,1795.6254456351992,1807.4949951171875,45911300
2025-01-14,1813.6672147303123,1818.8898166575461,1750.9959916035057,1765.7142333984375,65248800
2025-01-15,1785.180376382926,1799.4238368327897,1777.1090821280031,1797.0499267578125,40942600
2025-01-16,1809.8689268404844,1830.2845521957154,1781.382007740162,1794.6759033203125,59215400
2025-01-17,1785.6551231619187,1786.1299051675453,1736.2777945767446,1773.310791015625,59166500
2025-01-20,1803.221965123642,1819.8393344704896,1789.9280696461637,1818.8897705078125,49254900
2025-01-21,1827.4358376034606,1834.0827853110338,1790.8776252118093,1821.263671875,46188100
2025-01-22,1838.355887752426,1839.3054517440337,1809.8689680041962,1810.34375,43590100
2025-01-23,1808.9193535151128,1816.0410832533614,1789.928074213117,1810.8184814453125,37769800
2025-01-24,1810.8184814453125,1826.0115048869093,1791.8272021433165,1810.8184814453125,56820700
2025-01-27,1829.8098107039586,1864.4688963763483,1821.2637347847394,1824.1124267578125,79569500
2025-01-28,1829.8099100268348,1882.0359323680264,1824.5873077927158,1870.1663818359375,71707300
2025-01-29,1875.3889840700565,1881.0863683254593,1863.044651516684,1870.1663818359375,49892200
2025-01-30,1877.76278889249,1891.0566847430564,1855.9228171379882,1865.41845703125,52933400
2025-01-31,1869.2167622004913,1880.1367483652389,1853.0741739569514,1878.71240234375,41602800
2025-02-03,1847.851632471768,1852.599452699085,1822.2134032442564,1828.8603515625,66155400
2025-02-04,1842.1541452223637,1855.4480411157208,1834.5576332833023,1843.5784912109375,54245400
2025-02-05,1851.6498498471908,1871.5906943840066,1823.162929080311,1832.6585693359375,68815300
2025-02-06,1842.1541475183824,1845.002839499081,1807.495061753217,1816.0411376953125,53281200
2025-02-07,1820.3142053433453,1825.0620253885809,1797.9994511307377,1814.6168212890625,33481300
2025-02-10,1822.213419371547,1831.709059910221,1802.747356267265,1804.646484375,29342500
2025-02-12,1804.1715840545503,1810.34375,1788.9785601888277,1810.34375,32614900
2025-02-13,1826.4864101861704,1845.9524727849832,1825.5368461569599,1844.0533447265625,45145800
2025-02-14,1832.6584257219577,1848.8010128915294,1827.9106059662015,1845.4775390625,41041200
2025-02-17,1853.548798076923,1882.510498046875,1851.649670210041,1882.510498046875,46516600
2025-02-18,1898.1783396553922,1929.9887320408127,1892.4809559445705,1920.018310546875,63751800
2025-02-19,1920.018395568256,1936.1609834637359,1902.9262436789243,1910.0479736328125,56609400
2025-02-20,1890.581825664409,1902.4513750470333,1861.1453431955006,1873.014892578125,55078800
2025-02-21,1861.1453482663824,1872.0653337281494,1843.1036331556368,1851.1749267578125,43123200
2025-02-25,1826.9611529365118,1866.8428413062277,1819.3646408660898,1861.6202392578125,44022100
2025-02-26,1851.6497611999512,1856.3975811004639,1811.7680740356445,1823.162841796875,50120300
2025-02-27,1819.839370692154,1843.5784702315768,1812.2428588395387,1842.62890625,45479200
2025-02-28,1831.708927284838,1834.082837247623,1792.7768038951656,1807.020263671875,95721700
2025-03-03,1836.4566646318483,1854.9731615089531,1823.6375514092372,1850.225341796875,41941900
2025-03-04,1835.9819631635771,1840.255001091809,1807.0202616500064,1834.5576171875,43511100
2025-03-05,1813.6671764804232,1835.032365732156,1807.969792679961,1830.2845458984375,40720700
2025-03-06,1837.4063534271875,1862.0950176076044,1836.9315714237177,1855.9228515625,46161900
2025-03-07,1826.0115251518814,1836.9315108717185,1819.3645773224155,1825.5367431640625,44683300
2025-03-10,1834.0828275680542,1840.2549934387207,1821.26371383667,1823.162841796875,33199000
2025-03-11,1785.1803261605255,1800.3733502129555,1735.802997990128,1797.524658203125,73519900
2025-03-12,1806.070776620183,1844.5281196554708,1804.646430581839,1832.6585693359375,52283100
2025-03-13,1853.5488111586612,1868.7418342009453,1846.901863577662,1858.296630859375,46852300
2025-03-14,1870.6409609755765,1905.3000447703016,1852.5992461235278,1899.6026611328125,68846600
2025-03-17,1918.1192284194121,1936.6357259214806,1915.2705364960168,1927.6148681640625,51530100
2025-03-18,1948.030382553057,2010.2268193345462,1948.030382553057,1999.7816162109375,91991900
2025-03-19,2003.5800448462733,2012.1261208669446,1988.387020809524,1999.3070068359375,66743300
2025-03-21,2017.8232938452873,2126.548360737186,2015.4493840878222,2113.729248046875,139494500
2025-03-24,2089.040811046012,2112.779911171535,2071.473876953125,2071.473876953125,60516100
2025-03-25,2089.0406757352093,2091.414585593999,2042.037260531167,2054.381591796875,45627000
2025-03-26,2070.9990502375595,2070.9990502375595,2032.5417088645097,2050.108642578125,46705600
2025-03-27,2050.108745512788,2071.9487182533135,2037.289631078132,2068.625244140625,52488100
2025-03-28,2080.711082930697,2085.0620122397995,2035.2680434800732,2038.652099609375,49747500
2025-03-31,1948.7330096456792,1978.7060799999417,1929.878981519611,1944.382080078125,65815900
2025-04-01,1975.3219779577992,1981.6066538543855,1912.9586555993665,1927.9451904296875,56666500
2025-04-02,1925.0445799413515,1926.0114531608097,1877.6677921878977,1898.45556640625,52741900
2025-04-03,1746.1730186977168,1803.7019747400834,1726.3521178763972,1762.60986328125,133112300
2025-04-04,1639.3336052510206,1658.6710703675176,1546.9972093197482,1613.22802734375,171845900
2025-04-07,1274.8223068864797,1481.733170499454,1266.6038847336279,1445.9588623046875,172141100
2025-04-08,1622.413146604531,1632.0818781099217,1568.268250174344,1603.07568359375,120997000
2025-04-09,1546.9971636146497,1569.7186844552398,1500.5872487062102,1517.990966796875,126803200
2025-04-10,1756.8086289941464,1756.8086289941464,1653.8366317526072,1654.320068359375,132780800
2025-04-11,1552.3150142624445,1607.4267899167323,1541.679408434424,1590.0230712890625,98801700
2025-04-14,1596.3076784079483,1647.5519588171676,1587.1223828628995,1592.440185546875,64482000
2025-04-15,1618.5457454871678,1645.1347586298782,1605.49295721711,1628.2144775390625,59414100
2025-04-16,1643.6843556114875,1652.386213964725,1578.420417962208,1587.605712890625,63594600
2025-04-17,1592.4402289254324,1624.3470458984375,1579.8708767845517,1624.3470458984375,52230000
2025-04-18,1633.5322877606097,1641.7507100429211,1616.612006591145,1629.664794921875,50013500
2025-04-21,1618.5457929829288,1620.962976066834,1587.6058495089421,1598.241455078125,33138500
2025-04-22,1590.506409027791,1604.0426337854744,1576.486747671619,1578.9039306640625,42565500
2025-04-23,1642.717552445023,1651.9028477647569,1623.3800886140045,1631.5985107421875,60413200
2025-04-24,1649.9691913747663,1673.6575858597832,1644.1679519090478,1664.4722900390625,52714600
2025-04-25,1685.743446723872,1686.710319936791,1659.1544333686059,1677.5250244140625,48539900
2025-04-28,1692.0281059316803,1724.4183582452297,1692.0281059316803,1713.29931640625,47288400
2025-04-30,1740.3716812577975,1759.709144382884,1723.4514010233465,1743.7557373046875,64480100
2025-05-01,1759.7091986488144,1762.1263816139915,1701.696807484568,1722.968017578125,62432800
2025-05-02,1698.7962889922437,1730.7031060308004,1665.4391620882982,1679.9422607421875,69709700
2025-05-07,1692.0280380270815,1701.2133330906572,1668.3396454947024,1692.511474609375,51813300
2025-05-08,1685.7434681134484,1708.9484255179352,1683.8097216630745,1705.0809326171875,38483300
2025-05-09,1728.2858045505334,1752.4576339848065,1724.4183118410497,1751.00732421875,49684000
2025-05-12,1772.7621149559259,1781.4639742603183,1753.908086463076,1778.5633544921875,43552500
2025-05-13,1877.6677950677833,1884.9193442248422,1843.827232334842,1844.3106689453125,69781000
2025-05-14,1880.0849227787596,1911.508301534383,1858.8137125441838,1880.568359375,61625800
2025-05-15,1880.568405862917,1883.469025512063,1853.495955804222,1866.0653076171875,52970600
2025-05-16,1890.2370606095717,1927.9451145040848,1874.7670897810535,1882.5020751953125,84511500
2025-05-19,1877.1843853631156,1917.3096246072923,1857.363484049727,1904.2568359375,48631200
2025-05-20,1911.5082473658283,1931.8125838325366,1906.6738815404217,1909.091064453125,52344600
2025-05-21,1926.011445114213,1956.9513880076142,1904.740234375,1904.740234375,70675700
2025-05-22,1903.7733159945374,1904.740189187018,1870.8996274501928,1880.568359375,40459500
2025-05-23,1885.4027943261342,1894.5880899908,1871.8665691361005,1878.1512451171875,37328900
2025-05-26,1878.151145837496,1893.1376800771259,1869.9327238351184,1890.237060546875,31307200
2025-05-27,1880.5683586340574,1911.50830078125,1873.316809693309,1911.50830078125,29503000
2025-05-28,1938.5807193206151,1942.448212027489,1896.0382995450007,1897.9720458984375,50253600
2025-05-29,1916.3427264358634,1938.580810546875,1908.6077406581203,1938.580810546875,52129100
2025-05-30,1920.2101210060016,1968.5537796416008,1914.8923185560857,1958.401611328125,63359000
2025-06-02,1933.2629319694172,1936.6469881144,1912.4751585073805,1924.07763671875,42770900
2025-06-03,1926.4948352587965,1927.9451450469462,1903.289878648402,1911.50830078125,36477700
2025-06-04,1917.3095169356302,1929.8788682821573,1911.9917144428687,1914.892333984375,28544200
2025-06-05,1899.9058230351743,1900.3892596313663,1879.6014859951038,1888.3033447265625,35749700
2025-06-06,1900.389228840234,1910.057960607419,1890.7204970730488,1897.9720458984375,25747500
2025-06-09,1915.3758238976613,1920.6936265384675,1908.6077114457262,1917.3095703125,23923200
2025-06-10,1917.3095171222797,1921.6604464349628,1893.1376876073746,1899.42236328125,40052300
2025-06-11,1899.905838293532,1911.02488009525,1884.435867091142,1891.2039794921875,29812800
2025-06-12,1899.9058762354373,1905.7071155521867,1887.8199609922092,1898.45556640625,35979800
2025-06-13,1892.6543440119983,1897.0052735384627,1857.363471186232,1870.416259765625,51362300
2025-06-16,1881.05179578368,1891.2039643037153,1871.383063859837,1888.3033447265625,30342200
2025-06-17,1886.3695907495035,1894.104576257446,1874.2836758933431,1886.85302734375,30085800
2025-06-18,1876.7008360723705,1890.237060546875,1870.4161604234935,1890.237060546875,29617800
2025-06-19,1896.0383993587382,1898.939019041592,1882.5021741720873,1885.88623046875,19702800
2025-06-20,1886.853057650862,1909.5745779454023,1882.5021282327587,1892.654296875,46602400
2025-06-23,1892.654205109846,1894.1045148455626,1858.3302080312258,1875.25048828125,34019700
2025-06-24,1902.8064573957276,1911.5083161947937,1885.8861763975442,1906.6739501953125,29758600
2025-06-25,1911.5082396529103,1912.9585493946804,1878.6345521727894,1899.90576171875,27512900
2025-06-26,1878.6346497616526,1911.9917755551558,1878.6346497616526,1911.02490234375,30161700
2025-06-27,1912.4751281738281,1937.1303939819336,1900.3892135620117,1918.2763671875,55914400
2025-06-30,1933.7464148386282,1937.130471064596,1900.389289182662,1917.3095703125,45138300
2025-07-01,1905.7070618140751,1909.0911179867537,1882.5021052014229,1903.7733154296875,37538500
2025-07-02,1903.7733381613014,1917.792999615511,1895.071479327654,1908.124267578125,36491900
2025-07-03,1914.4089277427322,1920.693603515625,1898.9389566094576,1920.693603515625,27346100
2025-07-04,1937.1304319017845,1955.5010224713546,1934.7132489321043,1948.73291015625,49668300
2025-07-07,1942.4482431174413,1952.6004116354768,1899.905822660912,1903.7733154296875,43315200
2025-07-08,1891.2039943243199,1913.4420781021622,1891.2039943243199,1901.839599609375,37110400
2025-07-09,1914.4088897782183,1918.2763824848407,1898.9389189517276,1913.4420166015625,27102200
2025-07-10,1910.5414047647337,1916.3426438480274,1898.4554900078717,1907.1573486328125,36128100
2025-07-11,1914.4089121361303,1961.302261751586,1912.475165760235,1940.9979248046875,61999500
2025-07-14,1922.1438218024623,1937.613792199263,1912.9585268793621,1926.4947509765625,32652500
2025-07-15,1938.097259498579,1967.5868910349755,1926.4947815170458,1932.2960205078125,36573700
2025-07-16,1923.1108254679568,1926.011445114213,1902.8064879441624,1904.740234375,36454200
2025-07-17,1906.6739883674393,1914.4089741214652,1900.8727490519195,1906.1905517578125,24463800
2025-07-18,1915.3758705573355,1917.7930536347676,1901.8396453237146,1902.8065185546875,27493000
2025-07-22,1915.375747680664,1942.9316329956055,1910.5413818359375,1933.746337890625,36368500
2025-07-23,1976.772201345305,2047.8373795301325,1972.4212720686828,2028.0164794921875,93269300
2025-07-24,2072.009298930211,2106.8167346565233,2065.7246230351825,2099.565185546875,69111100
2025-07-25,2082.1613540897006,2094.7307051940265,2071.0423127281815,2085.54541015625,38320900
2025-07-28,2078.777445673348,2084.5786850566224,2031.4006573766067,2035.7515869140625,39535800
2025-07-29,2028.4999470822395,2029.9502568632802,1998.5268782740654,2002.8778076171875,28810600
2025-07-30,2011.0961154410004,2022.698593030083,1995.6261453222235,2019.7979736328125,23567400
2025-07-31,2014.9636765484333,2043.0029983430134,2008.195564391121,2040.5858154296875,32029400
2025-08-01,2011.0962660143396,2068.6252217008073,2002.3944071710082,2056.539306640625,43624900
2025-08-04,1977.2557067125672,1981.606636140541,1954.0507497633732,1979.189453125,62389500
2025-08-05,1982.089973555285,2000.944000133006,1962.7525103986482,1991.2752685546875,44850300
2025-08-06,1997.0765987244754,2015.9306261634138,1991.7587961134927,2008.6790771484375,31012900
2025-08-07,2009.6459416063162,2051.704925710177,2006.7453220129464,2045.9036865234375,38214000
2025-08-08,2057.5059891553183,2081.6778170354323,2045.9035117728633,2058.956298828125,45279500
2025-08-12,2092.7970113168817,2162.8953173092464,2086.995772200272,2149.842529296875,88935600
2025-08-13,2165.7958984375,2174.014320373535,2125.187225341797,2150.325927734375,55468500
2025-08-14,2133.4056848626924,2179.332161196696,2128.087882339808,2165.3125,54772200
2025-08-15,2194.8021226865258,2295.84037018465,2193.8352495047257,2295.35693359375,94870900
2025-08-18,2274.569137701855,2278.4366303908278,2236.861083984375,2236.861083984375,53442600
2025-08-19,2237.344536452553,2238.311409631659,2173.5309066315203,2177.8818359375,52086400
2025-08-20,2185.133636231764,2208.338595200597,2154.6771275851706,2187.0673828125,36596800
2025-08-21,2184.166603316804,2197.702828392694,2169.6635050212076,2179.815673828125,24823600
2025-08-22,2203.9874037930354,2215.1064453125,2188.033996395542,2215.1064453125,30815700
2025-08-25,2245.079707300087,2246.530017188524,2202.537283905943,2212.689453125,32120800
2025-08-26,2202.537078857422,2216.0733032226562,2188.517417907715,2196.73583984375,33503900
2025-08-27,2194.8021012047816,2199.636467066466,2172.5640182410325,2174.981201171875,26618400
2025-08-28,2160.9616303533285,2193.351882978311,2156.6107008962413,2192.385009765625,26882400
2025-08-29,2181.749320967,2193.83523566325,2167.2462233315005,2184.16650390625,25541900
2025-09-01,2176.4314346160922,2202.537009353824,2162.4117741087916,2175.947998046875,27735200
2025-09-02,2175.464630126953,2198.186149597168,2164.8290252685547,2196.73583984375,25311000
2025-09-03,2190.934687251477,2192.3849970621022,2119.386069927289,2127.6044921875,50342200
2025-09-04,2141.623986504102,2182.2326580314934,2138.723367109288,2173.04736328125,31065900
2025-09-05,2185.1333846188286,2204.4708481995262,2180.299018723654,2193.351806640625,34350300
2025-09-08,2197.219223326235,2210.2720107915393,2172.563958113993,2209.78857421875,37394500
2025-09-09,2214.1394950394083,2226.2254093136407,2176.4314425038024,2185.13330078125,36120900
2025-09-10,2212.205750457186,2250.880676164479,2208.8216944577975,2247.01318359375,46644900
2025-09-11,2228.6427545349106,2230.57650095967,2199.1531215573336,2207.85498046875,37082200
2025-09-12,2221.8744656424064,2222.357902210214,2207.8548051759944,2213.172607421875,35844500
2025-09-16,2209.3052443175616,2221.874595816961,2197.7027660104236,2214.623046875,26719700
2025-09-17,2201.086929110431,2216.5569009381343,2186.100393902343,2203.987548828125,26076700
2025-09-18,2216.073517781825,2223.8085038822855,2197.7029257932327,2206.40478515625,24929300
2025-09-19,2218.9739900304294,2281.3373113188663,2216.5568070347535,2263.93359375,78267400
2025-09-22,2288.1055219786335,2297.7742543765994,2263.4502543638205,2290.522705078125,43209500
2025-09-24,2287.1384887824543,2296.807220504215,2271.1850814415493,2283.27099609375,40358600
2025-09-25,2291.4895170768805,2318.5619670676624,2277.4698554745114,2294.39013671875,46495600
2025-09-26,2296.3239502921733,2325.330147559022,2288.588964354347,2315.177978515625,55120900
2025-09-29,2305.856285209967,2307.3281083707393,2279.3634683160653,2283.288330078125,45169400
2025-09-30,2296.0441509046054,2358.8419396472955,2275.4386264734103,2349.02978515625,54766700
2025-10-01,2313.706139367855,2321.5558633351757,2267.5890110598443,2274.45751953125,54241900
2025-10-02,2256.7956679885087,2275.9293703910203,2230.79345703125,2230.79345703125,41692800
2025-10-03,2220.0001295644693,2272.495160252513,2218.52830627415,2269.551513671875,31228900
2025-10-06,2220.490695248408,2286.722742057629,2193.507268770577,2272.4951171875,77496300
2025-10-07,2286.232089967231,2286.232089967231,2246.0022549077216,2250.417724609375,42592800
2025-10-08,2264.1547295727523,2315.6685424882753,2263.6641218306995,2301.44091796875,48121900
2025-10-09,2316.6496724791446,2323.518180614407,2292.1192862817798,2315.66845703125,34517300
2025-10-10,2296.044244478255,2297.516067711895,2236.1900996435656,2242.077392578125,46565100
2025-10-14,2204.300493532289,2236.189995441837,2191.054085046784,2198.90380859375,42023500
2025-10-15,2216.565705158262,2253.8518923189586,2215.5844897066645,2247.964599609375,25457000
2025-10-16,2263.6641484425927,2278.8729886250203,2242.5680152863224,2257.77685546875,29182800
2025-10-17,2208.7159622585386,2214.6032549167135,2188.6010456764416,2190.5634765625,37741100
2025-10-20,2234.227586000504,2281.325927734375,2213.1314537655408,2281.325927734375,51875600
2025-10-21,2295.5536814184384,2309.290698533146,2252.870806812026,2264.15478515625,48586400
2025-10-22,2246.983541923657,2250.9084040056196,2235.2089556777687,2237.17138671875,34928900
2025-10-23,2227.359130373577,2228.83095358748,2208.2254285928348,2219.018798828125,30349200
2025-10-24,2227.3591579618255,2228.3403734499148,2192.035400390625,2192.035400390625,44301600
2025-10-27,2217.5469334304885,2244.0397507767816,2215.0938947873133,2230.302734375,40823800
2025-10-28,2229.812241523429,2240.1150043555504,2216.0752244139335,2230.79345703125,32770100
2025-10-29,2227.3591028642977,2254.3425281192617,2213.622086370862,2237.661865234375,36995800
2025-10-30,2252.3801142308957,2282.307186103709,2250.4176832884164,2278.38232421875,55985500
2025-10-31,2293.59129418631,2294.081901949772,2258.267535217023,2286.232177734375,36432100
2025-11-04,2274.948170630846,2306.837674855777,2259.7393301543407,2288.194580078125,38663200
2025-11-05,2271.5137272163797,2272.4949426493026,2195.9601388813207,2250.908203125,59683300
2025-11-06,2269.060906013194,2286.232177734375,2263.1736128516463,2286.232177734375,36200800
2025-11-07,2260.720430978613,2289.1756794588127,2246.9834144709307,2271.023193359375,29925800
2025-11-10,2286.232177734375,2295.0631174766963,2276.910630228591,2286.232177734375,27249200
2025-11-11,2305.8564882198334,2313.70621243505,2274.948199122419,2277.891845703125,26998400
2025-11-12,2305.856460571289,2354.917236328125,2301.440990753174,2354.917236328125,52034100
2025-11-13,2384.3537169164542,2419.6774756855866,2383.3725013950893,2403.97802734375,46970400
2025-11-14,2378.957017354603,2419.6774612482786,2374.5415475348073,2404.959228515625,47106100
2025-11-17,2377.975787065507,2406.9216445932284,2360.3139078960503,2380.91943359375,47421600
2025-11-18,2355.8982596781716,2358.351298265925,2300.9501953125,2300.9501953125,47038000
2025-11-19,2307.8187750400643,2328.4242998172076,2277.891703339927,2296.044189453125,39660400
2025-11-20,2353.44523961075,2366.2010403674476,2335.7833616399375,2341.670654296875,40564800
2025-11-21,2300.9503544901404,2348.048698633222,2292.1194149633125,2340.198974609375,45799100
2025-11-25,2354.917192429022,2363.748131900631,2315.668572555205,2332.83984375,39826000
2025-11-26,2351.9734077282133,2401.0341796875,2334.802137542463,2401.0341796875,55272600
2025-11-27,2403.9780414968295,2425.0741753303732,2367.182459229021,2369.635498046875,44687300
2025-11-28,2362.2763816435263,2385.8255542954244,2356.879696244133,2377.975830078125,27307200
2025-12-01,2403.9778417849802,2451.5667908978667,2400.543587725287,2416.733642578125,56069700
2025-12-02,2453.038605080989,2495.721476809398,2430.9612576352597,2476.09716796875,69184100
2025-12-03,2468.2476003546462,2469.2288158586634,2421.639863913841,2423.602294921875,42305600
2025-12-04,2414.2805943635067,2467.7568359375,2408.883909434021,2467.7568359375,37772900
2025-12-05,2462.8509167989596,2486.4000889117783,2436.358098172039,2481.984619140625,44245400
2025-12-08,2460.8884416587453,2472.17241976045,2446.1702093521735,2451.56689453125,40711700
2025-12-09,2462.360322297051,2467.2663998469557,2435.867503527567,2439.3017578125,34952000
2025-12-10,2403.978013296761,2430.470832218807,2395.147073656079,2421.639892578125,42944300
2025-12-11,2434.395503807733,2446.660696793463,2392.69384765625,2392.69384765625,30768100
2025-12-12,2411.3369324780692,2456.9634502238396,2411.3369324780692,2452.057373046875,59922700
2025-12-15,2465.7945217821543,2509.94921875,2465.303914038067,2509.94921875,46689500
2025-12-16,2524.176779890619,2527.611034012919,2430.470703125,2430.470703125,58571300
2025-12-17,2404.9590707471466,2420.1679102398357,2376.994430389622,2407.412109375,46437700
2025-12-18,2388.2783916751364,2410.3557391741874,2379.938060397717,2383.372314453125,33803100
2025-12-19,2379.447525563253,2423.602221913911,2372.0884095048095,2403.4873046875,53054900
2025-12-22,2452.057430192416,2468.738092982841,2436.357982860252,2448.132568359375,45345800
2025-12-23,2453.0386043116305,2479.531421238196,2444.6982730569707,2467.7568359375,32584600
2025-12-24,2464.8131864671504,2472.662909990931,2429.980038330373,2434.3955078125,27185600
2025-12-25,2443.226519066651,2443.226519066651,2424.0928174113096,2437.829833984375,12797100
2025-12-26,2442.2452892793826,2450.585620721277,2431.451919178108,2438.81103515625,18440000
2025-12-29,2439.3017294524834,2464.8133324153814,2427.036535720321,2449.6044921875,41254600
2025-12-30,2441.7546964018784,2459.9071825917254,2435.3767958486887,2446.170166015625,24209200
2026-01-05,2471.191149542608,2508.9679449594796,2469.2287186118615,2497.193359375,48107000
2026-01-06,2541.348131510417,2577.1624970703124,2540.366916015625,2575.690673828125,53516300
2026-01-07,2607.0894091629084,2608.0706245972938,2549.6883062513425,2569.80322265625,48037400
2026-01-08,2542.329403363065,2568.8222223097277,2529.5736016480055,2555.085205078125,36985100
2026-01-09,2568.3315582621917,2628.185703459515,2564.8973040295587,2592.371337890625,52749500
2026-01-13,2690.4928360259596,2730.7226705544294,2668.9060955472683,2729.741455078125,68055700
2026-01-14,2747.4032831763325,2825.409912109375,2731.7038358438963,2825.409912109375,61539800
2026-01-15,2825.900651568826,2920.587947706462,2813.635457768614,2908.32275390625,72532500
2026-01-16,2924.0220739052047,2958.3646150416753,2909.3038419895747,2933.834228515625,59690800
2026-01-19,2915.681783157488,2919.11603731904,2869.0740481078565,2897.529296875,46016800
2026-01-20,2908.813302735041,2909.303910477111,2866.130429174921,2878.88623046875,38085700
2026-01-21,2819.0319642719187,2825.900472364471,2774.8772693912238,2778.3115234375,60186900
2026-01-22,2828.3537153567268,2841.600124778172,2764.57470703125,2764.57470703125,41165400
2026-01-23,2770.952593926336,2814.6166840218466,2762.6122621103395,2782.236572265625,37452100
2026-01-26,2687.5492010430976,2735.6287595867675,2678.71826171875,2678.71826171875,52322600
2026-01-27,2682.643139961156,2719.438720703125,2661.0563992592006,2719.438720703125,37732900
2026-01-28,2693.4364519708806,2716.495015403054,2676.7557890625,2698.342529296875,30463300
2026-01-29,2719.438649259128,2737.1005275512675,2674.7933457984423,2724.3447265625,38157400
2026-01-30,2732.6851455598703,2758.196748355043,2705.211111780453,2751.81884765625,37132200
2026-02-02,2800.879634623625,2801.3702423718514,2692.455322265625,2692.455322265625,47757300
2026-02-03,2769.48058902049,2828.353515625,2757.215395977884,2828.353515625,47872000
2026-02-04,2829.8253587075137,2896.5480093289116,2808.7292265257483,2894.094970703125,51396400
2026-02-05,2892.1325632722287,2892.623171001367,2800.3889179233047,2825.409912109375,65223800
2026-02-06,2760.1590345183326,2896.057373046875,2750.3468801119398,2896.057373046875,51896100
2026-02-09,2992.7072574360736,2992.7072574360736,2897.0387467475434,2901.94482421875,65327300
2026-02-10,2943.646485662492,2999.5757688900794,2937.2685849435566,2977.0078125,67748200
2026-02-12,2970.1393059283832,3029.0122356791935,2951.4962115072935,3027.0498046875,49949500
2026-02-13,2958.364673656422,2987.8011380709136,2936.7779330857943,2946.590087890625,50999100
2026-02-16,2943.646540063552,2944.6277555769066,2851.4122818082274,2856.318359375,45947500
2026-02-17,2856.318242418358,2890.6607839795543,2822.46630859375,2822.46630859375,34987900
2026-02-18,2887.226434081121,2913.719250978382,2870.5457715902535,2896.057373046875,33765000
2026-02-19,2905.378953228206,2952.477294921875,2899.491660516497,2952.477294921875,34207100
2026-02-20,2923.531419039583,2924.0220267621944,2871.0363927201947,2886.73583984375,35869200
2026-02-24,2852.883945581325,2857.790022873812,2826.881735931143,2833.750244140625,40737100
2026-02-25,2833.750327705537,2834.7315431929696,2756.2343041983563,2777.821044921875,51226600
2026-02-26,2825.900480769231,2873.4894298377403,2822.956834435096,2870.05517578125,40451100
2026-02-27,2879.3767121096384,2912.738037109375,2858.280580124511,2912.738037109375,55827300
2026-03-02,2769.480626532372,2811.182283442071,2734.6474778195643,2767.027587890625,71277500
2026-03-03,2755.7437665399775,2792.5393482545046,2719.9294003378377,2722.873046875,62903500
2026-03-04,2641.431951928531,2688.5302928247306,2549.688308724475,2594.82421875,79335300
2026-03-05,2693.4364221213723,2735.6286866573355,2661.0563121286564,2683.624267578125,56480400
2026-03-06,2645.3568807755028,2707.6640625,2642.903842124932,2707.6640625,38919200
2026-03-09,2530.5546791634906,2626.223186809261,2523.686170922256,2614.939208984375,67658800
2026-03-10,2664.000029065428,2701.286217317541,2641.922680758256,2670.3779296875,52005900
2026-03-11,2686.568027063641,2711.098414454653,2634.072998046875,2634.072998046875,38213800
2026-03-12,2626.713953105866,2628.185776389265,2557.047651024986,2604.14599609375,42805800
2026-03-13,2543.3106057040663,2610.0332604833397,2542.3293901926063,2606.1083984375,40555600
2026-03-16,2575.1999376394033,2593.352423387671,2552.6319823848,2584.521484375,37108500
2026-03-17,2619.845242658982,2644.3756288262007,2586.9745251949084,2609.54248046875,26731700
2026-03-18,2644.3757057818507,2684.6055402668435,2633.091727816548,2679.699462890625,37616500
2026-03-19,2639.469539503153,2665.4717487213065,2619.8452306592635,2635.544677734375,39731200
2026-03-23,2503.080739194409,2529.5735576805905,2473.644274209763,2516.3271484375,55478800
2026-03-24,2565.387954347646,2594.824419687263,2547.7260751438753,2589.427734375,33656700
2026-03-25,2666.943718423821,2681.661950865453,2643.3945465172087,2667.434326171875,39608800
2026-03-26,2687.549257732943,2688.5304732341233,2628.1857199115325,2649.7724609375,27929800
2026-03-27,2630.1480662983427,2672.3403314917127,2626.2232044198895,2664.0,44413200
2026-03-30,2599.0,2632.0,2572.0,2621.0,48044300
2026-03-31,2575.0,2683.0,2573.0,2600.0,42510300
2026-04-01,2710.0,2813.5,2691.0,2808.0,54819500
2026-04-02,2841.0,2844.0,2732.0,2760.0,46325800
2026-04-03,2781.0,2790.0,2753.0,2761.5,22632900
2026-04-06,2778.5,2815.5,2770.0,2792.0,27808200
2026-04-07,2800.0,2827.0,2787.5,2811.0,25886900
2026-04-08,2930.0,2932.5,2865.0,2885.0,57129700
2026-04-09,2896.0,2903.0,2830.5,2842.5,35140500
2026-04-10,2851.0,2882.5,2842.0,2842.0,33552100
2026-04-13,2847.5,2891.5,2829.0,2860.0,30503200
2026-04-14,2889.5,2889.5,2825.0,2850.0,38689000
2026-04-15,2866.0,2919.0,2865.0,2913.5,48273800
2026-04-16,2935.0,2966.5,2932.0,2946.5,42419100
2026-04-17,2920.0,2926.0,2847.0,2870.0,40793100
2026-04-20,2885.0,2894.5,2866.0,2870.5,24113800
2026-04-21,2879.5,2880.5,2830.5,2830.5,30217100
2026-04-22,2820.0,2824.0,2772.0,2794.0,38846200
2026-04-23,2794.0,2807.5,2728.0,2752.0,35144800
2026-04-24,2782.5,2783.0,2740.0,2755.5,22067000
2026-04-27,2745.0,2796.5,2715.0,2788.0,29320200
2026-04-28,2821.0,2886.0,2796.5,2875.0,45635600
2026-04-30,2868.0,2868.0,2785.0,2817.0,39443000
2026-05-01,2800.0,2813.0,2754.0,2798.0,28643100
2026-05-07,2850.0,2891.5,2817.5,2863.0,53805900
2026-05-08,2816.5,2827.5,2788.0,2806.5,37166700
2026-05-11,2810.0,2856.5,2801.5,2856.5,29713600
2026-05-12,2885.5,2899.0,2846.0,2886.0,28562100
2026-05-13,2875.5,2939.0,2863.0,2926.5,34802100
2026-05-14,2920.5,2923.5,2875.0,2877.0,34334700
2026-05-15,2910.5,2951.5,2877.5,2929.0,47220900
2026-05-18,2979.0,3063.0,2973.0,2995.0,66978500
2026-05-19,3030.0,3110.0,3026.0,3108.0,55685600
2026-05-20,3162.0,3170.0,3024.0,3030.0,51809100
2026-05-21,3090.0,3148.0,3067.0,3067.0,52123700
2026-05-22,3098.0,3140.0,3073.0,3091.0,40421700
2026-05-25,3090.0,3095.0,3043.0,3066.0,32348200
2026-05-26,3041.0,3088.0,3011.0,3061.0,33909800
2026-05-27,3061.0,3066.0,3017.0,3031.0,34986500
2026-05-28,3010.0,3011.0,2964.0,2982.0,41665800
2026-05-29,2995.0,3034.0,2984.0,2999.0,69856600
2026-06-01,2995.0,3040.0,2976.5,3023.0,34763500
2026-06-02,3013.0,3047.0,2972.5,3046.0,37371200
2026-06-03,3062.0,3149.0,3052.0,3137.0,46784900
2026-06-04,3137.0,3208.0,3081.0,3169.0,57793900
2026-06-05,3210.0,3273.0,3202.0,3219.0,42730200
2026-06-08,3200.0,3217.0,3135.0,3168.0,43619100
2026-06-09,3197.0,3249.0,3168.0,3180.0,48649000
2026-06-10,3230.0,3305.0,3171.0,3183.0,60312600
