Price,Open,High,Low,Close,Volume
Ticker,,,,,,
,,,,,,
1998-07-20,3.730487872531859,3.736096678827068,3.6293453446952757,3.6686720848083496,8655911
1998-07-21,3.6462002365778408,3.65743676008175,3.5001265220222466,3.612489938735962,8994829
1998-07-22,3.618109610385153,3.679907209694989,3.533836420949113,3.573162794113159,10702321
1998-07-23,3.365292014089113,3.382146800033449,3.129328283854221,3.1742711067199707,46356215
1998-07-24,3.0956185689163283,3.3147264635670215,3.045056383530528,3.0562918186187744,21242526
1998-07-27,3.078762486457231,3.101237352818668,3.0057254440054026,3.033820390701294,9304972
1998-07-28,3.1012372879940746,3.1574195432445538,3.0731459785362922,3.1349446773529053,7594554
1998-07-29,3.1405632455660997,3.269782145791141,3.129327451920433,3.2192163467407227,6983937
1998-07-30,3.230457036891059,3.3540559065059643,3.2192176022121575,3.3372011184692383,7578722
1998-07-31,3.3596721467982458,3.399002528817692,3.2023618923389767,3.2866387367248535,13853862
1998-08-03,3.224837697911737,3.2416924860252667,3.0731464232156522,3.118093252182007,6634456
1998-08-04,3.14056396484375,3.14056396484375,3.14056396484375,3.14056396484375,3193358
1998-08-05,3.0562909668311002,3.1180925703978013,3.0338201029172334,3.1012370586395264,7174103
1998-08-06,3.084382706677399,3.0956181402096696,3.0169650141722526,3.0900020599365234,4619154
1998-08-07,3.1967462394778647,3.337200982397992,3.168655290893839,3.3147261142730713,12257908
1998-08-10,3.3372005100217628,3.3428311362886887,3.2360725275696076,3.2810182571411133,5800614
1998-08-11,3.1911250925515806,3.2135999531676784,3.0394351482391357,3.0394351482391357,10979244
1998-08-12,3.090002302324594,3.1517999190879693,3.050671554071926,3.118093252182007,9507860
1998-08-13,3.118093007590407,3.1293284411226776,3.045055961826136,3.0900020599365234,4390027
1998-08-14,3.067526834135893,3.0900016988905934,3.033820173812369,3.061910390853882,4884613
1998-08-17,3.022580957362569,3.045055823724005,3.011344797009673,3.033820390701294,3292368
1998-08-18,3.090002131356503,3.1630351784926094,3.056291465999224,3.1461803913116455,5523738
1998-08-19,3.202361850235862,3.2079819308252033,3.078762626088057,3.0900020599365234,7756785
1998-08-20,3.050670885771901,3.056290965570925,2.887745303349169,2.8933653831481934,9839607
1998-08-21,2.83718395847825,2.8596550107606493,2.7248165142832796,2.7753825187683105,13119354
1998-08-24,2.7810011461466675,2.8034729198871005,2.6180715585274146,2.713580369949341,11681677
1998-08-25,2.724816074169741,2.8596545488679386,2.713580640759585,2.8540353775024414,6163980
1998-08-26,2.8090880795257287,2.8090880795257287,2.5843647352735735,2.6405467987060547,9164019
1998-08-27,2.651782571171939,2.6798727863350886,2.556273766726492,2.584364891052246,7835258
1998-08-28,2.47200083732605,2.556273285268523,2.432670288624312,2.47200083732605,11991772
1998-08-31,2.511328359652921,2.5281831467099942,2.1630011851183437,2.2191834449768066,16810658
1998-09-01,1.9776001709883388,2.1910917184217653,1.9776001709883388,2.084343671798706,12471020
1998-09-02,2.2978361484066974,2.303455500717881,2.2135629559961703,2.247274160385132,11935783
1998-09-03,2.185472286320856,2.185472286320856,2.000071624443992,2.073108673095703,7526818
1998-09-04,2.0731081877346424,2.241654022693421,2.0731081877346424,2.1068193912506104,9969552
1998-09-07,2.219183523119502,2.3034560067118437,2.1349101303643425,2.275364875793457,7628824
1998-09-08,2.2809810279631892,2.3652535074832906,2.2809810279631892,2.2978365421295166,5068391
1998-09-09,2.331547477381098,2.3483991763337,2.1405267046718364,2.146146059036255,6188170
1998-09-10,2.067493748063564,2.0899648025022928,1.814675338663098,1.9832203388214111,17031814
1998-09-11,1.9663653357484698,2.1236710641495167,1.9326541209957508,2.028162956237793,10777011
1998-09-14,2.078728186687004,2.0843437201521873,1.9495090939337425,1.9776002168655396,5355428
1998-09-15,1.9776004747429463,2.00569832914162,1.8315256709205108,1.966364860534668,8258536
1998-09-16,1.9776005211493177,1.9888359537887113,1.8540005794937553,1.8764723539352417,6429704
1998-09-17,1.8315253688002722,1.8371454478840434,1.6910706681574506,1.7304010391235352,8227779
1998-09-18,1.7247823476791382,1.7809636980241803,1.6910711372823728,1.7247823476791382,8604161
1998-09-21,1.6798356876483371,1.6854555864051244,1.4775832465468381,1.5450010299682617,9650205
1998-09-22,1.6405089584174042,1.7416371346310184,1.5955630417116127,1.7247823476791382,8189495
1998-09-23,1.803435419132211,1.898947330256139,1.803435419132211,1.8540006875991821,7376280
1998-09-24,1.966364583900455,1.966364583900455,1.809054369833161,1.8483809232711792,8112827
1998-09-25,1.7135467322073314,1.752872568270269,1.6798357036431222,1.7247823476791382,8261862
1998-09-28,1.7641091088634462,1.7809638977050781,1.6966914081575297,1.7809638977050781,3962541
1998-09-29,1.7584926767510445,1.887707984447887,1.7584926767510445,1.8652371168136597,6656077
1998-09-30,1.8315254734021973,1.8427647230491069,1.6966908441424833,1.702307105064392,6614091
1998-10-01,1.657364409279005,1.6798354550648473,1.5506161682189012,1.5674718618392944,9500733
1998-10-02,1.6011819388458577,1.662980261073895,1.5393805254652477,1.5899465084075928,12549517
1998-10-05,1.5562365875393849,1.58994707297182,1.5169100213861773,1.5730921030044556,8237155
1998-10-06,1.5506157408459464,1.5562358191081758,1.4888181545187396,1.5393803119659424,7905857
1998-10-07,1.550616252183118,1.595562892001844,1.4101623440014672,1.488818645477295,8632485
1998-10-08,1.4326367841320413,1.449491564498208,1.3090369706879106,1.3483635187149048,7002676
1998-10-09,1.365219117327254,1.3876901576581413,1.2359999527661576,1.3483635187149048,14295897
1998-10-12,1.421401761218121,1.4494920715766149,1.3764551190204566,1.4438728094100952,7664964
1998-10-13,1.5169097616264193,1.5843274479602623,1.4888186347113967,1.561855673789978,13102210
1998-10-14,1.5562359573105815,1.6854550381846574,1.5562359573105815,1.6742196083068848,5630164
1998-10-15,1.797819413877016,1.825910546780493,1.7472535926915085,1.7809638977050781,21125123
1998-10-16,1.9888361644193309,1.9888361644193309,1.7247823768539514,1.9326539039611816,25669304
1998-10-19,1.9607445252659703,1.9663646045451597,1.854000294626324,1.9045631885528564,11273175
1998-10-20,1.9157990840627153,2.050637561492324,1.865237087037049,2.0450174808502197,11408395
1998-10-21,2.0899636887604056,2.213562695690753,2.0787280766122005,2.1180546283721924,12218164
1998-10-22,2.1967086954918287,2.2978366959478143,2.1686175640504364,2.2247989177703857,10365209
1998-10-23,2.2978359530996344,2.5394188053330127,2.275364182573147,2.5169432163238525,15681684
1998-10-26,2.4944728916230248,2.500092790572838,2.000071614069398,2.2641255855560303,29531918
1998-10-27,2.2416545646825203,2.4888535701417074,2.2023279998078964,2.432671308517456,22053441
1998-10-28,2.2922160807152614,2.4214351722448004,2.286599819973217,2.354017496109009,12803463
1998-10-29,2.3427830114447024,2.4663822650909424,2.320308138700069,2.4663822650909424,8429846
1998-10-30,2.4663809891718995,2.8090879821270036,2.4607616374786767,2.663017749786377,30222941
1998-11-02,2.747291233422055,2.8596548529312633,2.488853690272646,2.5506551265716553,31572931
1998-11-03,2.5281833481991867,2.5675099149720086,2.4214359913318075,2.5506551265716553,9965641
1998-11-04,2.477616481449323,2.550654236014986,2.4607616989337893,2.5169432163238525,9260380
1998-11-05,2.57312583746248,2.6630183940462646,2.567509575563086,2.6068363189697266,9896039
1998-11-06,2.685489422018966,2.747290849685669,2.646162860739204,2.747290849685669,9376135
1998-11-09,2.809088709907007,2.8596545239514573,2.7248160504281222,2.8371834754943848,9352616
1998-11-10,2.7810007753759427,2.8147081587438296,2.612455676073559,2.6405467987060547,9937606
1998-11-11,2.707964297567802,3.0001091957092285,2.6911095114646684,3.0001091957092285,25215657
1998-11-12,3.078762787621638,3.1405644030961857,2.8765104268248325,2.9495434761047363,18119241
1998-11-13,2.9214559253930594,2.9720179173267134,2.8652705803976106,2.9158365726470947,6928368
1998-11-16,2.9607822763459466,2.9776377877414824,2.882126071876336,2.8989808559417725,3936663
1998-11-17,2.89336610190175,2.89336610190175,2.8090890677070885,2.8315646648406982,6448713
1998-11-18,2.8427989073586954,2.8540345192225733,2.752910193965221,2.7978522777557373,6918808
1998-11-19,2.809088310594396,2.9270719808849743,2.809088310594396,2.8989808559417725,6384705
1998-11-20,2.9383070034266754,3.061909827022734,2.932691470341394,3.0394351482391357,9912547
1998-11-23,3.0843829486246723,3.1349451309744394,3.0731464232156522,3.118093252182007,6207962
1998-11-24,3.202361924252841,3.2079820049720813,3.0956182117594557,3.1461803913116455,8708992
1998-11-25,3.1517986755467726,3.258546715810468,3.1517986755467726,3.2192163467407227,10768418
1998-11-26,3.202361451172862,3.30348943198893,3.202361451172862,3.241691827774048,6472898
1998-11-27,3.2304563956418826,3.2529272599062127,3.1742708706846012,3.241691827774048,3648250
1998-11-30,3.1461801273310788,3.2304566018204923,3.1293282508850098,3.1293282508850098,4850967
1998-12-01,2.9270722535094444,3.011344727025477,2.7529108629243737,2.848418951034546,16322441
1998-12-02,3.0057254457749405,3.0282003121496084,2.741671677010425,2.781001329421997,10042277
1998-12-03,2.8652703703428846,3.281018072768043,2.842799325145213,3.247307777404785,20686296
1998-12-04,3.236073117579154,3.438329119359323,3.230457036891059,3.3372011184692383,24799339
1998-12-07,3.3765275126405814,3.443944475736854,3.1517995746734053,3.2360727787017822,9852494
1998-12-08,3.2922543202109407,3.3933823108673096,3.2416921432082497,3.3933823108673096,8492905
1998-12-09,3.3709075866571014,3.421473402449224,3.297874540114953,3.3484363555908203,7808455
1998-12-10,3.286638730871127,3.3203453955161732,3.219217400948553,3.258547782897949,5112650
1998-12-11,3.1798901661857455,3.19112559811631,2.9270720370072842,2.972017765045166,12285308
1998-12-14,2.921456003021244,2.9720179962984186,2.8989811370957175,2.9102165699005127,5265270
1998-12-15,2.8765098818009474,2.910216359612292,2.7866173342309692,2.859654188156128,7369590
1998-12-16,2.8989805411995526,3.0001085072826106,2.8933650079419593,2.9046006202697754,6629830
1998-12-17,2.8371834754943848,2.8652707859471813,2.7810013994542104,2.8371834754943848,7172557
1998-12-18,2.809088581208252,3.056291195486316,2.7978529665782013,3.005725383758545,10321836
1998-12-21,3.033820803930744,3.168655473861183,3.033820803930744,3.1630353927612305,4948098
1998-12-22,3.1686553955078125,3.219217577234875,3.1180932137807504,3.1686553955078125,8057270
1998-12-23,3.1517997447006514,3.21360099469597,3.1180930796596598,3.1461803913116455,4066621
1998-12-24,3.174271554644577,3.179890908414246,3.1461806044384986,3.1630353927612305,1354639
1998-12-25,3.1630353927612305,3.1630353927612305,3.1630353927612305,3.1630353927612305,0
1998-12-28,3.1855101756627633,3.281018072768043,3.1742707436646524,3.247307777404785,3519875
1998-12-29,3.2136008922130066,3.2641630701527493,3.1967461055695483,3.202361822128296,2845873
1998-12-30,3.224836826324463,3.241691609882595,3.191125440883004,3.224836826324463,2845873
1998-12-31,3.224836826324463,3.224836826324463,3.224836826324463,3.224836826324463,0
1999-01-01,3.224836826324463,3.224836826324463,3.224836826324463,3.224836826324463,0
1999-01-04,3.3366355895996094,3.3675903986230997,3.2561626868969817,3.3366355895996094,4224612
1999-01-05,3.3304475004584715,3.5471147537231444,3.2809217800917483,3.528543472290039,12170578
1999-01-06,3.8690308696070104,4.488049304828792,3.776174431305838,4.469477653503418,41051887
1999-01-07,4.463310250198057,4.6799625772783084,3.980456968415374,4.506618022918701,44331385
1999-01-08,4.5499655916114525,4.630453774129196,4.221884740616021,4.320907115936279,37182195
1999-01-11,4.426167129083383,4.426167129083383,4.13519296453607,4.314740180969238,14122524
1999-01-12,4.302336659737633,4.432336065996768,4.228052219871551,4.271397113800049,8457405
1999-01-13,4.129029286479526,4.197111770931864,3.800911656401915,4.15376615524292,15980857
1999-01-14,4.457109675796331,4.556168792793016,4.184743016782084,4.327110290527344,29148236
1999-01-15,4.172335487984968,4.426167477708877,4.153764207281526,4.401393890380859,30891210
1999-01-18,4.519024974011925,4.618046598331345,4.444739481525647,4.587106704711914,21198032
1999-01-19,4.562332802284003,4.5809044498405465,4.370454385851535,4.457108497619629,10697344
1999-01-20,4.376621670131725,4.49425244459854,4.209480063816022,4.444741249084473,14348738
1999-01-21,4.327108380940105,4.741879224504419,4.234252341580641,4.4880475997924805,26059096
1999-01-22,4.283764938908156,4.729475458106841,4.228051078550181,4.5994768142700195,23263717
1999-01-25,4.556168297262972,4.828535290319675,4.556168297262972,4.698535919189453,14487874
1999-01-26,4.72330923266368,4.7480464582051285,4.525190683633264,4.5933098793029785,8736835
1999-01-27,4.649024731166615,4.809963639873825,4.642821695182146,4.698535919189453,9877183
1999-01-28,4.587105780717021,4.679962173039228,4.457107195130891,4.661391258239746,5967771
1999-01-29,4.704737483520882,4.8533073791126755,4.5747388703361915,4.8347368240356445,21036326
1999-02-01,4.927593755485878,5.125675226603839,4.927593755485878,5.057592391967773,16445635
1999-02-02,5.020449509642595,5.0451863701842035,4.717106306663362,4.803760051727295,8491248
1999-02-03,4.661391258239746,4.723307763174839,4.531391945323698,4.661391258239746,10058299
1999-02-04,4.952330795665476,5.212328805216003,4.939962181460015,4.995676040649414,21931547
1999-02-05,4.915187397055753,4.933758315292918,4.76661641450817,4.853307247161865,9670841
1999-02-08,4.772819889739434,5.06996040498142,4.611881020706111,5.032817840576172,13177793
1999-02-09,5.082328982901955,5.1690201924581665,4.964736060340483,5.0761637687683105,11842256
1999-02-10,4.834738268978202,4.896617348052967,4.760452753483279,4.859475135803223,7976728
1999-02-11,4.859475833297897,4.995677177596599,4.8533095262149635,4.909023761749268,6302777
1999-02-12,5.323755352211719,5.373302891435044,4.909021229059179,4.970901012420654,23619321
1999-02-15,4.946165124964571,4.977104659048881,4.865676950943273,4.9028191566467285,5821810
1999-02-16,4.89661552648185,5.076162760396041,4.859473328049233,5.063757419586182,7095532
1999-02-17,4.964735072184084,5.032817525948092,4.723308418642829,4.970901012420654,18287409
1999-02-18,4.871879243721389,4.909021810201691,4.766616757916888,4.803760051727295,8483573
1999-02-19,4.791390577119618,4.902818264959609,4.779022693634033,4.779022693634033,5841756
1999-02-22,4.840901611457592,4.896615453776793,4.816164754202128,4.865675926208496,5851655
1999-02-23,4.958533374364613,5.014247228417417,4.847105302593925,4.9028191566467285,11801760
1999-02-24,4.878044884671635,4.946164804884663,4.859473964854224,4.890450954437256,5817554
1999-02-25,4.921390120961259,5.100899907569254,4.921390120961259,5.026615142822266,15067376
1999-02-26,4.828534368164258,4.878044819401326,4.5375957802252715,4.636618137359619,17876907
1999-03-01,4.568534762549509,4.5747381597746415,4.345679771943781,4.370453357696533,14448265
1999-03-02,4.401394201756204,4.506618495801336,4.339477684976033,4.463310718536377,12028861
1999-03-03,4.389025590467328,4.593309328992184,4.358048603328267,4.463310718536377,9904010
1999-03-04,4.426169595828663,4.500455117856374,4.370455727056761,4.444741249084473,9197308
1999-03-05,4.4880486056809215,4.537596154843929,4.413763102947034,4.500453948974609,6579928
1999-03-08,4.574740886688232,4.61188310420812,4.457110105875318,4.574740886688232,4753990
1999-03-09,4.587106958792445,4.698535021861362,4.556167427124302,4.636618137359619,8825533
1999-03-10,4.5190242309460205,4.556166425584298,4.358047930860512,4.512821197509766,9494955
1999-03-11,4.67996381971801,4.723309425105082,4.599476371663349,4.704738140106201,7607619
1999-03-12,4.75424906255241,4.76661694781837,4.6180470396432085,4.630453109741211,5537974
1999-03-15,4.67996381971801,4.822331064319747,4.667595570108439,4.704738140106201,8848091
1999-03-16,4.791391890288286,5.051389899838813,4.760452353351474,4.995676040649414,16819116
1999-03-17,5.063758430002153,5.1937570596186005,5.026615860493144,5.150449275970459,12075030
1999-03-18,5.113306443991443,5.305185250449842,5.113306443991443,5.268043041229248,12227977
1999-03-19,5.311387280326748,5.515671406493162,5.311387280326748,5.429018020629883,12287273
1999-03-22,5.199959959347347,5.3237566500814575,5.187591709358019,5.218531608581543,6564626
1999-03-23,5.1318776941929825,5.144246671130588,4.995675663835059,5.113306045532227,5978872
1999-03-24,4.958532116065003,5.01424595597961,4.779022350059763,4.847104072570801,11676287
1999-03-25,4.847105577472297,5.138043477300467,4.77902383382363,5.131877899169922,14764729
1999-03-26,5.138043633306057,5.175186569573808,4.95233077029287,4.989473342895508,7171472
1999-03-29,4.939962156150779,5.001878687213964,4.909022619372482,4.989473342895508,5017367
1999-03-30,5.0699600899911115,5.094734405109865,4.970901014342114,5.063757419586182,4661775
1999-03-31,5.138043545445801,5.354733762703598,5.131877967233482,5.243305683135986,6485464
1999-04-01,5.144246695929207,5.286613941192627,5.131877718931975,5.286613941192627,6529650
1999-04-02,5.286613941192627,5.286613941192627,5.286613941192627,5.286613941192627,0
1999-04-05,5.286613941192627,5.286613941192627,5.286613941192627,5.286613941192627,0
1999-04-06,5.478529722731853,5.528040908574456,5.391875964963374,5.435184478759766,14272680
1999-04-07,5.5094692616417715,5.633302321572405,5.4971010113841,5.608529090881348,17275987
1999-04-08,5.645671069606934,5.670445390285984,5.608528862838197,5.6580400466918945,9317625
1999-04-09,5.682814023254431,5.695183001965018,5.490898837730381,5.540446758270264,9474276
1999-04-12,5.435182601771518,5.435182601771518,5.286612365375322,5.373302459716797,11149322
1999-04-13,5.323756942467603,5.44759000651257,5.323756942467603,5.398041725158691,5451290
1999-04-14,5.323757398391303,5.435185127468222,5.268043533852842,5.348531723022461,11074447
1999-04-15,5.268042841127661,5.292816798836,5.1194725552281275,5.131877899169922,5755307
1999-04-16,5.212327993206349,5.311387081947631,5.18759113231421,5.292816162109375,24629970
1999-04-19,5.305184099950526,5.311386770811894,5.206162474510778,5.230899333953857,3960749
1999-04-20,5.088531662537017,5.100899545675474,4.9275924421201305,4.958532333374023,10893337
1999-04-21,4.983307679363476,5.249471261348306,4.964736393379725,5.243305683135986,7600886
1999-04-22,5.45375494890272,5.528040450260784,5.391875517938738,5.441386699676514,7540155
1999-04-23,5.47852995555884,5.546612430257755,5.410447844525046,5.484732627868652,5324628
1999-04-26,5.484732463436505,5.546612263970453,5.459958868782344,5.472326755523682,3355335
1999-04-27,5.478529705511306,5.540446235251711,5.3299594182747985,5.336162090301514,6001405
1999-04-28,5.342327028446415,5.410446581080467,5.224733393261168,5.230899333953857,3621885
1999-04-29,5.193756732338405,5.193756732338405,4.933758762158897,4.9399614334106445,7733057
1999-04-30,4.9399614334106445,4.9399614334106445,4.9399614334106445,4.9399614334106445,0
1999-05-03,4.661393918352667,4.809964230852667,4.611882724246609,4.642822265625,19129656
1999-05-04,4.779022405791839,4.878044019355592,4.624248766839507,4.673759937286377,11429296
1999-05-05,4.580905128961784,4.624250374525049,4.277598600550058,4.320907115936279,35340076
1999-05-06,4.5190258879025915,4.72947524801343,4.481882588650349,4.655190467834473,30167661
1999-05-07,4.574739135854766,4.840902318362224,4.562332702422408,4.72330904006958,14907382
1999-05-10,4.710903779417973,4.71710645074425,4.46331114876695,4.475679397583008,8923342
1999-05-11,4.457108282826485,4.55616736886446,4.438536999829979,4.531393051147461,15037906
1999-05-12,4.537594782767701,4.593308620222574,4.475678275541544,4.512821197509766,11188653
1999-05-13,4.512821197509766,4.512821197509766,4.512821197509766,4.512821197509766,0
1999-05-14,4.809963339911481,5.144246844782893,4.779023804263967,4.952330589294434,38222739
1999-05-17,4.939960685635759,4.989471857642126,4.816164754202128,4.865675926208496,11622695
1999-05-18,4.952331335938239,5.199960758298347,4.9275944684937745,5.187592506408691,20333979
1999-05-19,5.2618768906410835,5.540445793324716,5.2618768906410835,5.441386699676514,30904282
1999-05-20,5.429016662030351,5.484730500678925,5.2618755097496095,5.373302459716797,18588344
1999-05-21,5.230900823265907,5.3918764701441155,5.1566153087890205,5.367102146148682,11445065
1999-05-24,5.367102146148682,5.367102146148682,5.367102146148682,5.367102146148682,0
1999-05-25,5.094735145488185,5.150448996731088,4.952330089311989,5.13804292678833,9580653
1999-05-26,5.051389179356476,5.243305051804196,5.039021294245283,5.13804292678833,7017787
1999-05-27,5.299018386285649,5.305183599066182,5.169019057986405,5.249469757080078,9671981
1999-05-28,5.206162474510778,5.348530062972819,5.187590828430316,5.230899333953857,6267388
1999-05-31,5.2556733699962255,5.2990193367004395,5.150449064757083,5.2990193367004395,7229691
1999-06-01,5.317589953144628,5.34232754229716,5.2061629752645615,5.237102508544922,6651913
1999-06-02,5.255672427355827,5.305183599066182,5.206161982975476,5.249469757080078,4788659
1999-06-03,5.354733280728173,5.404244462169799,5.292816392631742,5.360898494720459,4788659
1999-06-04,5.348530641225354,5.472326233325966,5.336161664668997,5.441386699676514,10082915
1999-06-07,5.515672434335183,5.596160621243347,5.453755898749853,5.540446758270264,9472089
1999-06-08,5.571386104443911,5.682813826532789,5.528041221681882,5.62089729309082,8706738
1999-06-09,5.571385121585427,5.664242267608643,5.546611530208567,5.664242267608643,14598735
1999-06-10,5.806609378289024,6.085178264741918,5.794240766118397,5.96754789352417,31985522
1999-06-11,6.066607468368356,6.14709527453961,5.992321969828677,6.004687309265137,15031463
1999-06-14,6.029462082622887,6.283256690503293,6.010894433034777,6.159464359283447,18110186
1999-06-15,6.277095820478804,6.623747242233858,6.258524169555837,6.555665493011475,15937127
1999-06-16,6.394724044056823,6.636113966224239,6.388521373685328,6.629947662353516,20353266
1999-06-17,6.790888056823239,6.8528042170674155,6.6485204550213055,6.784684658050537,16606134
1999-06-18,6.784683319136626,6.846600194492043,6.642316472760021,6.710398197174072,17518734
1999-06-21,6.809458814305092,6.97660000403896,6.79709056555324,6.920886516571045,9394935
1999-06-22,7.007540795247421,7.032314387180474,6.704233943822921,6.784684658050537,13051951
1999-06-23,6.679455222422694,6.698030504765247,6.450400804014444,6.518520355224609,11776972
1999-06-24,6.5928042087085466,6.784682568782721,6.568029897074328,6.728969097137451,13028130
1999-06-25,6.58659989310119,6.722804825838819,6.48754407443335,6.636115074157715,10305081
1999-06-28,6.617544725356211,6.648521721964948,6.530891323173343,6.611379146575928,4875829
1999-06-29,6.6051741755436355,6.735173522149278,6.568031608989181,6.722804546356201,4398774
1999-06-30,6.7846840360786596,6.995171177601499,6.735173223258407,6.945659637451172,9493723
1999-07-01,7.230396821885069,7.31088537224251,7.100398172294992,7.224231243133545,11875292
1999-07-02,7.348025944209489,7.490390638435528,7.3170867742919095,7.42851448059082,15506734
1999-07-05,7.409943029078557,7.465656520040641,7.273741726930491,7.298515319824219,6518149
1999-07-06,7.180886157523908,7.279944896697999,7.057089462941842,7.279944896697998,8308617
1999-07-07,7.304675208049085,7.397531969995521,7.2861079287076,7.360393047332764,7305545
1999-07-08,7.348026345067321,7.354229016924271,7.180885867496145,7.317087173461914,6800480
1999-07-09,7.366597525356282,7.521370470534464,7.341823206014475,7.459453582763672,8425909
1999-07-12,7.533738977667736,7.589452463175693,7.403739632599005,7.41610860824585,4819859
1999-07-13,7.490391511728056,7.527537721475925,7.3046779189143445,7.335658550262451,6568162
1999-07-14,7.310883454319663,7.564678014324238,7.304676419370734,7.558513164520264,7318407
1999-07-15,7.68231101008334,8.103247582540249,7.676103973598434,7.991819858551025,16140228
1999-07-16,7.93610613894374,8.084675706123294,7.911368909977026,8.022796630859375,21850764
1999-07-19,8.357078113967892,8.449934893040028,8.270387639474613,8.32609748840332,17304298
1999-07-20,8.189936591788316,8.196102168782536,7.577083911737394,7.63896369934082,19010823
1999-07-21,7.335656393363955,7.508963863406476,6.970396348193948,7.100395679473877,29118594
1999-07-22,7.0942310074675365,7.0942310074675365,6.815662818064879,6.865170001983643,14579670
1999-07-23,6.7537452458055185,6.995171567486714,6.72897092743263,6.8094587326049805,9035546
1999-07-26,6.834232955329162,6.858970182152629,6.499950548974765,6.574234962463379,7909492
1999-07-27,6.506115113558112,6.865168875329544,6.506115113558112,6.79709005355835,8721811
1999-07-28,7.007539992732456,7.11280138067561,6.945659478751847,7.0570878982543945,10714832
1999-07-29,7.143737637350597,7.292311530230871,7.038516252560617,7.0570878982543945,9104039
1999-07-30,7.063253792764067,7.112801700514005,6.834232093891429,6.951826095581055,10194743
1999-08-02,6.976599604297456,7.03231381590321,6.840394681845074,7.007540225982666,4569461
1999-08-03,6.988968753727038,7.0508812738328785,6.902315372938183,6.933250904083252,5047348
1999-08-04,6.889945499617495,6.95182528180698,6.648519214313811,6.704232692718506,8434946
1999-08-05,6.568031239548923,6.605173804014173,6.2090109364970525,6.308029651641846,12546892
1999-08-06,6.444236877036066,6.4751767782803755,6.035668931496114,6.1966071128845215,14223905
1999-08-09,6.3204006666440335,6.667089728176676,6.3204006666440335,6.654679298400879,7387116
1999-08-10,6.784683006832906,7.1437367168610555,6.772310396815305,6.9951701164245605,15646338
1999-08-11,7.180886554729918,7.416110251871086,7.156112231440618,7.286110877990723,12016781
1999-08-12,7.546109110119617,7.663739508911813,7.354229927062988,7.354229927062988,9977098
1999-08-13,7.242801774843631,7.354228755936751,7.131374066420347,7.168516635894775,6901523
1999-08-16,7.156110295064604,7.156110295064604,6.995171062836235,7.0508809089660645,5590574
1999-08-17,7.094229533323704,7.273740405106309,7.038516052486179,7.18088436126709,5981835
1999-08-18,7.193252044449819,7.193252044449819,6.790887240186458,6.8837432861328125,9300420
1999-08-19,6.846602630353975,6.846602630353975,6.654682722968466,6.772313117980957,10180347
1999-08-20,6.815662587304457,6.889946998898645,6.772312254896354,6.828030109405518,4895104
1999-08-23,6.883741802699435,6.988966800860642,6.8651672517946984,6.964229583740234,8761839
1999-08-24,7.063255154894643,7.088028749882091,6.933252149461553,7.032315254211426,4729517
1999-08-25,7.174679523439891,7.360393047332764,7.156109334778547,7.360393047332764,7793055
1999-08-26,7.366599950127241,7.589455434055682,7.354230969638579,7.527539253234863,7338864
1999-08-27,7.4594560380988995,7.546110179897043,7.354230969638579,7.527539253234863,5072401
1999-08-30,7.552309594929901,7.65136904099629,7.502798782478499,7.63896369934082,2856000
1999-08-31,7.4965956842223,7.515163694294528,7.385168713206386,7.41610860824585,6737032
1999-09-01,7.366596683131812,7.564677751717264,7.3603940123787215,7.397532939910889,8425977
1999-09-02,7.546107769012451,7.65753547537695,7.465656326421411,7.546107769012451,8867637
1999-09-03,7.558515429384826,7.892797891467321,7.527538431764944,7.793735504150391,5533760
1999-09-06,7.880389508887507,7.905163824132914,7.7689581853748635,7.868020534515381,3921158
1999-09-07,7.855655349286343,8.010391235351562,7.7627992710410805,8.010391235351562,5982186
1999-09-08,7.917533500854687,8.041366550951196,7.886589966766186,8.035163879394531,6474542
1999-09-09,7.942307049941945,8.010388782438032,7.750390824704541,7.880390167236328,5682218
1999-09-10,7.923735742040448,8.07230237329798,7.787534450066142,7.8308796882629395,9507983
1999-09-13,7.8927960862051885,7.936104959212727,7.663738006160443,7.688512325286865,4443052
1999-09-14,7.583246561889298,7.713248823246164,7.564678550821879,7.688512325286865,6372335
1999-09-15,7.898965010081138,7.942310263967045,7.812310868828233,7.849453449249268,10004073
1999-09-16,7.645169668702984,7.694679775185621,7.48423036559536,7.527539253234863,7062373
1999-09-17,7.570883049785567,7.645168196793067,7.533740476281817,7.608021259307861,6355993
1999-09-20,7.676102050858775,7.917532726010731,7.645166520429457,7.713248252868652,10308186
1999-09-21,7.7503937421921165,7.849453227577282,7.645169404695841,7.725656509399414,6883289
1999-09-22,7.676101265769164,7.731819108425153,7.595654202813152,7.632796764373779,5671531
1999-09-23,7.688513443829253,8.10945000321449,7.651370870319595,8.016593933105469,11246366
1999-09-24,7.744227810536085,7.86802379575324,7.52137234443908,7.6265974044799805,12305969
1999-09-27,7.682312560094614,7.948513308949077,7.682312560094614,7.929941654205322,6823303
1999-09-28,7.954670503259978,7.979444089638268,7.83087821368623,7.8432464599609375,8691338
1999-09-29,7.84324728252507,7.98565123383876,7.793732834424645,7.960878372192383,6447340
1999-09-30,7.942307123235211,7.9980206081700524,7.861814956776085,7.874224662780762,8090553
1999-10-01,7.793733027769614,7.818510981341056,7.552309629556608,7.669939994812012,7459674
1999-10-04,7.694679509468768,7.756597142812179,7.651372077985546,7.725656509399414,6545678
1999-10-05,7.7689596135361345,8.078509873593992,7.762797672448042,8.041366577148438,8635208
1999-10-06,8.053733289783844,8.171363635639466,7.985650114938843,8.134221076965332,9370862
1999-10-07,8.227078611778767,8.418953362567624,8.12801844494017,8.282792091369629,11335300
1999-10-08,8.183734294598054,8.288959331814713,8.053735664571152,8.084674835205078,8068839
1999-10-11,8.208505991581061,8.456098556518555,8.14038281527118,8.456098556518555,7285894
1999-10-12,8.443729989384554,8.691362654690215,8.369447754027144,8.505650520324707,14355834
1999-10-13,8.165157329156486,8.214671770319253,8.022793400942929,8.134221076965332,11061899
1999-10-14,8.059939755837782,8.078511407587047,7.84945255049266,7.9361066818237305,7467269
1999-10-15,7.73802233422687,7.799939214992871,7.539941265404111,7.552309513092041,20878587
1999-10-18,7.428514773858911,7.6142268976919505,7.378966132769193,7.508965492248535,6655997
1999-10-19,7.360397379314409,7.72565688397309,7.31708921840106,7.471825122833252,12217443
1999-10-20,7.570884862982033,7.73182344631822,7.453253714658643,7.50280237197876,8370377
1999-10-21,7.707084505899118,7.713249356566571,7.360395298826429,7.453251361846924,7365106
1999-10-22,7.552312805880986,7.849453449249268,7.552312805880986,7.849453449249268,9302699
1999-10-25,7.929938309346525,8.035163337678966,7.738022805756477,7.90516471862793,4870377
1999-10-26,7.861816579916797,8.134224302295234,7.70087803556708,8.047530174255371,7926333
1999-10-27,8.041366008817459,8.158960012921618,7.898962047489438,7.90516471862793,5314692
1999-10-28,7.929938336941163,8.084674180743978,7.7999397174377565,8.078509330749512,6459580
1999-10-29,8.171368291545583,8.43753192992567,8.134225711708241,8.307533264160156,11329442
1999-11-01,8.493243625493859,8.573732168708394,8.431364553075229,8.530386924743652,6364648
1999-11-02,8.443727861953363,8.480874061584473,8.388017290467136,8.480874061584473,4229127
1999-11-03,8.604665615214401,9.155642118666561,8.604665615214401,9.056583404541016,17228573
1999-11-04,9.149439460434033,9.520865817269804,9.09992865022056,9.279435157775879,10697245
1999-11-05,9.366095969026635,9.780866968164966,9.285644512674432,9.70037841796875,11044287
1999-11-08,9.644663470813311,9.700377693026802,9.496093908681184,9.551807403564453,6387766
1999-11-09,9.576580300656671,9.824209292643422,9.248499870300293,9.248499870300293,10973558
1999-11-10,9.353724806120011,9.50849774312659,9.223726187147221,9.273236274719238,8419090
1999-11-11,9.378501314193011,9.780866968164966,9.372294277628175,9.70037841796875,17074891
1999-11-12,9.824212881335063,10.102782598053274,9.706582466651316,9.768499374389648,13674655
1999-11-15,9.991351102675235,10.46179548762509,9.991351102675235,10.152290344238281,10483703
1999-11-16,10.022287469446283,10.356574207762364,9.929430688651916,10.276082038879395,8349710
1999-11-17,10.406084058631757,10.585630559005564,10.338000879866353,10.461793899536133,10511694
1999-11-18,10.36277655426485,10.579425640737531,10.214206291513095,10.511346817016602,12504000
1999-11-19,10.57942658408275,10.57942658408275,10.201801859177314,10.338003158569336,15287382
1999-11-22,10.412289087978746,10.424656610001978,9.892293118780493,9.966577529907227,5200245
1999-11-23,9.978946847275799,10.245147512558868,9.954209620394316,10.034660339355469,6828336
1999-11-24,10.009926994830227,10.158497323644099,9.935641103092879,10.028498649597168,9175723
1999-11-25,10.208001938648618,10.74657324457341,10.170863729829403,10.74036693572998,12035883
1999-11-26,10.796083278142131,11.037510347349757,10.70942916100691,10.93228530883789,10598772
1999-11-29,10.94465448943075,11.63799513035423,10.870369342945104,11.538935661315918,9857009
1999-11-30,11.272771288213114,12.009420029702971,11.025141543381297,11.947500228881836,33094774
1999-12-01,11.483214459324389,12.127048452929658,11.483214459324389,11.792764663696289,15278752
1999-12-02,11.96607005843599,12.250842365252856,11.879416669912848,11.88562297821045,10300104
1999-12-03,12.071334385176677,12.430349581432184,12.021785753917982,12.374640464782715,10985792
1999-12-06,12.374643627587197,12.374643627587197,11.978480675904015,12.046563148498535,9827921
1999-12-07,12.510843877305971,12.999900675872741,12.424191216884129,12.609903335571289,16827697
1999-12-08,12.8203539478592,13.111329663325305,12.715125270755253,12.900838851928711,8105331
1999-12-09,12.882267831689527,13.41463270540413,12.832757019819356,13.167040824890137,12154088
1999-12-10,12.628476381384063,12.653212882811706,12.176558465357909,12.343700408935547,13992462
1999-12-13,11.885624499824932,11.972274262790274,11.687506283497997,11.780363082885742,9057771
1999-12-14,11.755624849176998,12.696558104386545,11.755624849176998,12.182764053344727,18967371
1999-12-15,12.052764759165182,12.058926700248277,11.235628239289253,11.278936386108398,14620572
1999-12-16,11.520362272608722,11.885621621104722,11.483215343335186,11.805133819580078,11813162
1999-12-17,11.823708426671514,12.356072722126653,11.805136775709414,12.02178955078125,10949651
1999-12-20,12.127051174290889,12.94418773120127,11.959909242166853,12.900838851928711,9764794
1999-12-21,12.770840478503873,13.309408006613513,12.696555352373581,13.297039031982422,10095937
1999-12-22,13.618915725410579,14.095606468975445,13.538468643816287,13.810834884643555,10546196
1999-12-23,13.971772057682099,14.114176011855474,13.519894977868303,13.5941801071167,3965572
1999-12-24,13.680839262053533,13.804630885465919,13.544633564443718,13.693206787109375,1120947
1999-12-27,13.724179420010952,13.80462649370774,13.495121349749574,13.563203811645508,1510580
1999-12-28,13.439407021920786,13.47034618802922,13.136063837618561,13.167040824890137,2144409
1999-12-29,13.241325580089855,13.383690268415853,13.204183740192978,13.247488975524902,1117836
1999-12-30,13.371326904293069,13.717978290375108,13.32798093442906,13.656062126159668,2151487
1999-12-31,13.656062126159668,13.656062126159668,13.656062126159668,13.656062126159668,0
2000-01-03,42.13825403040142,43.17824604428124,41.97111063841663,42.54682159423828,6634006
2000-01-04,42.30538431284845,42.30538431284845,39.11112244286592,40.503971099853516,8625660
2000-01-05,37.88543410990673,38.66542603979479,36.15830392708101,36.64115524291992,18386043
2000-01-06,37.51400160458657,37.81114217678938,33.799744452051385,34.078311920166016,16580557
2000-01-07,35.118301044663376,36.62257385253906,34.83973071313662,36.62257385253906,18534524
2000-01-10,37.142562695890206,39.668259670696884,37.142562695890206,39.25968933105469,9441862
2000-01-11,40.392548313227316,40.48540510060024,38.68399157166334,39.7425537109375,11158303
2000-01-12,37.99684381605755,39.77968668877298,37.606846573986054,39.18540573120117,11767689
2000-01-13,39.575416067372785,40.596834982825655,39.11113209732979,39.61255645751953,10551198
2000-01-14,41.61825362625388,44.45966199588986,41.61825362625388,44.292518615722656,19267283
2000-01-17,46.46535450496683,46.76249502879517,45.202508733356574,46.4282112121582,11282735
2000-01-18,46.63249870762852,47.7282070229899,44.81251503485326,46.2982177734375,10768289
2000-01-19,45.51823018839593,46.298224974805585,43.605386523943935,45.536800384521484,11668599
2000-01-20,51.98103284535565,53.11388164044176,49.58534098250274,51.81389236450195,31697561
2000-01-21,51.461040360161824,53.46673784803473,50.53247821690559,52.33388900756836,32858464
2000-01-24,50.53246938974439,52.14817212443368,50.53246938974439,51.16389083862305,8652037
2000-01-25,49.046777797952366,50.40248069095994,48.34106669278192,48.712493896484375,11158340
2000-01-26,50.12390173241604,50.6996096934208,46.18678823846668,46.61392593383789,14868026
2000-01-27,45.87107203453355,46.63249351223163,43.43823443481306,46.056785583496094,19308573
2000-01-28,46.595355405725606,47.59820396419251,45.369649995754735,46.502498626708984,8146603
2000-01-31,44.38537322660811,45.61107868068703,43.939662416881276,45.31393814086914,10517453
2000-02-01,47.059633792888434,48.229625652707284,46.42820947603444,47.561058044433594,12579436
2000-02-02,49.25104836485646,50.51389710159043,48.8424808538686,50.36532974243164,9960405
2000-02-03,50.5881843427234,51.99960045681354,50.235330314200866,51.256752014160156,8086980
2000-02-04,53.09531468209791,53.48530913982581,51.368184732019564,51.92531967163086,10295472
2000-02-07,51.66531767123665,51.92531199842097,49.91961487492682,50.17961502075195,4856425
2000-02-08,51.423890097913876,54.896716734714396,51.423890097913876,54.7852897644043,12575857
2000-02-09,55.52814447837384,55.89957159509252,53.85672827178058,54.07958221435547,6264117
2000-02-10,52.27817379095839,54.59958489133052,52.2410334011617,54.042449951171875,6603083
2000-02-11,55.286720926244925,55.286720926244925,51.70246124267578,51.70246124267578,8434601
2000-02-14,51.07104297753139,51.479610530016394,50.60676193237305,50.60676193237305,4853388
2000-02-15,51.05245957674577,51.071032676771296,48.73104900052889,48.768192291259766,6287352
2000-02-16,51.238184379750464,51.6281788354983,48.13677856330791,48.619632720947266,11755141
2000-02-17,49.399620889087714,50.1424693123355,48.30391553721464,49.009620666503906,8260680
2000-02-18,50.29105662364958,50.32819701872685,47.72821807861328,47.72821807861328,9241463
2000-02-21,47.56106347734971,48.37820143532392,45.79679329988363,46.24250411987305,5895305
2000-02-22,46.372497417872246,48.452481070777885,45.92678663510675,46.9853515625,7015507
2000-02-23,48.22962209277715,50.068181425161754,47.63534111120799,49.0281867980957,6691645
2000-02-24,50.142470664875056,50.66247097567991,49.028195090626554,49.25104904174805,3790866
2000-02-25,49.41818834057625,50.421042734273314,48.842480374198296,49.06533432006836,4275648
2000-02-28,47.56106480681697,48.24820270383985,46.31678909656388,48.15534591674805,6136691
2000-02-29,48.84247295421969,49.52961360778555,47.63534080905912,49.12104034423828,7087296
2000-03-01,49.8824829490178,53.41102370558828,49.8824829490178,52.11103439331055,16655358
2000-03-02,53.83817343254746,55.3053092956543,53.11389205485818,55.3053092956543,7627830
2000-03-03,55.28671666525006,57.013846333460094,54.67386251305404,56.21527862548828,9152044
2000-03-06,57.58956944498994,57.94242354826803,52.371038682772266,54.59959030151367,11081636
2000-03-07,54.952429902274,55.41671670073707,53.85672748813012,55.342430114746094,7342357
2000-03-08,53.6895971078913,54.22816477476092,51.256758963977454,51.442466735839844,7327530
2000-03-09,51.461035977858295,52.14817679301174,51.05246843687255,51.9067497253418,4750368
2000-03-10,54.13529499917774,57.94240834965631,53.85672757456539,57.75669479370117,19168914
2000-03-13,57.75669479370117,57.75669479370117,57.75669479370117,57.75669479370117,10508762
2000-03-14,55.156730009499206,56.90243320346695,54.46959492278123,55.8624382019043,7403754
2000-03-15,53.485324050891734,54.33960562131471,52.389621151759606,52.63104248046875,9122384
2000-03-16,50.82961245828845,50.88532594718603,48.4710582754745,49.1767692565918,16465926
2000-03-17,51.23816882681078,53.3924387781697,50.161033851131315,52.315303802490234,12250362
2000-03-20,52.315313911961475,53.74530312304387,52.018173372238394,52.742454528808594,5064368
2000-03-21,51.99959856411592,52.278165992641426,47.449633835221796,48.84247970581055,11020633
2000-03-22,51.42388957998476,51.62817041728222,48.7681950553126,49.381046295166016,9870592
2000-03-23,50.588180371787466,51.07103443999883,49.62247223536473,50.532466888427734,6165803
2000-03-24,51.72103021367695,53.20673283706542,50.885322124355895,52.25959777832031,12528881
2000-03-27,51.07104384338276,52.61246019788067,50.55104347809353,51.81389236450195,5290465
2000-03-28,52.37102560068152,53.31816067485208,52.07388507116447,53.20673370361328,4408340
2000-03-29,52.50102959243341,52.81673742829667,50.32818603515625,50.32818603515625,5908204
2000-03-30,45.87107154377118,46.966776816015134,44.663939307069924,45.146793365478516,20742839
2000-03-31,43.02967194801231,43.80966370739418,40.57826096332474,43.34538269042969,18276494
2000-04-03,43.345394798542756,43.45682180824898,38.99971232678571,39.501136779785156,9444966
2000-04-04,38.31256047448194,42.15681711087333,38.07113343405288,41.17253875732422,14498968
2000-04-05,42.11967893880777,43.772525129778536,40.11398160419067,43.75395202636719,18763770
2000-04-06,45.79679189553292,48.285343170166016,45.79679189553292,48.285343170166016,12273573
2000-04-07,50.69960762515359,51.25674828054143,48.69390766626203,49.77104568481445,15146248
2000-04-10,50.86675726823211,51.052470853588076,48.21106230746844,49.548194885253906,7684455
2000-04-11,46.11249906632081,46.78106667885787,44.961080299529485,46.056785583496094,9549951
2000-04-12,46.0939316794924,46.68821274487221,44.27394518943663,44.385372161865234,6723111
2000-04-13,42.695386770058924,45.87107592569756,42.1939624727813,45.31393814086914,14043577
2000-04-14,42.565383366322365,44.16251291569448,39.371124267578125,39.371124267578125,13939677
2000-04-17,35.65686938422225,42.34253475758693,35.65686938422225,41.22825622558594,4852293
2000-04-18,42.62109357535229,43.34537461991003,40.89396700097314,42.56538009643555,4578933
2000-04-19,45.674225508699365,46.49879104861711,44.12538162861021,44.181095123291016,4580097
2000-04-20,44.58223714978839,45.12823233092975,44.036241968647026,44.54880905151367,5473723
2000-04-21,44.54880905151367,44.54880905151367,44.54880905151367,44.54880905151367,0
2000-04-24,44.54880905151367,44.54880905151367,44.54880905151367,44.54880905151367,0
2000-04-25,41.78539550526722,43.456808881648655,41.22825480381953,41.729679107666016,1556669
2000-04-26,44.57108931974123,46.00850610805456,43.5125242682647,45.09479904174805,2231562
2000-04-27,45.28420996493452,45.28420996493452,41.04995988442778,41.57366943359375,2425466
2000-04-28,45.68536430348987,48.35962927555868,44.571088686454836,47.91392135620117,3549392
2000-05-01,48.20362900632673,48.9167674589919,47.53506425260855,48.35962677001953,636464
2000-05-02,48.482204502923864,51.25675681726401,47.35678321729661,50.20933151245117,3581013
2000-05-03,49.01706270833212,51.033903027692155,48.74963500138772,49.58534622192383,1309684
2000-05-04,48.493347180033794,50.03104831283734,47.46821018217731,47.802494049072266,1346690
2000-05-05,47.45705620418267,48.47105026245117,46.911061193927374,48.47105026245117,998741
2000-05-08,49.028190699019355,49.440470471664945,46.075355745910535,46.79963684082031,1580656
2000-05-09,44.292518615722656,45.083655996370986,43.90252127442672,44.292518615722656,3283129
2000-05-10,42.35368570998137,44.236813683094745,41.56254817628673,42.108543395996094,2629061
2000-05-11,40.381401948755915,44.57108515165112,38.99969878036463,41.33967971801758,5159205
2000-05-12,41.785396578257604,44.05852150508191,41.339682841925935,43.456809997558594,3553567
2000-05-15,43.3453785365053,43.57937807841937,42.78824078767607,43.233951568603516,1778223
2000-05-16,45.1059356935097,47.57963180541992,44.57108334505676,47.57963180541992,1968325
2000-05-17,47.57964138954181,47.57964138954181,46.264794192192575,47.245357513427734,2509858
2000-05-18,45.16164629446687,48.582477221825705,45.16164629446687,48.47105026245117,1550033
2000-05-19,47.74677832297771,49.47390525096048,44.292518648370894,44.30366134643555,3866888
2000-05-22,43.84680235647712,45.68535894548228,40.1696891784668,40.1696891784668,3232767
2000-05-23,41.77424654484616,42.67681371050053,40.671113746802426,40.927398681640625,2795075
2000-05-24,39.33397977662677,41.21710708855055,38.77684205232344,40.671112060546875,3595797
2000-05-25,41.116822392775205,44.05851455042921,40.78253859795358,42.11967086791992,3361929
2000-05-26,41.228254783847994,42.96652725464472,40.55969001548338,42.39824676513672,2215410
2000-05-29,42.95539255887759,43.45681695588831,41.00540846946693,41.77425765991211,1318308
2000-05-30,42.32024037791665,42.788236505589154,41.51796047067235,41.79652786254883,1850601
2000-05-31,44.02509673366188,44.51537838944167,43.16710310871704,43.969383239746094,3452269
2000-06-01,44.02509673366188,44.51537838944167,43.16710310871704,43.969383239746094,3452295
2000-06-02,46.81079085051473,50.64390557672452,45.70765489670943,50.621620178222656,5508970
2000-06-05,50.376476103275586,50.699614351459665,47.91392234222455,48.939056396484375,2806291
2000-06-06,48.52677558450082,49.02819993337274,48.17020631816588,48.604774475097656,1555263
2000-06-07,40.236545090869924,45.11707820550351,40.225402394266936,43.947086334228516,7199053
2000-06-08,45.061358623936016,48.19247631085686,44.559934435343266,46.353919982910156,5797039
2000-06-09,46.82192224943332,50.34304054680549,46.82192224943332,49.06161880493164,3334271
2000-06-12,49.06161880493164,49.06161880493164,49.06161880493164,49.06161880493164,0
2000-06-13,48.025349853247434,48.69391466272548,46.6659319282987,46.74393081665039,2758722
2000-06-14,47.91392103102023,48.47105883575658,46.54335755101509,47.12278366088867,3164323
2000-06-15,46.78849501763599,46.911064682061806,44.136515731410164,45.47364807128906,5273645
2000-06-16,45.80793855943787,47.6353527326597,45.48479739681087,46.13107681274414,9267584
2000-06-19,46.35394322331549,46.68822715308337,45.351094343333195,45.7410888671875,3691201
2000-06-20,47.47935749832545,50.064478209845376,47.46821189001786,49.49620056152344,6279778
2000-06-21,50.13131412409344,53.596715381663365,49.73017712284444,52.226158142089844,9317474
2000-06-22,52.08132297478777,53.76387630140967,51.14532464432343,53.2178840637207,3583683
2000-06-23,51.490746202682224,53.763868030872004,51.47960350566797,52.37102508544922,3003342
2000-06-26,51.3236021140544,52.4824483401382,51.31245941782899,51.7581672668457,2460470
2000-06-27,52.27073331123467,55.078710011792154,52.14816366166715,53.03958511352539,5008559
2000-06-28,52.32646000136645,53.73044579684841,52.32646000136645,53.708160400390625,2840581
2000-06-29,53.607868625806525,53.68586750251014,49.863899269470416,50.532466888427734,4871602
2000-06-30,49.58535157627371,51.70247642335489,49.47391874658897,50.164772033691406,2309384
2000-07-03,51.03388474307087,51.53531187760347,48.35962026905738,49.36246871948242,30046
2000-07-04,49.59648248849719,49.70790947305331,48.649344391807865,49.306766510009766,1993581
2000-07-05,49.2956201316353,49.7747619481002,46.79964131729919,47.02249526977539,36754
2000-07-06,45.74107907985163,48.06992047991572,45.12822776417833,46.68821716308594,42161
2000-07-07,47.96961867541198,49.91960180253816,47.63533493926131,49.418174743652344,29698
2000-07-10,51.256752014160156,51.256752014160156,51.256752014160156,51.256752014160156,27835
2000-07-11,51.033893065677084,52.03674167964665,50.788753715707905,51.53532028198242,2568514
2000-07-12,50.37647881371561,52.09246024952268,50.253903308133545,51.95874786376953,2460167
2000-07-13,52.43788103099089,53.15101945532711,51.98102463682648,52.293025970458984,32715
2000-07-14,52.81673125959033,54.93386107981998,52.64959080977654,54.3767204284668,3610239
2000-07-17,55.0341539220682,56.43814555647699,54.71101566876145,56.04814529418945,4335731
2000-07-18,56.382417850059525,56.549564119659784,53.46301385070886,53.84186553955078,3367130
2000-07-19,53.26245984603844,53.84188023416836,51.42390274641876,52.917030334472656,7092331
2000-07-20,51.936458440535134,53.986732319091146,50.81104012903594,53.9310188293457,4925057
2000-07-21,53.41845269460421,53.76387635553066,52.31531970074585,52.53817367553711,5264611
2000-07-24,51.80274811452814,52.359888852665,50.58818817138672,50.58818817138672,1810290
2000-07-25,50.15361768244505,52.31531865044613,49.99761990322303,51.479610443115234,1891325
2000-07-26,52.35988127398411,52.53816442241755,49.93075592065658,50.03104019165039,1564676
2000-07-27,46.47650146484375,50.39876023032374,46.01964794028669,46.47650146484375,3996841
2000-07-28,44.57108688354492,47.45706300057021,44.548801488478496,44.57108688354492,5798180
2000-07-31,45.50708105432986,46.65478767258396,45.26194169912181,46.52107238769531,3151730
2000-08-01,48.571337230821555,48.74962037574938,46.73278066147238,46.79963684082031,2283831
2000-08-02,46.78851268951854,47.523936772481534,44.73824116359463,45.85251998901367,2085981
2000-08-03,45.67422092585676,45.67422092585676,39.72398246980759,40.94968795776367,11543020
2000-08-04,42.665671020410166,44.12537603323099,41.3953976841247,41.562538146972656,6212429
2000-08-07,42.320239413096694,42.78823553009979,41.07224879798179,41.49567413330078,2773711
2000-08-08,40.782552363282505,41.45112017858735,40.41484035579696,41.01655197143555,3312671
2000-08-09,41.60710303074733,44.32593829637935,41.462247983508604,43.40108871459961,5847248
2000-08-10,42.89966299336188,43.95822488956038,42.0305269215686,42.28681182861328,3975116
2000-08-11,42.052825165638254,42.49853603331455,41.439973813578675,41.785400390625,2284059
2000-08-14,42.91081332667988,44.27023115410101,42.78824365377778,43.90251922607422,2192481
2000-08-15,44.582225935923475,45.29536433838216,44.24794212793845,44.62679672241211,3258708
2000-08-16,44.84965685218848,46.186792268894166,44.515375907332725,45.80793762207031,4043911
2000-08-17,46.78850407541905,47.63535501221619,46.465362897328355,47.2899284362793,3477731
2000-08-18,47.84706003412934,50.36533002664624,47.691062269607976,49.11733627319336,5858434
2000-08-21,49.774761645524585,50.142470664875056,47.69106265593604,49.25104904174805,2652085
2000-08-22,49.02819961181752,50.25390227465634,48.91677262598141,50.19818878173828,2455650
2000-08-23,50.57704626588056,50.68847325152645,47.24535612050217,49.473907470703125,3374653
2000-08-24,50.16475694631472,51.25675296338584,50.16475694631472,50.90018081665039,2672139
2000-08-25,51.14532023200178,51.14532023200178,48.58248519897461,48.58248519897461,2378170
2000-08-28,49.29562290280424,49.574196177700635,48.47106032296872,48.99477005004883,1349245
2000-08-29,49.02819770626781,49.06162580071942,47.92506186140287,48.159061431884766,1939510
2000-08-30,47.35678303699591,49.25105342749309,47.08935827183626,47.74678039550781,2976854
2000-08-31,46.92221296875324,47.66877955965451,46.911070270659806,47.39020919799805,3080137
2000-09-01,48.30391349392339,51.41274626194848,47.802486319995204,50.699607849121094,7929426
2000-09-04,50.72189956043939,52.98387892665134,50.72189956043939,52.928165435791016,4560317
2000-09-05,52.93930194489247,54.543855936365695,51.62445222154077,52.74987030029297,5739204
2000-09-06,51.501883789877304,52.371019889397694,49.028187842220795,49.36246871948242,4606517
2000-09-07,47.98078371267892,50.25390603092514,47.245359732549154,50.175907135009766,4117139
2000-09-08,50.69961068133434,50.978178116500054,47.91391887375439,48.35962677001953,2830041
2000-09-11,47.367918099058535,48.415340321701116,46.966778106668656,48.38191223144531,2199257
2000-09-12,47.03363244597415,47.91391418287771,46.35392506139417,47.4124870300293,3221954
2000-09-13,46.67707643870146,47.4570682618194,44.21452255493133,45.663082122802734,5916475
2000-09-14,46.56563814764812,48.91676461991257,46.35392690920968,47.73563003540039,5289934
2000-09-15,48.18134786308412,48.39306204181241,45.596224380709586,46.13107681274414,3401278
2000-09-18,45.01678771237071,47.18962779615389,44.42622196473933,45.68535232543945,3649321
2000-09-19,45.39565231964372,46.29821663847501,44.23680304822802,44.57108688354492,6535555
2000-09-20,46.732786695661694,46.74392939365844,44.582231435686495,44.894229888916016,4305429
2000-09-21,45.128226788596734,45.66307920462636,43.34538346228421,44.292518615722656,3634332
2000-09-22,40.22540801028736,42.79938874086332,38.77684852169872,42.06396484375,17354159
2000-09-25,42.35368007277394,44.169951602872445,42.11968049014563,42.49853515625,6877983
2000-09-26,41.23941331175988,41.77426591362549,39.89113765050704,40.11399459838867,4629445
2000-09-27,40.381404745345115,41.896823293209074,40.113979996418955,40.33683395385742,4646899
2000-09-28,41.217117246235944,41.4511168355167,39.50112995591342,41.19483184814453,4944769
2000-09-29,42.10853514560378,42.64339046962729,41.005402222111634,41.89682388305664,3044546
2000-10-02,39.56798780357145,40.74911968356763,38.36456761687041,39.345130920410156,15306643
2000-10-03,38.186279987972696,39.99140874054165,37.99685411785008,39.11112976074219,8406689
2000-10-04,40.44825868626371,40.871684091202276,39.45655281209619,40.559688568115234,5877188
2000-10-05,41.64054334846576,43.20053287571921,41.32854486115089,42.832820892333984,7695483
2000-10-06,41.250534040595134,42.00824318673031,39.01083759948744,39.66826248168945,11305791
2000-10-09,39.01084244936299,39.22255660886255,37.383999904235964,37.72942352294922,4929711
2000-10-10,38.3311351339024,38.665418991098115,36.60400817525273,36.760005950927734,10158320
2000-10-11,34.97716418299437,35.18887545961407,33.14974994751997,33.21660614013672,7827033
2000-10-12,34.486889034703346,35.84630726903077,32.648331753565856,34.5426025390625,7153677
2000-10-13,33.41716318462306,37.0719933034904,32.88231091896339,36.893707275390625,6397092
2000-10-16,38.45371184171591,39.55684490646782,37.45086307206489,37.51771926879883,4800830
2000-10-17,35.935436405920896,36.04686337597253,32.59260693912942,33.03831481933594,11057064
2000-10-18,30.64262287760382,32.18032391577374,26.9655092960196,31.623186111450195,21545424
2000-10-19,32.08003755462877,35.099728854994495,31.199758658959507,33.8740234375,9317754
2000-10-20,36.09143677970939,36.99400104842596,33.81830915322584,35.890865325927734,13876702
2000-10-23,36.09144476812639,36.99400923661499,34.43117092309987,36.71543884277344,4068406
2000-10-24,35.723718079599756,38.21969626046085,35.54543205354695,37.38399124145508,4777422
2000-10-25,35.534302796639864,35.92430017129712,33.996601605350946,34.87688064575195,5494652
2000-10-26,33.55089271166572,36.10258548175597,33.372606607690685,35.28916549682617,4298037
2000-10-27,36.759997461106984,37.88541845366261,35.09972416615623,35.211151123046875,3638096
2000-10-30,35.92428769964834,36.03571465106093,33.20545262926193,34.041160583496094,4738614
2000-10-31,33.99659521317845,36.10257656730356,33.98545251626394,35.890865325927734,4039377
2000-11-01,36.89371775462525,37.49542927005643,33.9297396977861,35.87972640991211,8217030
2000-11-02,35.89086344804897,37.43970696608941,34.87687226324119,36.22514724731445,6842118
2000-11-03,36.447996916020415,38.10827011273988,35.84628847509141,37.62913131713867,6488055
2000-11-06,37.98570483055713,38.98855331706875,37.77399069135301,38.44255828857422,5536882
2000-11-07,38.43142359142203,38.44256629005097,35.712584760716666,36.16944122314453,8046603
2000-11-08,36.14715472538872,36.62629660905096,34.330883120702154,34.36431121826172,5992722
2000-11-09,33.42830758703055,33.48402397381504,32.09117539992213,32.82659912109375,7351071
2000-11-10,31.99089081264385,32.648315658627865,28.882058436743034,29.90719223022461,10834688
2000-11-13,28.960067238422056,29.86263169233998,27.466936817533433,28.425214767456055,6755125
2000-11-14,31.756906377782045,31.756906377782045,30.130060591861902,30.631484985351562,7240054
2000-11-15,31.43375919152559,31.478329981629024,28.58120825966206,31.266618728637695,6816588
2000-11-16,31.099476765115824,31.17747565132989,28.804066424213026,30.074342727661133,6393601
2000-11-17,28.73721313476562,29.3054937009686,27.634077190502392,28.737213134765625,8402104
2000-11-20,28.870920896386213,29.249775516228485,25.4723749244945,26.798364639282227,7224996
2000-11-21,26.865212659551,28.2469183506207,25.572651429658386,26.642358779907227,6060687
2000-11-22,26.58665678682174,27.288649720052806,24.736954240708084,25.96265983581543,4756478
2000-11-23,26.12979708608859,26.88750333520738,25.516942977905273,25.516942977905273,2836748
2000-11-24,26.296942576958415,28.63692376920617,25.516947876435594,27.957216262817383,6667037
2000-11-27,29.52834669606921,31.0214799701038,28.74835487202757,29.416919708251953,7747364
2000-11-28,28.436353301030174,28.54778027671668,27.188362445379745,27.63407325744629,5121424
2000-11-29,26.45293536097062,29.30548595588774,25.73979989423146,28.748348236083984,6874697
2000-11-30,26.185511710620187,27.188360228676196,26.085224531358364,26.865219116210938,7277904
2000-12-01,26.987802913834386,28.525504420475357,26.185522601968888,27.90151023864746,7172020
2000-12-04,27.288638971120278,27.52263846290599,25.628365867773073,25.750938415527344,4893230
2000-12-05,26.675798352022404,29.50606129850576,26.575514062986873,29.416919708251953,9907334
2000-12-06,31.756905478502183,32.47004114511318,30.196915934646377,31.712331771850586,14678186
2000-12-07,30.408624615506465,31.411473192182083,28.926634235795582,29.728914260864258,8838505
2000-12-08,30.09662968452784,32.73746671065259,29.91834359747203,31.311189651489258,8453163
2000-12-11,32.860032247234486,34.7431597116258,32.14689380767639,34.564876556396484,6872781
2000-12-12,34.8211684751297,36.046874243177484,33.517466713852365,34.29745864868164,10052847
2000-12-13,33.30574817926836,33.316890878188026,30.196914815435402,30.598054885864258,11423652
2000-12-14,30.742905603880917,30.754048301217434,28.63692126067702,29.75119972229004,9023374
2000-12-15,27.979501755352143,29.75120243041015,27.634075197157028,27.645217895507812,6302570
2000-12-18,27.868069966534815,29.28320114103493,26.798362381347484,27.01007652282715,4929780
2000-12-19,27.132651175718063,28.41407022883458,26.196658684789973,28.10207176208496,5337777
2000-12-20,26.76493444675716,27.522643626979292,25.906940998090395,26.40836524963379,7524030
2000-12-21,25.51694555531045,27.466932129238792,25.23837812283529,27.076934814453125,3966356
2000-12-22,27.29978942106625,27.856930118139818,26.742651633313198,27.63407325744629,2528474
2000-12-25,27.63407325744629,27.63407325744629,27.63407325744629,27.63407325744629,0
2000-12-26,27.63407325744629,27.63407325744629,27.63407325744629,27.63407325744629,0
2000-12-27,28.135496876499623,28.135496876499623,26.185513211891724,27.076934814453125,2228756
2000-12-28,27.322078037766232,27.790077209472656,26.18551693311022,27.790077209472656,3735013
2000-12-29,27.734360411311204,28.113215077248892,26.954368591308594,26.954368591308594,1861346
2001-01-01,26.954368591308594,26.954368591308594,26.954368591308594,26.954368591308594,0
2001-01-02,26.475221200893905,26.96550566104694,24.41381072998047,24.41381072998047,3921730
2001-01-03,24.36923898160476,24.36923898160476,22.564110491410364,23.44438934326172,5657618
2001-01-04,29.205199931007993,29.33891227747073,27.188357491928485,28.804059982299805,19006408
2001-01-05,28.414063703924842,31.19975514005313,28.135493396583982,29.762338638305664,10238195
2001-01-08,28.74835224245464,29.639773882097238,27.578360249428517,28.135498046875,5642081
2001-01-09,29.46148456729497,29.673198710811103,28.246924826162267,29.35005760192871,5953640
2001-01-10,29.30548693012744,29.47262737882898,27.812353951112645,29.060344696044922,5847414
2001-01-11,29.53949242359027,30.854336703791073,28.815211181208397,30.508913040161133,9561191
2001-01-12,31.868325292106064,33.205457638740704,31.511756084472765,32.86003112792969,11243575
2001-01-15,32.325187335736665,32.926896032883576,30.65377073226947,31.478336334228516,3893325
2001-01-16,31.678894385590926,31.678894385590926,29.69548284863105,30.531190872192383,6276219
2001-01-17,32.548035207697296,33.69574179651193,31.589757388732338,33.406028747558594,15891364
2001-01-18,35.22230514058499,35.87973021620242,32.48118366404948,32.71518325805664,17924164
2001-01-19,35.07744890829025,35.76830205923265,33.9297421927959,34.06345748901367,15637777
2001-01-22,33.56202922484055,35.0997302232497,32.2026084789019,33.33917236328125,6580112
2001-01-23,32.83774980628991,33.09403477430298,31.86832924389904,32.94917678833008,6449178
2001-01-24,33.985454242141905,36.01343682085211,33.762597383213915,34.85458755493164,13330048
2001-01-25,34.85457730828369,35.656857109655164,33.105165590200386,34.943721771240234,10063730
2001-01-26,32.99374751599638,33.77374220737877,32.80432164690213,32.9268913269043,8239920
2001-01-29,32.77089700569113,33.41717647767237,32.71518350891008,32.804325103759766,2632031
2001-01-30,33.528600467296705,34.018885013685754,33.14974872312809,33.79602813720703,8122303
2001-01-31,33.45061770732847,34.37546785516348,32.69290810091356,34.197181701660156,6233920
2001-02-01,33.77373601965574,34.70972831410217,32.93802799047427,33.149742126464844,6022769
2001-02-02,33.14974938796656,33.23889097661755,31.422619470570485,31.97975730895996,7385293
2001-02-05,31.32233828665994,31.534049580681753,29.962917287761915,30.3083438873291,13651588
2001-02-06,30.19690912451731,30.219194518156726,28.804063294092543,29.595197677612305,9911372
2001-02-07,29.104916955575938,29.584058751413703,28.414066823320383,28.915491104125977,6207911
2001-02-08,28.748362481746575,30.34177755727436,28.692648973090527,29.862638473510742,6459103
2001-02-09,29.851483204771984,29.851483204771984,28.191209708484518,28.82634925842285,6309483
2001-02-12,28.402921744263995,28.804061717132345,27.5226429250596,28.748348236083984,8275413
2001-02-13,29.03806475570269,30.196914145604882,28.781782686235232,29.316635131835938,6090598
2001-02-14,27.86806901039524,28.414064026025425,26.519791151410317,28.291494369506836,14147536
2001-02-15,30.074348966536125,31.34462262417981,29.327782224971887,30.99919891357422,11796743
2001-02-16,29.53949002299633,30.196912109669825,29.104918985426934,29.974058151245117,8541799
2001-02-19,29.650913537790156,29.996337132989094,29.02691670846767,29.093772888183594,1657793
2001-02-20,29.149491025796046,30.475480730843707,29.09377463004341,29.706628799438477,3625434
2001-02-21,28.04635662868017,28.525495544589152,27.411217033863682,28.191211700439453,10402187
2001-02-22,27.310934950477414,28.191213968317072,26.24123005432932,26.954368591308594,7327047
2001-02-23,27.232931528741958,27.56721534416967,25.405517604740275,26.074085235595703,7823132
2001-02-26,27.868069248198974,28.34720809163488,27.088074699602796,28.04635238647461,10029507
2001-02-27,28.18007373998604,28.414073343024857,27.2440811464729,27.47808074951172,4318502
2001-02-28,26.731512181518564,27.065796058487773,26.085229825423372,26.419513702392578,7049983
2001-03-01,25.594946638265245,25.7398046249345,24.012674757726572,24.50295639038086,11504554
2001-03-02,24.58095557001713,25.962658898323372,23.511249251287655,24.603240966796875,10068452
2001-03-05,25.66179970027655,27.05464538277392,25.182660878595694,26.686933517456055,8817151
2001-03-06,27.29979015042111,29.862628115603933,27.244076661089384,29.584060668945312,11265888
2001-03-07,30.074347093620947,31.088338580248458,28.971211100486848,30.631484985351562,11527140
2001-03-08,30.397477785465064,31.066045415887885,29.305487674246873,29.962909698486328,7025001
2001-03-09,28.85978538565463,29.528350303557815,28.313790169324808,28.97121238708496,5564944
2001-03-12,27.634070989723774,28.024068281942892,26.809505618668535,27.1883602142334,5883690
2001-03-13,26.954364769480062,28.971204589846554,26.308082516480564,28.915491104125977,9540472
2001-03-14,29.539493873299463,30.074346352554315,26.965512862066824,29.29435157775879,8709472
2001-03-15,29.361201735526826,29.65091476897912,28.035212054808074,29.194061279296875,9082099
2001-03-16,26.887505698628082,27.56721604359922,25.316376672100038,25.628372192382812,17089211
2001-03-19,25.08237675953674,26.051797216453792,24.36923978808855,25.505802154541016,5600467
2001-03-20,26.185514875252228,27.076936534438662,25.906944515761232,26.33036994934082,9529589
2001-03-21,25.383232539057413,26.18551254272461,24.190955230570875,26.18551254272461,6260887
2001-03-22,25.193806336308093,26.686939524972463,24.51409884016441,26.441797256469727,6140425
2001-03-23,28.68149423038927,29.62862929856218,28.07978277086926,28.837491989135742,10778290
2001-03-26,29.272066210811374,30.49777187120432,29.24978081203992,29.662063598632812,7340188
2001-03-27,29.182920798137634,29.639774322509762,28.42521152038658,29.639774322509766,6041112
2001-03-28,30.19690725232835,30.19690725232835,28.135493921886635,28.35835075378418,7298368
2001-03-29,27.4000789079564,28.859781139911384,27.154936631552896,28.469783782958984,5138261
2001-03-30,28.235778325180632,29.08263196307815,27.57835634104092,28.07978057861328,5150718
2001-04-02,27.85692578704105,27.968352745403276,25.97379564411908,26.519790649414062,5408001
2001-04-03,25.394376505060777,25.70637494637128,24.625524554015843,24.636667251586914,7493572
2001-04-04,23.96810267096985,25.962657188699655,23.176965318743388,25.03780746459961,13233255
2001-04-05,25.294093543182104,27.23293465872447,25.093522067144917,27.13265037536621,10333948
2001-04-06,28.19121467123776,28.246931075567936,25.69523554821711,26.486370086669922,5349276
2001-04-09,25.639517148335774,27.07693377255851,25.628371542145196,26.074085235595703,6655675
2001-04-10,26.274662273804474,27.856937378207032,26.196663370495866,27.845794677734375,6816656
2001-04-11,28.29149600894806,31.03261685130926,27.756640749051,30.14119529724121,15313625
2001-04-12,29.80691103452919,30.196908322177038,28.692635563524117,29.33891487121582,5067627
2001-04-13,29.33891487121582,29.33891487121582,29.33891487121582,29.33891487121582,0
2001-04-16,29.33891487121582,29.33891487121582,29.33891487121582,29.33891487121582,0
2001-04-17,28.625779794459156,29.41691715801745,27.24407653734636,28.859779357910156,7553050
2001-04-18,31.18861874240335,32.915748596191406,30.698337113558573,32.915748596191406,12955987
2001-04-19,31.82376558134518,32.53690133550434,31.478338950305528,32.11347579956055,9713157
2001-04-20,33.14974564064209,33.48402946961586,32.10232336443366,33.049461364746094,9374905
2001-04-23,32.74859923590334,33.04945491419112,31.534036736925177,31.87946319580078,5624902
2001-04-24,31.812611014085416,33.03831345258854,31.36690024299694,32.59260559082031,6994817
2001-04-25,31.745757975407052,32.86003657014058,31.48947590604969,32.41432571411133,4821980
2001-04-26,32.692890709302276,33.0494599173032,32.08003656480434,32.87117385864258,5983893
2001-04-27,32.31403426550449,33.606595752497476,31.924036989234867,33.2054557800293,6539183
2001-04-30,33.2054557800293,33.2054557800293,33.2054557800293,33.2054557800293,0
2001-05-01,34.16373023004994,34.75429598185654,33.65116334423216,34.041160583496094,3928780
2001-05-02,34.81000933157466,35.06629129747674,33.58430424495365,34.91029357910156,7743913
2001-05-03,34.330891520023535,35.25574159741841,32.48119136523379,33.539756774902344,10235594
2001-05-04,32.88232053417624,33.11632010531922,31.93518537006363,32.9268913269043,9247568
2001-05-07,33.42831212383701,33.628883579250314,32.503462453767746,33.03831481933594,6668100
2001-05-08,32.70404266858281,32.75975616853084,31.812620850771946,32.425472259521484,7522592
2001-05-09,31.790336671703585,32.035476080889545,31.244338532601432,31.444910049438477,6218383
2001-05-10,31.53405588401358,34.01889586646879,31.36691535532354,33.539756774902344,13688616
2001-05-11,32.559171763895854,33.39487975076521,32.20260259613133,32.904598236083984,10025538
2001-05-14,32.63717522798108,32.63717522798108,31.48947160338536,31.545185089111328,6736234
2001-05-15,30.932335373648932,30.976906164444163,30.141198018392494,30.75404930114746,9915137
2001-05-16,30.219192473035054,30.865474663480942,29.439197929801793,30.531190872192383,7511368
2001-05-17,32.10232724209461,32.87117926880829,31.97975755674979,32.41432571411133,8612365
2001-05-18,32.15804085251961,33.428314208984375,32.00204017539616,33.428314208984375,7541552
2001-05-21,33.6288983902037,33.651183794029045,32.49233406714646,33.539756774902344,5265637
2001-05-22,34.53144938286206,35.94658069307942,34.53144938286206,35.545440673828125,12609795
2001-05-23,34.59831043846385,35.47858948337518,33.439461007564034,33.528602600097656,11040432
2001-05-24,33.19432039015527,33.98545781302849,32.77089493209079,33.09403610229492,3932407
2001-05-25,33.10516902556447,33.52859144927887,32.48117226671391,32.70402908325195,4506245
2001-05-28,32.69288860452586,32.98259870355225,31.979750234436032,32.48117446899414,2742637
2001-05-29,32.49231972347429,32.748604663650845,31.64546893330876,31.7346134185791,6713305
2001-05-30,30.97690811848701,31.121763197709058,30.08548642770986,30.419767379760742,10104069
2001-05-31,30.074341680143434,31.199759960673976,29.76234323683374,30.364051818847656,8326062
2001-06-01,30.520052845623432,31.400331788127843,29.662059298659862,30.820905685424805,4458813
2001-06-04,30.820905685424805,30.820905685424805,30.820905685424805,30.820905685424805,0
2001-06-05,31.37804842332437,32.08004133761334,31.244333132104906,31.890615463256836,5945974
2001-06-06,32.53689319164524,32.681751173816856,31.3111876934056,31.634328842163086,6718439
2001-06-07,31.690048241565123,32.51461385943834,31.14405303275323,32.425472259521484,5185693
2001-06-08,33.7626009306847,34.20831178605148,32.815465726695386,33.09403610229492,7005563
2001-06-11,33.08289505214926,33.08289505214926,32.22490139461571,32.6483268737793,3238517
2001-06-12,32.32517719226837,32.59260481226136,30.08548069378275,31.043758392333984,9910072
2001-06-13,31.71233003589084,32.55918095745735,31.567474952495797,32.47003936767578,5461593
2001-06-14,31.924044955736203,31.924044955736203,29.87377379696517,29.951772689819336,12753186
2001-06-15,29.082640542185533,29.6286357255549,27.377792976613158,28.67035484313965,13324902
2001-06-18,28.603498397952244,29.52834826460486,28.269214507422593,29.29435157775879,5532063
2001-06-19,29.38348510610194,30.230335844653332,27.96835394618481,29.16063117980957,9971603
2001-06-20,27.79007682502749,27.80121661443502,26.040661487393884,26.60894203186035,17184759
2001-06-21,27.143794131917552,27.143794131917552,25.572661994093334,25.79551887512207,9261698
2001-06-22,25.984939022413954,28.503205803459498,25.30523164923272,28.35835075378418,9624385
2001-06-25,28.202359490830865,28.792928400977164,27.75664858792177,28.324932098388672,3474195
2001-06-26,28.269202675887406,28.269202675887406,26.93207349204067,27.801206588745117,6221887
2001-06-27,27.979494693806302,28.91548693768542,27.85692504288213,28.804059982299805,4779681
2001-06-28,28.90435835615641,29.416925510536956,27.47808390281024,29.07149887084961,13694503
2001-06-29,29.33892299825288,30.141203188831728,28.157788111605072,29.5172061920166,10489386
2001-07-02,29.205216162047773,30.007496505338068,28.971216516370767,29.862638473510742,4941005
2001-07-03,29.795774257470445,29.795774257470445,28.83749634741732,29.02692222595215,5057155
2001-07-04,28.948922727941472,28.948922727941472,27.92378864695393,28.469783782958984,3283348
2001-07-05,25.060093518775606,27.277504957247338,24.514098409949643,26.96550941467285,23103356
2001-07-06,26.976650773572405,27.556073947484602,26.4752235721117,26.820650100708008,10153803
2001-07-09,26.831791079145916,27.466930608668832,26.01836840270866,27.21064567565918,6109609
2001-07-10,27.377795439240185,28.302648306434637,27.299796535931577,27.845794677734375,6511095
2001-07-11,26.80951051217208,27.15493708082443,26.018373086674355,26.57551383972168,8019431
2001-07-12,27.934926782519156,28.13549532282565,27.14378949933631,27.868070602416992,7435736
2001-07-13,28.21349835669127,28.69264020332919,27.533790849515064,27.968358993530273,6396355
2001-07-16,27.968353303130783,28.19120722429925,27.466929071181603,27.656354904174805,3451995
2001-07-17,26.47522701955894,26.70922660466534,25.349808617377214,26.007230758666992,11467183
2001-07-18,25.62837818164909,26.675800686767328,25.07124028447961,26.08523178100586,13605251
2001-07-19,25.85122266515564,26.397217600229386,24.904087822249025,25.750938415527344,11151762
2001-07-20,25.383235805879135,25.383235805879135,23.979245618768044,24.647811889648438,11669642
2001-07-23,24.51410689502316,25.438956963557327,24.068395913464954,24.569820404052734,4345401
2001-07-24,24.514093921110398,25.20494688609125,24.17981013452869,24.68123435974121,4178112
2001-07-25,24.280100796247257,24.736952876188433,23.65610533432169,23.756389617919922,5643861
2001-07-26,23.8009655946036,24.168677601400326,23.065541581010155,23.722965240478516,5096442
2001-07-27,24.33581358804967,24.82609665776009,24.135243571954565,24.35809898376465,5134155
2001-07-30,24.224382883353297,26.24122397727713,24.057240986539924,25.817798614501953,6450410
2001-07-31,25.8178025615348,26.686938812246055,25.795517165840696,26.542083740234375,5878488
2001-08-01,25.628375006948268,27.68978875323626,25.516948023181545,27.32207679748535,12517806
2001-08-02,27.622922010436767,28.52548605279015,26.65350180336382,26.742643356323242,8294851
2001-08-03,26.686936817686515,26.932079061320522,26.018369178190394,26.18551254272461,5581371
2001-08-06,26.04065944322469,26.486367357370852,25.372091753364273,25.52808952331543,4827181
2001-08-07,25.060096928209664,25.34981002362214,24.569815242426166,25.126953125,5815725
2001-08-08,25.060088598677297,25.24951733594149,24.625520554661854,25.216089248657227,5763091
2001-08-09,24.291244474750314,24.792670276958606,24.17981603381723,24.280101776123047,5716686
2001-08-10,24.51409802340213,24.748097585963816,23.67838987175701,23.956958770751953,5773974
2001-08-13,24.36924148385674,25.18266569415371,23.812103686183058,24.291242599487305,4738614
2001-08-14,24.79267176908343,25.18266915383028,24.781529069785545,24.993240356445312,3281222
2001-08-15,25.082380705464157,25.606093365103728,24.23553123689053,24.369243621826172,5374600
2001-08-16,24.05724235148542,24.05724235148542,23.28839045531728,23.878957748413086,4744295
2001-08-17,23.87895820559929,24.02381472111776,22.630967414859093,22.887250900268555,6463620
2001-08-20,22.8315355836224,23.62267282501877,22.630965599249517,23.232675552368164,6084232
2001-08-21,23.243826128357302,23.812108185843886,23.121254975097646,23.32182502746582,3995171
2001-08-22,22.720106583242142,23.711812265332686,22.564107397252865,23.176959991455078,6690034
2001-08-23,23.633818302764496,24.28009911632966,23.332964018125292,24.179813385009766,6086970
2001-08-24,24.35809523707594,25.84008400678906,24.224382883353297,25.817798614501953,5831467
2001-08-27,26.01836884192414,26.73150726026055,25.73980142016799,26.074085235595703,5673771
2001-08-28,26.02951553989248,26.02951553989248,24.246673583984375,24.246673583984375,6843007
2001-08-29,24.079535282107404,24.580959703286474,23.288397744755912,23.45553970336914,7766871
2001-08-30,23.288393665258173,23.62267752392712,22.5752566093342,23.009824752807617,7302612
2001-08-31,22.35239673696669,22.80925018608106,21.538974103570833,21.795257568359375,10457970
2001-09-03,21.483263243890125,21.73954673994315,20.11270272934987,20.736698150634766,7274755
2001-09-04,21.817554742196627,21.839840144930154,20.335565277791922,21.538984298706055,9426512
2001-09-05,20.64755718094872,20.926127554420496,20.16841823328822,20.44698715209961,8204984
2001-09-06,20.614127104864757,20.9484109390523,18.64185655620693,18.931568145751953,9607890
2001-09-07,19.120998869117162,19.555567058293928,18.21843439231319,18.77557373046875,13836593
2001-09-10,18.229574159156297,18.8869976869017,18.229574159156297,18.552715301513672,10126974
2001-09-11,18.675284797524633,19.132138307804286,16.26844611803806,16.992727279663086,12150122
2001-09-12,16.168163745388227,17.650152881401095,15.878450664727996,17.02615737915039,7136429
2001-09-13,16.99273535435738,17.159875897545607,16.502452063689056,16.769878387451172,4374627
2001-09-14,16.99272574814671,17.382721583110435,14.374174595901023,14.530172348022461,8807705
2001-09-17,14.797603559652503,15.856167368537035,13.549613844400769,15.700169563293457,9381818
2001-09-18,15.555311623370152,15.56645432275588,14.60817635694137,14.831031799316406,10888280
2001-09-19,14.608178547581588,15.109603004453831,14.162466141332056,14.385321617126465,8257686
2001-09-20,13.973038340520475,14.563604326268232,12.903331909916654,13.137330055236816,12194337
2001-09-21,10.875345691250029,12.825331738979795,10.8084895005601,12.323905944824219,10403419
2001-09-24,12.803045816795885,13.739039827700543,12.346192237930966,13.705610275268555,11566428
2001-09-25,13.638751231413503,15.5441654984078,13.259896626468635,15.176453590393066,9954698
2001-09-26,14.808742289820959,15.20988081101653,13.817035046474459,14.084461212158203,9853947
2001-09-27,13.605326511309931,13.605326511309931,12.669332463987626,13.014759063720703,8319354
2001-09-28,13.63875096196247,14.151319374602659,13.371324786262452,13.61646556854248,6990398
2001-10-01,13.739036256657014,13.761320194718847,12.847614729139359,13.315610885620117,4959005
2001-10-02,13.271035856372372,14.251600203354847,12.869895962364076,13.928459167480469,7317396
2001-10-03,13.661037111204301,13.794750933782344,13.181898216845006,13.549610137939453,4515143
2001-10-04,14.909031288404856,15.767024993896484,14.541320739380268,15.767024993896484,10576584
2001-10-05,15.377030215325359,16.03445398144913,14.65275023881433,14.931319236755371,8174868
2001-10-08,14.9313158534682,16.491303924985427,14.6527469186481,16.32416343688965,6898927
2001-10-09,16.457874191182437,17.382723952008988,15.934164471226763,16.07901954650879,9893440
2001-10-10,15.8227399735685,17.38272827824955,15.622169903214868,17.27130126953125,8072544
2001-10-11,17.984434606846676,18.86471360433017,17.861863469056402,18.84242820739746,9992205
2001-10-12,19.388414195831963,19.72269790145788,17.527572792448044,17.87299919128418,8390057
2001-10-15,17.304733545182692,18.051299047611632,16.82559438282822,17.003877639770508,7510341
2001-10-16,16.602729128200608,18.107003409810883,16.11244609491994,18.006717681884766,12031828
2001-10-17,18.329859225724125,19.700421283201614,17.717007917077986,17.984434127807617,23228541
2001-10-18,15.92302459573659,16.63616176444395,15.811596140337631,16.257307052612305,18925233
2001-10-19,16.179304322583448,16.90358401993343,15.878448582478812,16.24616050720215,9596117
2001-10-22,16.27959017839008,17.13758378285035,15.72245234321299,16.981584548950195,8522566
2001-10-23,17.271292666337587,18.47471103435073,17.21557918973049,18.196142196655273,9973931
2001-10-24,17.817293373905663,18.9427146911037,17.5387244466622,18.240718841552734,9314605
2001-10-25,18.964997873831162,19.38842183736261,17.672436224052287,17.828433990478516,8290129
2001-10-26,18.820142300317183,19.499851252321413,18.51928654056,19.16556739807129,6546701
2001-10-29,19.16556894651427,19.16556894651427,18.441289143336068,18.686429977416992,1339047
2001-10-30,18.095856473774948,18.151571405010213,16.71415352674769,17.104150772094727,2856118
2001-10-31,16.402159969477157,18.051289397176244,16.402159969477157,17.828433990478516,4046367
2001-11-01,18.006718116726113,18.496999707186326,17.616722256613798,18.485857009887695,1442466
2001-11-02,19.109852760341294,19.343850862408477,18.708714195840585,18.931568145751953,2695342
2001-11-05,19.48870637444511,20.591840642634068,19.265850981423704,20.558412551879883,2954131
2001-11-06,20.614129812019485,21.449838052577654,20.536130919307286,20.8927001953125,3864442
2001-11-07,21.11554891487687,21.672688088026216,20.39126929897679,21.05983543395996,2563039
2001-11-08,21.05983888505185,21.83983356434724,20.781269980157912,21.77297592163086,3110800
2001-11-09,21.160124023185848,21.594692142577188,20.903839066900474,21.226980209350586,2474814
2001-11-12,21.059841989445985,21.66155213462858,20.168420198654232,20.836986541748047,2940031
2001-11-13,21.550121975057912,22.887254555244017,21.371837340101017,22.831541061401367,2802731
2001-11-14,23.12125189832143,24.15753012188129,22.898396475863635,23.06553840637207,4008723
2001-11-15,23.03210987239612,23.92353154524398,23.03210987239612,23.756389617919922,3728785
2001-11-16,23.956956465839312,25.160374982884885,23.332962541243916,24.959806442260742,3920224
2001-11-19,25.182667238597265,25.405521207606064,23.800962448120117,23.800962448120117,2817652
2001-11-20,23.611530947553202,23.611530947553202,21.56126024835933,21.895544052124023,5096853
2001-11-21,21.171264449235853,22.34125638993125,20.83698207665161,21.438692092895508,3442892
2001-11-22,22.006976327950603,22.84268458438629,21.83983584039184,22.608686447143555,1431926
2001-11-23,22.842679466837165,23.38867596785512,22.27439902713088,22.675539016723633,1565940
2001-11-26,23.38867827494374,23.62267638284469,22.731254742334347,22.786968231201172,2240118
2001-11-27,23.34411041104398,23.566965849116134,22.25211861902439,22.608686447143555,2219995
2001-11-28,22.586400263484418,23.06553922048105,21.728406638539578,21.984691619873047,2781103
2001-11-29,21.516691271342427,22.129543993326845,21.36069350748694,21.873260498046875,2548460
2001-11-30,22.062688043062906,22.49725470164877,21.449835314571665,21.95125961303711,2475019
2001-12-03,21.449831904405723,21.862114557032662,21.070977339073938,21.271547317504883,2939826
2001-12-04,21.371832953514016,21.92897214156847,21.371832953514016,21.895544052124023,2478921
2001-12-05,22.84267828269203,24.391523222740922,22.84267828269203,24.346952438354492,5408070
2001-12-06,25.048946656420956,25.271803487673235,24.124097061762278,24.346952438354492,3926521
2001-12-07,24.73694508953197,24.837232250882643,24.112951278686523,24.112951278686523,2387274
2001-12-10,23.622678675511153,23.979246493525316,23.165825113143324,23.243824005126953,2322799
2001-12-11,22.954110446436022,24.13524369884096,22.70896963762218,23.56696319580078,3194781
2001-12-12,24.335813404367663,24.38038419546121,23.622676382890074,23.956958770751953,2676246
2001-12-13,24.179819022818602,24.369246377558735,22.2409775847197,22.530689239501953,4734645
2001-12-14,22.17411501842845,22.675540771554147,21.817547242598458,21.95125961303711,2632442
2001-12-17,22.174116685452063,23.288393796178774,21.895547771435474,23.05439567565918,1962370
2001-12-18,23.065543004874204,23.92353677059118,22.954115998760653,23.188114166259766,1651769
2001-12-19,22.954111787865177,23.44439343414473,22.062690083844036,22.341259002685547,2526626
2001-12-20,21.9512640733255,22.274405276865302,20.803558720556325,20.937271118164062,3561233
2001-12-21,20.27984611827745,21.338409802296198,19.834136701210056,20.959556579589844,3041123
2001-12-24,21.33840349209519,21.371831579390346,21.00412116448363,21.271547317504883,358785
2001-12-25,21.271547317504883,21.271547317504883,21.271547317504883,21.271547317504883,0
2001-12-26,21.271547317504883,21.271547317504883,21.271547317504883,21.271547317504883,0
2001-12-27,21.44983304796319,21.895543811647514,21.44983304796319,21.81754493713379,754873
2001-12-28,21.95125855349356,21.95125855349356,21.17126394494254,21.750688552856445,494648
2001-12-31,21.750688552856445,21.750688552856445,21.750688552856445,21.750688552856445,0
2002-01-01,21.750688552856445,21.750688552856445,21.750688552856445,21.750688552856445,0
2002-01-02,21.85096919095044,22.26325033853417,21.059832069673334,21.505542755126953,1399689
2002-01-03,21.96240381005283,23.477820961110808,21.89554762026891,23.34410858154297,3374379
2002-01-04,23.956961242646813,24.658955638783254,23.41096608609417,23.64496421813965,4203036
2002-01-07,23.956959639776723,24.458385421748897,23.56696374890104,23.756389617919922,3123599
2002-01-08,23.7563934018567,24.14639080951181,23.121255140588232,23.745250701904297,3677246
2002-01-09,24.179815674986703,25.204952661444704,24.179815674986703,25.00438117980957,4319392
2002-01-10,25.015517780942822,25.39437234562581,24.56980704178402,25.204946517944336,4654701
2002-01-11,25.405518515849398,26.23008393245937,25.405518515849398,26.05179786682129,3500249
2002-01-14,25.695230227298133,25.706372923992582,25.12694687724062,25.282947540283203,2750919
2002-01-15,24.982098031954266,25.617234810783497,24.569815242426166,25.126953125,4459498
2002-01-16,23.455531903200104,23.90124267483991,23.176963034590255,23.399818420410156,8394575
2002-01-17,23.511249056002768,24.291243755456573,23.020967421599988,23.34410858154297,5882047
2002-01-18,22.965253797476127,23.12125157273763,22.486114864137964,22.954111099243164,3751508
2002-01-21,23.065539990262895,23.17696843647367,22.30783208373939,22.597543716430664,1956210
2002-01-22,22.61982272991503,23.589243101409366,22.46382353111753,22.85382080078125,2627171
2002-01-23,22.6198236188549,23.009820903845178,22.285541270763307,22.99867820739746,4020700
2002-01-24,23.511247111800895,24.313527141506864,23.23267822274308,24.157527923583984,3396624
2002-01-25,23.956954823469168,24.380380178412477,23.56695901099826,24.235525131225586,2111032
2002-01-28,24.525242366875496,24.848383533307786,24.23553075066685,24.70352554321289,1561491
2002-01-29,24.736950684532466,24.736950684532466,23.956957517226957,24.023815155029297,2703145
2002-01-30,23.566961422992236,23.845530304599137,23.17696411594646,23.61153221130371,3743295
2002-01-31,24.280102532536798,24.280102532536798,23.74524861778405,24.034961700439453,2247305
2002-02-01,24.17981370931052,25.071235332437528,24.012673245969395,24.625524520874023,2223691
2002-02-04,24.402674598377512,25.34980986564697,24.23553265278276,25.071239471435547,3311000
2002-02-05,24.74810028076172,25.060095852389452,24.447244498799805,24.74810028076172,3149745
2002-02-06,24.959804135224722,25.29408791468738,24.346951509316526,24.51409339904785,4072171
2002-02-07,24.179815897801326,24.937525218834946,23.956960471849154,24.736953735351562,2056002
2002-02-08,23.845528670743416,24.068384051691297,22.842678729147906,22.909536361694336,6744447
2002-02-11,23.176965647703767,23.555818828049752,22.909539445500634,23.154680252075195,3325784
2002-02-12,23.67839098512292,24.0572456365525,23.210394747314776,23.34410858154297,3447136
2002-02-13,23.68953521662872,24.235531832515857,23.36639549043219,24.068389892578125,3192454
2002-02-14,24.84838352164743,25.795518714136907,24.736953627168084,25.739805221557617,6723777
2002-02-15,25.461233139038086,25.628373605548667,25.015522319022637,25.461233139038086,4181750
2002-02-18,24.848379373531966,25.037805216679363,24.625522531097104,24.92637825012207,1611935
2002-02-19,24.7926642281485,24.848377707692105,24.41380965793191,24.68123435974121,1838212
2002-02-20,24.29124366882646,24.759238450305237,24.068388249014482,24.50295639038086,3214972
2002-02-21,25.33866448315002,25.639520244295177,24.736952960859696,24.81495475769043,4040618
2002-02-22,24.302385311047505,24.358098799914437,23.622676382890074,23.956958770751953,2824155
2002-02-25,24.23552848334534,24.904094696044922,23.84553116227219,24.904094696044922,2068117
2002-02-26,25.360950562697674,26.174373372996854,25.349807864181816,25.739805221557617,4457308
2002-02-27,25.99608817143414,26.46408443433543,25.8512330858021,26.397228240966797,2895063
2002-02-28,26.029510659522725,26.742649053769465,25.66180167522574,26.40836524963379,2957347
2002-03-01,26.029513170278523,27.7455002331328,26.029513170278523,27.63407325744629,3565887
2002-03-04,28.870924870829015,29.82920279506166,28.692641688393493,29.52834701538086,4960511
2002-03-05,29.717767645713323,30.174621084575907,29.249771511008234,29.69548225402832,3976622
2002-03-06,29.528340531166066,30.196908137128272,29.082632672951558,29.606342315673828,2319308
2002-03-07,30.096629374834524,31.19976234436035,30.007487786884276,31.19976234436035,3134276
2002-03-08,30.898909485028266,31.311189329298163,29.806916304675465,31.19976234436035,5418952
2002-03-11,30.9769053307006,31.077189607290716,29.695486401865473,29.806913375854492,3698669
2002-03-12,29.528340712117803,30.018625177798704,28.870918707902455,29.33891487121582,3429956
2002-03-13,29.740064148998083,29.918347349088965,29.060353630009306,29.205211639404297,6361295
2002-03-14,29.305490312966107,29.751201136940484,29.138349844970936,29.584060668945312,1914528
2002-03-15,29.3612007101016,30.14119529724121,29.194060259708948,30.14119529724121,2151551
2002-03-18,30.631483551795608,31.132907921818568,30.19691537653292,30.79862403869629,2120477
2002-03-19,30.976912238433826,31.589763641357422,30.497773234114405,31.589763641357422,2849821
2002-03-20,31.42262213114266,31.53404912639099,30.040918662100303,30.152345657348633,4112005
2002-03-21,30.02976867222165,30.141195640418754,29.47262801259549,29.595197677612305,4084285
2002-03-22,30.074340686558305,30.475480697755042,29.728914161733275,30.029769897460938,2388437
2002-03-25,30.09662243225155,30.7094736173599,29.873765604463003,30.085479736328125,1712343
2002-03-26,29.806915108569072,30.430912017822266,29.561772842222325,30.430912017822266,2368725
2002-03-27,30.531200350513977,30.798625139109966,29.974062464951306,30.152345657348633,2022807
2002-03-28,30.64263080758588,32.514616176527774,30.49777569739818,32.20261764526367,4204569
2002-03-29,30.152345657348633,30.152345657348633,30.152345657348633,30.152345657348633,0
2002-04-01,30.152345657348633,30.152345657348633,30.152345657348633,30.152345657348633,0
2002-04-02,32.202607270543865,33.19431604875551,31.879469051922946,31.924039840698242,3423249
2002-04-03,31.478334268532116,31.70118824939886,30.999195300347722,31.42262077331543,4216862
2002-04-04,31.19976266540487,31.801474208902142,30.832050702005596,31.311189651489258,4634784
2002-04-05,31.233193779856002,31.32233828665994,30.3083438873291,30.3083438873291,2999235
2002-04-08,30.25262731753436,30.397482398737754,28.36949962460715,28.514354705810547,5106503
2002-04-09,29.361200516367553,29.528340965657364,28.893204349035823,29.093772888183594,3305661
2002-04-10,28.581207055246185,29.416915153109795,28.469780084683137,29.171775817871094,3233658
2002-04-11,29.584059966411974,29.662058849624145,28.202353826514276,28.336069107055664,3181571
2002-04-12,28.636920104305442,28.636920104305442,27.92378459424466,28.03521156311035,2743048
2002-04-15,28.402925524353265,28.948920620612757,28.246927756656422,28.4140682220459,2106720
2002-04-16,29.84035137617376,30.352918536035357,29.662068158594575,30.319490432739258,5788142
2002-04-17,31.12176284009934,31.678900663102993,30.80976437911619,30.98805046081543,4431162
2002-04-18,30.754060430650718,31.077201690177397,29.762354157929856,29.862638473510742,4454159
2002-04-19,29.806909428922463,30.653760137742786,29.63976899007112,30.085479736328125,2343606
2002-04-22,29.90719762121741,30.052055596572355,29.19406207911183,29.46148681640625,1897074
2002-04-23,30.386342032162077,30.53120003380327,29.528348359008156,29.684349060058594,3247278
2002-04-24,29.36119842529297,29.662054121908255,29.160629900429484,29.36119842529297,2365234
2002-04-25,29.08263372817285,29.2609168779274,27.645214195995482,28.01292610168457,4804732
2002-04-26,28.414075403622356,29.026926840934088,27.879222869873047,27.879222869873047,2715670
2002-04-29,27.511501395397417,27.68978454231176,27.032362528744837,27.21064567565918,2572210
2002-04-30,27.411212988970032,28.090923274796662,26.776076397197087,28.07978057861328,2373927
2002-05-01,28.079780578613278,28.079780578613278,28.079780578613278,28.07978057861328,0
2002-05-02,28.06864699002393,28.414073593111475,26.84294128417969,26.842941284179688,3689156
2002-05-03,25.57266270029108,25.594948098077296,23.455536818656828,23.622678756713867,8452273
2002-05-06,23.90124305659496,25.004377306755956,23.522388458251953,23.522388458251953,5225939
2002-05-07,23.28839202420251,24.56981096770221,22.742396936087474,23.778675079345703,5540373
2002-05-08,24.948664446181045,26.18551254272461,24.681236808518523,26.18551254272461,5689992
2002-05-09,27.021220463193238,27.28864518981095,25.862371253222094,26.129798889160156,3338241
2002-05-10,25.7398084211866,25.7398084211866,24.547530803819456,24.792673110961914,3290672
2002-05-13,24.13524799816245,24.892957410070643,23.56696739389186,24.792673110961914,4743269
2002-05-14,25.349806800444323,26.698081992248667,25.07123643991657,26.363798141479492,3872655
2002-05-15,27.188362024096303,27.444646973524655,25.81780151642754,26.820650100708008,5113553
2002-05-16,26.48636811423964,26.987795350623923,26.040660187357023,26.464082717895508,2594113
2002-05-17,27.188361956492788,27.723214339491104,26.58665338928474,26.798364639282227,3534950
2002-05-20,27.021228854373835,27.132655858400458,26.07409350150503,26.308090209960938,1380045
2002-05-21,25.96265778236996,26.408368608127546,25.572660446166992,25.572660446166992,2062436
2002-05-22,25.34980571477649,25.79551652693985,24.56981106616049,24.636667251586914,2990338
2002-05-23,24.814960494307904,25.082385313307352,24.12410722658328,24.447248458862305,2829835
2002-05-24,24.68124097020078,24.71467197620096,23.36639522751197,23.622678756713867,4214261
2002-05-27,23.678391598159624,24.380385973046568,23.678391598159624,23.901247024536133,1426656
2002-05-28,24.291246888190592,24.33581768712797,23.455538589472607,23.578109741210938,2702187
2002-05-29,23.399816975156714,23.455530454505602,22.441537857055664,22.441537857055664,3001631
2002-05-30,22.285547982171128,22.296690681974525,21.33841122557959,21.66155242919922,3853901
2002-05-31,21.89554479048852,22.864965235708855,21.795259064113214,22.79810905456543,2819979
2002-06-03,22.508397346156663,22.619824314058448,21.616975784301758,21.616975784301758,1948545
2002-06-04,21.26041071561616,21.29383881249282,20.669843306813913,20.8927001953125,2701844
2002-06-05,21.505553893836463,21.694981251466317,21.293841135857285,21.394126892089844,2524505
2002-06-06,21.527839256972555,21.995835572820578,21.00412944034753,21.01527214050293,3209428
2002-06-07,19.722712570881647,19.934425354003906,18.697576759764274,19.934425354003906,6039949
2002-06-10,20.580699874610385,20.580699874610385,19.990132518622588,20.224130630493164,2432105
2002-06-11,20.22412740729721,20.335555823822688,19.35499128610678,19.945558547973633,4163749
2002-06-12,18.831279241737242,18.987276968348965,17.750430576913704,18.051284790039062,6272797
2002-06-13,18.719855778501866,19.076425014153433,17.80614874863753,18.21843147277832,5952408
2002-06-14,17.89528312304493,18.05128228264767,17.21557592790225,17.87299919128418,4011050
2002-06-17,18.27414221921732,18.864709472568787,18.162715258958585,18.74213981628418,3296627
2002-06-18,19.143280344508316,19.143280344508316,18.029003351238114,18.764427185058594,3453570
2002-06-19,17.60557635940043,18.08471665972468,17.36043558847132,17.717004776000977,3923167
2002-06-20,17.04844262991828,17.43843854263373,16.268447895166545,16.625017166137695,4403852
2002-06-21,16.212737012202222,17.01501727376346,15.967596144427542,16.00102424621582,2875762
2002-06-24,16.491307028446595,16.547020534963117,15.432744585989683,15.455028533935547,2695274
2002-06-25,16.324161958264142,16.903585173833566,16.079019688607456,16.814443588256836,3478963
2002-06-26,14.819888960401585,15.800453866664329,14.719604657030713,15.700169563293457,7202957
2002-06-27,16.402161766908296,17.36043968432335,16.24616252872663,16.636159896850586,4929574
2002-06-28,17.53872624139098,18.051293352715348,16.992731029935968,17.861865997314453,5310399
2002-07-01,17.048448868753454,18.22958264725502,16.61388054714216,16.769878387451172,5982387
2002-07-02,15.989880797853994,16.24616435423968,15.544169885532648,15.711310386657715,4916912
2002-07-03,15.588737525092897,15.934164066701241,14.429889678955078,14.429889678955078,4972763
2002-07-04,15.09845137515852,15.934159278869629,14.931309503484329,15.934159278869629,2527174
2002-07-05,16.0678728344943,17.271292656480593,16.0678728344943,17.104150772094727,3463083
2002-07-08,17.10415363107383,17.661291399273,16.480158225149008,16.93701171875,3334955
2002-07-09,16.881301597891763,16.99273004653928,15.588739739679351,16.06787872314453,4853806
2002-07-10,15.466167793173849,15.967592102388664,15.154169346141305,15.243310928344727,4684475
2002-07-11,14.81988491980221,15.52188067064366,14.663887157090977,14.87559986114502,3533307
2002-07-12,16.212735896386118,16.3241643493388,15.4884560435056,15.767024993896484,4328221
2002-07-15,15.633309889324156,16.10130465578693,15.432739872462799,15.811593055725098,2863989
2002-07-16,16.324161489208283,16.435588467977468,15.265597917599512,15.800450325012207,4374764
2002-07-17,15.377027253306647,18.05129260959293,15.377027253306647,16.881301879882812,8963348
2002-07-18,16.88129584308135,18.10700108706033,16.714153954418766,17.561004638671875,6452669
2002-07-19,16.613872428239432,17.382722915164635,16.19044701642779,16.5804443359375,3650484
2002-07-22,16.26844686884561,17.159868535376315,16.056734150311556,16.07901954650879,2615399
2002-07-23,16.3798773968456,16.691874438121488,15.154171721464982,15.43274211883545,4071692
2002-07-24,14.597033194972814,15.042745564675926,13.549613562885307,14.48560619354248,4487355
2002-07-25,15.042739527959368,15.143023789002159,11.933906343062695,12.257046699523926,9722192
2002-07-26,12.257049076737465,13.09275723281689,11.978479448934273,12.925615310668945,7684874
2002-07-29,13.148472403089107,13.705610275268555,12.814188516053054,13.705610275268555,3444535
2002-07-30,14.240461514877651,14.452174215451254,13.7724653251171,14.129033088684082,4249100
2002-07-31,14.485598232416388,14.98702237259686,13.549606116170228,13.928459167480469,3645146
2002-08-01,13.427038697813758,13.805893307350265,12.780757904052734,12.780757904052734,2810466
2002-08-02,12.814186389412503,12.925614818152035,11.811337804057914,11.922764778137207,3649526
2002-08-05,11.7556211494818,11.92276230323606,11.543908488017761,11.588479995727539,2742706
2002-08-06,11.176197218766012,12.591330478986583,11.109341044737484,12.257046699523926,4634168
2002-08-07,12.535617742421483,12.836472032924622,11.588482625756564,11.755623817443848,3276093
2002-08-08,11.766766408819505,12.769615731878368,11.766766408819505,12.468761444091797,5612308
2002-08-09,12.591330110937786,12.981325902697831,12.201332137187789,12.602471351623535,2927027
2002-08-12,12.346188264895297,12.479902067612361,12.01190594009265,12.257046699523926,2825729
2002-08-13,12.424190690658016,12.580188456443064,11.621910647979606,12.312762260437012,2213493
2002-08-14,11.36562616800955,11.789052302321192,11.142770767211914,11.142770767211914,4579070
2002-08-15,11.90048065487533,12.290477263978246,11.699910637700048,12.201334953308105,4231372
2002-08-16,12.190191881143617,12.869900069894314,11.766766463957495,12.82533073425293,2811287
2002-08-19,12.981328531672863,13.638752054191269,12.736187729761285,13.493895530700684,3417226
2002-08-20,13.817036565388712,13.928463540564461,12.925614945341714,13.627609252929688,3254261
2002-08-21,13.28218536949588,14.229320562292667,13.148471532601814,13.895036697387695,3386494
2002-08-22,14.162459797639986,15.265595436096191,14.162459797639986,15.265595436096191,3543985
2002-08-23,15.154166283520835,15.154166283520835,13.716749833027354,13.761319160461426,3526189
2002-08-26,13.337898396978753,13.928464307237615,13.1930418666166,13.215327262878418,1818158
2002-08-27,13.471607776244793,13.705605839574504,12.959040866981619,13.349038124084473,2872339
2002-08-28,12.82533102031993,13.014756883327028,12.312762556437505,12.413046836853027,3079452
2002-08-29,11.922767129581445,12.357336778178542,11.421342738011713,12.00076675415039,4470381
2002-08-30,11.978480547907854,12.045337468366894,11.499341587830417,11.621912002563477,2595892
2002-09-02,11.588484412269887,11.789054455079174,11.321057446080754,11.543912887573242,1948750
2002-09-03,11.376770254437679,11.376770254437679,10.864203206415953,11.031344413757324,3633236
2002-09-04,10.953343398247702,11.298769171918952,10.006207649280677,10.229063034057617,4892820
2002-09-05,10.418492438721053,10.474205932530419,9.192786846952524,9.683069229125977,8422774
2002-09-06,9.861353099878622,10.552204733566006,9.694211176740946,10.262493133544922,5116359
2002-09-09,10.440774789301763,10.474202875832027,9.582781416385044,9.694209098815918,2721762
2002-09-10,9.805636810744774,10.418489429623195,9.805636810744774,10.251347541809082,3333381
2002-09-11,10.262492774620247,10.786202466853515,9.91706696985762,10.630203247070312,2679189
2002-09-12,10.307063460394449,10.307063460394449,9.371071060483752,9.605069160461426,4430751
2002-09-13,9.415643278785137,9.415643278785137,8.903076171875,8.903076171875,4093936
2002-09-16,8.969930869016395,9.04792974925942,8.457363162197424,8.468505859375,4044040
2002-09-17,8.914215501880403,9.014500490827094,7.532512502757095,7.632796764373779,6425702
2002-09-18,7.421086978579835,7.866797119737154,7.08680309988396,7.487943172454834,7954066
2002-09-19,7.632797611700673,7.733083339110225,6.919659914172283,7.432227611541748,5321213
2002-09-20,7.354228220667678,8.134222850189815,7.242801247684643,7.755368232727051,6695852
2002-09-23,7.643940591066919,7.777652946949664,6.741375642887962,6.886231422424316,4646762
2002-09-24,6.852803565789312,6.8862316558933365,5.849954316697955,6.2399516105651855,10021431
2002-09-25,6.239952643171891,7.120230919559528,6.095096471088098,6.953089714050293,9399613
2002-09-26,7.35423032605853,7.9002262866353,7.35423032605853,7.510229587554932,8145437
2002-09-27,7.733083233314709,7.811082111052682,7.075659756971314,7.398799419403076,5795260
2002-09-30,6.919661302922982,7.1870889932467605,6.774805485882878,6.93080472946167,5011160
2002-10-01,6.930804729461669,7.1870889932467605,6.529665375966709,6.93080472946167,4769141
2002-10-02,7.521369717621747,7.68851162248582,7.097945061781574,7.53251314163208,5071733
2002-10-03,7.131372452834203,7.788795856512122,7.0422301607994005,7.521368980407715,4466137
2002-10-04,7.510226469323755,7.632796851134052,6.85280304949488,6.875089168548584,4630267
2002-10-07,6.685662847557971,6.685662847557971,5.816527259239596,5.905669212341309,6483948
2002-10-08,5.872241497046121,6.195381598031054,5.738528013226206,5.783099174499512,5984782
2002-10-09,6.039382409652936,6.273380525819485,5.716241617155434,6.061667442321777,5444619
2002-10-10,5.905668026883769,6.429378032684326,5.849954181004348,6.429378032684326,4080863
2002-10-11,6.663376585437337,7.376514299691863,6.574234280239258,7.164801597595215,7910262
2002-10-14,7.198229804190418,7.577084425496825,7.164801711956365,7.454514026641846,3548981
2002-10-15,7.621656407081299,9.23735869435615,7.621656407081299,9.192787170410156,10403830
2002-10-16,8.524219902757897,8.813932230312721,7.677369770566374,7.822225570678711,11298399
2002-10-17,8.134225788507255,9.348788233388621,8.134225788507255,9.148218154907227,8603467
2002-10-18,9.638496067423112,10.073064121752294,8.86964422299761,9.37106990814209,5461251
2002-10-21,9.371071706583487,9.761068324325022,9.192786353963943,9.582783699035645,2478921
2002-10-22,9.415640938109707,9.415640938109707,8.457363162197424,8.468505859375,8576158
2002-10-23,8.691360256968997,8.80278794324642,7.822224158539095,8.301362991333008,4700285
2002-10-24,9.02564491452594,9.348785334701766,8.635647579809195,9.326499938964844,6112431
2002-10-25,8.836218615493364,9.437928733787542,8.724790896623727,9.192787170410156,3261172
2002-10-28,9.694209518580825,10.217919866881887,9.63849603861796,9.917065620422363,3773205
2002-10-29,9.304214916484135,9.705354996519803,8.557648979675633,8.59107780456543,4635400
2002-10-30,8.96993166334747,9.649639888021536,8.791646310727925,9.582783699035645,5994844
2002-10-31,9.894781970526841,10.117637400655907,9.359928792751036,9.861353874206543,5445509
2002-11-01,9.627356211515512,10.006210170149112,9.17050263036049,9.950496673583984,3306551
2002-11-04,10.32934892068225,11.153914351860614,10.32934892068225,11.12048625946045,4852711
2002-11-05,10.897629971696885,11.142770767105931,10.596774962423906,10.975628852844238,4903771
2002-11-06,11.44362634632472,11.811338285082165,10.997915522535216,11.254199028015137,6051995
2002-11-07,11.510484150466379,11.699911483416733,10.206779671920184,10.273635864257812,4301802
2002-11-08,9.917066570286632,10.095350450573994,9.482498475632912,9.749924659729004,4653743
2002-11-11,9.694208444478019,9.749922645597865,8.969928921229629,9.025642395019531,2927437
2002-11-12,8.86964487935929,9.493640266964599,8.86964487935929,9.3599271774292,4103450
2002-11-13,9.393358888589477,9.504786627373086,9.070218373383975,9.28193187713623,3235095
2002-11-14,8.903076214290124,9.939353860325197,8.802791186953788,9.727641105651855,5760285
2002-11-15,10.106493859243262,10.1844934714842,9.694211129679918,9.905923843383789,4340268
2002-11-18,9.905925264759496,10.496492699232515,9.905925264759496,10.429635047912598,2556742
2002-11-19,10.195635782059872,10.396205804609084,10.162207687411728,10.362777709960938,2479879
2002-11-20,10.474206769133376,10.741633015438797,9.972782375478147,10.418493270874023,3817147
2002-11-21,11.087059739333416,12.179051590866932,10.975631286894219,12.067623138427734,6569093
2002-11-22,12.368475645759375,12.647045991674135,11.83362253084776,12.446475982666016,6047135
2002-11-25,12.635901387545202,13.081613634132982,12.201334020012888,12.780757904052734,3524273
2002-11-26,12.92561568352838,12.981329174298072,12.10105092882576,12.212478637695312,4517333
2002-11-27,11.86705159696145,12.89218705821419,11.677624281484073,12.702759742736816,5523946
2002-11-28,12.93675787038927,13.115042488466365,12.535617843380873,13.048186302185059,1911106
2002-11-29,12.92561541820278,13.193041623068149,12.613616966976261,12.791901588439941,2046694
2002-12-02,12.86989806111917,13.76131954665712,12.535615731372454,13.259895324707031,4642792
2002-12-03,13.683324242456006,13.78360852046068,12.268191470212713,12.312762260437012,4213508
2002-12-04,12.056476459205136,12.067618427302973,11.254196569761845,11.309910774230957,5500606
2002-12-05,11.532765759314643,12.179046436918359,11.254196200762712,11.421338081359863,5144353
2002-12-06,11.699911083664464,11.900481108484856,10.786203273630477,11.343341827392578,3898185
2002-12-09,11.443625840270863,11.633053150203695,10.58563232421875,10.58563232421875,3405864
2002-12-10,10.25135073055232,10.775061220655125,10.084208790747718,10.463064193725586,3550555
2002-12-11,10.652490160887028,10.741631747580415,9.972781198368885,10.151065826416016,4452927
2002-12-12,10.139919783864661,10.139919783864661,9.538209864990982,9.839065551757812,4016320
2002-12-13,9.805640558997883,9.850211358209716,9.159359606444644,9.304215431213379,3340157
2002-12-16,9.025645154169046,9.683068709844648,8.925360143360042,9.582783699035645,4528353
2002-12-17,9.638497917187387,9.705354106173278,9.326500186596059,9.582783699035645,4095579
2002-12-18,9.036789519614212,9.22621687801711,7.933655651848134,8.16765308380127,6646298
2002-12-19,8.379364967346191,8.802790440802019,8.123081434393548,8.379364967346191,5985262
2002-12-20,8.5910767343942,9.137072563171387,8.468506331280564,9.137072563171387,3208196
2002-12-23,9.19278485938974,9.460211753845215,8.85850251414798,9.460211753845215,2413898
2002-12-24,9.493642782524223,9.493642782524223,9.103645380099579,9.304215431213379,552346
2002-12-25,9.304215431213379,9.304215431213379,9.304215431213379,9.304215431213379,0
2002-12-26,9.304215431213379,9.304215431213379,9.304215431213379,9.304215431213379,0
2002-12-27,9.036786864246437,9.326499166831843,8.914216470510713,8.981073379516602,1072866
2002-12-30,8.891931988526954,9.103643979542445,8.724790062536108,8.969931602478027,1192028
2002-12-31,8.969932776648122,9.081360499451261,8.691363105975144,8.869647026062012,520520
2003-01-01,8.869647026062012,8.869647026062012,8.869647026062012,8.869647026062012,0
2003-01-02,8.813932434386723,9.582783699035645,8.813932434386723,9.582783699035645,2255655
2003-01-03,9.582782291513018,9.805637676726574,9.504782688489255,9.671924591064453,2927095
2003-01-06,9.928207761910619,10.084206235852218,9.605068117840881,9.972779273986816,2889724
2003-01-07,10.162205416208515,10.451917687067006,9.783351579544341,10.073063850402832,4535882
2003-01-08,9.894780340277862,9.928208431090598,9.359927250623642,9.549354553222656,3487450
2003-01-09,9.270786361779077,9.527070612422287,8.981074742554854,9.471356391906738,5683079
2003-01-10,9.404497519459042,9.91706514731477,9.081357169100212,9.839065551757812,4757847
2003-01-13,10.028496811656296,10.329351163234973,9.783355232176621,9.87249755859375,3914269
2003-01-14,9.917069085467455,10.073067611199722,9.61621327922822,9.87249755859375,4605490
2003-01-15,9.638496780680523,9.694210264932739,9.137071785760172,9.3599271774292,6528984
2003-01-16,9.192786366419378,9.683068722964375,9.047930562756846,9.415641784667969,10310198
2003-01-17,9.19278666003596,9.19278666003596,8.591077302478308,8.669076919555664,6554583
2003-01-20,8.769359623735765,8.847358492936973,8.468504660541107,8.780502319335938,2976307
2003-01-21,9.025642626201623,9.215069896599152,8.457361542338996,8.557645797729492,5369535
2003-01-22,8.46850545260588,8.63564662957129,7.967081194379584,8.245649337768555,6239464
2003-01-23,8.468507350943113,8.7470770114376,8.134224194747869,8.401650428771973,6321735
2003-01-24,8.535364437850278,8.57993523527112,7.967083134083323,8.022796630859375,3529064
2003-01-27,7.855654078558993,8.111938325906522,7.465656721955903,7.799940586090088,3340636
2003-01-28,7.866797289739947,8.201081175659752,7.688513374890319,7.811083793640137,5102054
2003-01-29,7.8110813507967904,7.944794426949044,7.3542271890040745,7.632796764373779,6641028
2003-01-30,8.189939258435007,8.501936321044651,7.944797670198422,8.368223190307617,6211470
2003-01-31,8.078509330749512,8.245649789542371,7.5547981958845725,8.078509330749512,10359478
2003-02-03,8.301362991333008,8.43507679672993,8.134221825581882,8.301362991333008,2815599
2003-02-04,8.100794900082551,8.334793750442518,7.755369064784775,7.799940586090088,2511774
2003-02-05,7.744227465248521,7.989369048889495,7.632799737168185,7.855655193328857,2793628
2003-02-06,7.788795507943488,7.922508576346688,7.577082846584268,7.721938610076904,3614346
2003-02-07,7.699653591836012,7.844510830669631,7.499084324261223,7.53251314163208,2479194
2003-02-10,7.521369399971232,7.521369399971232,7.153657515731901,7.187087059020996,2698901
2003-02-11,7.3542271890040745,7.6550828831741615,7.242800231652203,7.632796764373779,1945670
2003-02-12,7.387659882183974,7.666228121721016,7.376516454365387,7.510229587554932,3245019
2003-02-13,7.40994290757114,7.554798709027399,7.309657898153681,7.3430867195129395,2841676
2003-02-14,7.365371049001409,7.6885114264813526,7.33194295981281,7.543654918670654,2378581
2003-02-17,7.777654358169495,8.167651709577594,7.766512387154321,8.100794792175293,2264553
2003-02-18,8.134222951037524,8.201079862986346,7.811082543390109,8.123080253601074,3430162
2003-02-19,8.100791973046286,8.223363066849988,7.955936217637266,7.9670796394348145,2326426
2003-02-20,7.944797131567665,8.189938703184469,7.799941310367479,8.067367553710938,3199572
2003-02-21,8.022796010626084,8.078510230425179,7.677370175328308,7.799940586090088,2433474
2003-02-24,7.799939991036676,7.967081910352597,7.521370367953518,7.84451150894165,2154152
2003-02-25,7.677370035895922,7.677370035895922,7.209373071005693,7.32080078125,3192317
2003-02-26,7.465657400655832,7.565943150877176,7.075661463258746,7.17594575881958,3025792
2003-02-27,7.0199456415818355,7.4879418237326005,6.9753741263631355,7.432227611541748,2431352
2003-02-28,7.465655996723078,7.710797521763154,7.253944018577291,7.454514026641846,2119519
2003-03-03,7.632796288320758,7.710795880932288,7.421084355226543,7.5547966957092285,1442945
2003-03-04,7.376516661943241,7.432230165952384,7.008804626161541,7.131375789642334,2534155
2003-03-05,6.975373730350244,7.042230635717582,6.785947165247875,6.808231830596924,2370094
2003-03-06,6.852803027244561,7.031087615115222,6.629947656071242,6.707947254180908,3153646
2003-03-07,6.574233768360203,6.663376066617537,6.340235690015979,6.496234893798828,3958348
2003-03-10,6.563092244212869,6.563092244212869,6.206523027012979,6.31795072555542,2567488
2003-03-11,6.161952256070464,6.540806141261279,6.0059537685989755,6.407093048095703,3756847
2003-03-12,6.329094150006753,6.663376518303976,6.26223651261915,6.31795072555542,3152277
2003-03-13,6.407093163937117,6.84166199741,6.395950466582699,6.696805477142334,4226513
2003-03-14,7.131372506254097,7.454512862719596,7.019944822208409,7.3876566886901855,5797382
2003-03-17,6.99766153439755,7.933655622760177,6.819377604198749,7.699656009674072,3681011
2003-03-18,8.134221558002462,8.903072640757928,7.922508888306755,8.056221961975098,8625164
2003-03-19,8.134222889676343,8.914216795654749,7.688512086260111,8.680218696594238,6894615
2003-03-20,8.55764740006873,8.735932736135092,8.212221607056057,8.290221214294434,4324252
2003-03-21,8.524220000711813,8.747076143389597,8.31250801072871,8.613362312316895,3607570
2003-03-24,8.357076991039236,8.357076991039236,7.7219389767983335,7.766510486602783,3781692
2003-03-25,7.666227030887595,7.955939384350147,7.320801182911215,7.9002251625061035,4940389
2003-03-26,7.799940925862155,7.889083245025707,7.376515455332949,7.487943172454834,4668390
2003-03-27,7.454513329577336,7.487941418685559,6.997659141781359,7.220515251159668,2800062
2003-03-28,7.3319437331799,7.5102276216543755,6.964231803999168,7.153658390045166,2920319
2003-03-31,6.875089152740464,6.8973745444129095,6.596519574844847,6.629947662353516,2521972
2003-04-01,6.730233502976335,6.886231991733193,6.663376592177621,6.8416619300842285,1950119
2003-04-02,6.930803734769545,7.554798437539802,6.908518339550987,7.499084949493408,3488271
2003-04-03,7.510228860288615,7.7107989043155385,7.187089122759988,7.421087265014648,3816120
2003-04-04,7.309659481048583,7.610514574450642,7.198231749491931,7.309659481048584,2125474
2003-04-07,7.744228685473903,7.877942562103271,7.6550870708282,7.8779425621032715,2978223
2003-04-08,7.655083532445034,7.88908161739068,7.521369717621747,7.53251314163208,2528680
2003-04-09,7.398798237816132,7.6662243734414295,7.187086304721917,7.5547966957092285,2530870
2003-04-10,7.354228004725504,7.4099422169111975,7.06451642881619,7.109087944030762,2329301
2003-04-11,7.242800540069355,7.398799014334802,7.08680133847387,7.187087059020996,2374748
2003-04-14,7.242801907599849,7.320800795794706,6.964232267770543,7.075660705566406,1922057
2003-04-15,7.187086658104705,7.521368980407715,7.086800943151802,7.521368980407715,4115907
2003-04-16,7.799939316618513,7.978223190832778,7.476798930900698,7.53251314163208,5249278
2003-04-17,7.242800586106216,7.6550832578047965,7.242800586106216,7.599369049072266,2618274
2003-04-18,7.599369049072265,7.599369049072265,7.599369049072265,7.599369049072266,0
2003-04-21,7.599369049072265,7.599369049072265,7.599369049072265,7.599369049072266,0
2003-04-22,7.688512468472696,7.900224456022964,7.655084374753731,7.822225570678711,2981235
2003-04-23,8.1230812487817,8.435078997216353,8.1230812487817,8.312508583068848,5941526
2003-04-24,8.267938113112786,8.501936272396225,8.145367683361,8.16765308380127,2899375
2003-04-25,8.17879505285907,8.223366577085336,7.978225012166459,7.989368438720703,2773027
2003-04-28,7.889080950742668,8.435076678587796,7.799938657503257,8.423933982849121,2637027
2003-04-29,8.691361171025111,9.15935735714267,8.57993347302902,8.847359657287598,6113116
2003-04-30,9.081358534962623,9.081358534962623,8.557647405548252,8.624505043029785,5657960
2003-05-01,8.624505043029785,8.624505043029785,8.624505043029785,8.624505043029785,0
2003-05-02,8.691360131077834,8.858502021737989,8.53536166348103,8.81393051147461,4515485
2003-05-05,9.081360707823935,9.415643156573239,9.059075308218018,9.304215431213379,4346085
2003-05-06,9.203929779458425,9.671926011680332,9.092502070485105,9.582783699035645,4664010
2003-05-07,9.471356313875628,9.560498629567975,9.159358572617503,9.27078628540039,5463852
2003-05-08,8.747078002514987,8.858505733871924,8.691363773171362,8.769363403320312,11492508
2003-05-09,8.880788836294588,8.94764502140792,8.646790006407546,8.891931533813477,4214124
2003-05-12,9.02564623928255,9.237358984518158,8.858505019393004,9.215073585510254,2743869
2003-05-13,9.092497874317056,9.215068224888741,8.802785673755912,8.958784103393555,3416815
2003-05-14,8.691362983018742,8.947646523641252,8.524221037513454,8.646791458129883,5171320
2003-05-15,8.747074596088725,8.947643852558057,8.657932300252337,8.825074195861816,3084243
2003-05-16,8.802791338594698,9.047932197492964,8.646792081237402,8.791647911071777,3734808
2003-05-19,8.579934457676401,8.591077156021756,8.022795903757816,8.100794792175293,5283158
2003-05-20,8.100791555716848,8.245647303663317,7.877936950515295,7.911365032196045,4931149
2003-05-21,7.900222905218809,7.933652447035897,7.55479715593903,7.7887959480285645,4247731
2003-05-22,7.967080397749533,8.067364657503294,7.833366596751195,8.056221961975098,3312916
2003-05-23,8.056223681371772,8.156508689858821,7.755368655910628,7.822225570678711,3365755
2003-05-26,7.822223964695844,7.90022283402613,7.7107962811797215,7.766510486602783,540095
2003-05-27,7.7999397174377565,8.111937422508085,7.510227406873144,8.078509330749512,2917650
2003-05-28,8.301364585364185,8.657933831784515,8.267936491261088,8.613362312316895,5326552
2003-05-29,8.546505828913913,8.791645904532961,8.401649304810197,8.758217811584473,2045188
2003-05-30,8.669075063125431,9.404498100280762,8.669075063125431,9.404498100280762,5810591
2003-06-02,9.504781778607997,9.961635201828758,9.504781778607997,9.839065551757812,5210744
2003-06-03,9.44906955345436,9.761067249696827,9.30421303860566,9.549354553222656,5459950
2003-06-04,9.638495629497564,9.694209107095586,9.348783363997859,9.538209915161133,3647131
2003-06-05,9.694212180600369,9.827926023888965,9.326500929882293,9.515928268432617,3496211
2003-06-06,9.772210692464567,10.60791884520621,9.772210692464567,10.474205017089844,7423759
2003-06-09,10.307063875102735,10.329349270791532,9.694211129679918,9.905923843383789,2846262
2003-06-10,9.783353981829263,10.061923625364317,9.783353981829263,10.017352104187012,3515854
2003-06-11,10.117638893365362,10.541064418546867,9.47135790517573,9.593928337097168,8921392
2003-06-12,9.749924659729004,9.961636631195853,9.47135505124299,9.749924659729004,5072007
2003-06-13,9.80563796792136,9.83906678582716,9.482498304362585,9.527069091796875,2195561
2003-06-16,9.460212255886894,9.727638437204295,9.28192837745199,9.716496467590332,2141353
2003-06-17,9.917070902986765,10.050783326122753,9.76107162133395,10.028498649597168,3210044
2003-06-18,9.972779951963682,10.084206921404192,9.527069164881288,9.716496467590332,4006875
2003-06-19,9.861352829548924,9.983923230402455,9.471355504472129,9.493640899658203,3168635
2003-06-20,9.371071457768837,9.582783444599754,9.137072620540701,9.326499938964844,4417610
2003-06-23,9.315356469885876,9.382212651561677,8.969930682570634,8.981073379516602,2817310
2003-06-24,8.992215503207314,9.125929323510178,8.50193391986381,8.624505043029785,5802310
2003-06-25,8.858504741131478,9.24850139351009,8.780505119723662,9.192787170410156,5594649
2003-06-26,9.025644698588122,9.11478700673324,8.836217384696013,8.914216995239258,5371246
2003-06-27,9.170501441476235,9.359928032570227,8.925359906379638,9.326499938964844,3727005
2003-06-30,9.3710728332261,9.649641048155171,9.13707396165233,9.215073585510254,4272850
2003-07-01,9.248501361721342,9.415642575786187,9.137073643234702,9.181644439697266,4756136
2003-07-02,9.527069115083002,9.950494506064036,9.527069115083002,9.939351081848145,6710704
2003-07-03,10.195634217210035,10.451918418834557,9.93935074291557,10.229063034057617,9767707
2003-07-04,10.061921859139941,10.295919940422722,10.017350345786518,10.229063034057617,1581682
2003-07-07,10.47420586533475,11.399056402608846,10.451920467953972,11.387913703918457,8814002
2003-07-08,11.343343519783737,11.989624484036895,11.20963039239729,11.265344619750977,10517311
2003-07-09,11.399055762474235,11.532768866580202,10.97562959936671,11.075915336608887,6094499
2003-07-10,11.031343128298271,11.064771947735316,10.58563232421875,10.58563232421875,5533460
2003-07-11,10.518778894335345,10.942203687220104,10.518778894335345,10.91991901397705,3225034
2003-07-14,11.142768555279588,11.83362001514647,11.142768555279588,11.588479995727539,5422101
2003-07-15,11.867051702688498,12.53561793433319,11.800194788591972,12.401904106140137,11611122
2003-07-16,12.145621832500085,12.947901973604838,11.755625188201023,11.822482109069824,15832639
2003-07-17,11.59962534392409,11.811338794416885,10.864202889356225,11.343341827392578,11015108
2003-07-18,11.064774565006164,11.699912829254643,11.031345737661837,11.265344619750977,6832672
2003-07-21,11.52162465763585,11.543910779579702,10.997914974892483,11.142770767211914,3293957
2003-07-22,11.532766171414849,11.867049217224121,11.120484257381076,11.867049217224121,9272854
2003-07-23,12.034191452163991,12.390761375427246,11.978477969880714,12.390761375427246,7069695
2003-07-24,12.368477203235448,12.858760317360034,12.357335959028982,12.83647346496582,5823527
2003-07-25,12.479904769559647,12.691617487813277,12.234763957054444,12.357335090637207,3665542
2003-07-28,12.758472576983522,12.803043365478516,12.502189088477108,12.803043365478516,3251385
2003-07-29,12.591332877965463,12.847616381896884,12.335047919373753,12.401904106140137,4649294
2003-07-30,12.446473546800977,12.769613164669813,12.413044006291825,12.580185890197754,3473145
2003-07-31,12.680478361766578,13.003618151885902,12.26819550720484,12.970190048217773,4534650
2003-08-01,12.914473117216358,13.527324431260151,12.858759625877894,13.271040916442871,5936187
2003-08-04,13.193039770989396,13.627607838387258,13.092755503740705,13.315610885620117,3192933
2003-08-05,13.41589728389512,13.527324265204214,13.148471074092962,13.215327262878418,2865358
2003-08-06,12.92561619345259,12.936758892046116,12.290478009640468,12.379619598388672,6251716
2003-08-07,12.390763328766852,12.457619518046316,11.989622556439212,12.234764099121094,3356995
2003-08-08,12.257049556754815,12.491047675061784,11.78905332014088,11.911623001098633,3304292
2003-08-11,11.911620540150436,12.06761901101564,11.532766695289206,11.967334747314453,3966356
2003-08-12,12.045334027106913,12.379616351909561,12.034190604105486,12.257046699523926,2634290
2003-08-13,12.569044199342901,12.847614513000787,12.569044199342901,12.758471488952637,4941826
2003-08-14,12.836475081795523,12.892190037808044,12.457621817941924,12.54676342010498,3554457
2003-08-15,12.569044251133052,12.680472667987358,12.36847426452337,12.613615036010742,2904166
2003-08-18,12.702761863262156,13.137330055236816,12.468763717941993,13.137330055236816,3180408
2003-08-19,13.616468681211195,13.861609519529411,13.50504023397902,13.705610275268555,7468864
2003-08-20,13.895033784262592,14.117889162590316,13.638750317384723,14.03989028930664,6559100
2003-08-21,14.26274631818179,14.987025967117463,14.26274631818179,14.7418851852417,6569709
2003-08-22,14.90902820649698,16.301874125190917,14.74188628894884,15.633309364318848,8027576
2003-08-25,15.332451612489878,15.566449684527845,15.12073893258314,15.265595436096191,3017305
2003-08-26,15.20988140872579,15.310167133960721,14.819884113836888,15.087311744689941,3910779
2003-08-27,15.399308608720494,16.023303985595703,15.33245242876748,16.023303985595703,5211155
2003-08-28,16.157015205238213,16.46901211623698,16.056729496755104,16.268442153930664,8962116
2003-08-29,16.435589507055713,16.602731440436713,15.755880529610739,15.98987865447998,5781776
2003-09-01,16.001018592278033,16.30187285672673,15.689021631170496,16.023303985595703,1808918
2003-09-02,16.179299178306305,16.179299178306305,15.599874731860648,15.82273006439209,3693536
2003-09-03,16.12359028963763,16.268445351408317,15.510737587396452,15.566451072692871,6806869
2003-09-04,15.566451966113734,15.8450208632442,15.176454637334919,15.37702465057373,5857270
2003-09-05,15.811589620877838,16.12358800362279,15.455020456215031,16.090158462524414,5747828
2003-09-08,15.923021759376514,16.76987117812105,15.800450625737252,16.758729934692383,6250895
2003-09-09,16.881294735718853,17.037292463888285,16.11244297110133,16.268442153930664,5563370
2003-09-10,16.134733738899588,16.134733738899588,15.26559750911549,15.321310997009277,5678699
2003-09-11,15.05388335790865,15.466167532635103,14.819885253906248,14.81988525390625,5185899
2003-09-12,15.410451136362024,15.521879556388404,14.541316442524845,14.675028800964355,7043892
2003-09-15,14.797597314063498,15.065024919501159,14.697313053019382,14.775313377380371,4792412
2003-09-16,14.686175283639358,14.842174530029297,14.541320191319162,14.842174530029297,5485001
2003-09-17,15.221026340111178,15.521882105325567,15.065028562981128,15.365882873535156,5894299
2003-09-18,15.377024493057768,15.377024493057768,14.597029843490082,14.987027168273926,6378270
2003-09-19,15.076172928329024,15.087315627927511,14.641604734666984,14.753031730651855,3954994
2003-09-22,14.541317789326472,14.541317789326472,13.70560819837638,13.817036628723145,5815862
2003-09-23,13.906179346147276,14.140178923539676,13.39361230676482,14.05103588104248,5880610
2003-09-24,14.151318547101804,14.418744707164029,13.79474936391213,13.828177452087402,3945001
2003-09-25,13.438182141366125,13.727893735814396,13.24875628073551,13.527323722839355,6370946
2003-09-26,13.259896756510631,13.471609454919633,12.85875820843164,12.93675708770752,5554472
2003-09-29,12.836472222080259,13.23761225176907,12.457619042627746,12.569046020507812,5496431
2003-09-30,12.814188675268703,12.947902522676607,12.457620839948452,12.535619735717773,6851289
2003-10-01,12.546757874894952,12.814184017852117,12.357332054017771,12.602471351623535,6119344
2003-10-02,12.892187315303664,12.992471596559595,12.736188089800802,12.959043502807617,7964675
2003-10-03,13.404752177746365,14.552457152358981,13.282182520324668,14.34074592590332,12017477
2003-10-06,14.485601045962087,14.485601045962087,13.850462999529064,14.03989028930664,4630951
2003-10-07,14.051031184586208,14.173602281553698,13.66103395883315,14.07331657409668,4828824
2003-10-08,14.039896108587419,14.485607049981919,13.939611801370962,14.262751579284668,4995144
2003-10-09,14.184749351868675,14.65274558527086,13.99532202793725,14.597030639648438,7245666
2003-10-10,14.507886580599168,14.597028150940387,14.01760503440229,14.084461212158203,4454981
2003-10-13,14.20703605283912,14.463319589458726,13.995323313081974,14.396463394165039,3738025
2003-10-14,14.485598232416388,14.507883620454649,13.839317615327422,13.928459167480469,4518565
2003-10-15,14.764170894657799,15.488452013757136,14.708457410007135,15.176453590393066,18769590
2003-10-16,15.020458962433114,15.154172821059706,14.675033797527064,14.942460060119629,4863525
2003-10-17,15.165315779017266,15.521885104971801,15.020459217599367,15.221029281616211,7094267
2003-10-20,15.109598329739866,15.232169458102192,14.853313375405932,14.998169898986816,2754615
2003-10-21,15.187601012911466,15.365885673926643,15.087316709337033,15.343600273132324,3317434
2003-10-22,15.388166183736832,15.4661665163859,15.0093130359877,15.143025398254395,3546175
2003-10-23,14.530172518034517,14.831028238537748,14.374174764087808,14.585886001586914,4707951
2003-10-24,14.585885841845538,14.875598862465417,14.340746516899706,14.697314262390137,2357706
2003-10-27,14.764170578624938,14.953597877042606,14.485601706674316,14.7418851852417,2726963
2003-10-28,15.020456604598502,16.04559214738685,14.953600413110259,15.98987865447998,8192048
2003-10-29,16.39101402848932,16.547011764047358,16.056730257259282,16.368728637695312,8853084
2003-10-30,16.346444067898645,16.602729007028163,16.157018219778823,16.491300582885742,5011297
2003-10-31,16.480160658668918,16.847872629146984,16.368733670439457,16.636159896850586,4817052
2003-11-03,16.825582566168507,17.62786102294922,16.769867632841777,17.62786102294922,6021537
2003-11-04,17.683575744933773,17.873003024796706,17.260150402807216,17.561004638671875,5163723
2003-11-05,17.438439304547263,17.561010451380305,17.104156871234334,17.237869262695312,3738915
2003-11-06,17.47186246634752,18.318713121154357,17.215579021794913,18.14042854309082,7250252
2003-11-07,18.385572393194668,18.597285092602153,17.861861265891843,18.040145874023438,6246856
2003-11-10,17.828434494046427,18.04014720912215,17.471866706054886,17.505294799804688,3508873
2003-11-11,17.159872806152258,17.33815747476223,16.937017334054968,17.27130126953125,5145585
2003-11-12,17.327012974715068,17.85072422529284,17.28244217585582,17.672439575195312,4250126
2003-11-13,18.251858964394252,18.36328739236092,17.494151181929755,17.683578491210938,7126231
2003-11-14,17.494148017441763,17.605574970592368,17.037293145544403,17.104150772094727,5635237
2003-11-17,16.69187460100725,16.814445751605614,16.4913045529939,16.54701805114746,4858392
2003-11-18,16.769873085295348,16.903586932230375,16.313019502369702,16.402162551879883,5403689
2003-11-19,16.067876024843596,16.313016825108697,15.900735561931198,16.29073143005371,5291098
2003-11-20,16.580445334084153,16.63615882460801,16.1570198967822,16.42444610595703,5916201
2003-11-21,16.279586790936364,16.859011357241517,16.279586790936364,16.60272789001465,6375258
2003-11-24,16.803298193857234,17.371580123901367,16.73644200961448,17.371580123901367,3272055
2003-11-25,17.717004500864977,18.151572555004346,17.60557608599486,18.095857620239258,7113637
2003-11-26,17.906434834122937,18.151575642948465,17.505294799804688,17.505294799804688,3648089
2003-11-27,17.594435457905554,17.750434675194803,17.327009267309865,17.683578491210938,1357527
2003-11-28,17.661288899073426,17.884145720396877,17.32700657640825,17.561004638671875,2449147
2003-12-01,17.861862083284134,18.084718944642123,17.739292409663527,17.828433990478516,3115112
2003-12-02,17.995578026983782,18.374432699353665,17.761579895146017,17.895292282104492,5059140
2003-12-03,17.884151986005808,18.430147171020508,17.839579733329487,18.430147171020508,5601357
2003-12-04,18.385578544128062,18.987287297717344,18.27415008126962,18.530433654785156,6160206
2003-12-05,18.21843682879296,18.396721499032424,17.56101310736417,17.705869674682617,5472886
2003-12-08,17.427291627868684,17.471863866952596,17.137580074453624,17.349292755126953,4252590
2003-12-09,17.549866238130885,17.806149754316294,17.215583833655245,17.226726531982422,2944275
2003-12-10,17.04843796705122,17.09300875006709,16.413299945095034,16.535869598388672,6897900
2003-12-11,16.71415262708231,17.08186446200656,16.547010751693115,16.959293365478516,4470860
2003-12-12,17.327006168891593,17.4161491862564,16.992723854088457,17.115293502807617,3033321
2003-12-15,17.661291334784654,17.962147066801048,17.15986705430426,17.24901008605957,5827839
2003-12-16,17.003871645327724,17.09301469703395,16.54701805114746,16.54701805114746,4385852
2003-12-17,16.658446282037307,16.70301707997132,16.190449994409114,16.469018936157227,4053554
2003-12-18,16.469015527971436,17.026154750830806,16.402159344905986,16.93701171875,3945822
2003-12-19,17.104154553857835,17.171010740530235,16.83672835250795,17.0930118560791,3116139
2003-12-22,16.825586318969727,17.137583323751564,16.825586318969727,16.825586318969727,2203911
2003-12-23,16.9815796689691,17.126436162724847,16.847867325188375,17.104150772094727,1227619
2003-12-24,17.33815412704415,17.438438415527344,17.27129793472202,17.438438415527344,497591
2003-12-25,17.438438415527344,17.438438415527344,17.438438415527344,17.438438415527344,0
2003-12-26,17.438438415527344,17.438438415527344,17.438438415527344,17.438438415527344,0
2003-12-29,17.772720535456077,17.88414896634189,17.672436256853086,17.839576721191406,2309794
2003-12-30,17.906433408618835,18.08471801575179,17.87300531753019,18.006717681884766,1834585
2003-12-31,18.062432638773917,18.062432638773917,17.46072404083026,17.516437530517578,1263689
2004-01-01,17.516437530517578,17.516437530517578,17.516437530517578,17.516437530517578,0
2004-01-02,17.817291414027505,18.21843143974307,17.75043522796167,18.20728874206543,1940537
2004-01-05,18.162713192278755,18.35214045782431,17.98442862149118,18.051284790039062,3746238
2004-01-06,18.385573359567935,18.46357224331141,18.00671872920765,18.20728874206543,3094989
2004-01-07,18.263000454162242,18.730996620425515,18.16271618481731,18.25185775756836,5644545
2004-01-08,18.66414838623486,19.355000233133175,18.575006775536014,19.065288543701172,8194580
2004-01-09,19.243573303661304,19.82299668505159,19.098716730983355,19.477571487426758,7533201
2004-01-12,19.165563756702205,19.354991044165583,19.020708708087902,19.221277236938477,4377980
2004-01-13,19.49984239249718,19.967838412083395,19.16555869013007,19.276987075805664,6755115
2004-01-14,19.276987075805664,19.332700541313624,18.786705670016264,19.276987075805664,6665599
2004-01-15,18.519286113988,19.054139977536344,18.32985879489756,18.67528533935547,12329652
2004-01-16,18.964996951265825,19.644705835895977,18.964996951265825,19.499849319458008,6579154
2004-01-19,19.7784152335939,19.7784152335939,19.076421060152366,19.321561813354492,2884043
2004-01-20,19.488712494784718,19.72271065821022,19.165571273359586,19.187856674194336,4159848
2004-01-21,19.310422326058763,19.354993115016548,18.630713430471914,18.786712646484375,4382361
2004-01-22,19.076425997686062,19.109854092503063,18.35214624600331,18.385574340820312,4388247
2004-01-23,18.530430435364977,18.775572720131148,18.173862616420454,18.229576110839844,4820542
2004-01-26,17.984430138033854,18.2072855066457,17.783860160817195,17.9287166595459,5433462
2004-01-27,18.21843530802915,18.55271921865675,17.828437897183807,17.861865997314453,7075992
2004-01-28,17.939863367571984,18.296431164302867,17.717007949117555,17.995576858520508,5162149
2004-01-29,17.61672240923317,17.828433659741286,17.27129588066262,17.382722854614258,6448904
2004-01-30,17.494152746495004,17.694722771044532,17.226726531982422,17.226726531982422,4603573
2004-02-02,17.427297499605146,17.650154406131133,17.271299701561734,17.393869400024414,4653880
2004-02-03,17.171018488839522,17.505302482365547,17.026163352351062,17.126447677612305,5592322
2004-02-04,17.1375802168655,17.31586481070248,16.558157105220424,16.60272789001465,7513489
2004-02-05,16.547011513168524,17.048437162411172,16.547011513168524,16.747581481933594,5234973
2004-02-06,17.037298732521396,17.4272961057588,16.937014441800006,17.416154861450195,4910273
2004-02-09,17.69472603633926,17.850725296367393,17.44958517324398,17.527584075927734,4248210
2004-02-10,17.427296477850213,17.438439177057166,17.08187134777423,17.19329833984375,3323457
2004-02-11,17.215581994648904,17.639005940510874,17.204437842851814,17.24901008605957,3970257
2004-02-12,17.47187133988488,17.516442143372203,17.048445797433956,17.27130126953125,4625613
2004-02-13,17.159867910153853,17.416152866404925,16.94815519933358,17.04844093322754,5193770
2004-02-16,17.081870318138833,17.371581934717256,17.081870318138833,17.338153839111328,1667717
2004-02-17,17.605578414408242,18.107004165649414,17.49415143946148,18.107004165649414,7525536
2004-02-18,18.107005262333047,18.162718753180815,17.884149844281634,17.984434127807617,4659219
2004-02-19,18.274145290414513,18.88699803881525,18.151575613530547,18.329858779907227,8886553
2004-02-20,17.91757941957538,17.93986481775625,17.31586930471057,17.48301124572754,7486522
2004-02-23,17.56100996647522,17.661294257301844,16.970442556514886,17.070728302001953,4150745
2004-02-24,16.7030114893582,17.104151445821056,16.212729966863606,16.535869598388672,9141509
2004-02-25,16.658441509157175,16.747583079484883,16.424443432386852,16.64729881286621,5781297
2004-02-26,17.003872642089302,17.104158399304957,16.55816317607293,16.736446380615234,5610528
2004-02-27,16.93701544754345,17.01501579961896,16.54701805114746,16.54701805114746,3838159
2004-03-01,16.54701578510951,16.63615882460801,16.223876085410826,16.42444610595703,5562959
2004-03-02,16.781019376410388,17.338157324494635,16.714161717098165,17.215587615966797,8175826
2004-03-03,17.148727194867103,17.41615487972565,16.82558746976532,17.070728302001953,5809154
2004-03-04,17.13758560414106,17.371583752529165,17.081872105634496,17.30472755432129,3800104
2004-03-05,17.27130063534198,17.650155360394322,16.99273166911438,17.204442977905273,6621863
2004-03-08,17.315866637032403,17.46072315755194,17.01501235327976,17.371580123901367,2470639
2004-03-09,16.881301726367898,16.903587125334905,16.301876989244157,16.469018936157227,10142920
2004-03-10,16.44673083997123,16.81444277194413,16.201590036876055,16.691871643066406,5925989
2004-03-11,16.16816620981785,16.424449778188624,15.778168779633326,16.00102424621582,9478735
2004-03-12,15.856163317160973,16.602729870144024,15.856163317160973,16.29073143005371,6185188
2004-03-15,16.379871658860104,16.41329974571594,15.41044986674083,15.533020973205566,5152361
2004-03-16,15.388167626202263,15.90073609358587,15.388167626202263,15.811593055725098,5663162
2004-03-17,16.212729447477297,16.42444211468033,16.00101678027427,16.368728637695312,4234351
2004-03-18,16.52472559832694,16.54700953145433,15.767016594924172,15.82273006439209,6330564
2004-03-19,15.923020253461187,15.934162950496365,15.187596430498775,15.55530834197998,8582249
2004-03-22,15.120740758759595,15.187596943227701,14.541317584048873,14.909028053283691,6844376
2004-03-23,14.964740793905307,15.432738425819226,14.897884612771959,15.143025398254395,5082958
2004-03-24,15.310172171940847,15.477312677898237,14.875603947130378,15.343600273132324,5227171
2004-03-25,15.59988361819193,16.41330655442156,15.544170116987326,16.34644889831543,7957283
2004-03-26,16.714160000268674,16.814445751605614,16.357592157425348,16.54701805114746,7228897
2004-03-29,16.669585564812103,17.04844017891971,16.569299835355285,16.94815444946289,4663257
2004-03-30,17.03729381663723,17.09300875006709,16.301871532895344,16.535869598388672,5472818
2004-03-31,16.602729830575235,16.89244142025985,16.524730948068676,16.613872528076172,3764992
2004-04-01,16.769873429373956,17.037299674070482,16.580447536431787,16.881301879882812,3848836
2004-04-02,16.937007199819195,17.583287827666258,16.703009166862483,17.471860885620117,7200014
2004-04-05,17.761583179550982,17.87301164394841,17.438441941993073,17.705869674682617,4534445
2004-04-06,17.81729652157231,17.884154181463977,16.992732293074805,17.27130126953125,5833315
2004-04-07,17.271304268761707,17.449588968331526,16.981591086462902,17.126447677612305,3499975
2004-04-08,17.327014623719375,17.561012794660467,17.159872657429833,17.215587615966797,3361717
2004-04-09,17.215587615966797,17.215587615966797,17.215587615966797,17.215587615966797,0
2004-04-12,17.215587615966797,17.215587615966797,17.215587615966797,17.215587615966797,0
2004-04-13,17.46072891561645,17.75044059753418,17.349300450472267,17.75044059753418,5017457
2004-04-14,17.271300483009846,17.327013984831847,16.859017660205787,17.14872932434082,5307114
2004-04-15,17.093015601214134,17.1153010016544,16.279592666501866,16.33530616760254,7013913
2004-04-16,16.190446853637695,16.53587192527811,15.856163024658999,16.190446853637695,6740204
2004-04-19,16.190446144318212,16.547013897658978,16.157018053816902,16.43558692932129,3070007
2004-04-20,16.714154185112168,16.881296076081693,16.46901342386487,16.535869598388672,3892230
2004-04-21,16.157014622881935,16.268441567558163,15.800445490598305,15.934159278869629,12406994
2004-04-22,15.878447086411843,15.978732808551214,15.432737776288317,15.73359203338623,8608258
2004-04-23,15.878451284590605,16.13473627856268,15.666739997270131,15.856165885925293,6468411
2004-04-26,15.867306290614216,16.53587100191865,15.856162139254337,15.878447532653809,4190785
2004-04-27,15.778168587526292,15.989881350934986,15.67788282872184,15.74474048614502,4075661
2004-04-28,15.622167166262884,15.689024814441314,15.26559934617313,15.299027442932129,6161301
2004-04-29,15.243315300852375,15.243315300852375,14.563606177597535,14.719605445861816,10275907
2004-04-30,14.563600750932075,14.853312322904705,14.418745692275838,14.797598838806152,5442566
2004-05-03,14.597034375484562,15.221029997940853,14.597034375484562,15.131888389587402,3771426
2004-05-04,14.920170650491086,15.031599078516477,14.708457946437044,14.87559986114502,4972284
2004-05-05,14.87560406876237,15.131887634653191,14.753032908730773,15.020459175109863,4261556
2004-05-06,15.031603753253554,15.031603753253554,14.195895374473697,14.262751579284668,7119318
2004-05-07,14.485604580474497,14.909030048079721,14.285034545574105,14.76417350769043,8268911
2004-05-10,14.09560499722407,14.530173095524612,14.073319602917397,14.129033088684082,4898295
2004-05-11,14.396463051200053,14.8198870659667,14.363033499689125,14.786458969116211,5094868
2004-05-12,14.808743191511452,14.9424555551649,14.1513197062348,14.218175888061523,6457871
2004-05-13,14.340747544988533,14.75302880297766,14.262747208617428,14.730743408203125,5601288
2004-05-14,14.641600699588862,14.897884174385435,14.418745314375306,14.50788688659668,7606574
2004-05-17,14.151324571266382,14.285036980888325,13.81704063789017,14.262751579284668,6045424
2004-05-18,14.396462359381104,14.574746988676727,14.15132153959726,14.541318893432617,3589364
2004-05-19,14.87560406876237,15.14303033514146,14.786461010195579,15.020459175109863,6480731
2004-05-20,14.76417443025034,14.808746683304811,14.5413204382806,14.753031730651855,2247784
2004-05-21,14.819889754606974,14.998174424814621,14.541322230314869,14.719605445861816,4407754
2004-05-24,14.831029171404234,15.143026153582298,14.797599624509944,14.909028053283691,3317844
2004-05-25,14.875601895902538,14.942458089066553,14.753030753774748,14.920172691345215,2962139
2004-05-26,15.343594308555494,15.41045048494918,15.221023197173672,15.265595436096191,4499469
2004-05-27,15.377026905300088,15.978737033245,15.354741506634776,15.856165885925293,6839106
2004-05-28,16.101306725904223,16.279591369887214,15.689025395935445,15.856165885925293,4339378
2004-05-31,15.911881186786431,16.134738108029577,15.822739582017695,16.00102424621582,1029130
2004-06-01,16.067876022487617,16.101304115065194,15.566451724503441,15.633309364318848,3066859
2004-06-02,15.73359897583965,15.87845409278261,15.41045772872233,15.455028533935547,3174590
2004-06-03,15.321315040954955,15.488457003412435,15.076174174858954,15.221029281616211,4385167
2004-06-04,15.43274211883545,15.744739160111337,15.399312565609003,15.43274211883545,5495678
2004-06-07,15.689025208849893,15.84502299764687,15.666739810450323,15.78930950164795,3454665
2004-06-08,15.97873569758554,15.98987839598678,15.700166782894161,15.900736808776855,4090788
2004-06-09,15.845023026339987,15.934166074760155,15.577596790400426,15.622167587280273,3590596
2004-06-10,15.677878009366925,15.689022161062288,15.466166765698567,15.55530834197998,3334134
2004-06-11,15.499593807038137,15.555307288440623,15.165310009303038,15.198738098144531,2495690
2004-06-14,15.165312362763613,15.165312362763613,14.574746458928876,14.686173439025879,5197397
2004-06-15,14.6527466198534,15.098457488340939,14.563603573359627,14.975886344909668,6848825
2004-06-16,14.987027172382323,15.042742114981188,14.797599858730807,14.81988525390625,3184857
2004-06-17,14.86445967054179,14.94245856505109,14.37417799573381,14.396463394165039,3689361
2004-06-18,14.307321536593355,14.58589049482978,14.140181034447854,14.48560619354248,4731085
2004-06-21,14.608174552957976,14.831029967812295,14.51903151422006,14.686173439025879,3383756
2004-06-22,14.55245984687877,14.73074447261778,14.519031752301519,14.597030639648438,4583725
2004-06-23,14.764169227048793,14.975881899468602,14.741883835705655,14.775313377380371,4793165
2004-06-24,15.04273637477856,15.432733550849127,15.031593681442812,15.287877082824707,4835600
2004-06-25,15.07617132472882,15.399311033374214,14.987028282762239,15.388168334960938,3093210
2004-06-28,15.365883675636242,15.700167553399588,15.187599037806486,15.488454818725586,3586078
2004-06-29,15.310174418552092,15.510744509793195,15.243316751697833,15.477314949035645,2987874
2004-06-30,15.622169160550383,15.755883019316393,15.49959945678711,15.49959945678711,4189279
2004-07-01,15.789309144984248,15.956451083865922,15.321312879843912,15.488454818725586,7309183
2004-07-02,15.321313893605463,15.432742345119584,14.897888396240768,15.15417194366455,7155320
2004-07-05,15.053880373520732,15.087309914316846,14.886739942840022,14.953596115112305,1652249
2004-07-06,15.009312571402043,15.065026053955325,14.59702843652741,14.663886070251465,4092430
2004-07-07,14.708459746876198,14.775317393739464,14.407605427302926,14.496747016906738,5356189
2004-07-08,14.519028467614278,14.797597314063498,14.2961730995229,14.775313377380371,6116880
2004-07-09,14.597031452646991,14.897887229919434,14.519032560955834,14.897887229919434,2909163
2004-07-12,14.708457672562687,14.797599249594986,14.240461483822719,14.285032272338867,7118565
2004-07-13,14.485601493541335,14.608172610005846,14.296174197910794,14.50788688659668,4486054
2004-07-14,14.463312691477638,14.530168854885646,13.850460162924902,13.883888244628906,14041858
2004-07-15,13.482754625881443,13.605324302580925,13.09275729069886,13.115042686462402,16751779
2004-07-16,13.259897131371421,13.672179842805352,13.259897131371421,13.393610954284668,9839027
2004-07-19,13.482754927340906,13.482754927340906,13.126185677831144,13.215327262878418,5446878
2004-07-20,13.22646749800634,13.549608592948767,13.115040537446923,13.505036354064941,5390274
2004-07-21,13.83932218918232,14.117891086386578,13.783608700673524,13.872750282287598,10614365
2004-07-22,13.360184563631025,13.482755704799198,13.070471486200947,13.14847183227539,8011697
2004-07-23,13.31561270299458,13.41589698393052,12.925615367811996,13.115042686462402,6127489
2004-07-26,12.914473342316217,13.070471120782964,12.479905192980963,12.502190589904785,7475297
2004-07-27,12.635902207235853,12.780758733140226,12.502189833779774,12.569046020507812,5534281
2004-07-28,12.725045815789292,12.947901236220027,12.312763069793379,12.435334205627441,8015050
2004-07-29,12.491047249320927,13.025899657318444,12.435333759875414,12.947900772094727,6402567
2004-07-30,13.09275761569101,13.282184939043434,12.814187252411385,13.226469993591309,6220368
2004-08-02,13.07046866215903,13.137326295014594,12.769614405619343,12.992469787597656,3772316
2004-08-03,13.059329892460093,13.092757987885445,12.635902986424508,12.680475234985352,5129706
2004-08-04,12.468761377593557,12.557902957303725,12.335047553368062,12.446475982666016,8519486
2004-08-05,12.647043587666369,12.914469730623532,12.546757874894952,12.602471351623535,5354478
2004-08-06,12.368479339722521,12.546764007049498,12.156767297350951,12.223624229431152,9047398
2004-08-09,12.145618288149704,12.279332090866768,11.956191734405538,12.257046699523926,4705487
2004-08-10,12.145620602208716,12.479904445361205,12.089907113236729,12.401904106140137,5249894
2004-08-11,12.279334004511421,12.279334004511421,11.421340485459911,11.922764778137207,12123497
2004-08-12,12.034194567924619,12.06762266594942,11.365628243447155,11.543912887573242,10031219
2004-08-13,11.365626878245084,11.855909227035587,11.265342596216506,11.644196510314941,8150707
2004-08-16,11.610767698481084,11.922764677941403,11.443625784106525,11.889336585998535,4728279
2004-08-17,11.855908362189465,12.156763368319375,11.688766449673924,12.011907577514648,5595813
2004-08-18,12.190190141608893,12.279332436821742,11.844764384072876,12.134476661682129,5607174
2004-08-19,12.468761780633052,12.624761004828597,12.323905254261453,12.413046836853027,9878040
2004-08-20,12.368472544765986,12.368472544765986,12.03418952267312,12.056475639343262,5599577
2004-08-23,12.346188872084523,12.624759186890245,12.2347619098903,12.613615036010742,4411176
2004-08-24,12.569046929138995,12.769616958482844,12.312763406827518,12.379619598388672,4427808
2004-08-25,12.468762149896232,12.513332942511987,12.0453367107259,12.212478637695312,5516280
2004-08-26,12.468761747566807,12.502189840949999,12.234763639224179,12.401904106140137,4666269
2004-08-27,12.26819186814325,12.424191093648536,12.112192642637963,12.201334953308105,5341336
2004-08-30,12.245904348865682,12.3127605247778,12.112190542381398,12.134476661682129,1339731
2004-08-31,11.93390729258297,12.023049592376946,11.677623089759038,11.699909210205078,4645325
2004-09-01,11.822483015984426,12.1567661913112,11.822483015984426,12.067623138427734,5067969
2004-09-02,12.023047555332958,12.101047145353608,11.777906090600904,12.056475639343262,4941484
2004-09-03,11.58848259728985,11.855908794264634,11.421340678683013,11.577339172363281,10786572
2004-09-06,11.61076937487054,11.867052904762215,11.61076937487054,11.822482109069824,2737983
2004-09-07,11.777911443540853,11.956196093950902,11.677626418601484,11.789054870605469,6742463
2004-09-08,11.811335739920905,11.95619150823926,11.76676423074834,11.867049217224121,5424565
2004-09-09,11.755625212547942,11.789054036716685,10.808489983481325,11.655340194702148,32845945
2004-09-10,11.889336747674436,12.3350475556274,11.811337865413753,12.27933406829834,10647013
2004-09-13,12.424189886825955,12.903328760057901,12.41304573533064,12.858757972717285,8142152
2004-09-14,12.758472509922374,12.881043632299548,12.591332053944672,12.780757904052734,6351576
2004-09-15,12.702759546739186,12.836471917017551,12.390762561429417,12.468761444091797,6191553
2004-09-16,12.379620551263958,12.580190596045941,12.357336607022074,12.557905197143555,4099138
2004-09-17,12.401905950166345,12.658190946864798,12.323907054007991,12.557905197143555,4922798
2004-09-20,12.647046450466267,12.892187258222352,12.323905302973953,12.76961612701416,5362691
2004-09-21,12.702761055805935,13.037043475874288,12.65819026041821,13.003615379333496,7967208
2004-09-22,12.925615351826321,13.148470763846426,12.702759939806219,12.76961612701416,6741710
2004-09-23,12.602471851267588,12.647044089077554,12.413044568220307,12.457616806030273,6532338
2004-09-24,12.46876052442903,12.62475973290795,12.357333557415618,12.479903221130371,4021453
2004-09-27,12.335048055648242,12.346190753565741,12.023051059297972,12.201334953308105,5013693
2004-09-28,12.056479533254508,12.15676454500466,11.844766811485313,11.911623001098633,6262804
2004-09-29,11.688765108201826,11.789050826065848,11.220768970596495,11.555052757263184,12872895
2004-09-30,11.633055209636288,11.844767951787174,11.432485166826998,11.543912887573242,8425580
2004-10-01,11.644197103508864,12.056479859950029,11.644197103508864,11.945052146911621,6416599
2004-10-04,12.290476829060394,12.557903024277374,12.279334131537196,12.468761444091797,6517896
2004-10-05,12.368474527853824,12.535616429363767,12.25704756328727,12.390761375427246,5260709
2004-10-06,12.36847365623814,12.602471719997995,12.223618612509663,12.257046699523926,4700422
2004-10-07,12.424191815159116,12.49104800654665,12.35733562377158,12.368476867675781,4395502
2004-10-08,12.268189227344052,12.346188095976835,11.98961965737985,12.045333862304688,5924688
2004-10-11,12.011906733878698,12.089905608733067,11.677622932325475,11.722193717956543,5221764
2004-10-12,11.655339085470626,11.6999106043437,11.309913269022513,11.432483673095703,4251906
2004-10-13,11.811337117160926,11.96733559912985,11.510482122652922,11.933907508850098,17476880
2004-10-14,11.7221963883792,11.91162372512461,11.621912097863625,11.655340194702148,6226597
2004-10-15,11.543911333884129,11.900480574145835,11.532768636042219,11.833622932434082,6216604
2004-10-18,11.800191929861612,11.811335352286532,11.521622370497887,11.588479995727539,3340636
2004-10-19,11.75562430480504,11.978479721180582,11.75562430480504,11.844766616821289,4103108
2004-10-20,11.588481517295127,11.744479996437034,11.55505342762116,11.699909210205078,4064436
2004-10-21,11.822480565104783,12.123334851398573,11.666482073223932,12.112192153930664,5884990
2004-10-22,12.201334821645583,12.279334433556546,12.07876441854558,12.156764030456543,7989931
2004-10-25,11.8781939543655,12.190191662881142,11.855908559613693,12.078763961791992,5230456
2004-10-26,12.089907528994345,12.14562101988225,11.800195194386722,11.878194808959961,4122409
2004-10-27,11.922762756936041,12.06761852601263,11.766764292340483,12.045333862304688,3297311
2004-10-28,12.223623657603289,12.60247692145689,12.223623657603289,12.54676342010498,9398176
2004-10-29,12.435333285202244,12.647045991674135,12.39076249534716,12.446475982666016,4002426
2004-11-01,12.31276252378496,12.524475236538793,12.31276252378496,12.401904106140137,1902755
2004-11-02,12.390763573293627,12.502190557625037,12.290477832734991,12.491047859191895,4988231
2004-11-03,12.602473948074673,12.702759681507667,12.379618540586122,12.51333236694336,5391232
2004-11-04,12.390762895865423,12.446476384985157,12.234763671669878,12.413046836853027,5242639
2004-11-05,12.60247413211954,13.159613386307438,12.491047154078132,12.914472579956055,10342093
2004-11-08,12.892187594180227,13.31561303351851,12.869900743203177,13.226469993591309,6115032
2004-11-09,13.159613371696965,13.337897991025564,13.092757184946349,13.248756408691406,4658466
2004-11-10,13.20418426951657,13.41589698393052,13.059329197053547,13.115042686462402,3801199
2004-11-11,13.081612963384567,13.204182624816895,12.76961455223659,13.204182624816895,4361896
2004-11-12,13.538469530564695,13.683326072830923,13.282185997832487,13.438183784484863,13065224
2004-11-15,13.594178309904411,13.616463700266687,13.360180256440579,13.471607208251953,3351108
2004-11-16,13.438177842881188,13.583034321100056,13.259893282302535,13.371321678161621,3225444
2004-11-17,13.382466464336261,13.761319578298979,13.337895680888886,13.750178337097168,5904497
2004-11-18,13.571896811729298,13.77246683716976,13.438182976548868,13.661038398742676,8651994
2004-11-19,13.783608167762647,13.872749745930271,13.315611973062182,13.360182762145996,7844487
2004-11-22,13.226470659322468,13.226470659322468,12.970187134120312,13.12618637084961,4002357
2004-11-23,13.31561197174725,13.31561197174725,12.992470841601087,13.025898933410645,4953872
2004-11-24,13.137327990699156,13.137327990699156,12.84761639313121,12.914472579956055,3560275
2004-11-25,12.925615733376683,13.070470809936523,12.791901900353412,13.070470809936523,2936403
2004-11-26,13.037043475874288,13.048187629381642,12.914473788558047,13.003615379333496,1657656
2004-11-29,13.048184567241032,13.404752301324134,13.03704041634898,13.103898048400879,3474445
2004-11-30,13.037041122079751,13.159612241926606,12.747329549705585,12.858757972717285,3954857
2004-12-01,12.79190083608352,13.025898933410645,12.691616560654847,13.025898933410645,4696110
2004-12-02,13.20418364459933,13.449325895716989,13.08161397370073,13.393610954284668,6621863
2004-12-03,13.81703751754255,13.883893707255165,13.62761019202979,13.79475212097168,9254716
2004-12-06,13.694462987320332,13.794748701691963,13.61646411865572,13.761319160461426,3329822
2004-12-07,13.716752150838548,14.017606435470823,13.716752150838548,13.917322158813477,2837980
2004-12-08,13.638752154341166,13.794751376579592,13.460467536734432,13.527323722839355,3815641
2004-12-09,13.360185341895946,13.360185341895946,12.981330652209152,13.081616401672363,6861419
2004-12-10,13.215327295432951,13.259898088066384,13.07047076471396,13.226469993591309,3221132
2004-12-13,13.259899075955538,13.31561402555854,13.170757484047444,13.237613677978516,1815352
2004-12-14,13.315608207561981,13.415892454641332,13.215322505822824,13.371321678161621,1684554
2004-12-15,13.482752993350815,13.53846647601372,13.37132457336488,13.382467269897461,2474746
2004-12-16,13.371325559575832,13.460467138411179,13.282183980740486,13.393610954284668,2790275
2004-12-17,13.349041174179975,13.360183872376886,13.070470809936523,13.070470809936523,3691277
2004-12-20,13.148469545091451,13.148469545091451,12.836471124386817,12.858757972717285,3354051
2004-12-21,12.814185965613808,12.95904248178634,12.769615177456162,12.93675708770752,2654070
2004-12-22,13.092757126123072,13.092757126123072,12.903329809853766,13.05932903289795,2067570
2004-12-23,12.981328144331234,13.05932847988042,12.836471625162932,13.025898933410645,2091114
2004-12-24,13.003612483963567,13.037040573061299,12.936756305768103,12.992469787597656,222239
2004-12-27,12.981327875865164,12.992470572904574,12.869899450810864,12.93675708770752,819416
2004-12-28,12.970186101998987,13.014756893329027,12.892187217171415,12.925615310668945,942753
2004-12-29,12.936760165885733,13.014759063720703,12.74733281648313,13.014759063720703,1977086
2004-12-30,12.93675985451906,13.148472598207503,12.93675985451906,13.081616401672363,896417
2004-12-31,13.025896002801618,13.1596097946167,13.025896002801618,13.1596097946167,403959
2005-01-03,13.103900281569324,13.3936118876333,13.103900281569324,13.215327262878418,2798899
2005-01-04,13.092761216328318,13.226473631000838,12.947904645772352,12.970190048217773,2989243
2005-01-05,12.8698974945807,12.903327035277815,12.557900570240669,12.602471351623535,6070064
2005-01-06,12.557900499631625,12.635899366613078,12.446473546800977,12.580185890197754,5493146
2005-01-07,12.502188750337178,12.569044931271446,12.335046843341347,12.524474143981934,4221380
2005-01-10,12.535617822649687,12.702759742736816,12.40190399564793,12.702759742736816,3478415
2005-01-11,12.624760664076806,12.736187639308778,12.435333351522207,12.468761444091797,5167487
2005-01-12,12.803042923822725,12.88104325565845,12.602472927853949,12.658187866210938,8827828
2005-01-13,12.836471456849761,12.90332909425245,12.736187182736025,12.803043365478516,4292630
2005-01-14,12.925615172675718,13.092757093039262,12.803044043166379,13.048186302185059,5464057
2005-01-17,13.204184564747509,13.282184906324206,13.15961377222387,13.215327262878418,3022507
2005-01-18,13.14847061483161,13.204184103540147,12.97018599630401,13.05932903289795,4722393
2005-01-19,12.647046183626411,13.025899357804963,12.613616636067475,12.847616195678711,9403378
2005-01-20,12.669328464904487,12.803042273646675,12.502188022301844,12.758471488952637,4959211
2005-01-21,12.758474572897567,12.88104571509382,12.658190283095527,12.83647346496582,3841102
2005-01-24,12.691616227029343,12.892186227274511,12.669329378415275,12.747329711914062,4115496
2005-01-25,12.669330447636545,12.98132889864227,12.60247426013259,12.959043502807617,4937993
2005-01-26,12.992471837453659,13.092757575229294,12.836472609058406,12.869900703430176,3813930
2005-01-27,13.037040910423656,13.5941801071167,12.936756640535382,13.5941801071167,10826201
2005-01-28,13.638750927876028,13.82817822613266,13.493894416347985,13.60532283782959,6841228
2005-01-31,13.761323050879279,13.984179933672703,13.739039108192419,13.961893081665039,4376064
2005-02-01,13.961892998056774,14.129034931820742,13.850466011987724,14.106749534606934,4500085
2005-02-02,14.151318653821173,14.22931752681835,13.91732058016957,14.184746742248535,5575690
2005-02-03,14.117890917736972,14.184748557809133,13.794751233585844,13.817036628723145,3990243
2005-02-04,13.895038584526487,14.28503599499588,13.817039684296839,14.251607894897461,4057729
2005-02-07,14.552461342784833,14.675032490161337,14.485605146757914,14.630461692810059,5312247
2005-02-08,14.64160159600302,14.67502968763263,14.329603164806246,14.65274429321289,4899801
2005-02-09,14.61931670261198,14.641603554673338,14.418748126003402,14.496747016906738,4033979
2005-02-10,14.374180370730492,14.574750444411531,14.262751905502931,14.385321617126465,3515923
2005-02-11,14.407603988500314,14.909028289268276,14.396461290912594,14.81988525390625,3739325
2005-02-14,14.987030951101971,15.42159917591244,14.909032048321857,15.343600273132324,8344131
2005-02-15,15.377026311420877,15.521882851811366,15.17645627651883,15.466169357299805,5791085
2005-02-16,15.276738113217322,15.365879681631695,14.998167802602287,15.098453521728516,5809154
2005-02-17,15.1541681965328,15.421594377516165,15.04274122723147,15.176453590393066,3875530
2005-02-18,15.065027600579656,15.198739972434874,14.942456471718772,15.187597274780273,3407575
2005-02-21,15.254454483487155,15.310169430156002,15.098456705863411,15.209883689880371,1746223
2005-02-22,15.15416907866766,15.410452577639335,14.875600184538472,15.321310997009277,4845251
2005-02-23,15.154170940962238,15.689024854451507,15.10960014516991,15.488454818725586,5540236
2005-02-24,15.388171074720962,15.5218849341475,15.254457215294423,15.343600273132324,3942811
2005-02-25,15.577597642139306,15.833881192871763,15.52188414299324,15.767024993896484,4408438
2005-02-28,15.845019953835154,15.867306802613912,15.566451072692871,15.566451072692871,3663694
2005-03-01,15.521884485382639,15.845024242218352,15.488456385157626,15.711310386657715,4770852
2005-03-02,15.711310930103112,15.80045398844714,15.555313123657175,15.74474048614502,4039317
2005-03-03,15.61102475741613,15.689025105963575,15.354741222841296,15.399312019348145,4378665
2005-03-04,15.343594604451084,15.388165389573075,15.109596527900552,15.198738098144531,4788647
2005-03-07,15.321313893605463,15.321313893605463,15.020458092779714,15.15417194366455,4221106
2005-03-08,14.931314249899597,15.031599986647212,14.663888043006478,14.686173439025879,5790058
2005-03-09,14.71959965556703,14.842170772700076,14.585885841845538,14.697314262390137,3196492
2005-03-10,14.519031752301519,14.842172909202286,14.519031752301519,14.597030639648438,3577796
2005-03-11,14.775317014801756,14.875601300534088,14.441033153039918,14.541318893432617,3442139
2005-03-14,14.385316748893956,14.541317420215725,14.32960326246491,14.519030570983887,3267195
2005-03-15,14.552459354928155,14.697315881192992,14.407604283323609,14.429889678955078,2812793
2005-03-16,14.340748737123535,14.429890323631943,14.062178369964052,14.151321411132812,4487218
2005-03-17,14.151324571266382,14.351893185699296,14.117895014200219,14.262751579284668,2679668
2005-03-18,14.195891651462636,14.363032119655847,14.051035124368223,14.117891311645508,2779871
2005-03-21,14.106749619082645,14.24046345782662,13.906179588296885,13.961893081665039,2013909
2005-03-22,14.151322741668025,14.496747876526012,14.106750489562696,14.463319778442383,5102328
2005-03-23,14.318465301559781,14.753033548776868,14.307322600588098,14.719605445861816,4527395
2005-03-24,14.663891218448333,14.753032821829402,14.552462759561363,14.619318962097168,2979523
2005-03-25,14.619318962097166,14.619318962097166,14.619318962097166,14.619318962097168,0
2005-03-28,14.619318962097166,14.619318962097166,14.619318962097166,14.619318962097168,0
2005-03-29,14.608172402520557,14.64160049162878,14.374174324102889,14.441030502319336,1942316
2005-03-30,14.273890593666723,14.351889479135286,14.20703440612224,14.307318687438965,1884344
2005-03-31,14.530173268269696,14.61931484655617,14.396460900839985,14.519030570983887,2717929
2005-04-01,14.485600992754865,14.608172104981929,14.184746742248535,14.184746742248535,3779844
2005-04-04,14.207033083287026,14.229318477060165,14.006463084668606,14.017605781555176,2407670
2005-04-05,14.084464059485283,14.151321705417285,13.850465935374238,13.906179428100586,2481248
2005-04-06,14.039892064171694,14.062177459355686,13.895035540815485,13.995321273803711,3252069
2005-04-07,13.984179496765137,14.017607591741637,13.828180265547783,13.984179496765137,2969325
2005-04-08,14.095605972221133,14.363032177059367,14.062177878448892,14.307318687438965,3350835
2005-04-11,14.262747772294576,14.36303205274331,14.006464267598629,14.095605850219727,2128622
2005-04-12,14.039893069501293,14.129034656620263,13.783609551873885,13.839323043823242,3021275
2005-04-13,13.538468417995453,13.59418190865,13.137328375962053,13.215327262878418,15807109
2005-04-14,13.148470943985556,13.382469057079515,13.103900151902957,13.170756340026855,5106024
2005-04-15,13.037039260207928,13.148467667306093,12.881041526794434,12.881041526794434,5370014
2005-04-18,12.535617887702207,12.836472181692075,12.502189794443362,12.725045204162598,4724515
2005-04-19,12.892188413960714,13.003615402629647,12.780759970631353,12.83647346496582,3859514
2005-04-20,13.25989672657615,13.337897060336129,13.037041331630839,13.092756271362305,5150581
2005-04-21,12.9479037969852,13.371329325012404,12.9479037969852,13.193044662475586,4233631
2005-04-22,13.42703514876126,13.605319709339913,13.304465513442054,13.371321678161621,4245540
2005-04-25,13.349036289921765,13.460463231121043,13.204179811702897,13.371321678161621,2571868
2005-04-26,13.271039423590405,13.271039423590405,12.825330088359967,13.092756271362305,6617278
2005-04-27,12.947899547398517,12.992470334739135,12.691616065529814,12.858757972717285,4380718
2005-04-28,12.947902522676607,12.947902522676607,12.212479998584374,12.535619735717773,7102138
2005-04-29,12.513333436171367,12.569046929138995,12.312763406827518,12.379619598388672,3894831
2005-05-02,12.446477065459332,12.647047091916235,12.446477065459332,12.491047859191895,2040192
2005-05-03,12.557903283208102,12.758473297421443,12.502189794443362,12.725045204162598,2204869
2005-05-04,12.791900701885494,12.869899581956187,12.647045638897064,12.814186096191406,2547160
2005-05-05,12.970182528986955,13.226465963194293,12.925611749935225,13.1596097946167,2974048
2005-05-06,13.09275535216891,13.204182314488603,12.970184238957165,13.103898048400879,3902908
2005-05-09,13.193043553012922,13.27104244989947,13.059331158350266,13.137330055236816,2069212
2005-05-10,13.170756548369061,13.259898133944349,12.947901129770504,13.070470809936523,3098480
2005-05-11,12.981328144331234,13.193040847118654,12.947900052521677,13.025898933410645,2044230
2005-05-12,13.181899843541519,13.30447098391882,13.126186350033837,13.293328285217285,2717860
2005-05-13,13.237612890315221,14.017607591741637,13.237612890315221,13.984179496765137,8143110
2005-05-16,13.883892611934126,14.084462619909054,13.828179124902267,13.917322158813477,3481290
2005-05-17,13.97303581237793,14.285032798135,13.77246580201258,13.97303581237793,6234331
2005-05-18,14.117893887285652,14.229322341070205,13.872753034552309,14.195894241333008,6190937
2005-05-19,14.207033048976317,14.262746533274614,13.961890808743483,14.006463050842285,3635427
2005-05-20,13.995319470125882,14.084461039373533,13.895033750062202,14.02874755859375,2442782
2005-05-23,14.140177209661383,14.307317666596942,14.140177209661383,14.285032272338867,4218231
2005-05-24,14.218177975336376,14.285034166977807,13.90617950502225,14.106749534606934,3107172
2005-05-25,14.240465040982604,14.318463940369398,14.162464686935248,14.195894241333008,4145680
2005-05-26,14.22932160732757,14.630461692810059,14.184750809976292,14.630461692810059,3556373
2005-05-27,14.652748518025698,14.7753196773353,14.54132151379936,14.619318962097168,3353230
2005-05-30,14.619319682455957,14.764176249748553,14.552463476625851,14.719605445861816,732903
2005-05-31,14.719600678221695,14.964741474858986,14.530173368397373,14.552458763122559,3930354
2005-06-01,14.619314880258749,14.864457130432129,14.519030604455276,14.864457130432129,3800309
2005-06-02,14.819888043782724,15.15417194366455,14.764174545355932,15.15417194366455,3748702
2005-06-03,15.209880482246483,15.243308570401872,15.042740041469532,15.098453521728516,3833638
2005-06-06,14.987029526280779,15.042744477630366,14.630461692810059,14.630461692810059,3012308
2005-06-07,14.71959979185846,14.831028213434795,14.519029796749173,14.7418851852417,3106625
2005-06-08,14.663887487678156,14.909028289268276,14.60817399973955,14.81988525390625,3038317
2005-06-09,14.786459829447315,14.842174782100273,14.719603631856394,14.753031730651855,1748276
2005-06-10,14.931310759610124,15.221022294800717,14.909025368800076,14.964738845825195,3705993
2005-06-13,15.076174132211847,15.131887634653191,14.886746769250637,15.020459175109863,1536235
2005-06-14,15.120743844608475,15.299028494234745,15.053886191835788,15.15417194366455,3067817
2005-06-15,15.13188642632146,15.176457224715406,14.753031730651854,14.753031730651855,3113606
2005-06-16,14.964745204000677,15.098459060332873,14.808747402050471,15.03160285949707,2034306
2005-06-17,15.14302724059967,15.332454564850602,14.97588531277116,15.120741844177246,2785757
2005-06-20,15.020456105616004,15.120741844177248,14.931314519926314,15.120741844177246,1636369
2005-06-21,15.120742102666803,15.232170541344129,15.04274321385493,15.209883689880371,1619053
2005-06-22,15.265594098722831,15.599876406065848,15.243307253884025,15.443877220153809,3196082
2005-06-23,15.566451072692871,15.878448045013005,15.455022647439844,15.566451072692871,4391122
2005-06-24,15.343600398590938,15.365885799567476,14.998173774133326,15.020459175109863,3799214
2005-06-27,14.931313684443719,14.96474177720688,14.663887487678156,14.81988525390625,3403058
2005-06-28,14.76417443025034,14.842174782100273,14.619317880809488,14.753031730651855,1951077
2005-06-29,14.864458877321312,14.886744274563311,14.719602340587912,14.808745384216309,3220859
2005-06-30,14.719599575282565,14.819883844031612,14.50788688659668,14.50788688659668,3319966
2005-07-01,14.507891957870829,14.63046311718043,14.418750354489758,14.619318962097168,2507736
2005-07-04,14.597029552572934,14.67502988877132,14.441031789496623,14.552458763122559,1149524
2005-07-05,14.507888816210361,14.753029627084079,14.46331802417156,14.686173439025879,2524162
2005-07-06,14.708457432061675,15.020454401233394,14.708457432061675,14.853312492370605,2370710
2005-07-07,14.808744814625035,14.875601003779536,14.140178559099008,14.597030639648438,5194933
2005-07-08,14.831031799316406,14.875602596859315,14.663889853870005,14.831031799316406,4000030
2005-07-11,14.987028940519092,15.510740152909055,14.987028940519092,15.466169357299805,4876051
2005-07-12,15.533021596331002,15.533021596331002,15.221023197173672,15.265595436096191,4396187
2005-07-13,15.37702574764418,15.599881172180176,14.563602938956658,15.599881172180176,15523817
2005-07-14,15.867306709289553,15.878447951623118,15.633308617760674,15.86730670928955,6763817
2005-07-15,15.800449927617565,15.822735322810907,15.555309125830554,15.66673755645752,3011350
2005-07-18,15.711308797687234,15.733595650243835,15.44388256827282,15.488454818725586,2236559
2005-07-19,15.588732037967064,15.833872758285672,15.488447792924816,15.82273006439209,3228387
2005-07-20,15.677873912638598,16.44672562580069,15.622160442021,16.37986946105957,7938598
2005-07-21,16.51358367785635,16.602726695692347,16.268442924462313,16.368728637695312,6377859
2005-07-22,16.324164952494197,16.491305456108005,16.313020797592667,16.34644889831543,2580424
2005-07-25,16.42444925466248,16.4355919549034,16.212736495424384,16.34644889831543,1683254
2005-07-26,16.33530607593669,16.413306431700537,16.235021774518223,16.301877975463867,2850437
2005-07-27,16.27958746340906,16.27958746340906,15.91187556434721,16.023303985595703,4418636
2005-07-28,16.045587855679496,16.313014004764486,16.034445160078455,16.145872116088867,2738667
2005-07-29,16.301874963141465,16.324161813999027,16.067876848410172,16.07901954650879,2647773
2005-08-01,16.07901576704495,16.2127295674585,16.001016898688704,16.090158462524414,1616863
2005-08-02,16.168161625146997,16.3018739943844,16.045590498685804,16.24616050720215,3100191
2005-08-03,16.268450515182682,16.268450515182682,15.889595785594246,16.00102424621582,2369752
2005-08-04,16.045592082809904,16.067877479882963,15.867308906225437,15.9675931930542,2108431
2005-08-05,15.878447419979596,15.956447750984395,15.666736184186927,15.677877426147461,1843756
2005-08-08,15.767021901389274,15.822735389607825,15.611022679717063,15.6890230178833,1517961
2005-08-09,15.59988216059115,15.800452200847733,15.57759676219158,15.78930950164795,2115686
2005-08-10,15.778166836748797,16.02330767433744,15.778166836748797,15.978736877441406,2056276
2005-08-11,15.800449827206739,15.878448709887754,15.622165212132737,15.633309364318848,2728606
2005-08-12,15.700164892064466,15.700164892064466,15.488452193277885,15.566451072692871,1948271
2005-08-15,15.533025993520578,15.71130918103997,15.533025993520578,15.622167587280273,824139
2005-08-16,15.755882339612043,15.878452038087694,15.388170334863974,15.421598434448242,3413051
2005-08-17,15.421590174903539,15.945299697221504,15.421590174903539,15.82273006439209,4522261
2005-08-18,15.900739686060563,16.001023989818457,15.70016962388415,15.722455024719238,2707867
2005-08-19,15.644452171358836,15.911878393377705,15.644452171358836,15.845022201538086,2002821
2005-08-22,15.934162891252036,15.934162891252036,15.778163678679391,15.86730670928955,1114960
2005-08-23,15.85616169363867,15.889589782798428,15.689021247839888,15.73359203338623,1537125
2005-08-24,15.666741416579466,15.689026817263697,15.243314439597206,15.49959945678711,3652538
2005-08-25,15.365883052353349,15.377025750849452,15.154170326267002,15.254454612731934,2172700
2005-08-26,15.299023329062836,15.477306463837605,15.042739868164062,15.042739868164062,2381524
2005-08-29,14.920172203188447,15.31016955987283,14.886744107700137,15.254454612731934,1429257
2005-08-30,15.377023589795632,15.455022468306563,15.165310893462934,15.176453590393066,1909874
2005-08-31,15.098460286454857,15.209887296896671,14.975889120308151,15.131888389587402,3347275
2005-09-01,15.176454486033839,15.254453369147885,14.764171765967644,14.81988525390625,3954583
2005-09-02,14.92017281117861,14.964743606979264,14.68617467856474,14.786458969116211,2518824
2005-09-05,14.831029402088596,14.987027168273926,14.831029402088596,14.987027168273926,922015
2005-09-06,15.042740350217567,15.254451579547018,15.009312261376076,15.198738098144531,2577070
2005-09-07,15.3213081711756,15.399307039840934,15.1987370657558,15.332450866699219,2268317
2005-09-08,15.45502064921528,15.555306364442792,15.377021779884995,15.533020973205566,2646815
2005-09-09,15.588739489620387,15.778166831020215,15.555311391960503,15.622167587280273,2552704
2005-09-12,15.733597785684596,15.833882089828412,15.611026625959296,15.74474048614502,1921578
2005-09-13,15.878447951623118,15.967590982233277,15.689022102729412,15.86730670928955,3353778
2005-09-14,15.867311097028946,15.945308542893391,15.68902644116829,15.711310386657715,1983657
2005-09-15,15.711308797687234,15.733595650243835,15.488454818725586,15.488454818725586,2906835
2005-09-16,15.421595202007017,15.666737456896426,15.421595202007017,15.633309364318848,1993170
2005-09-19,15.68902295165086,15.86730756785785,15.577594521023896,15.66673755645752,1785442
2005-09-20,15.65559658619868,15.755882339612043,15.265600636388323,15.421598434448242,8699563
2005-09-21,15.299027361928824,15.354740856232171,14.764173452635418,14.920172691345215,6445482
2005-09-22,14.909028853880196,14.964742343928696,14.686173439025877,14.686173439025879,4487423
2005-09-23,14.797599858730807,14.920170986855997,14.741886370792203,14.81988525390625,1907410
2005-09-26,14.886745482091644,15.13188632629848,14.886745482091644,15.076172828674316,2329301
2005-09-27,15.042747708728267,15.087318515653106,14.831034921174483,14.931319236755371,2903003
2005-09-28,14.964738804244304,15.143023384889279,14.964738804244304,15.10959529876709,2330191
2005-09-29,15.109595340750479,15.131880731560527,14.864454587179981,14.964738845825195,1791191
2005-09-30,15.131887677457899,15.254457383175579,15.098459575898532,15.221029281616211,3051664
2005-10-03,15.27673862586418,15.622163669721482,15.265595929438463,15.588735580444336,2841197
2005-10-04,15.655594869998772,15.889592996097832,15.488454390399726,15.845022201538086,5236685
2005-10-05,15.689021577428262,15.800448543634928,15.622163943044129,15.677877426147461,3079795
2005-10-06,15.521879196166992,15.588735373835194,15.365879993614435,15.521879196166992,6591063
2005-10-07,15.399310707786585,15.510739144223788,15.276741027832031,15.276741027832031,2526763
2005-10-10,15.455017482860917,15.599873950885337,15.287877082824707,15.287877082824707,4283459
2005-10-11,15.265602256778289,15.410457370352647,15.109602987499038,15.131888389587402,4754493
2005-10-12,15.26559750911549,15.666737531271268,15.009314010143816,15.321310997009277,13485610
2005-10-13,15.377028298363216,15.65559726157673,15.343600197336867,15.49959945678711,5309099
2005-10-14,15.822739582017695,16.145879353965015,15.767026079037233,16.00102424621582,6498047
2005-10-17,15.856164560511528,16.001021094388022,15.700166782894161,15.900736808776855,3993391
2005-10-18,15.900734267881061,15.956447750984395,15.622163943044129,15.677877426147461,2948039
2005-10-19,15.477310601541687,15.666739392201855,15.354740913616252,15.466169357299805,3805785
2005-10-20,15.789307230020896,15.88959150839093,15.66673755645752,15.66673755645752,3733850
2005-10-21,15.521881383270875,15.956449508666992,15.521881383270875,15.956449508666992,3550419
2005-10-24,16.056733789299805,16.067876487147895,15.845021075525793,15.956449508666992,2824702
2005-10-25,15.97873005674012,16.045586223545858,15.878444351871664,15.934159278869629,2782198
2005-10-26,15.889592912587226,16.145876434619215,15.87845021400585,15.98987865447998,5167966
2005-10-27,15.833877222519586,15.833877222519586,15.455022614003203,15.55530834197998,2868096
2005-10-28,15.432739427457108,15.588737193559709,15.23216941637922,15.321310997009277,4704734
2005-10-31,15.59988338590767,15.800453441918334,15.510741785307635,15.711310386657715,3352683
2005-11-01,15.744734785064466,15.7670201779159,15.57759288401862,15.588735580444336,1648484
2005-11-02,15.700167036703869,16.034449448805475,15.689024338122495,15.98987865447998,5249347
2005-11-03,16.268445556305252,16.992726692921593,16.22387476750676,16.94815444946289,10608068
2005-11-04,16.881301879882812,17.015015729561334,16.647303733940788,16.881301879882812,4923962
2005-11-07,16.88130093326847,17.159869861929153,16.88130093326847,17.059585571289062,2734150
2005-11-08,17.215585192918123,17.226727892125076,17.015015152532516,17.19329833984375,4556278
2005-11-09,17.159869875841316,17.46072565732637,17.13758447790323,17.416154861450195,3147623
2005-11-10,17.583299315328006,17.6947277848333,17.40501463691599,17.460729598999023,4564629
2005-11-11,17.717009888842533,17.73929528766183,17.427296794870657,17.66129493713379,2849616
2005-11-14,17.494146528775993,17.66128694427907,17.416147668207888,17.54986000061035,2841060
2005-11-15,17.59443922253109,17.728153073769374,17.382726473289125,17.672439575195312,3302718
2005-11-16,17.5832926933348,17.594435390622834,17.226724925457503,17.327009201049805,4679273
2005-11-17,17.33815279514993,17.460723926318487,17.08186928960873,17.137582778930664,4285375
2005-11-18,17.32701416380319,17.605583130451176,17.282443361885218,17.583297729492188,3283622
2005-11-21,17.661292585193973,17.973291036436567,17.471866720455623,17.85072135925293,3461167
2005-11-22,17.717008172288384,18.11814822149135,17.661293225977715,18.073575973510742,3675535
2005-11-23,18.27415008126962,18.60843401518427,18.196151175531185,18.530433654785156,5655770
2005-11-24,18.48586041689689,18.53043121430597,18.285290373895542,18.341005325317383,2217942
2005-11-25,18.363288343280825,18.7421429814617,18.341002947465515,18.67528533935547,2805401
2005-11-28,18.719858812783787,18.85357266149173,18.30757747647703,18.430147171020508,3348576
2005-11-29,18.31871995791634,18.396718853515516,17.96215066871341,18.352148056030273,4384551
2005-11-30,18.24071653558553,18.26300193057488,18.00671843353708,18.107004165649414,3075346
2005-12-01,18.2741498630382,18.84243196204236,18.240721760978076,18.820146560668945,3524820
2005-12-02,19.00957010650132,19.054140900290417,18.65300084686782,18.83128547668457,6477446
2005-12-05,18.742145634695735,18.7978591321211,18.374433642367325,18.419004440307617,3089171
2005-12-06,18.38557832456596,18.942717722883412,18.38557832456596,18.820146560668945,2773985
2005-12-07,19.020708882055782,19.03185157820495,18.76442541596485,18.808996200561523,4088666
2005-12-08,18.586142641514133,19.00956804593351,18.552714549795795,18.786712646484375,3217779
2005-12-09,18.485861338882785,18.61957519243952,18.385577039710657,18.508148193359375,2785894
2005-12-12,18.586144364382672,18.730999441923014,18.35214624600331,18.385574340820312,3478963
2005-12-13,18.430143623154805,18.552714748763435,18.32985789226407,18.519285202026367,2244978
2005-12-14,18.44128622069317,18.586142740235598,18.407858128797276,18.485857009887695,1639860
2005-12-15,18.46357501819235,18.5192885149537,18.263004975191002,18.341005325317383,2509105
2005-12-16,18.3298517515491,18.474708223347005,18.307567818956816,18.37442398071289,2313490
2005-12-19,18.385571760906533,18.686426026703206,18.35214367078025,18.641855239868164,1608581
2005-12-20,18.45242697956998,18.541570003254805,18.31871462603285,18.474712371826172,1924178
2005-12-21,18.419006426626087,18.820146560668945,18.38557832456596,18.820146560668945,1690372
2005-12-22,18.719854185040756,18.775569123447713,18.441285311646556,18.664140701293945,1695505
2005-12-23,18.77556998267869,18.909282349790146,18.608428069129157,18.797855377197266,1146923
2005-12-26,18.797855377197266,18.797855377197266,18.797855377197266,18.797855377197266,0
2005-12-27,18.88699445468247,19.0764217376709,18.786710192626252,19.0764217376709,966846
2005-12-28,18.942717722883412,18.976145824943536,18.7644330572354,18.820146560668945,892241
2005-12-29,18.831283868291838,18.99842578538561,18.775570380813996,18.931568145751953,830778
2005-12-30,18.931569762710033,18.931569762710033,18.753285132893282,18.83128547668457,847205
2006-01-02,18.83128370013605,19.21013832092285,18.808998305343916,19.21013832092285,634000
2006-01-03,19.198995285166983,19.276994165564826,18.74214179065921,18.764427185058594,3469107
2006-01-04,18.987280648811492,19.120994466486007,18.842425588879287,19.087566375732422,3548365
2006-01-05,19.198994844695417,19.49984911684497,19.09870911753878,19.432992935180664,3176575
2006-01-06,19.488705497135793,20.21298512818593,19.477562800719337,20.07927131652832,4739367
2006-01-09,20.25756070942542,20.614129988482983,20.09042022361136,20.60298728942871,4278531
2006-01-10,20.814700992346662,20.82584369191818,20.313275147646753,20.42470359802246,4344169
2006-01-11,20.36899070656044,20.380133406463685,19.655853548771205,19.75613784790039,8441322
2006-01-12,19.767275571705387,19.822989057196615,19.288136687160435,19.52213478088379,4554909
2006-01-13,19.22128191968719,19.700422330428975,19.198997976823854,19.366138458251953,4673934
2006-01-16,19.276990961233732,19.56670249492842,19.254705570538754,19.29927635192871,1756421
2006-01-17,19.12100223336463,19.187858442028542,18.708720825276423,18.7532901763916,4466616
2006-01-18,18.385570899237493,20.22412740729721,18.285285178898555,19.945558547973633,15567485
2006-01-19,20.056989714817952,20.246415575964193,19.588992046828764,19.733848571777344,6866347
2006-01-20,19.945565839410996,19.96785123993088,19.321570260872434,19.455284118652344,4273945
2006-01-23,19.165570882299235,19.52214019770094,19.07642928077911,19.41071319580078,3446383
2006-01-24,19.510991411477136,19.81184567742315,19.46642062461997,19.778417587280273,3964713
2006-01-25,20.11270273343201,20.402414321899414,20.00127430423055,20.402414321899414,5280626
2006-01-26,20.536133124499507,21.249270298426943,20.524990424344107,21.01527214050293,7375505
2006-01-27,21.338406528888065,21.616976871979354,21.104408429860335,21.49440574645996,6729937
2006-01-30,21.672690394022133,21.672690394022133,21.093265766854664,21.1712646484375,3188347
2006-01-31,21.304977957703215,21.304977957703215,20.580698282206846,20.66983985900879,4019879
2006-02-01,20.669844653867358,21.026413953110186,20.50270415859153,20.859272003173828,4997745
2006-02-02,21.115551284771346,21.382978932507296,20.669840478091746,20.725555419921875,4814382
2006-02-03,20.970697425809618,21.026410916187988,20.547271989613357,20.63641357421875,2958716
2006-02-06,20.77012558757117,20.81469637597214,20.513840644945194,20.66983985900879,2671387
2006-02-07,20.881553748834865,21.13783725140896,20.669841037202303,20.914981842041016,3336051
2006-02-08,20.736697502596535,21.215836387373535,20.736697502596535,21.00412368774414,2923536
2006-02-09,21.382980346679688,21.460979233876024,21.070981888573673,21.382980346679688,2978086
2006-02-10,21.1712705243357,21.31612708499628,20.68098879470693,20.6921329498291,3034074
2006-02-13,20.703268736163697,20.8815533511951,20.602984458454927,20.781269073486328,2313217
2006-02-14,20.87041048656359,20.881553183997568,20.569556201185943,20.725555419921875,1688387
2006-02-15,20.725555419921875,20.970696218129632,20.625269688355832,20.725555419921875,2347576
2006-02-16,20.892696812094616,21.104408058030398,20.647554565374886,20.70326805114746,2649484
2006-02-17,20.66984061637736,20.75898365110581,20.40241442151251,20.435842514038086,2714507
2006-02-20,20.33555823646136,20.524985548766537,20.268702051410212,20.435842514038086,931392
2006-02-21,20.435842180174028,20.558413305425585,20.112702503045746,20.32441520690918,2391106
2006-02-22,20.19070208739177,20.19070208739177,19.666992385490435,19.733848571777344,4720134
2006-02-23,19.77841536266458,19.9232718583175,19.555559998784698,19.678131103515625,3609212
2006-02-24,19.733843370067135,19.74498606484448,19.39956107208691,19.44413185119629,2711700
2006-02-27,19.38841913561273,19.61127451125586,19.354991047465266,19.544418334960938,3324826
2006-02-28,19.555568267502665,19.945565682860803,19.276999308529966,19.39957046508789,3797640
2006-03-01,19.466421334665508,19.934417523056386,19.354992908798053,19.86756134033203,3810850
2006-03-02,20.034701223371094,20.134985487304252,19.66698934629608,19.834131240844727,4058892
2006-03-03,19.834138046789832,19.90099424568651,19.243570592554235,19.700424194335938,3979839
2006-03-06,19.72270882711326,19.811850422176168,19.33271143939204,19.5889949798584,3069665
2006-03-07,19.310419803795423,19.444133607863733,18.964994779830658,19.0764217376709,4412340
2006-03-08,18.987279128853398,19.12099293582394,18.57499792123602,18.74213981628418,4614867
2006-03-09,18.964994779830658,19.176707454387135,18.94270938826261,19.0764217376709,2893078
2006-03-10,18.931574854156125,18.931574854156125,18.541578848955886,18.7532901763916,3733234
2006-03-13,18.920427096661943,19.076426329851277,18.563859291078227,18.84242820739746,3479510
2006-03-14,18.820141751540188,19.031854465149173,18.6084290379312,18.97614097595215,1885370
2006-03-15,19.210140675585727,19.55556579186421,19.165568425877822,19.366138458251953,4861951
2006-03-16,19.38841846053368,19.410705306516046,18.90927963778293,19.009565353393555,2854818
2006-03-17,18.675284352360972,18.775570082890038,18.307573886181665,18.496999740600586,7890002
2006-03-20,18.541578648250074,18.575006752220183,18.251865504520975,18.296436309814453,3738778
2006-03-21,18.17385996508589,18.496999640236815,18.118146478794387,18.463571548461914,5329906
2006-03-22,18.229575693748405,18.38557492921387,18.0290056637672,18.084720611572266,6453695
2006-03-23,18.16271831142909,18.497000703045664,17.783863673558045,18.329858779907227,8143247
2006-03-24,18.263008176490644,18.385579345511445,18.196151968657883,18.285293579101562,2772068
2006-03-27,18.407859802246094,18.66414331807343,18.341003612376447,18.407859802246094,3497374
2006-03-28,18.407864480212023,18.53043419278819,18.06243783544866,18.185009002685547,1980919
2006-03-29,18.118145398441783,18.463570447512232,17.99557428124896,18.25185775756836,2305962
2006-03-30,18.30757728979152,18.575003529819902,18.240719638789056,18.363290786743164,5305608
2006-03-31,18.653002581489954,18.920428823754,18.40786173819287,18.77557373046875,5129021
2006-04-03,18.998424513095102,18.998424513095102,18.530426885641454,18.664140701293945,2930175
2006-04-04,18.73100506397441,18.73100506397441,18.26300868674807,18.307580947875977,2372284
2006-04-05,18.48585710994953,18.54157205140449,17.9510047273997,18.519285202026367,4866195
2006-04-06,18.69757371045233,19.27699845783319,18.69757371045233,19.25471305847168,7084685
2006-04-07,19.232426478316405,19.310425371292872,18.842429104113183,18.998428344726562,3035990
2006-04-10,19.02071607768162,19.321570442183837,18.953858420833978,19.154428482055664,3459730
2006-04-11,18.886993946923997,18.97613696545969,18.496996695647812,18.59728240966797,4428698
2006-04-12,18.608422001518896,18.820134635072876,18.307567818956816,18.37442398071289,5105682
2006-04-13,18.34100842233126,18.97614675663988,18.34100842233126,18.619577407836914,4567845
2006-04-14,18.619577407836914,18.619577407836914,18.619577407836914,18.619577407836914,0
2006-04-17,18.619577407836914,18.619577407836914,18.619577407836914,18.619577407836914,0
2006-04-18,18.396722218030202,18.764434273854064,18.318723308166067,18.73100471496582,3603874
2006-04-19,19.076421268689387,19.46641852086244,18.92042207688817,19.388418197631836,11313457
2006-04-20,19.45527652406044,19.84527233557964,19.310420022566998,19.466419219970703,5936598
2006-04-21,19.666997336083686,19.70042543764169,19.52214077467169,19.622425079345703,3320514
2006-04-24,19.555563899211617,19.555563899211617,19.243566909414863,19.37727928161621,2421154
2006-04-25,19.488704851392693,19.56670372372347,19.21013599555128,19.221277236938477,2439770
2006-04-26,19.332713050495105,19.38842655205234,19.098714889294097,19.121000289916992,2686787
2006-04-27,19.187852352428205,19.187852352428205,18.63071454772485,18.67528533935547,7053063
2006-04-28,18.7198543548584,18.86471086857432,18.58614199265308,18.7198543548584,3254602
2006-05-01,18.7198543548584,18.7198543548584,18.7198543548584,18.7198543548584,0
2006-05-02,18.730998300016307,19.031854044348812,18.730998300016307,18.987281799316406,2427450
2006-05-03,18.998432159107477,19.13214457391304,18.575006602901727,18.619577407836914,2731275
2006-05-04,18.953856188838365,19.031856536865234,18.786715703053183,19.031856536865234,3228730
2006-05-05,19.109857501272934,19.477569519172228,19.109857501272934,19.455284118652344,4468669
2006-05-08,19.4998558829248,19.71156865298226,19.477570481304085,19.644712448120117,2811355
2006-05-09,19.566712012017124,19.600141568979424,19.087572969705835,19.243572235107422,2694931
2006-05-10,19.165564177509545,19.221277658969086,18.87585261925985,18.886995315551758,2442714
2006-05-11,18.786713419349205,18.93156848942118,18.21843147277832,18.21843147277832,4030488
2006-05-12,18.151575642948465,18.151575642948465,17.405009063894976,17.505294799804688,6547054
2006-05-15,17.36044040952836,17.70586699679018,17.171013066964825,17.237869262695312,5919760
2006-05-16,17.182162351373833,17.505303663903803,16.981592232652723,17.003877639770508,4951477
2006-05-17,17.193295946912894,17.405008657039673,16.691871643066406,16.691871643066406,7096457
2006-05-18,16.74758479744717,17.08186862978699,16.435587814635547,16.5804443359375,5793233
2006-05-19,16.524732908621125,16.89244342443877,16.524732908621125,16.636159896850586,3879226
2006-05-22,16.68072586891885,16.69186856451989,16.034445160078455,16.145872116088867,3812629
2006-05-23,16.736443692021776,17.527581103729965,16.736443692021776,17.315868377685547,8534133
2006-05-24,17.182157454721292,17.683583335955866,17.059587750503965,17.527584075927734,6751839
2006-05-25,17.549869628053706,17.705868889427254,17.40501306715965,17.583297729492188,3906877
2006-05-26,17.81729577136781,17.81729577136781,17.44958520341933,17.538726806640625,3454254
2006-05-29,17.650152431117334,17.77272211586473,17.53872399032294,17.728151321411133,994018
2006-05-30,17.82843379607981,17.917576830583055,17.393865685024696,17.42729377746582,3794355
2006-05-31,17.33815313494395,17.71700777907852,17.226726154116328,17.594436645507812,3509010
2006-06-01,17.694723701666778,17.895292282104492,17.561009860047868,17.895292282104492,2846947
2006-06-02,18.162720900187537,18.352148246122407,17.928722756305756,18.062435150146484,4612471
2006-06-05,18.084715039080375,18.107000429471388,17.806144749872853,17.81728744506836,1331929
2006-06-06,17.561012794660467,17.583298196210983,17.17101535820509,17.215587615966797,3821048
2006-06-07,17.327012438684708,17.6724390284788,16.881301554559716,17.639009475708008,6032557
2006-06-08,17.126444555104058,17.561012794660467,17.126444555104058,17.215587615966797,5765144
2006-06-09,17.494154872532896,17.59443916966488,17.14872827309056,17.2935848236084,4555389
2006-06-12,17.18215820789592,17.41615783552573,17.18215820789592,17.27130126953125,3243924
2006-06-13,16.99272770669363,17.271296607963606,16.814443086203138,17.137582778930664,5172894
2006-06-14,17.226723269223594,17.471864040651916,16.970438346918456,17.405006408691406,4114812
2006-06-15,17.460723514956435,17.91757702595376,17.460723514956435,17.828433990478516,3426063
2006-06-16,18.05128389357968,18.129282753011978,17.44957549721089,17.471860885620117,3430374
2006-06-19,17.416153183821812,17.728150179562046,17.416153183821812,17.494152069091797,3764444
2006-06-20,17.382720843444837,17.51643465137644,17.059581201711893,17.349292755126953,4523562
2006-06-21,17.349294922666612,17.772720336914062,17.171010308037122,17.772720336914062,3741721
2006-06-22,17.951010550764117,18.09586566342186,17.50529960249581,17.705869674682617,3201215
2006-06-23,17.58329670716917,17.85072441244959,17.58329670716917,17.739295959472656,2980550
2006-06-26,17.81729492025036,17.895293819343056,17.583296768311726,17.761581420898438,2257092
2006-06-27,17.85072050919185,17.873005903982175,17.32700936763844,17.382722854614258,2326495
2006-06-28,17.260149996862957,17.40500503625833,17.115293502807617,17.115293502807617,3827140
2006-06-29,17.327014623719375,17.34930002526989,17.126444555104058,17.215587615966797,3684296
2006-06-30,17.44957840792427,17.739289960229993,17.327007296567967,17.650148391723633,3052211
2006-07-03,17.583289391302806,17.828430140263865,17.583289391302806,17.81728744506836,1893652
2006-07-04,17.90643046129235,17.90643046129235,17.650147017135783,17.81728744506836,1089909
2006-07-05,17.750438704873325,17.76158140473357,17.293585101282222,17.393869400024414,2217121
2006-07-06,17.371584845940063,17.6055830090566,17.3604421455374,17.538726806640625,3094373
2006-07-07,17.293589674375315,17.360445891216145,17.09301956919189,17.126447677612305,4207006
2006-07-10,17.08187327281581,17.42729844181948,17.07073057235313,17.204442977905273,2393981
2006-07-11,17.10415145783055,17.159864936639504,16.81443991336397,16.859010696411133,4565792
2006-07-12,17.27129817726509,17.471868211708514,16.959299699392908,17.0150146484375,5506835
2006-07-13,16.959294145926723,16.970436841154786,16.46901264657209,16.747581481933594,5324567
2006-07-14,16.469018037747702,16.691873469921195,16.212734508947246,16.313018798828125,4232536
2006-07-17,16.391014099121094,16.5247278991213,16.235014908230852,16.391014099121094,4467164
2006-07-18,16.357592157425348,16.814445751605614,16.179307508673425,16.54701805114746,4952982
2006-07-19,17.059580563439237,17.683575886006903,16.881295977754185,17.605575561523438,9224258
2006-07-20,17.694722771044532,17.739293564353236,17.048441904087248,17.226726531982422,6076909
2006-07-21,16.89244632073827,17.048445585666837,16.223879912750984,16.446735382080078,8439817
2006-07-24,16.491299610132632,16.703012294321027,16.31301501481713,16.64729881286621,4760243
2006-07-25,16.76987117812105,16.870156915582324,16.51358766741386,16.758729934692383,2979113
2006-07-26,16.870157994432706,16.870157994432706,16.50244602465998,16.625017166137695,3490119
2006-07-27,16.68072816286279,16.948154348724394,16.491300856934927,16.91472625732422,3907630
2006-07-28,16.981583554168946,17.137582778930664,16.825585784067524,17.137582778930664,3685596
2006-07-31,17.215585192918123,17.31586948578069,17.048443250153372,17.19329833984375,3449258
2006-08-01,17.360437120818265,17.427293303883715,16.903583627217277,16.93701171875,2920319
2006-08-02,17.08187327281581,17.29358603626734,16.903588610752315,17.204442977905273,3343922
2006-08-03,17.30472470155677,17.30472470155677,17.003868949897722,17.137582778930664,2405343
2006-08-04,17.393868316399676,17.416155169392265,17.104156683421596,17.17101287841797,2644077
2006-08-07,16.87015553568455,17.026154750830806,16.87015553568455,16.93701171875,1515223
2006-08-08,17.115296631451034,17.126439328826002,16.836727742416567,17.037296295166016,2674261
2006-08-09,16.992725025076126,17.3938635395508,16.90358200156837,17.349292755126953,3283691
2006-08-10,16.903584669118235,17.20443896611699,16.903584669118235,17.137582778930664,2961386
2006-08-11,17.20444065776919,17.226727510349647,17.037298718708605,17.059585571289062,1311737
2006-08-14,17.115296596775572,17.405008182598053,17.070725807365992,17.360437393188477,2139642
2006-08-15,17.34930033420369,17.817296684419343,17.33815763323002,17.705869674682617,3625365
2006-08-16,17.806147780432028,18.09585935948325,17.705863506604366,18.040145874023438,5056607
2006-08-17,18.19614803039699,18.653001594363797,18.118149138140364,18.586145401000977,5059619
2006-08-18,18.59728892860056,18.59728892860056,18.240719638789056,18.363290786743164,3243103
2006-08-21,18.40785875492321,18.40785875492321,18.129288403661683,18.20728874206543,1502766
2006-08-22,18.341001945005488,18.563857345638333,18.017860814024743,18.485857009887695,2295490
2006-08-23,18.31872313767869,18.407864748122368,18.140438462130582,18.285293579101562,2834490
2006-08-24,18.2852855380169,18.363285867514666,18.0624301552492,18.151573181152344,2378923
2006-08-25,18.20729440497212,18.37443637678216,18.11815279582582,18.185009002685547,1068828
2006-08-28,18.207291509542742,18.374433454772895,18.118149914572253,18.352148056030273,974649
2006-08-29,18.508144935686413,18.77557114106884,18.40785919950531,18.69757080078125,4679341
2006-08-30,18.820143003031877,19.00957033355849,18.742144112969314,18.909284591674805,3466095
2006-08-31,18.998422657732377,19.076421527360633,18.7532804438664,19.009565353393555,3913448
2006-09-01,19.143282716522883,19.143282716522883,18.820143003031877,18.909284591674805,2999235
2006-09-04,18.96499759289439,18.987281533107776,18.842426466429224,18.89813995361328,774859
2006-09-05,18.875856495933707,18.942714142076294,18.653001069665994,18.909284591674805,2232794
2006-09-06,19.4998522658647,19.522137663351657,19.27699683633471,19.354995727539062,7379064
2006-09-07,19.288136420247824,19.47756372295687,19.154422602259036,19.432992935180664,4506930
2006-09-08,19.65585339507149,19.834138046789832,19.57785304169815,19.700424194335938,4194549
2006-09-11,19.62241918960943,19.8007052537269,19.43299333763756,19.56670570373535,2378581
2006-09-12,19.70041599859022,20.079269089388532,19.63355982750698,19.978984832763672,3457882
2006-09-13,20.201847076416016,20.302132821881145,20.112705484589625,20.201847076416016,3214493
2006-09-14,20.19069749585388,20.33555398786085,19.834129795416647,19.978984832763672,3045093
2006-09-15,19.990137039758984,20.201849803587503,19.822995077860547,19.967851638793945,4541973
2006-09-18,20.05699259221081,20.05699259221081,19.689280605559997,19.90099334716797,1746839
2006-09-19,19.86756791898793,19.889853320608644,19.522141284545512,19.644712448120117,2919771
2006-09-20,19.666990586311243,19.834132491398286,19.533276771309584,19.767274856567383,2675835
2006-09-21,19.8118458133411,19.978987719862282,19.711561542224484,19.822988510131836,2525121
2006-09-22,19.566702566556614,19.600132107381427,19.276991031801373,19.321561813354492,3452543
2006-09-25,19.232427802095902,19.700424101488053,19.22128364767176,19.666996002197266,3984356
2006-09-26,19.856415109236814,20.346696604610578,19.856415109236814,20.26869773864746,5624902
2006-09-27,20.39127090292681,20.44698438822607,20.034703142351358,20.313270568847656,3092936
2006-09-28,20.268701952449955,20.814697037022405,20.268701952449955,20.402414321899414,3643572
2006-09-29,20.469273288424816,20.714414120390693,20.469273288424816,20.547273635864258,2415336
2006-10-02,20.580698700078557,20.61412679205801,20.212986778984106,20.32441520690918,3079042
2006-10-03,20.157272642577524,20.357842642649057,20.045844218244373,20.257556915283203,4064026
2006-10-04,20.279845218948623,20.44698715209961,20.15727553472218,20.44698715209961,3704761
2006-10-05,20.636411430306314,20.758982551065166,20.524984461125698,20.558412551879883,3075277
2006-10-06,20.513842505542748,20.792412867635434,20.491558563981314,20.65869903564453,3062273
2006-10-09,20.513846833123285,20.80355995444444,20.502705587322385,20.6921329498291,2401989
2006-10-10,20.781269073486328,20.91498144376469,20.747840980916738,20.781269073486328,2864742
2006-10-11,20.79241271446485,20.94841194152832,20.65869888345897,20.94841194152832,3298954
2006-10-12,21.171261635724264,21.38297576492793,21.148977698817593,21.282690048217773,4036785
2006-10-13,21.44983666600844,21.55012095015579,21.31612283248496,21.42755126953125,3105051
2006-10-16,21.6169807714914,21.69497966701754,21.29383958070496,21.516695022583008,3051595
2006-10-17,21.416403534439358,21.594688118987055,21.126691993711855,21.182405471801758,3879363
2006-10-18,20.59184026606413,20.647553749635584,19.767274890565982,19.778417587280273,16017576
2006-10-19,19.778416889241058,20.07927114456903,19.354991519721636,20.023557662963867,8551381
2006-10-20,19.967843940346715,20.079270902212116,19.778416650515457,19.945558547973633,5710252
2006-10-23,19.978989658445716,20.190702372672558,19.75613424634695,20.16841697692871,2710879
2006-10-24,20.012424264489717,20.146138137126165,19.73385527237962,19.934425354003906,3182393
2006-10-25,19.756132329387423,19.956702326280812,19.756132329387423,19.822988510131836,2825729
2006-10-26,19.845272827634698,20.17955662255105,19.845272827634698,19.945558547973633,2499112
2006-10-27,20.15727511979492,20.391273239525418,20.1238470247849,20.30213165283203,3483480
2006-10-30,19.856419754645337,20.16841674614943,19.856419754645337,20.090417861938477,2978497
2006-10-31,20.090422798762305,20.2909928621083,19.967851638793945,19.967851638793945,2532581
2006-11-01,19.967845648161365,20.279842622729113,19.878704071044922,19.878704071044922,2908410
2006-11-02,19.822988257570888,20.146129369705438,19.68927589778567,20.068130493164062,3192386
2006-11-03,20.090417108774318,20.257557568674766,19.990131378173828,19.990131378173828,2475772
2006-11-06,20.05698542648568,20.424695827104742,20.05698542648568,20.380125045776367,2977470
2006-11-07,20.513840309547465,20.647554127224378,20.368985249612663,20.558412551879883,3280747
2006-11-08,20.435841691166218,20.480412479405626,20.190700901189285,20.313270568847656,2816010
2006-11-09,20.491562951498366,20.591847255968506,20.2352779307534,20.34670639038086,3285128
2006-11-10,20.29098817418834,20.402415153270052,20.16841704253815,20.190702438354492,2306646
2006-11-13,20.268703975042968,20.5584155924204,20.212989027552382,20.44698715209961,1741432
2006-11-14,20.491560123471743,21.026412582819127,20.48041596985242,20.8927001953125,4229524
2006-11-15,21.17126827843094,21.460981369018555,21.09326938347453,21.460981369018555,4171073
2006-11-16,21.249270636331254,21.550124999971832,21.115556777679544,21.137842178344727,4674345
2006-11-17,21.226973940383402,21.583543070610236,21.226973940383402,21.505542755126953,5521550
2006-11-20,21.416401498242735,22.0069672191668,21.21583154152857,21.90668296813965,3631868
2006-11-21,22.040403594971945,22.44154217818336,22.006974046265704,22.1184024810791,4804595
2006-11-22,22.285546487211867,22.3969734777711,22.07383375048888,22.174118041992188,2580150
2006-11-23,22.185255615302676,22.263254490673052,21.772972936167605,21.895544052124023,1942042
2006-11-24,21.750690361842747,21.884404191608414,21.316122233429702,21.717262268066406,3196971
2006-11-27,21.583552543900513,21.83983608232341,21.093269410982277,21.115554809570312,3663489
2006-11-28,20.93726911488028,21.327266479908896,20.73670053765913,20.903841018676758,4593307
2006-11-29,20.937270166205543,21.26041135505303,20.92612892157201,21.115554809570312,2817789
2006-11-30,21.14898330015676,21.360696030772832,20.836984826269706,20.903841018676758,2322662
2006-12-01,20.926125529034298,21.19355172339615,20.680983274987334,20.758983612060547,2429641
2006-12-04,20.703271497938072,21.037555377547278,20.569559109822748,20.926128387451172,2248879
2006-12-05,21.015266384847784,21.10440796167692,20.74784019970018,21.00412368774414,2187826
2006-12-06,21.01527235361439,21.160128911764154,20.792416893585848,21.093271255493164,2140258
2006-12-07,21.160119195810662,21.694971472430293,21.082118875086174,21.360689163208008,4582424
2006-12-08,21.249267578125,21.38298141753254,20.959555956512467,21.249267578125,2572621
2006-12-11,21.30497952111065,21.505549538293497,21.249266031521053,21.371835708618164,1848137
2006-12-12,21.21583854357648,21.27155203475695,20.992983124194257,21.082124710083008,2937156
2006-12-13,21.07098037211671,21.304978471525448,20.94841070105797,21.1712646484375,3042219
2006-12-14,21.19355515928892,21.24926865575901,20.859271271147417,21.115554809570312,3187526
2006-12-15,21.260409501979115,21.483264923095703,21.171266460736266,21.483264923095703,4112690
2006-12-18,21.438693837534213,21.527835422901454,21.304980004823015,21.382980346679688,2232863
2006-12-19,21.115551755897037,21.293836373478776,20.792412068441614,20.881553649902344,3584299
2006-12-20,20.825839863579116,20.870410653671904,20.703268736163697,20.781269073486328,3386220
2006-12-21,20.56955829098644,20.848127209797827,20.40241635783545,20.44698715209961,3589500
2006-12-22,20.313266538968794,20.547266040123713,20.246410369873047,20.246410369873047,2105625
2006-12-27,20.71441526713895,20.825843717652347,20.64755906962722,20.792415618896484,1664500
2006-12-28,20.87041464070366,21.015271190838504,20.703272691265074,20.836986541748047,1063421
2006-12-29,20.859267137341423,21.02640904828866,20.836981743169815,20.99298095703125,720035
2007-01-01,20.99298095703125,20.99298095703125,20.99298095703125,20.99298095703125,0
2007-01-02,21.070986708855173,21.082129409575128,20.814703137635586,20.87041664123535,1769289
2007-01-03,20.881553748834865,20.94841138990744,20.491557873436168,20.914981842041016,3734192
2007-01-04,20.658701954182302,20.892701556889524,20.54727495733175,20.859272003173828,2447847
2007-01-05,20.848126592464688,21.360695075306047,20.848126592464688,21.082124710083008,3600862
2007-01-08,21.126697122105373,21.483264923095703,21.126697122105373,21.483264923095703,3125995
2007-01-09,21.483263084089305,21.772974670342922,21.160123405728754,21.1712646484375,4340199
2007-01-10,21.05983713954607,21.148980170892685,20.914980622770436,20.99298095703125,2709031
2007-01-11,21.137837402455432,21.33840741778584,20.94841153960032,21.30497932434082,2480769
2007-01-12,21.07098037211671,21.316121168894426,20.903838456921832,21.1712646484375,2950914
2007-01-15,21.349552890276765,21.527837533147768,21.338410191013608,21.449838638305664,2294121
2007-01-16,21.505551742859254,21.616980188121442,20.892700385228803,20.959556579589844,4763186
2007-01-17,22.17411343528525,22.786966120021255,21.895544562099847,22.720109939575195,13317442
2007-01-18,22.831541091374316,22.954112232649468,21.70612124097326,21.984691619873047,10528536
2007-01-19,21.70611957014096,22.029259264639226,21.483264156971714,21.717262268066406,7676798
2007-01-22,21.76183567233456,21.828693322573987,21.349552890276765,21.449838638305664,3800241
2007-01-23,21.50555232322213,21.70612236637842,21.271554181983205,21.516695022583008,4507614
2007-01-24,21.550124911179196,21.91783692996086,21.293841349924943,21.8398380279541,5106093
2007-01-25,21.928973159496124,22.05154428114221,21.694975067862856,21.750688552856445,3738436
2007-01-26,21.449836321205925,21.895547152905674,21.349550584010306,21.80640411376953,3345085
2007-01-29,21.795254264273854,21.873254579757134,21.483257366320256,21.505542755126953,2558795
2007-01-30,21.505553269209933,21.817551774359703,21.483267869507888,21.69498062133789,2318145
2007-01-31,21.52783649057168,21.672693028637923,21.338409157611334,21.594694137573242,3514006
2007-02-01,21.78411898914341,21.873260568777656,21.5055486434659,21.561262130737305,3259461
2007-02-02,21.750694089635985,21.795264888976646,21.561266737777636,21.683837890625,2439702
2007-02-05,21.60583370340644,21.717262136646916,21.4609786312522,21.672691345214844,3231741
2007-02-06,21.59468789241506,21.828685952597546,21.538972960249716,21.57240104675293,2661873
2007-02-07,21.717263365244722,22.006974980603175,21.616979078849234,21.94011878967285,2649347
2007-02-08,21.984685128158624,22.10725477858057,21.772971004473472,21.8843994140625,2480906
2007-02-09,22.062688043062906,22.263256598720883,21.89554612535434,21.95125961303711,2909231
2007-02-12,21.561262961642726,21.628120603605144,21.29383675777395,21.349550247192383,3342142
2007-02-13,21.33840656363238,21.505548478827258,21.104408464223642,21.1712646484375,3299433
2007-02-14,21.5278323936743,21.973543167114258,21.50554700046831,21.973543167114258,5532159
2007-02-15,22.10725649713057,22.118399193489672,21.750687304319072,21.81754493713379,3046531
2007-02-16,21.928969239315347,22.073825729063277,21.862113069274727,22.04039764404297,2726347
2007-02-19,22.05154305003957,22.05154305003957,21.8064008204333,21.82868766784668,1843209
2007-02-20,21.951257293443028,21.99582807887944,21.52783192247691,21.81754493713379,2660298
2007-02-21,21.873260535020336,21.873260535020336,21.394121635905236,21.550119400024414,3748976
2007-02-22,21.694974661833008,21.7506881457839,21.49440466494964,21.616975784301758,2972063
2007-02-23,21.58354689290051,21.85097306059996,21.58354689290051,21.82868766784668,2499043
2007-02-26,21.828690787564867,21.862118881472266,21.349550410911167,21.405263900756836,3368083
2007-02-27,21.28269947719495,21.32727028007476,20.66984657361553,20.87041664123535,5496500
2007-02-28,20.44698510756592,21.160123563125936,20.43584241011406,20.736698150634766,5426618
2007-03-01,20.61413349752832,20.669847002283518,19.52214153102298,20.112709045410156,9462514
2007-03-02,20.16841958534107,20.33556152969694,19.778422200064202,19.90099334716797,4183324
2007-03-05,19.51099684280148,19.778423093048723,19.254713292370347,19.700424194335938,5215741
2007-03-06,19.834137275602387,19.967849668196752,19.510996084178352,19.5889949798584,3961222
2007-03-07,19.6447079209715,19.811848394609108,19.499851389158557,19.555564880371094,3125173
2007-03-08,19.64470597645406,20.068131377077563,19.555562944677416,19.878704071044922,4439512
2007-03-09,19.789563908987837,19.93442044746816,19.600138030146418,19.711565017700195,3331191
2007-03-12,19.778426078371513,20.04585236898364,19.644713660395837,19.934425354003906,4402689
2007-03-13,20.02356676465923,20.02356676465923,19.46642878604082,19.477571487426758,3262883
2007-03-14,19.020717855305776,19.611283939138392,19.009575153899906,19.109859466552734,4972284
2007-03-15,19.421849219073373,19.622419223223858,19.243566063970906,19.577848434448242,4278325
2007-03-16,19.611284101241147,19.934425354003906,19.41071547427763,19.934425354003906,5060988
2007-03-19,20.00127702650511,20.02356242444651,19.61127965320976,19.845277786254883,3230851
2007-03-20,19.68927783381873,20.1015605596829,19.555564006225385,20.090417861938477,2986969
2007-03-21,19.967844870177608,20.25755643917855,19.811845661641645,20.101558685302734,2322594
2007-03-22,20.458125862200017,20.524983495222244,20.224127783272476,20.39126968383789,3063299
2007-03-23,20.446986284592146,20.658699003024925,20.224130868066077,20.64755630493164,3454049
2007-03-26,20.636411430306314,20.758982551065166,20.46926952187522,20.558412551879883,3708046
2007-03-27,20.770131918576055,20.770131918576055,20.279848732740128,20.34670639038086,3438443
2007-03-28,20.212986295308987,20.435841691166218,20.146130112949876,20.313270568847656,1933008
2007-03-29,20.45812888556718,20.81469813218032,20.246416168139437,20.61412811279297,3551787
2007-03-30,20.536131095103087,20.77012922990322,20.480416145171283,20.60298728942871,2203979
2007-04-02,20.70326857039368,20.892697336091786,20.614126990921854,20.725555419921875,2242514
2007-04-03,20.792412068441614,20.903839045267528,20.69212778929829,20.881553649902344,2008913
2007-04-04,20.948415272625258,21.126699924096126,20.736702521752452,20.937271118164062,2290288
2007-04-05,21.070976179934096,21.382974553512167,20.99297731386955,21.360689163208008,3395939
2007-04-10,21.260404341127625,21.304975123599547,21.037548974108006,21.182405471801758,2512390
2007-04-11,21.23812759827154,21.33841189967015,20.948415939570527,21.01527214050293,3644530
2007-04-12,20.93727095319277,21.293840253324984,20.781273157212894,21.238126754760742,3311890
2007-04-13,21.282697335354865,21.438696584395483,20.981842991532734,21.160127639770508,3600246
2007-04-16,21.238123815797586,21.460979233876024,21.17126617211182,21.382980346679688,2333339
2007-04-17,21.360694268076145,21.382979663706156,21.10440930901041,21.30497932434082,3237011
2007-04-18,21.79526137232386,22.49725571265451,21.79526137232386,22.474971771240234,10717511
2007-04-19,22.062691905737985,22.4081170445075,22.029262352615316,22.3189754486084,4462167
2007-04-20,22.508401184607177,23.032110932376263,22.363544646971715,22.775827407836914,5644271
2007-04-23,22.731259294246765,22.786972794270167,22.39697538478522,22.530689239501953,2876241
2007-04-24,22.753543729036203,22.864970724356194,22.5529736827997,22.708972930908203,2626761
2007-04-25,22.786966768874887,22.80925216299148,22.330113280164376,22.45268440246582,3338788
2007-04-26,22.653250533241476,22.708965467250398,22.26325326847919,22.441537857055664,3371094
2007-04-27,22.385831033365225,22.474974081487105,22.06269130240713,22.263259887695312,3224349
2007-04-30,22.36354612115608,22.48611726949054,22.129547978572568,22.274404525756836,2487476
2007-05-02,22.497254001021833,22.53068354725066,22.174114327864974,22.207542419433594,4306867
2007-05-03,22.44154348295235,22.50840112959167,22.029260723094865,22.40811538696289,3272534
2007-05-04,22.38582815005009,22.642111652902575,22.30782926581768,22.43039894104004,2176670
2007-05-07,22.530688382094628,22.60868727915913,22.30783293582124,22.385831832885742,1464916
2007-05-08,22.27440075091769,22.27440075091769,21.884403427817784,21.95125961303711,3579576
2007-05-09,21.906693373167894,22.096120725295847,21.616981722380725,21.69498062133789,4170457
2007-05-10,21.895549518152933,21.917834916679247,21.37183828880308,21.449838638305664,3708252
2007-05-11,21.115552969122206,21.51669301806414,21.115552969122206,21.483264923095703,3806812
2007-05-14,21.505552134621453,21.561265630937243,21.28269669469782,21.449838638305664,2734150
2007-05-15,21.23812290704471,21.405263372456552,21.115551777749083,21.226980209350586,3741652
2007-05-16,21.004128491186634,21.004128491186634,20.69213144627373,20.836986541748047,5181039
2007-05-17,20.859267469706303,21.215836691453845,20.859267469706303,21.104408264160156,2317186
2007-05-18,20.98184404003673,21.22698489811614,20.970701339881327,21.01527214050293,2362839
2007-05-21,21.02640938331673,21.160123205137108,20.881552864232997,21.104408264160156,2242034
2007-05-22,21.059842849111277,21.126700504412163,20.89270234751052,20.981843948364258,3176301
2007-05-23,20.959553688517733,21.0821233612729,20.758983678439936,20.781269073486328,2651401
2007-05-24,20.747842009635814,20.937267876922274,20.491558499234987,20.63641357421875,2579876
2007-05-25,20.524988396048816,20.714414279971418,20.513844242334095,20.60298728942871,2087145
2007-05-28,20.491560298886004,20.658700784700063,20.458130747062743,20.60298728942871,491225
2007-05-29,20.614129829674834,20.881556059577566,20.53613093689583,20.547273635864258,2788700
2007-05-30,20.502700153749487,20.502700153749487,20.11270283163061,20.435842514038086,3308604
2007-05-31,21.405266386592555,22.307832300210727,21.28269669469782,21.449838638305664,12584470
2007-06-01,21.56126676846505,21.96240687242301,21.52783866891198,21.69498062133789,3728188
2007-06-04,21.80640272694352,21.80640272694352,21.449834957056627,21.49440574645996,2469886
2007-06-05,21.360694677914434,21.405264015369305,20.914982392781614,20.94841194152832,4511789
2007-06-06,20.903834802544768,21.026405906836047,20.692123589545254,20.74783706665039,3640834
2007-06-07,20.859267469706303,21.30497826956062,20.859267469706303,21.104408264160156,5802446
2007-06-08,20.848127420273926,21.438694814217396,20.747843132167127,21.215839385986328,4065395
2007-06-11,21.360692423636724,21.62811860276563,21.238121303595054,21.32726287841797,2942358
2007-06-12,21.21584011263429,21.449838247558386,20.859270833387832,20.959556579589844,3285470
2007-06-13,21.004124898670085,21.382979531355964,20.881553768803375,21.260408401489258,3483617
2007-06-14,21.483264241201084,21.55012042901589,21.271551525127226,21.405263900756836,2624091
2007-06-15,21.561264191127332,22.352401604623175,21.438694507417505,22.307830810546875,8498679
2007-06-18,22.619827916086017,22.942969083779165,22.374687093005207,22.68668556213379,5157837
2007-06-19,22.675545886802936,22.731259387053804,22.38583277617727,22.564117431640625,2766387
2007-06-20,22.47496650790019,22.887247693389686,22.47496650790019,22.619821548461914,3511884
2007-06-21,22.363538098961968,22.697820416456686,22.27439653553937,22.619821548461914,3177602
2007-06-22,22.75354038269564,23.399821224485265,22.75354038269564,23.21039390563965,6139672
2007-06-25,23.165824114062033,23.377536837833127,22.95411139029094,23.05439567565918,3874024
2007-06-26,22.85382908760571,23.02097104301889,22.508403931389758,22.564117431640625,3283075
2007-06-27,22.396973708241987,22.675544096827526,22.385831009071403,22.608686447143555,2398293
2007-06-28,22.887253455185032,23.332965748484646,22.330115634216114,22.954111099243164,7402130
2007-06-29,22.898389638032135,22.965247263066953,22.731249212094912,22.842676162719727,2355858
2007-07-02,22.608684957977477,23.210395037537594,22.608684957977477,23.098966598510742,3153578
2007-07-03,22.998681060676155,23.28839265891929,22.976395665015936,23.165822982788086,2167978
2007-07-04,22.99868115847163,23.27725006006919,22.99868115847163,23.199251174926758,1327480
2007-07-05,23.29953816719013,23.29953816719013,22.931827639782192,22.965255737304688,1721993
2007-07-06,23.087821793985782,23.143536735747034,22.87611054300192,23.032108306884766,2058672
2007-07-09,23.17696581195989,23.232679301426156,22.965253097327764,23.21039390563965,2318898
2007-07-10,23.110110394502904,23.27725086846992,22.842682726834983,22.976396560668945,3541247
2007-07-11,22.642112471432903,22.764683605746583,22.385828959315567,22.55297088623047,3345564
2007-07-12,22.396969124839487,22.876109455102878,22.352398337278288,22.82039451599121,4393449
2007-07-13,23.176965779171777,23.399821191381882,23.110109591906834,23.199251174926758,3773821
2007-07-16,23.25496482849121,23.377535960669242,23.232679432578898,23.25496482849121,2007338
2007-07-17,23.455536818656828,23.81210609255712,23.009825953611678,23.622678756713867,6230977
2007-07-18,23.076686439749263,24.50296080144192,23.076686439749263,23.45553970336914,12165385
2007-07-19,23.845533871507424,24.603241750123956,23.767534980294965,24.369243621826172,6549381
2007-07-20,24.257809943945155,24.58094957307638,24.179809619585196,24.51409339904785,5597524
2007-07-23,24.41381490119975,24.61438347063212,24.24667297201242,24.53638458251953,4328495
2007-07-24,24.53638458251953,24.71467066466901,24.447242996105146,24.53638458251953,4421374
2007-07-25,24.346953292315153,25.10466101744098,24.31352520285285,24.803808212280273,6305103
2007-07-26,24.837238683759956,25.115806122661827,24.48066945264505,24.625524520874023,6837943
2007-07-27,24.291241847180622,24.770382200306038,24.101814536346897,24.190956115722656,6633773
2007-07-30,24.07952969075992,24.45838432106909,24.068386993083784,24.22438621520996,3951845
2007-07-31,24.413812603869484,24.547524970908785,24.190955749483557,24.40266990661621,3079658
2007-08-01,24.04610054941001,24.291241342258036,23.890101334084825,24.023815155029297,5815588
2007-08-02,24.057246032299286,24.179815715586106,23.756390264001805,23.8232479095459,4213166
2007-08-03,23.91238855107631,24.06838777829181,23.522391210367715,23.656105041503906,3044683
2007-08-06,23.388675655509807,23.52238801381496,23.165820270341094,23.377532958984375,4456486
2007-08-07,23.56696704147659,23.82325059002705,23.500109388409985,23.578109741210938,2583778
2007-08-08,23.667244987678146,24.0349568895524,23.533532626749434,23.856672286987305,4533897
2007-08-09,23.95695379832109,24.135238380351364,23.29953040216319,23.734098434448242,5323814
2007-08-10,23.28838593455797,23.4778131976343,22.541821031525256,22.697818756103516,6508109
2007-08-13,23.065537541050592,23.321821049063324,22.798111335066015,23.2661075592041,4050474
2007-08-14,23.266110327638177,23.823249656505332,22.675544355538367,23.410966873168945,3553156
2007-08-15,23.17696720829541,23.17696720829541,22.49725677721542,22.68668556213379,5560974
2007-08-16,22.285547542467235,22.330118340801423,21.828693950220764,22.02926254272461,5065437
2007-08-17,21.65040774705747,22.954112232649468,21.438695015517048,21.984691619873047,9218098
2007-08-20,22.20754278441089,22.731253924906984,22.018116929075532,22.664396286010742,4154715
2007-08-21,22.608678177632676,23.176959991455078,22.430393601453495,23.176959991455078,4018168
2007-08-22,23.266104402711953,23.667244384596664,23.098962501149973,23.332962036132812,3129417
2007-08-23,23.611533000714243,23.65610379051586,23.288391865332013,23.3886775970459,1868328
2007-08-24,23.087819940002962,23.566960254576802,23.087819940002962,23.377532958984375,2574538
2007-08-27,23.56696704147659,23.84553598949574,23.422110490269574,23.578109741210938,1686402
2007-08-28,23.57810295110223,23.70067261288196,23.34410486940809,23.377532958984375,2468175
2007-08-29,23.188108557333795,23.722960966625763,23.110109671921307,23.56696319580078,1719050
2007-08-30,23.84553260012082,24.135244206695056,23.700676069503533,24.079530715942383,2638122
2007-08-31,24.124098097200868,24.402668420892798,24.0795273109014,24.213239669799805,2403769
2007-09-03,24.31352342230226,24.592092268747802,24.190952315256617,24.51409339904785,1752314
2007-09-04,24.413811560542015,25.071233579710647,24.3692393187735,25.015520095825195,3705172
2007-09-05,25.015521637433512,25.204950403638104,24.803810385621862,24.89295196533203,4591596
2007-09-06,24.926384897504,25.84009208558228,24.926384897504,25.61723518371582,5058934
2007-09-07,25.52809115207895,25.617232740595664,24.681240242528617,24.736953735351562,4502549
2007-09-10,24.658962018500056,25.294101840080433,24.469536087799504,24.569820404052734,4260804
2007-09-11,24.915242809872584,25.17152781691601,24.647815102928185,24.792673110961914,2661257
2007-09-12,25.12694861207122,25.249521193493187,24.480669249852017,24.89295196533203,2993418
2007-09-13,24.68123854288295,24.73695203186925,24.257814571926787,24.313528060913086,4378254
2007-09-14,24.302381411320315,24.35809489124708,23.834385270615392,24.268953323364258,3956568
2007-09-17,24.202096007775207,24.202096007775207,23.734098434448242,23.734098434448242,3775669
2007-09-18,23.63382089176026,24.302387173377582,23.55582054670898,24.280101776123047,4006943
2007-09-19,24.759234890965857,25.060090609990823,24.547523654507,24.92637825012207,3800446
2007-09-20,24.50295249779934,24.89294978417974,24.346953292315153,24.803808212280273,3480058
2007-09-21,24.81495203173637,25.516944851532696,24.80380933474469,25.505802154541016,5175837
2007-09-24,25.338666857512475,25.7620923387077,25.071239165955138,25.672950744628906,2662215
2007-09-25,25.405517691701917,25.884656568082892,25.249519934984498,25.773229598999023,4366550
2007-09-26,26.040657144984962,26.430651535443577,25.973798054443154,26.074085235595703,3464042
2007-09-27,25.962653734165798,26.118654389915083,25.416658712343686,25.516942977905273,4936419
2007-09-28,25.51694881760487,26.029515868210353,25.360951035474752,25.906946182250977,4951203
2007-10-01,24.868956980516266,25.739100725745285,24.868956980516266,25.449052810668945,2984443
2007-10-02,25.943206139699235,26.072116133865737,25.513504055530195,25.782068252563477,3702083
2007-10-03,25.588697941291482,25.900231029407937,25.223451707737624,25.35236167907715,3529141
2007-10-04,24.96563951455643,25.06232162864427,24.514452108251195,24.557422637939453,5295983
2007-10-05,24.654099394542516,24.70781096383304,23.902121647372212,24.632614135742188,4299757
2007-10-08,24.77226187031073,24.868945515905384,24.353304139197174,24.61112403869629,2192575
2007-10-09,24.68632839105622,24.825982588453584,24.15994580401572,24.21365737915039,3568873
2007-10-10,24.041779361144044,24.202917248106242,23.751729902443667,23.837669372558594,5695767
2007-10-11,23.687272140348842,24.084746297959295,23.63356056764961,23.708757400512695,4379375
2007-10-12,23.461680999242805,23.65504677071472,23.21460365293069,23.601333618164062,5497492
2007-10-15,23.740991273310915,24.052526046480796,23.63356652313182,23.79470443725586,4006541
2007-10-16,23.794695956271305,24.20291270133332,23.386479211209284,24.170684814453125,5395236
2007-10-17,25.51349943493552,26.64146444060695,25.15899740960698,26.158052444458008,13495097
2007-10-18,26.577015674355877,27.060429318290513,25.90023467959482,26.51255989074707,5283663
2007-10-19,26.21176800879946,26.695183234081153,25.9969185505748,26.061372756958008,4542153
2007-10-22,25.373850607875067,26.43736157512345,25.330881663019433,26.28696632385254,3420219
2007-10-23,26.60924631794288,26.93152213300229,26.512564204509346,26.6307315826416,4245626
2007-10-24,26.72740664664277,27.44715493566066,26.3299325099728,26.523298263549805,5569102
2007-10-25,26.856323356627783,27.296766518206194,26.566273881724324,26.845579147338867,4099095
2007-10-26,26.46959032506552,26.54478716428326,25.74984035959422,25.782068252563477,5698616
2007-10-29,25.92171845746073,26.619981518046576,25.363106431281675,26.233251571655273,4751208
2007-10-30,26.233253270164024,26.351420629958636,25.943205397163396,26.061372756958008,2416106
2007-10-31,26.1258352124497,26.29771576954651,25.631678808010236,25.825044631958008,2953104
2007-11-01,25.78206154505952,26.158050376461922,25.309390637612847,25.674636840820312,3416413
2007-11-02,25.717610791147205,25.921719188944504,24.944149298827945,25.599443435668945,4119808
2007-11-05,25.384594061363693,25.900235615740225,25.37385143037394,25.782068252563477,2272886
2007-11-06,25.685384179445624,25.921718887655214,25.201968977440615,25.29865264892578,3267957
2007-11-07,25.244942043566766,25.642416244329244,25.083804152554244,25.459793090820312,3633630
2007-11-08,25.05157210590702,25.47053149971328,24.965632647878483,25.030088424682617,5427730
2007-11-09,25.0300870202502,25.363103781921815,24.342565083757354,24.793750762939453,4649799
2007-11-12,24.643360742771616,25.255684406573568,24.492965484604657,25.15900230407715,3671591
2007-11-13,24.761526177891064,25.08380193137852,24.224399396175162,24.321083068847656,4882647
2007-11-14,24.64335888796386,25.137515149807992,24.49296364111655,24.80449676513672,3928617
2007-11-15,24.53593335275139,24.729299126953794,24.1277181207334,24.38553810119629,4670666
2007-11-16,24.299597959000476,24.578903193032875,23.805441695406767,24.009550094604492,5005308
2007-11-19,24.385531352201706,24.54666918982176,23.644297930233474,23.698009490966797,3198503
2007-11-20,23.708755791407793,24.385535129794743,23.579845816884156,24.149200439453125,4095861
2007-11-21,23.826928717266078,24.557419747431,23.708759774532332,23.966581344604492,4924612
2007-11-22,24.1921670638165,24.654095318522856,23.773207741896524,24.460729598999023,1958572
2007-11-23,24.353313048619608,24.600390411221273,24.009552005052505,24.224401473999023,2396702
2007-11-26,24.18142864427813,24.793752214569302,24.18142864427813,24.44999122619629,3122735
2007-11-27,23.97732973792681,24.40703035436412,23.912873935491294,24.095497131347656,3337719
2007-11-28,23.977320999301448,25.13751397632749,23.977320999301448,25.09454345703125,4281277
2007-11-29,25.137511139074633,25.15899639629773,24.632612327462425,24.76152229309082,3410869
2007-11-30,24.965631424019403,25.70686651008908,24.944146166137937,25.492013931274414,3561250
2007-12-03,25.373850079511072,25.449048492435896,24.89043644383996,24.976377487182617,2200583
2007-12-04,25.083806762863077,25.083806762863077,24.39628460227421,24.51445198059082,3286899
2007-12-05,24.750785739281,25.54573256309539,24.740043108032797,25.459793090820312,3605833
2007-12-06,25.771325972738893,25.900235968661946,25.223456517927723,25.373851776123047,2654729
2007-12-07,25.577960836299255,25.814297149555358,25.35236715445073,25.534990310668945,2111340
2007-12-10,25.24494143620744,25.921720877719732,25.24494143620744,25.782068252563477,2673671
2007-12-11,25.782064816926535,25.889489534798454,25.341620160460014,25.502758026123047,2940399
2007-12-12,25.008607864379883,25.45979365364696,24.81524207534811,25.008607864379883,4266801
2007-12-13,25.008610006528976,25.610191110414384,24.632621027745227,25.30940055847168,4265646
2007-12-14,25.255677496638185,25.803546801449386,25.255677496638185,25.674636840820312,2537227
2007-12-17,25.416813959071874,25.782060142408433,25.158994051840203,25.212705612182617,2762067
2007-12-18,24.868955601351345,25.09454771047301,24.600391387939453,24.600391387939453,3899280
2007-12-19,24.44999001199436,24.761523096415793,24.1169716696528,24.170684814453125,4587583
2007-12-20,24.310343153711575,24.449995785458864,23.816186837992376,23.90212631225586,3833137
2007-12-21,24.116975265574126,24.13846052669778,23.88063897092439,23.998807907104492,3413102
2007-12-24,24.009551021734815,24.116975751808464,23.68727367609287,23.848411560058594,631400
2007-12-27,23.85915058674037,23.891378474207357,23.160887580173558,23.3649959564209,1919148
2007-12-28,23.19311391157024,23.493904352327686,23.107172884090883,23.225341796875,1099175
2007-12-31,23.300540341912512,23.3757387465199,23.225343515015393,23.268312454223633,314006
2008-01-02,23.07495030864953,23.193119248625944,22.494854550516465,22.527082443237305,2981440
2008-01-03,22.36594328517463,22.36594328517463,21.764360721735013,22.06515121459961,4400781
2008-01-04,21.839558026563942,22.226287964478583,21.01238342426797,21.205747604370117,4772691
2008-01-07,20.647134679956444,20.668619936869792,19.948870141113307,20.518224716186523,8244852
2008-01-08,20.711594530090412,21.11980975871635,20.486000865777083,20.904958724975586,4682216
2008-01-09,20.604168958670225,20.797534738157168,20.238922661607166,20.625654220581055,5456143
2008-01-10,20.74382641092754,20.94793327563583,19.93813527388971,19.98110580444336,5343030
2008-01-11,19.981105367675585,20.088530114000733,19.272097939881686,19.723283767700195,5553625
2008-01-14,19.572881489687113,20.550451222429913,19.562138861126634,20.335601806640625,4357738
2008-01-15,20.754561893019087,21.184263927754145,19.669567331848242,19.841447830200195,6212976
2008-01-16,18.39121048682457,18.6382878624151,17.510322569161726,18.477149963378906,20107010
2008-01-17,19.035757018477952,19.61585266958869,18.799420759837506,19.12169647216797,9752050
2008-01-18,19.33655098714467,19.390264141531542,18.638286290957357,18.906848907470703,7182329
2008-01-21,18.939076759046277,19.20764095268793,18.369723634621717,18.42343521118164,8863547
2008-01-22,17.811115959885036,18.896110899997332,17.5640385446728,18.627548217773438,9032177
2008-01-23,19.100211391072847,19.100211391072847,18.262295793427686,18.584569931030273,6713553
2008-01-24,19.186152234762957,20.743819228610917,19.04649963652753,20.496740341186523,8306914
2008-01-25,20.894218596295875,21.538770148317177,20.41080335456936,20.52897071838379,7888034
2008-01-28,20.013330967569583,20.486002005937678,19.734024134848458,19.916648864746094,5369980
2008-01-29,20.01332832855215,20.185208826904102,19.74476416241515,19.841447830200195,4312077
2008-01-30,19.66957228907296,19.66957228907296,19.035763284698877,19.1539306640625,6506269
2008-01-31,18.896107246504762,19.20764198022877,17.961507778464515,19.067989349365234,8119650
2008-02-01,19.08946832546899,19.72327548248166,18.98204204656,19.476198196411133,5024789
2008-02-04,20.077782666300823,20.088525296127987,19.368776986259967,19.52991485595703,3700389
2008-02-05,19.1431848213351,19.304322703521514,18.799423795642692,18.83165168762207,3959494
2008-02-06,18.563090889063734,19.10021616365681,18.455664571976612,18.917593002319336,3551240
2008-02-07,18.487895437254696,18.767200751131426,17.85408637545933,18.24081802368164,5664813
2008-02-08,18.584570829824273,18.65976923663215,18.122642492563966,18.262296676635742,4152148
2008-02-11,18.251551516171315,18.477143549891746,17.950759508360576,18.31600570678711,4062058
2008-02-12,18.46640901311872,18.584576395782566,17.950767373707226,18.176361083984375,6382992
2008-02-13,18.144130003729654,19.046503108876575,17.97224948740217,18.906848907470703,5652185
2008-02-14,19.315063182846735,19.723278369319935,18.79942170174088,18.874618530273438,5520207
2008-02-15,18.702742986885475,18.81016772317938,18.015220888099083,18.047447204589844,5596591
2008-02-18,18.25155316440324,18.799420933808904,18.21932527732991,18.584569931030273,3899665
2008-02-19,18.584570829824273,18.702739754808082,18.17635564028388,18.262296676635742,5738733
2008-02-20,18.036706284381232,18.26229996774959,17.811112601012876,17.875568389892578,3762374
2008-02-21,18.01522190461612,18.77794088853183,17.82185610620787,18.068933486938477,6416718
2008-02-22,17.918537968495084,18.04744797307908,17.56403585031676,17.768142700195312,3752903
2008-02-25,17.993739475012404,18.047451065795517,17.725176787964056,17.83260154724121,3386075
2008-02-26,17.940022091217255,18.15487313699973,17.746656307784086,17.97224998474121,2947406
2008-02-27,18.0904141874033,18.273037307735827,17.897048437774146,18.133384704589844,4099480
2008-02-28,17.993734836838946,18.24081377051205,17.521063809062706,17.628488540649414,4283510
2008-02-29,17.510316898537983,17.66071211708636,17.09135755009526,17.28472328186035,4132898
2008-03-03,16.855028084568787,16.983938086292596,16.393098080349976,16.940967559814453,6230917
2008-03-04,16.58646375404187,16.769085317485256,16.19973221069131,16.27492904663086,7346493
2008-03-05,16.522012908248943,16.93022825692044,16.51127027451725,16.822803497314453,5447596
2008-03-06,16.876509503778053,16.908737391295986,16.543491154846592,16.72611427307129,4614148
2008-03-07,16.446806441921396,17.02690364706565,16.328639106279297,16.79056739807129,3265955
2008-03-10,16.650916447460553,16.812054312939292,16.436065434252125,16.758342742919922,4463151
2008-03-11,16.468296815964194,17.048394201357738,16.42532628866601,16.672405242919922,3579576
2008-03-12,16.79056837698535,16.994676752419817,16.500520546358104,16.597204208374023,4709397
2008-03-13,16.274926459229487,16.328639603297276,15.780771844646662,16.113788604736328,5547157
2008-03-14,16.221218391385328,16.446810489704234,15.60889315007983,15.684091567993164,5051354
2008-03-17,15.200675341449054,15.458495289759288,14.932112763816704,14.953598022460938,5466461
2008-03-18,15.168446942856072,15.619632626065526,15.039536973040546,15.49072265625,3044580
2008-03-19,15.694831497586522,15.82374147125253,15.275872111034145,15.58740520477295,5083540
2008-03-20,15.308100973510276,16.017108240379628,15.308100973510276,15.74854564666748,3113264
2008-03-25,16.532748151535834,16.54349078046537,16.199729810140617,16.511262893676758,4466924
2008-03-26,16.48978497273383,16.543498141280494,16.18899438429435,16.296419143676758,2211517
2008-03-27,16.006370629241342,16.37161700716501,15.974142729240278,16.264190673828125,3309229
2008-03-28,16.285669169175808,16.40383650900343,16.103046056145732,16.382352828979492,2585121
2008-03-31,16.30715817718427,16.77982922290852,16.113792390817398,16.736860275268555,3293829
2008-04-01,16.640179983230933,17.68220596900368,16.6186947161786,17.61775016784668,4717790
2008-04-02,17.832599991043377,18.305271099409552,17.435127312006518,18.176361083984375,5154303
2008-04-03,18.208583139604897,18.358978372294793,17.574774320902414,17.692941665649414,3520517
2008-04-04,17.854078875928828,17.982988845284545,17.510317905840097,17.886306762695312,3013472
2008-04-07,18.05225006856592,18.237234115600586,17.83462149591808,18.237234115600586,2648107
2008-04-08,17.910791727404895,17.965199269096324,17.0185160341988,17.083805084228516,7618534
2008-04-09,17.116453748152708,17.49730183776513,16.768248593341827,16.844417572021484,5343569
2008-04-10,17.007634770162742,17.32319532029249,16.615903660570858,17.25790786743164,4701851
2008-04-11,17.214385357049707,17.334080376883776,16.64855159383108,16.69207763671875,3593821
2008-04-14,16.50708444097882,16.670305413605902,16.376507982498378,16.648542404174805,2398088
2008-04-15,16.60502525304573,16.822655463579743,16.300346154512102,16.52885627746582,3909059
2008-04-16,15.963022847656147,18.44398307800293,15.952141337998471,18.44398307800293,15020775
2008-04-17,18.509270426943,18.87923855687352,18.28076032360783,18.824831008911133,7149296
2008-04-18,18.91188172342784,19.455952369541723,18.91188172342784,19.368900299072266,7147756
2008-04-21,19.412421239993236,19.43418425189943,18.759537275232653,18.9009952545166,5870634
2008-04-22,18.716019887913106,19.009817488006778,18.411340776845073,18.803071975708008,4505039
2008-04-23,19.031579564548203,20.326468119423428,18.966290501945306,20.25029754638672,8538376
2008-04-24,20.032666309464016,20.174125926557767,19.32537621452912,20.141481399536133,7645253
2008-04-25,20.326465454551958,20.729076493498475,20.021784800456803,20.141481399536133,3626084
2008-04-28,20.2176511366424,20.34822765160921,19.956496508601944,20.043548583984375,2245705
2008-04-29,19.69533721352106,19.869439710796545,19.466828784545083,19.706218719482422,4288515
2008-04-30,19.70622605364207,20.07619419780857,19.564768021603566,19.94561767578125,2686530
2008-05-02,20.413522073994205,20.968474406110097,20.304708549270547,20.848777770996094,4286128
2008-05-05,20.729070164483595,20.75083317585332,20.315577742777677,20.369983673095703,1662892
2008-05-06,20.13059988565427,20.60938148753533,19.978258759590197,20.51144790649414,4405632
2008-05-07,20.837884483084714,21.403718007727377,20.750834032120032,21.316667556762695,5162542
2008-05-08,20.89229965209961,20.979351732997387,20.576739055059036,20.89229965209961,4496800
2008-05-09,20.783482694493593,20.95758522924322,20.39175159178026,20.64202308654785,2949485
2008-05-12,20.620263564843558,20.848772064023922,20.435279504774282,20.478805541992188,1497496
2008-05-13,20.391748511054104,20.554969512841257,19.825914959075632,20.38086700439453,4462381
2008-05-14,20.45703526243023,20.914053696685148,20.304695784345256,20.816120147705078,3316467
2008-05-15,20.67466955909494,21.10992673602531,20.576737573244355,21.04463768005371,1924153
2008-05-16,20.924937930370504,21.251379939987196,20.65290185695229,20.750835418701172,2746282
2008-05-19,21.164330709209477,21.31667021598153,21.00110969494609,21.21873664855957,2400090
2008-05-20,20.82700993939836,20.892298998027698,20.500567842465436,20.77260398864746,3252942
2008-05-21,20.7290729034907,20.837886376610957,20.36998636465541,20.685546875,3043733
2008-05-22,20.511446913119446,20.870533496666276,20.391751917972734,20.80524444580078,2920225
2008-05-23,20.39175259666825,20.435278632027252,19.771512985229492,19.771512985229492,5279736
2008-05-26,20.043544335506546,20.08707036397188,19.80415277705371,19.891204833984375,1331638
2008-05-27,20.010901895444366,20.38086997966622,19.58652786808871,20.28293800354004,2786168
2008-05-28,20.27205682608915,20.75083840249798,20.27205682608915,20.44615936279297,2375065
2008-05-29,20.674663133718198,20.827002618866942,20.359102657473912,20.72907066345215,2850232
2008-05-30,20.772604382367874,21.16433554535494,20.772604382367874,20.924943923950195,2455068
2008-06-02,21.011993180418585,21.088162141921565,20.239412468232914,20.424396514892578,3046043
2008-06-03,20.42439814809603,20.924942785521917,20.282940124187583,20.827009201049805,2740353
2008-06-04,20.848771129776836,20.89229716504431,20.337345009704254,20.761720657348633,2659272
2008-06-05,20.892298478261697,20.94670602576591,19.978259670725166,20.228532791137695,6523671
2008-06-06,20.35910817393832,20.446160245100106,19.521239979539917,19.553884506225586,3642408
2008-06-09,19.37978262950301,19.684461692849748,19.216561588559625,19.303613662719727,2495185
2008-06-10,19.20568064843413,19.216562158026605,18.78130656864808,18.824831008911133,3367364
2008-06-11,19.075100350613617,19.412423884906833,18.661606264270596,18.813945770263672,2473471
2008-06-12,18.90100029747424,19.401544910547603,18.58543973685264,19.35801887512207,3270806
2008-06-13,19.14039077030283,19.47771595510115,18.911882274871008,19.336257934570312,2292598
2008-06-16,19.37978213057378,19.651816659107002,19.281850147771717,19.532121658325195,1741432
2008-06-17,19.619174051508534,20.00002207807008,19.575648014836315,19.695343017578125,2457917
2008-06-18,19.543002001130574,19.640935576195442,18.998931378423553,19.064220428466797,2743587
2008-06-19,18.83571465136577,18.87924069466435,17.834625244140625,17.834625244140625,7694841
2008-06-20,18.269881955591945,18.269881955591945,17.377606084162142,17.49730110168457,6084386
2008-06-23,17.388488390256292,17.540827946284068,17.214385812209255,17.236148834228516,3097556
2008-06-24,18.030486133234323,18.22635167883168,17.47553402039292,17.7366886138916,7082383
2008-06-25,17.453776151336264,17.551709752067705,17.138215522971368,17.399370193481445,5856081
2008-06-26,17.50817989794852,17.562587442072687,16.920584813834502,16.985872268676758,4968271
2008-06-27,16.866176100683433,17.083804663989103,16.517971038637015,16.72471809387207,5367285
2008-06-30,17.24702847025256,17.399368009718966,16.76824683220002,17.029399871826172,3823666
2008-07-01,16.844413084542204,16.866176100683433,16.354750015684424,16.72471809387207,4744740
2008-07-02,16.974992635650477,17.25790867351084,16.376514434814453,16.376514434814453,4366747
2008-07-03,16.060946618748606,16.73559347990816,15.778029110513081,16.561491012573242,5604984
2008-07-04,16.757363793127965,16.84441426569032,16.322106635995937,16.40915870666504,1025332
2008-07-07,16.648549606206295,16.877059705978336,16.45268403470266,16.702957153320312,2147222
2008-07-08,16.10447585865347,16.213289323228622,15.680100310408282,15.908610343933105,5181022
2008-07-09,16.0391902923584,16.278581883962175,15.79979870075462,16.0391902923584,3515820
2008-07-10,15.66922286841679,15.712748904779165,15.233967299113408,15.582172393798828,5246626
2008-07-11,15.734511335984159,15.810680298670045,15.092508716016201,15.451595306396484,6444053
2008-07-14,15.462472770487485,15.734508846455421,15.255727334403879,15.690982818603516,3591126
2008-07-15,15.560411734489472,16.3329910065064,15.255732629978768,16.126245498657227,7348495
2008-07-16,14.961933205115722,15.984787208228793,13.188264561264683,15.756277084350586,26490618
2008-07-17,15.61481688349566,16.169769108257036,14.864000671742685,15.506003379821777,9199575
2008-07-18,15.669220829957817,16.26769895776217,15.310134272896521,16.180646896362305,6039341
2008-07-21,16.180646105404968,16.670309132523325,15.908611623041377,16.452680587768555,5802566
2008-07-22,15.886852234659786,16.169768288737227,15.49512108431651,16.093599319458008,6660808
2008-07-23,16.53973641982734,16.64854991798631,15.875970725033202,16.093599319458008,5169087
2008-07-24,15.778034226710664,15.995662780974229,15.375423239145622,15.484236717224121,4965807
2008-07-25,15.386302311294752,16.017423260842897,15.048978824728493,15.854202270507812,4681215
2008-07-28,15.72363542873605,15.98479013209569,15.527769800743142,15.63658332824707,2595516
2008-07-29,15.451591795091334,16.060949750531442,15.397184264031909,15.9194917678833,2796563
2008-07-30,16.16976719413234,16.605022755410662,15.963021721436519,16.398277282714844,3249785
2008-07-31,16.648543174296535,16.648543174296535,15.84331977862896,16.15888023376465,4898586
2008-08-01,15.886848345830618,16.11535839394665,15.625693776825658,15.690982818603516,3187569
2008-08-04,15.886846788196092,15.99566024905071,15.549523301629835,15.854202270507812,2966425
2008-08-05,16.050071716744178,16.724718855415155,15.886850686359482,16.626785278320312,4070682
2008-08-06,16.779128342026684,17.116451950439483,16.757365322373357,17.029399871826172,3646489
2008-08-07,16.866179126607655,17.268791801239004,16.7464841144633,17.1926212310791,3222142
2008-08-08,16.942347900867073,17.290551390367476,16.463564706827167,17.181737899780273,4180638
2008-08-11,17.11645105655554,17.780216728890196,17.11645105655554,17.714927673339844,2898665
2008-08-12,17.845502846170938,18.23723395384117,17.76933388518915,18.052249908447266,3440283
2008-08-13,18.335163448524295,18.933641537417337,18.106654998419753,18.291637420654297,5286050
2008-08-14,17.965198600829027,18.095775097924616,17.7475700402653,17.954317092895508,3902668
2008-08-15,18.161061490450397,18.38957154564842,17.976077464453237,18.258995056152344,2670283
2008-08-18,18.171946678549535,18.258998754584006,17.769335621210644,17.867267608642578,2625238
2008-08-19,17.671401161773346,17.671401161773346,17.32319607106884,17.366722106933594,3255175
2008-08-20,17.35584044358385,17.540824496256825,17.007635355976696,17.181737899780273,3696154
2008-08-21,16.866179126607655,17.37760530336051,16.790010154554675,17.1926212310791,2716175
2008-08-22,17.10556778976084,17.432009837758212,16.88793922506038,17.290550231933594,1945097
2008-08-25,17.32320005079838,17.606117750808362,17.14909746544883,17.34496307373047,1874642
2008-08-26,17.32319865559347,17.758455882965436,17.040282576476592,17.68228530883789,2252481
2008-08-27,17.72580426049273,17.769330285439978,17.355836244653837,17.649635314941406,2440977
2008-08-28,17.791096652716313,18.128418615345982,17.747570619561515,18.08489418029785,2541539
2008-08-29,18.117538022097605,18.117538022097605,17.540822898859837,17.55170440673828,3143987
2008-09-01,17.519064007277468,18.00328722659307,17.285113929976465,17.894472122192383,2098635
2008-09-02,17.856385743505804,18.585440473347067,17.497299133228967,18.280759811401367,4339951
2008-09-03,17.943439836452967,18.041371832951864,17.49730110168457,17.49730110168457,3593282
2008-09-04,17.3993679556295,17.3993679556295,16.75736527027969,16.833534240722656,5480783
2008-09-05,16.70295199295661,16.757359523261464,16.050068021723703,16.245933532714844,6354733
2008-09-08,17.018515356256152,17.225262408341024,16.349309811589784,16.550615310668945,3806418
2008-09-09,16.43092031883794,16.692073312292838,16.289462314207654,16.343868255615234,3534685
2008-09-10,16.354750978459816,16.42547998602919,15.973902967888336,16.20785140991211,4668895
2008-09-11,16.235054800508884,16.403717374217763,15.984783314558866,16.153444290161133,4991833
2008-09-12,16.420033323312385,16.425473276392452,15.223079040772042,15.397181510925293,7701694
2008-09-15,14.74430106234902,15.516880053658749,14.74430106234902,15.429829597473145,5469926
2008-09-16,15.179563276467489,15.903176607444458,15.076189715169757,15.587615966796875,7250243
2008-09-17,15.734510848009222,15.783476836518238,14.483148574829102,14.483148574829102,6896505
2008-09-18,14.472268421423683,15.549528260012076,14.341691907139072,14.635489463806152,5870326
2008-09-19,15.342782494962599,16.169769287109375,14.961932830731056,16.169769287109375,8994062
2008-09-22,15.690987038410803,15.712750058189528,14.951050758361816,14.951050758361816,4905901
2008-09-23,14.722539302163836,14.766065333015405,14.374334251564452,14.385215759277344,3860472
2008-09-24,14.417858758444668,14.59196126534168,13.906432744316344,13.933635711669922,5620692
2008-09-25,13.71057121553649,14.472268906129903,13.71057121553649,14.004368782043457,3939551
2008-09-26,13.797621260734719,14.031572913516817,13.601757287969804,13.939079284667969,4067756
2008-09-29,13.634399564644523,13.710570126708198,12.753006935119629,12.753006935119629,7116186
2008-09-30,12.51361466198,13.792179898873608,12.502733153701756,13.503822326660156,6468770
2008-10-01,13.612634989979643,13.797617401618313,13.367802695341483,13.759532928466797,4087237
2008-10-02,13.710571806558127,14.18935346101381,13.601758302670408,13.645282745361328,4776233
2008-10-03,13.618076335952289,13.917315393842397,13.395007031203436,13.824823379516602,3588739
2008-10-06,13.177380863727265,13.62351952687014,12.81829506975607,12.85093879699707,6275115
2008-10-07,13.248111742190188,13.4439765186376,12.524497743233614,12.840058326721191,5414255
2008-10-08,12.306869446308939,13.220907489013156,11.860732334391797,12.41568374633789,6228992
2008-10-09,12.74756622152272,12.850939763509517,12.143648832083567,12.361276626586914,4526907
2008-10-10,11.463558045180221,12.328629053867195,11.207845030271939,11.882492065429688,8663809
2008-10-13,12.519054773644877,12.660512775895793,12.002187951273767,12.38847827911377,4941321
2008-10-14,12.80196891489373,12.80196891489373,11.523404728756672,11.866168975830078,8221136
2008-10-15,10.88140674017591,12.393922444062557,10.77259322412111,12.339515686035156,12249160
2008-10-16,11.751917010269862,12.497292332815194,11.512525427533753,11.838968276977539,8800715
2008-10-17,12.295986721447239,12.480969962427853,11.871611899803108,12.43200397491455,6276963
2008-10-20,12.818292793018275,13.39500626269143,11.991306264314286,13.384124755859375,5580960
2008-10-21,13.764978784011664,13.764978784011664,13.07944926338347,13.514705657958984,4888191
2008-10-22,13.166500126232442,13.449417772583027,12.742126053866809,12.77476978302002,4824358
2008-10-23,12.638751808110289,13.122974155159012,12.475530774294912,12.948871612548828,4463767
2008-10-24,12.404801287908292,13.43309430696813,12.045715483660775,13.416772842407227,7112567
2008-10-27,13.019599818278618,14.3525708977772,12.992395250584444,13.824823379516602,6696921
2008-10-28,14.232877823494723,14.385217350216687,13.28619533736055,13.422212600708008,4914217
2008-10-29,14.042453975537835,14.303606996309085,13.710570346946481,14.200233459472656,4033106
2008-10-30,13.873789763931082,14.298165370748759,13.764976284337452,14.064213752746582,3977435
2008-10-31,14.037011332490641,14.869439518040847,13.737772254247629,14.79870891571045,5824434
2008-11-03,14.798710141876057,15.484238822627546,14.630049148016097,14.885762214660645,3521441
2008-11-04,15.310135100945304,15.88140869140625,15.17955859988985,15.88140869140625,5685757
2008-11-05,15.783477168109917,15.783477168109917,14.896643008769338,15.163237571716309,4459147
2008-11-06,14.798708990109544,14.847676576293177,13.775858401245419,13.797619819641113,5756366
2008-11-07,13.928199686023461,14.336252301954344,13.721452601123318,14.102300643920898,2805803
2008-11-10,14.33625191766615,15.048983587972824,14.200233849966246,14.455946922302246,4226992
2008-11-11,14.03701105961776,14.107740062466567,13.558229502600218,13.634398460388184,4163467
2008-11-12,13.775860908244862,13.9608433859656,12.742127024898883,12.954313278198242,4394313
2008-11-13,12.51361437442764,12.921666930218398,12.301427365037771,12.736682891845703,3079538
2008-11-14,13.133856689972458,13.427655053223722,12.589786801102848,12.840058326721191,3366825
2008-11-17,12.704040592571678,13.128415458031744,12.448327522370697,12.491852760314941,2715097
2008-11-18,12.557139216332343,12.747564002787405,12.045713948311247,12.600666046142578,2493414
2008-11-19,12.551701669385524,12.568023934050546,11.947783470153809,11.947783470153809,3440129
2008-11-20,11.572375086456619,11.877054156310827,11.273135972300201,11.681188583374023,3054128
2008-11-21,11.746474425109133,12.241578211307084,11.349303405235009,11.621337890625,3504886
2008-11-24,11.77912126996495,12.622430258718076,11.556051925163532,12.589786529541016,3197502
2008-11-25,12.4265602307743,12.867257208566855,12.138202731982023,12.53537368774414,3858932
2008-11-26,12.37760028069193,12.867263472592859,12.170853972558735,12.807415962219238,3037864
2008-11-27,14.961928897271658,15.984782605884314,13.1882607640958,13.41132926940918,26490636
2008-11-28,13.275314062851532,13.32972080934052,12.736684156302315,13.003278732299805,2524753
2008-12-01,12.997840445941687,13.003280402141115,12.067480087280273,12.067480087280273,3812116
2008-12-02,11.87161092684632,12.230696670305507,11.485321415301868,12.127323150634766,3645257
2008-12-03,11.96954734907478,12.306870181103175,11.371069861763015,12.241581916809082,3875872
2008-12-04,12.111004076779814,12.475531444783662,11.909697751363543,12.187173843383789,2509584
2008-12-05,12.100124095246642,12.410244754563776,11.626783171786009,11.751919746398926,3417029
2008-12-08,12.257904722094686,12.66595736410767,11.63222267258564,12.072919845581055,2963576
2008-12-09,11.643099025704547,12.638747990066435,11.566929286204406,12.53537368774414,3772846
2008-12-10,12.840054838464265,13.427651405334473,12.731241369683753,13.427651405334473,4565561
2008-12-11,14.96193167461168,15.984785573093742,13.188263212194885,13.356925010681152,26490636
2008-12-12,12.94887106405485,13.133855107624207,12.524496234300056,13.019600868225098,3139444
2008-12-15,13.084889577722404,13.558230412514114,13.003278262358283,13.351483345031738,3199273
2008-12-16,13.329721422682995,13.520145443683159,13.035923859449158,13.231788635253906,2836141
2008-12-17,13.438536664401598,13.438536664401598,12.611549116623975,13.03048324584961,3455144
2008-12-18,11.425474869170605,13.50926464523341,11.349305105960761,13.220906257629395,8467305
2008-12-19,13.05224270773929,13.8683485233492,13.035920447597514,13.710567474365234,4675517
2008-12-22,13.73233340940335,13.884672938363313,13.340602278873854,13.416772842407227,1910986
2008-12-23,13.411328435592301,14.129501489404763,13.384124668689338,13.710567474365234,1693384
2008-12-24,13.558231696943256,13.590876226181459,13.335162345255744,13.514705657958984,288134
2008-12-29,13.51470430334245,13.547348829308602,12.986956726929852,13.155617713928223,1462538
2008-12-30,13.38412771135494,14.037012672076377,13.351483982703579,13.677926063537598,1377068
2008-12-31,13.813943243070321,14.031571815690256,13.623519240844569,13.873790740966797,278432
2009-01-02,14.13494485553971,14.13494485553971,13.471180773424253,13.939079284667969,1619849
2009-01-05,14.961928091741754,15.984781745285359,13.188260054057777,14.494028091430664,26490636
2009-01-06,14.61372699644519,15.244848102037917,14.374335405647924,14.853116989135742,2795793
2009-01-07,14.961933907481622,15.984787958611069,13.188265180368324,14.205676078796387,26490636
2009-01-08,14.102298059025058,14.36345264421633,13.764976116585055,13.982603073120117,1765302
2009-01-09,13.922756310353867,14.042452900642928,13.650721801364762,13.721450805664062,1849540
2009-01-12,14.961931448729272,15.984785331769164,13.188263013089802,13.280755043029785,26490636
2009-01-13,14.96192909405091,15.984782816116136,13.188260937547774,13.5963134765625,26490636
2009-01-14,13.710570036705038,13.710570036705038,12.791091333130856,12.948871612548828,3031875
2009-01-15,13.38412689758582,13.688806740478539,12.393919206054523,13.476619720458984,5648258
2009-01-16,13.781298476725587,14.01524850900996,13.471179484124134,13.492940902709961,3420725
2009-01-19,13.797621106876335,14.374336303672862,13.797621106876335,14.080538749694824,3198965
2009-01-20,14.118622666598764,14.472267708299228,13.601756590558583,13.74321460723877,3007620
2009-01-21,13.531025408034422,14.200232579200103,13.427653475712797,13.612637519836426,3866786
2009-01-22,13.906435976819727,14.020691023233214,13.03048248544092,13.210025787353516,2416876
2009-01-23,13.095771272210044,13.536467587107682,12.448327087843806,13.449417114257812,3465154
2009-01-26,13.362363546824211,13.808500566192889,13.090328252710657,13.68880558013916,2569413
2009-01-27,14.961926901343697,15.984780473507215,13.188259004775956,14.03156852722168,26490636
2009-01-28,14.330809371301747,15.130593060932556,14.281843381715653,14.853116989135742,4238542
2009-01-29,14.96193185121665,15.984785761772093,13.188263367864147,14.129505157470703,26490636
2009-01-30,14.096858362275379,14.40697893845787,13.906434372295214,14.156705856323242,2284359
2009-02-02,13.944520394168535,14.319928460817248,13.764977892151647,14.200233459472656,2026717
2009-02-03,14.39609839073815,14.553877867731353,13.797620214132102,14.36345386505127,3578575
2009-02-04,14.363454176432885,14.869440340281932,14.091418054584842,14.73342227935791,2999458
2009-02-05,14.961926148536959,15.984779669235778,13.188258341211009,14.597399711608887,26490636
2009-02-06,14.744303715233329,15.495119828061421,14.657251645278341,15.440713882446289,3081155
2009-02-09,15.233966730810039,15.565850348532038,15.08706716262051,15.451595306396484,2228072
2009-02-10,15.397187658197087,15.429832184028921,14.711659008155442,14.766066551208496,2690688
2009-02-11,14.646370717305025,14.858559347180833,14.504912696125684,14.668133735656738,2831906
2009-02-12,14.466825464396091,14.722538484283573,14.211112444508608,14.553875923156738,2716021
2009-02-13,15.108827342868949,15.342777338498118,14.815029859765621,15.141471862792969,3214750
2009-02-16,14.951048346603395,15.070744936078079,14.842234863369418,14.9129638671875,1165780
2009-02-17,14.793269807630836,14.847677351728215,14.249199160977266,14.319928169250488,2113881
2009-02-18,14.178472866729724,14.30905099755854,13.873793757676586,14.134946823120117,2672901
2009-02-19,14.319930283693337,14.36345632539818,13.585435521405508,13.628961563110352,2694153
2009-02-20,13.492941286031682,13.601756372585522,13.101210969704663,13.155617713928223,3334485
2009-02-23,13.384129029643642,13.492943333657268,12.791093110355762,12.861822128295898,1852312
2009-02-24,12.845499081543627,13.01416088293229,12.665956569563525,12.840058326721191,3152842
2009-02-25,13.15561753455838,13.171940596372258,12.736683452304844,13.095770835876465,2831752
2009-02-26,13.36780471097037,13.786737974070737,13.199142935310405,13.634398460388184,2814504
2009-02-27,13.275316151532989,13.351485928223155,12.834618958569253,13.286197662353516,2992451
2009-03-02,12.622428976085308,12.872701269927195,12.519055446246558,12.714920997619629,3020094
2009-03-03,12.704041070328454,12.796533103373374,12.350395202636719,12.350395202636719,2853004
2009-03-04,12.568024441563242,13.258993148803711,12.535379111861495,13.258993148803711,2952565
2009-03-05,13.471182345543271,13.471182345543271,12.829178810119629,12.829178810119629,3651879
2009-03-06,12.861818742813123,13.052243524950063,12.432003194101334,12.5136137008667,3043810
2009-03-09,12.557137947157809,12.829174013786925,12.257900511214762,12.622426986694336,1690843
2009-03-10,12.954310070885874,13.672482376870478,12.86725960869375,13.623517990112305,3320163
2009-03-11,13.514707316600393,14.428746256914433,13.335163981862049,14.205676078796387,3650339
2009-03-12,13.759536815737842,13.982605361654546,13.4820607227292,13.852028846740723,4586197
2009-03-13,13.82482139022757,14.091414289281316,13.639837388193802,13.835702896118164,3057747
2009-03-16,14.216556230194662,14.548439889279411,13.944521675387909,14.276405334472656,2737581
2009-03-17,13.917318261014659,14.129505302967532,13.623520695379383,14.091419219970703,2081387
2009-03-18,14.254640714440376,14.504912221074836,13.993486100879695,14.319928169250488,2011625
2009-03-19,14.396098560604328,14.766066659874333,14.189351493587946,14.341691017150879,3470082
2009-03-20,14.015247819558198,14.336249902821526,13.803060814404436,13.89011287689209,3288054
2009-03-23,14.129505999666412,14.211116527372873,13.74321638160342,14.124064445495605,2005773
2009-03-24,14.29816734862827,14.41242079885841,13.873791683106292,13.977165222167969,2295832
2009-03-25,14.243757645443042,14.581081185684864,14.10229804628451,14.37977409362793,2627471
2009-03-26,14.260084119714152,14.581086310388082,13.982607974848307,14.543000221252441,2950409
2009-03-27,14.494031893242315,14.668134450433223,14.211115837097168,14.211115837097168,2141062
2009-03-30,14.039830550410963,14.426601561547283,13.868544900740297,14.299520492553711,2429196
2009-03-31,14.421082558869708,14.79127841495644,14.310575122007005,14.752601623535156,2853543
2009-04-01,14.758120667722784,14.907304840245875,14.310569773114231,14.829951286315918,3044811
2009-04-02,14.912834435369028,15.310656281565947,14.664195172885544,15.227776527404785,3430196
2009-04-03,15.18356614985802,15.33827646356107,14.907300978451746,15.106212615966797,1790635
2009-04-06,15.581392278844524,16.211279516841817,15.459835775916176,15.752677917480469,4452602
2009-04-07,15.66979941149267,15.879760217583708,15.178045557602077,15.26092529296875,2826901
2009-04-08,14.868628095294598,15.603494974015042,14.868628095294598,15.26092529296875,2438436
2009-04-09,15.575870078555631,16.183654308153198,14.874153744164044,15.968167304992676,3191188
2009-04-14,16.122875651483152,16.410191648640193,15.481939216458615,16.133926391601562,2935009
2009-04-15,15.912909034675549,17.167155536639346,15.691897536249762,16.3217830657959,5480783
2009-04-16,16.354936302433792,16.515169567686502,15.935011507778864,16.272056579589844,3498264
2009-04-17,16.769343103339306,17.349501446476527,16.592532833423878,17.216894149780273,4533144
2009-04-20,17.581554300124896,17.681010936072134,16.33283396580386,16.476491928100586,3520902
2009-04-21,16.377038662390955,16.59805018659945,16.200228469247822,16.52069664001465,1756909
2009-04-22,16.57594739663748,16.830112739194035,16.139447317607218,16.68645477294922,2689841
2009-04-23,17.404749447733554,17.46000315126595,16.879844944538892,16.93509864807129,3628625
2009-04-24,16.907466734157914,17.034549408852428,16.592524760604302,16.752758026123047,2706781
2009-04-27,16.531745481867098,16.691978737386986,16.371510603386827,16.575946807861328,1759604
2009-04-28,16.46544696468833,16.54832671222749,16.117352674208252,16.24995994567871,1491259
2009-04-29,16.57042415181353,16.60910092510593,16.316258789125026,16.52069664001465,1339261
2009-04-30,16.835639486487537,17.443425266380757,16.620152509090044,17.194786071777344,3395315
2009-05-04,17.46000537784324,17.935184042896967,17.46000537784324,17.92413330078125,2605449
2009-05-05,18.178291634003706,18.344051092722022,17.52077835703943,17.636810302734375,2528295
2009-05-06,17.37712171795398,17.719691400626665,17.216888427730073,17.272140502929688,2122351
2009-05-07,17.404743163031334,17.559451854097187,16.211276581369127,16.255477905273438,3239159
2009-05-08,16.526224341086625,16.62568100656168,15.669800870225115,15.879761695861816,2323937
2009-05-11,15.87976032797633,15.87976032797633,15.260925399059365,15.614545822143555,2430659
2009-05-12,15.609015875166547,16.023414454907236,15.310649222345319,15.393528938293457,2317238
2009-05-13,15.47088571009934,15.647695897418897,14.945981328692183,15.084113121032715,2621850
2009-05-14,14.962556849455787,15.625594656135782,14.92940463452968,15.443258285522461,2177175
2009-05-15,15.780303366744715,16.073145497433444,15.520613450976308,15.813455581665039,2645797
2009-05-18,15.59243902838708,16.117344925759397,15.36037682061843,16.095243453979492,2100791
2009-05-19,16.354937919801202,16.669879923977064,16.272058188761136,16.443342208862305,2674056
2009-05-20,16.548321509175224,16.940618641121397,16.388088246558553,16.64225196838379,2174557
2009-05-21,16.343889232325388,16.36046453142972,15.923964343433333,15.968167304992676,1692383
2009-05-22,15.923958745643509,15.968161691664076,15.42668047179295,15.72504711151123,1967735
2009-05-25,15.807931465739458,15.940538706165885,15.620068909274522,15.852132797241211,517594
2009-05-26,15.67532102265212,16.13944712885202,15.581390565365906,16.10629653930664,1631245
2009-05-27,16.255484508735975,16.32731351508991,15.957117742114946,16.222333908081055,1526987
2009-05-28,16.023418163326763,16.189179256546716,15.537192115057792,15.714000701904297,2148993
2009-05-29,15.946064718163464,16.21680540449407,15.65874873387822,16.039995193481445,2575881
2009-06-01,16.216805612005736,16.77486228976253,16.18917957407426,16.747236251831055,2520749
2009-06-02,16.907469799592853,17.44342662888374,16.879843761243716,17.029027938842773,3235848
2009-06-03,16.924042732462162,16.9295672896457,16.283104836350045,16.476491928100586,2293214
2009-06-04,16.421240882506417,16.752759809728243,16.294158194281877,16.399139404296875,1457379
2009-06-05,16.564900196060265,16.90746988985366,16.354939382156534,16.404666900634766,1858164
2009-06-08,16.150498017688793,16.28310524599413,15.69189808742286,16.089719772338867,1596133
2009-06-09,16.117347731019773,16.559372374672726,16.117347731019773,16.34388542175293,1827595
2009-06-10,16.5317475285144,16.94614616886589,16.437815438876775,16.73065757751465,3282895
2009-06-11,16.85221982260797,17.073233025820695,16.67540958462999,16.78591537475586,2103794
2009-06-12,16.81354381327776,16.98482787700351,16.537276890807636,16.653308868408203,1571647
2009-06-15,16.66435641059317,16.70303318804689,16.321786725955555,16.421241760253906,1784321
2009-06-16,16.664355946082615,16.758286419395343,16.399139823745205,16.609102249145508,1338029
2009-06-17,16.686460169820542,16.758289176174475,15.95159318299278,16.222333908081055,2190034
2009-06-18,16.244432771151626,16.33283869537146,15.97921824441385,16.073148727416992,1537151
2009-06-19,16.205753321820808,16.52069694054384,15.973689431923775,16.43229103088379,3150224
2009-06-22,16.59804959221069,16.675404758985913,16.11182198421939,16.183650970458984,1523137
2009-06-23,16.045515224239793,16.2333777448272,15.553763130121945,15.72504711151123,2877798
2009-06-24,15.885286141680846,16.454393540454447,15.697425194829645,16.437816619873047,2227687
2009-06-25,16.520697804382984,16.631203574275606,16.023417782464474,16.62567901611328,2231845
2009-06-26,16.796965947893206,16.95167470170487,16.65330793527958,16.8853702545166,2153844
2009-06-29,16.774855849878687,16.9516659952762,16.66435011761529,16.852210998535156,1215907
2009-06-30,16.962723499251908,17.238990374586404,16.863266839865613,17.029027938842773,1560482
2009-07-01,17.211357049122174,17.725210606482538,17.0566483639513,17.653383255004883,2223760
2009-07-02,17.471051749667748,17.53735618577636,17.18373577245182,17.261089324951172,1601215
2009-07-03,17.493155158981203,17.54288268007043,17.073231886164425,17.28871726989746,1291059
2009-07-06,17.316339470500385,17.487625083840296,17.00139589801366,17.117427825927734,1704164
2009-07-07,17.26661594459402,17.53735663113862,17.178210027537464,17.272140502929688,1697003
2009-07-08,17.128480168249567,17.14505546395053,16.77485979430455,16.808012008666992,2144989
2009-07-09,16.935094401808723,17.183733570920023,16.852214678771624,16.97929573059082,1617539
2009-07-10,17.18373747642126,17.194788216868506,16.64225606338877,16.697509765625,2274041
2009-07-13,16.686458910977095,17.421325842365743,16.614629910042012,17.349496841430664,1988217
2009-07-14,17.338449299181708,17.465532025415612,17.01798101521532,17.437904357910156,2105026
2009-07-15,17.846770830589985,18.26116943359375,17.846770830589985,18.26116943359375,6168008
2009-07-16,18.465604576801105,18.73082064115823,17.935175694007548,18.056732177734375,3365054
2009-07-17,18.233540391981084,18.620311275649165,18.233540391981084,18.55400848388672,3094938
2009-07-20,18.907628783153662,19.11758951718827,18.40482436224092,18.55400848388672,2580347
2009-07-21,18.68662086866189,18.708722346360684,18.33852665230744,18.388254165649414,2251865
2009-07-22,18.55401014822255,19.018136224033487,18.509807201109037,18.89657974243164,2958571
2009-07-23,18.885525966412356,19.095488308452058,18.70318965039259,19.01813316345215,1913373
2009-07-24,19.062339171147,19.250200073419112,18.708718840159527,18.89657974243164,2136596
2009-07-27,18.80817869418329,19.09549630148897,18.487710490961444,18.647945404052734,1897126
2009-07-28,18.75292528287484,18.957361516941894,18.609265677977344,18.78607749938965,2193884
2009-07-29,18.835807537747453,19.3496629494868,18.808181496048274,19.250207901000977,2118578
2009-07-30,19.504367360852,20.15082990093029,19.360709379270297,20.06242561340332,3269959
2009-07-31,19.891136380531943,20.344211721063466,19.86903490690207,20.30000877380371,2894969
2009-08-03,20.200556979657488,20.305538184623412,19.968493092579067,20.134252548217773,2346883
2009-08-04,20.16188107214678,20.493399997663964,20.056899862671585,20.355266571044922,1957340
2009-08-05,20.05137899572693,20.20056156589511,19.355188799392597,19.421491622924805,2549932
2009-08-06,19.432539862771964,19.869040021932626,19.371761606123375,19.482267379760742,2283743
2009-08-07,19.471212155418854,20.16740210179489,19.338604933004454,20.012693405151367,2175789
2009-08-10,19.89113543500265,19.979539702359524,19.57066732852359,19.85245704650879,1254176
2009-08-11,19.857985992123563,20.012694698767422,19.432536643112833,19.592771530151367,1401708
2009-08-12,19.708802446499117,20.30001125808845,19.653550378623077,20.18398094177246,1926540
2009-08-13,20.123203430034604,20.360793517011537,19.8911411472303,20.02374839782715,1475859
2009-08-14,20.145304774333045,20.421571636104332,19.769584503979644,19.86903953552246,1586277
2009-08-17,19.86904059667253,19.86904059667253,19.482267943312703,19.648027420043945,1802493
2009-08-18,19.7806323221696,20.27790902940666,19.7806323221696,19.891138076782227,1946406
2009-08-19,19.8358843926608,20.040322229738866,19.515416243544394,19.918764114379883,1999151
2009-08-20,20.167407212609277,20.5265538254068,20.167407212609277,20.443674087524414,2089241
2009-08-21,20.11214619632323,20.719931801658163,19.874557809024726,20.626001358032227,2625315
2009-08-24,20.84702080074474,21.250368726322165,20.664684414439996,21.0183048248291,1841147
2009-08-25,20.88017494833378,21.134338728876166,20.670212505954748,20.819395065307617,1809731
2009-08-26,20.913320883716832,21.438225208944562,20.8912194097973,21.250364303588867,2239545
2009-08-27,21.16748635012273,21.543206569153526,21.05145441386537,21.349821090698242,1703625
2009-08-28,21.366397726663095,22.156518171303972,21.338771693808955,21.63713836669922,3460996
2009-08-31,21.388496810321254,21.504528740874388,21.062504116295255,21.145383834838867,1358896
2009-09-01,21.056987377473085,21.405081675417964,20.830447989441797,20.874650955200195,2109646
2009-09-02,20.758612992190635,20.764139172796494,19.979543248804305,20.366315841674805,3365901
2009-09-03,20.67021396584994,21.05698665708184,20.6591632247884,20.808345794677734,2252635
2009-09-04,20.89674095145753,21.349816232549486,20.89674095145753,21.316665649414062,2269498
2009-09-07,21.35534815658878,21.841575774578054,21.338772860562088,21.82499885559082,1145991
2009-09-08,21.94655741917401,22.189672044543716,21.60398776972067,21.836050033569336,2155461
2009-09-09,21.76422409666517,22.222824096679688,21.38297602573262,22.222824096679688,2474857
2009-09-10,23.537850418042332,23.996452066930527,22.515667525556346,22.70905303955078,6788474
2009-09-11,22.432789720030858,22.82508696324726,22.377536015718366,22.48251724243164,3116498
2009-09-14,22.101262335649672,22.377527506235182,21.86367393189487,22.233869552612305,1959188
2009-09-15,22.383062315925702,22.74220733845271,22.311233311420303,22.581974029541016,2079616
2009-09-16,22.60407096390303,22.81955631110704,22.410683848173264,22.51566505432129,2184105
2009-09-17,22.653794299780987,22.7311478334424,21.957604382026794,22.233869552612305,2832137
2009-09-18,21.725548027858157,22.03496551513672,21.65924358502953,22.03496551513672,2998919
2009-09-21,22.123367160797745,22.20624688682622,21.95760770874079,22.167570114135742,1107029
2009-09-22,22.27254970333228,22.642747003254435,22.21177145394699,22.449359893798828,1416954
2009-09-23,22.510143286193134,22.52119402705715,22.294656273786252,22.454891204833984,1224454
2009-09-24,22.372007974344477,22.41620930795318,22.04601360408638,22.11231803894043,1918686
2009-09-25,21.996286543826134,22.0791662776255,21.76974882116929,21.896831512451172,1313466
2009-09-28,21.9134054779262,22.554341830617805,21.76422293993246,22.543291091918945,1560636
2009-09-29,22.454887555235057,22.559868764900102,22.101267150982487,22.211772918701172,1523368
2009-09-30,22.338855606502083,22.372007823705882,21.83052647825909,22.211772918701172,1474704
2009-10-01,22.327800550693862,22.471458507842268,21.89682667924864,21.94655418395996,1855700
2009-10-02,21.559785401852597,21.6150390961577,21.023830247455265,21.521108627319336,2545466
2009-10-05,21.42165081004329,21.869201652120573,21.283519016249944,21.61503791809082,1182951
2009-10-06,21.82499928258178,22.488038726950563,21.775271770568278,22.432785034179688,1843842
2009-10-07,22.554341837268005,22.565392575970126,22.012860509745902,22.062589645385742,1828365
2009-10-08,22.3775282623974,22.443832684599368,22.073637051372597,22.355426788330078,1572571
2009-10-09,22.366482351910335,22.720102767375856,22.278078059524308,22.47698974609375,1851927
2009-10-12,22.87481197748926,23.576528264953485,22.747730905945982,23.493648529052734,2602831
2009-10-13,23.53785126556026,24.167738594262556,23.482599186978565,23.880422592163086,3409252
2009-10-14,24.5379326246666,24.786571829813916,22.698001532800006,23.0129451751709,9691836
2009-10-15,23.21737586511902,23.48811648453943,22.322275914606166,22.443832397460938,5986365
2009-10-16,22.598538751693738,22.648266251081274,21.841570656251836,21.935501098632812,3469004
2009-10-19,21.99076251908891,22.29465544714009,21.902358218415593,22.178625106811523,3050355
2009-10-20,22.167571156665694,22.200721750267707,21.81394913629158,22.00181007385254,2437974
2009-10-21,21.968660724609315,22.49356683129279,21.935510126680533,22.322282791137695,3079307
2009-10-22,22.101263810244443,22.74220008746064,21.990756436268956,22.42173194885254,2848923
2009-10-23,22.587493609292405,22.753253063604692,22.068113769385825,22.10679054260254,2441824
2009-10-26,22.29465117093152,22.43278458863491,21.725543827056736,21.769746780395508,1600214
2009-10-27,21.935500338023576,22.051532247877887,21.28351344331853,21.316665649414062,2319779
2009-10-28,21.15643632331232,21.16196088095765,20.360791284029478,20.366315841674805,3108567
2009-10-29,20.167413269048957,21.01278782309867,20.167413269048957,20.83597755432129,2937935
2009-10-30,20.907796847255405,21.327721648857178,20.21160683925702,20.31106185913086,3297140
2009-11-02,20.404998026051388,20.664688009390563,20.195037189512387,20.454727172851562,2323937
2009-11-03,20.51550499624779,20.664687564554058,20.300016359314963,20.471302032470703,2098635
2009-11-04,20.753090180502603,21.239317835579588,20.55970305631743,21.117759704589844,2605141
2009-11-05,20.830439827096697,21.39954710786959,20.66468039341604,21.161958694458008,2627163
2009-11-06,21.59845818461967,21.791845267465966,21.25036403223285,21.39402198791504,2756754
2009-11-09,21.603994369506836,21.65924645622751,21.38298115374092,21.603994369506836,1306767
2009-11-10,21.637142964719953,21.90235748076863,21.24484412624679,21.30562400817871,1299529
2009-11-11,21.515576386115473,22.184140218530658,21.48242580183056,21.935501098632812,1822051
2009-11-12,21.93550564958151,22.244923068809936,21.81394753112995,22.029436111450195,1776467
2009-11-13,21.963137293787685,22.532244767921163,21.963137293787685,22.454891204833984,1473857
2009-11-16,22.69800008665747,23.12344947433389,22.543291365953372,23.051620483398438,2067758
2009-11-17,23.17317771914376,24.02960101948822,23.16212698073566,23.5986270904541,3534454
2009-11-18,23.81411110191753,24.00749656563775,23.648351669311523,23.648351669311523,2697926
2009-11-19,22.985314664195286,23.17317557680481,22.09021305069354,22.195194244384766,3972507
2009-11-20,22.399634302298054,22.731153234962402,22.12889362422741,22.222824096679688,2276505
2009-11-23,21.885777329332953,22.941112223925526,21.847098936141485,22.8858585357666,2410177
2009-11-24,22.697999074649452,23.00741812522257,22.55986727983417,22.87480926513672,1427965
2009-11-25,22.930064417272966,23.206329647459626,22.720101998391566,23.09029769897461,1223684
2009-11-26,22.97979615523757,23.02952530155767,22.4217394112895,22.521194458007812,1227765
2009-11-27,22.101264703757206,23.068195338851673,22.101264703757206,22.896909713745117,1226071
2009-11-30,22.996368873439597,23.1400268581919,22.54329181811235,22.609596252441406,1117732
2009-12-01,22.814029302358822,23.427339553833008,22.814029302358822,23.427339553833008,1535996
2009-12-02,23.427338586916434,23.941192179587368,23.30578210227778,23.902515411376953,1559866
2009-12-03,24.200886801047776,24.366644632259852,23.836215677275852,24.17878532409668,2023483
2009-12-04,24.34454448832881,24.681587950417438,23.74228492894631,24.350069046020508,2218986
2009-12-07,24.471627612161424,24.576607193894205,24.17878547517054,24.38874626159668,1176098
2009-12-08,24.162218269645493,24.33350397446724,23.869377637886455,24.090389251708984,1712095
2009-12-09,24.09038237097707,24.394275281886223,23.72571120247824,23.957775115966797,1797103
2009-12-10,23.85279212629533,24.35559669383145,23.747810917184257,24.31139373779297,1362053
2009-12-11,24.250612435195197,24.841821217502876,24.250612435195197,24.631858825683594,1823668
2009-12-14,24.919180292379696,25.333578987765126,24.880503513599937,25.30042839050293,1795024
2009-12-15,25.38883018331876,25.421982400271013,25.084937295697394,25.361204147338867,1177407
2009-12-16,25.223067684945654,25.70929527282715,25.195441652291624,25.70929527282715,1362053
2009-12-17,25.50486580409883,25.648523808619323,25.36120779957834,25.460662841796875,1418340
2009-12-18,25.405405323651856,25.7921779397885,25.405405323651856,25.687196731567383,2282357
2009-12-21,25.841902223342853,26.062915351075674,25.598789243501134,25.996612548828125,1398628
2009-12-22,26.300507876178706,26.82541393355284,26.223152701369635,26.78673553466797,1730652
2009-12-23,26.853031816396854,27.134823147481146,26.471785485146427,26.521512985229492,1364594
2009-12-24,26.53257106752742,26.6209753562682,26.35576086708523,26.493892669677734,335643
2009-12-28,26.52152414955119,26.703858934263582,26.433119848073904,26.466270446777344,385000
2009-12-29,26.372340560178444,26.66518275706366,26.283936256701136,26.405492782592773,750852
2009-12-30,26.30603714317449,26.582302411121987,26.195529737626792,26.466270446777344,723261
2009-12-31,26.521512985229492,26.58781740064704,26.46625930571487,26.521512985229492,259413
2010-01-04,26.411016133182734,26.875142328345742,26.39996539356261,26.808837890625,1563947
2010-01-05,26.648598452354534,27.21218120839539,26.587821829205566,26.858562469482422,1550318
2010-01-06,26.748058292385732,27.14588165283203,26.72043225620164,27.14588165283203,1133902
2010-01-07,27.018806590113673,27.018806590113673,26.300514839970194,26.648609161376953,2648723
2010-01-08,26.5215170366473,26.615447494690848,25.720345864619485,25.753498077392578,3064292
2010-01-11,25.770077570757437,25.919261741061213,24.786571502685547,24.786571502685547,4640559
2010-01-12,25.051786126521563,25.339102087589765,24.97443095540903,25.195444107055664,3098165
2010-01-13,25.195444677032757,25.858482524011446,25.140190982130985,25.615367889404297,3732652
2010-01-14,25.86953459091321,26.079495396396258,25.52143872960474,25.59326934814453,1851904
2010-01-15,25.736929774513396,25.891638519857576,25.079416389579965,25.261751174926758,2738428
2010-01-18,25.317003689134026,25.399883428211112,25.002060031456782,25.30042839050293,1133048
2010-01-19,25.200971918146365,25.328054618470393,25.002060218282846,25.057313919067383,2392236
2010-01-20,25.40540444793796,26.37786132421735,25.278323389226024,25.836380004882812,6490484
2010-01-21,26.23972892927325,26.598875511253638,26.13474772056887,26.26735496520996,4068911
2010-01-22,26.01319019848265,26.322607631542223,25.786652492955483,25.836380004882812,3842608
2010-01-25,25.095984241887663,25.620890206900256,25.084933504573694,25.162288665771484,3091088
2010-01-26,25.416454607048852,25.825328677602467,25.20649382559103,25.67061996459961,2716329
2010-01-27,25.5159140396648,25.565641555892096,25.101515366169465,25.4661865234375,2130975
2010-01-28,25.902679473505593,26.223145960742766,25.234115600585938,25.234115600585938,3445827
2010-01-29,25.383298873901367,25.770071414279474,25.073881490783005,25.383298873901367,2648569
2010-02-01,25.0296862405278,25.39988195413163,24.681590382829267,25.33910369873047,2803262
2010-02-02,25.41092859720661,25.79217498878478,25.239642975087445,25.681669235229492,1960574
2010-02-03,25.869532076762336,26.145797292681962,25.5159116915273,25.935834884643555,2234617
2010-02-04,26.013190957907472,26.317083842051616,25.129139964099448,25.278324127197266,3191111
2010-02-05,25.05178319924272,25.22306719510804,24.366642346900207,25.04625701904297,4683063
2010-02-08,25.00205626172048,25.250695441462653,24.39979669883914,24.874975204467773,2764839
2010-02-09,24.930224805138508,25.405401640758036,24.88049729870584,25.162288665771484,2071069
2010-02-10,25.311479441816534,25.56564322072985,24.99100959868111,25.239648818969727,2081541
2010-02-11,25.42750902598835,25.521439503510955,24.86945234227445,25.31700325012207,2139060
2010-02-12,25.576689796256623,25.736924691733094,25.14018968643101,25.355676651000977,2391697
2010-02-15,25.416454305294547,25.57668919701685,24.85839770898536,24.991004943847656,1050357
2010-02-16,25.189919638889307,25.692724227905273,25.156769043404893,25.692724227905273,1525139
2010-02-17,25.968985025977037,26.00213723875013,25.637466144166968,25.753498077392578,1840223
2010-02-18,25.64852140148008,26.090546114132586,25.615369182864985,25.84743309020996,1349194
2010-02-19,25.714824516867296,26.018717404110006,25.549065055273203,26.01319122314453,1565487
2010-02-22,25.968985785567433,26.189998920892236,25.72587279737458,26.101593017578125,1425886
2010-02-23,26.12369566250709,26.223150685225846,25.43855637300294,25.526962280273438,1866249
2010-02-24,25.140193780038608,25.410934480747652,24.91918059879512,25.239648818969727,2863322
2010-02-25,25.062833920263532,25.4496065095033,24.543454096214862,24.565555572509766,2256177
2010-02-26,24.924702715824097,25.02968391922109,24.604234547909332,24.874975204467773,2119656
2010-03-01,25.18439148554713,25.747974249780484,25.06835954903315,25.648517608642578,2125046
2010-03-02,26.073970453024646,26.714906845477053,26.013192197890795,26.670703887939453,3004078
2010-03-03,26.80883861021936,27.0464270839882,26.46074436024385,26.930395126342773,1977976
2010-03-04,26.825413052276453,26.952494115132577,26.615450636224548,26.73700714111328,1940400
2010-03-05,26.90276890556904,27.3392706948788,26.79778768855237,27.201135635375977,2173094
2010-03-08,27.38346946319964,27.819971237443788,27.19561013829451,27.74814224243164,2041963
2010-03-09,27.81444299906934,27.991251561120574,27.377941282578664,27.67630958557129,1838375
2010-03-10,27.549231223547192,27.991257592806647,27.444251624382936,27.958106994628906,1226687
2010-03-11,27.95810690340106,28.17911846434878,27.571332614340456,27.714990615844727,1492491
2010-03-12,27.897328947355508,27.897328947355508,27.52713480063685,27.659740447998047,1681218
2010-03-15,27.70946543769935,27.714989996267164,26.886194226799955,26.94144630432129,1486639
2010-03-16,27.029849692331762,27.532654262203202,26.991172917098776,27.372419357299805,1609916
2010-03-17,27.488447370484888,27.930473623717294,27.488447370484888,27.869693756103516,1731576
2010-03-18,27.670788269944136,27.81444625779195,27.39452141058079,27.565805435180664,1619541
2010-03-19,27.737088725573095,27.781291681574874,27.30059021541774,27.44424819946289,1492183
2010-03-22,27.228760342677653,27.84759521484375,27.040899408707105,27.84759521484375,1578885
2010-03-23,28.01335007590182,28.952654591660437,27.96362257164644,28.70401382446289,3485559
2010-03-24,28.952663106752993,29.333909582117435,28.687448590750115,29.123947143554688,2343880
2010-03-25,28.90846054534368,29.50519402606496,28.67639662341828,29.361536026000977,1817739
2010-03-26,29.33928824058472,29.71742953493319,29.194705188842423,29.394899368286133,1539615
2010-03-29,29.472752302500943,29.73411448685843,29.239194049786057,29.41158103942871,930699
2010-03-30,29.439381304919184,29.500552560373624,28.844365481302837,28.888853073120117,1320242
2010-03-31,29.027877628314723,29.444946375155325,28.983390033972558,29.42826271057129,1681064
2010-04-01,29.450499274506875,29.806396675010546,29.417135220356137,29.511667251586914,1316546
2010-04-06,29.63957963602023,29.984353620852243,29.606212304053788,29.750795364379883,1123353
2010-04-07,29.884254538851486,30.106692502274228,29.634015913529385,29.74523162841797,1490104
2010-04-08,29.81196516767388,29.81196516767388,28.911099517892566,29.250316619873047,1512654
2010-04-09,29.64514329646085,29.884261714438548,29.528364154329466,29.65070343017578,2097078
2010-04-12,29.84533645766407,29.989919530087928,29.339292437357127,29.355976104736328,2147276
2010-04-13,29.22806938237203,29.283677237283193,28.95002357417094,29.089046478271484,1802476
2010-04-14,29.639576072464266,29.750791787452492,28.36056921551735,28.599687576293945,5753386
2010-04-15,28.833251071386833,28.93334653988886,28.41618226353055,28.77764320373535,2654395
2010-04-16,28.63861512056465,28.783198163931303,28.393936626686127,28.460664749145508,3518518
2010-04-19,28.22154910857599,28.78320093898937,28.082526184206944,28.560766220092773,1762361
2010-04-20,28.727588866964073,29.483871459960938,28.638616942417325,29.483871459960938,2376723
2010-04-21,30.251273498229118,30.306881351910878,29.450503417734446,29.517234802246094,2248799
2010-04-22,29.37266031144343,29.661826461600683,28.87773981590959,29.205833435058594,2540273
2010-04-23,29.48942718766026,29.862008295748616,29.211384656397584,29.52835464477539,2283240
2010-04-26,29.806409322109204,30.13450293889633,29.66738638165205,29.834213256835938,1373185
2010-04-27,29.806405543031254,29.862013405434343,28.827688217163086,28.827688217163086,2167940
2010-04-28,28.50515519254999,28.79988470798055,27.865651698251227,27.904579162597656,3195524
2010-04-29,27.915697692804105,28.21042718990934,27.493072078343662,27.8712100982666,2835537
2010-04-30,28.08252273396628,28.338324752704356,27.53755790296557,27.637653350830078,2192075
2010-05-03,27.415218366108473,27.84340739892713,27.248391512631375,27.810043334960938,1283671
2010-05-04,28.188188015204865,28.282723352394125,27.18722677443275,27.342931747436523,2688938
2010-05-05,27.704383267881823,27.771111385034626,26.614447130085516,27.33736228942871,3551298
2010-05-06,26.848006748776385,27.481948434716053,26.77571522465219,27.248390197753906,3161811
2010-05-07,26.508786872827663,26.970341503809067,25.468900145262392,26.02499008178711,3668566
2010-05-10,26.692305305192743,27.39297847462816,26.58108793811519,27.276199340820312,3287409
2010-05-11,26.881371858416657,27.19278174530183,26.61444956491834,27.1705379486084,1890658
2010-05-12,26.936979266946235,28.110330539169258,26.820200152961412,27.96018409729004,2428085
2010-05-13,28.221551813759582,28.31052701657621,27.28176021777341,27.49307632446289,2296280
2010-05-14,27.348494823845318,27.437468403673755,26.38089918032803,26.508798599243164,2367221
2010-05-17,26.581081632769095,27.29843666540699,26.169574695396616,26.94253921508789,2354252
2010-05-18,27.126052416081563,27.23170964169679,26.269674345379624,26.519914627075195,3671896
2010-05-19,26.136214547959966,26.3364071104117,25.60236825922588,25.680221557617188,2193812
2010-05-20,25.891534308647557,26.030555596469426,24.712622811392695,25.03515625,3241149
2010-05-21,25.01847023876842,25.33544188143008,24.495745933367452,25.190858840942383,3435360
2010-05-24,25.530072362965736,25.719142993324965,24.96286047188805,25.580120086669922,1785665
2010-05-25,24.68482029151321,24.83496512036412,24.078682476391556,24.423458099365234,2608657
2010-05-26,24.990669236990286,25.92489897727151,24.712623388035603,25.630172729492188,2932494
2010-05-27,25.596808514262094,26.125093044417525,25.46890748167094,25.913780212402344,2090091
2010-05-28,26.063918693685398,26.369768436525575,25.602364013296544,25.71358299255371,1577610
2010-05-31,25.702463253420508,26.30303925820716,25.424417415335412,26.202943801879883,719805
2010-06-01,25.897095673667458,26.258553325978937,25.59680765225395,25.95826530456543,2176929
2010-06-02,25.79699787021506,26.214064982504038,25.596805329634055,26.113967895507812,1116988
2010-06-03,26.69230151295396,27.131612418943266,26.59220606014613,27.025955200195312,1720889
2010-06-04,27.0871213365762,27.95462113836258,26.514349356138705,26.620006561279297,3491417
2010-06-07,25.424414779052455,26.3642061514998,25.30207553769093,25.74138641357422,2903791
2010-06-08,25.746947228432603,26.013869496712854,25.19641739581128,25.53563117980957,1789644
2010-06-09,25.885977100987045,26.37533584447516,25.585689040980306,26.364213943481445,1849175
2010-06-10,26.013874385258955,27.081566925844044,25.902657024810683,26.759035110473633,1921503
2010-06-11,26.770157986846733,27.326246442794332,26.747914187262968,27.070446014404297,2018634
2010-06-14,27.248392392144396,27.960187425531476,27.248392392144396,27.74331283569336,1724735
2010-06-15,27.398531650555576,27.926817685200948,27.359605826974732,27.72662353515625,1444035
2010-06-16,28.06028044560416,28.082524242638243,27.20390406026073,27.648775100708008,1555997
2010-06-17,27.693267442971997,28.082529057575577,27.203908724552736,27.45970916748047,1801129
2010-06-18,27.626532223983858,27.999113386599163,27.504192969632427,27.854530334472656,1716854
2010-06-21,28.09364938296463,28.343888030395917,27.915698996504098,28.03803825378418,870428
2010-06-22,27.83784191659996,28.049156325973378,27.58203991927188,27.77111053466797,1125791
2010-06-23,27.170539408757598,27.915698470975357,27.098247882324703,27.20390510559082,2108422
2010-06-24,27.303996786584076,27.41521412723548,26.52547213520169,26.55327606201172,1683148
2010-06-25,26.686738899451232,26.8202000434268,26.341964958102423,26.436498641967773,1195883
2010-06-28,26.475430268396636,26.74235259835213,26.22518997153399,26.542160034179688,2026716
2010-06-29,26.341967422878483,26.341967422878483,25.174177811942727,25.37993049621582,2516069
2010-06-30,25.54675681290822,25.824802652555423,25.27427437283945,25.42997932434082,1722385
2010-07-01,24.92393791103728,25.246469724662457,24.317800114721468,24.60140609741211,2675535
2010-07-02,24.701495600790846,25.26870742938036,24.629205722724272,24.751544952392578,1666052
2010-07-05,24.935058413885198,25.507830480145735,24.82384106026741,25.213104248046875,1664844
2010-07-06,25.491149805014846,26.013874171628707,25.374370679126805,25.630172729492188,1885090
2010-07-07,25.263157168076965,25.78588161432051,25.04628254891085,25.613492965698242,1752418
2010-07-08,25.986071936915042,26.29192175659656,25.819245059527262,26.030559539794922,2231814
2010-07-09,26.2363029065594,26.475422870148616,26.008306473139264,26.39200782775879,1573107
2010-07-12,26.436497029737904,26.69229903738476,26.102843373441157,26.41425323486328,1568466
2010-07-13,26.620012005303703,27.270635764643295,26.48655084698365,27.137174606323242,1891946
2010-07-14,28.760952615992682,28.805440206138222,27.771111902310935,27.96574592590332,6288985
2010-07-15,27.693266791555608,27.804485793179097,26.89249814692492,27.00371551513672,3662237
2010-07-16,27.248390081944592,27.41521692666239,26.475427117042067,26.62557029724121,2827052
2010-07-19,26.631133531680007,26.781276720158168,26.380893250804863,26.536598205566406,1575600
2010-07-20,26.836883707305862,26.970344851281432,26.169576354016634,26.436498641967773,1733187
2010-07-21,26.636697166207544,26.970350917903133,26.558845495298176,26.681184768676758,1942965
2010-07-22,26.68118340514382,27.431904308093554,26.58108793811519,27.276199340820312,2070704
2010-07-23,27.32068026014051,27.415213937322008,27.064878254979636,27.33736228942871,1248142
2010-07-26,27.632092705531004,27.632092705531004,27.092686319616504,27.3206844329834,934348
2010-07-27,27.59316666917703,27.737749713488064,27.21502539426423,27.303998947143555,1159720
2010-07-28,27.370735106661854,27.565367543885028,27.09825100127876,27.36517333984375,1471099
2010-07-29,27.582043287460067,27.89345317434815,27.270633400571988,27.292877197265625,2112296
2010-07-30,26.92586263840364,27.52087855343137,26.91474073874068,27.215028762817383,1490440
2010-08-02,27.582052363858825,27.893462353222283,27.53200462153469,27.821170806884766,1368825
2010-08-03,27.860091663346296,27.982430922950197,27.554241880924977,27.76555633544922,946529
2010-08-04,27.654334132793483,28.04359893198817,27.54867855120319,27.721065521240234,1145566
2010-08-05,27.709941570525956,27.99910761517349,27.37072617449537,27.443016052246094,736277
2010-08-06,27.504197904814184,27.698828720152207,26.753476945552364,26.764598846435547,1629218
2010-08-09,26.848007197690126,27.031517710774914,26.614450590234238,26.970346450805664,1304162
2010-08-10,26.936981017975395,27.037078107931187,26.258551719698794,26.33084487915039,1627272
2010-08-11,25.769192068642784,25.85816725626046,24.76823100841254,24.868328094482422,3956353
2010-08-12,24.657011982075694,24.862764639345343,24.1565314859638,24.595842361450195,3702071
2010-08-13,24.951746421783273,25.024039597373996,24.089808049614422,24.44014549255371,2613388
2010-08-16,24.401211862795897,24.540234778090134,24.156533361298866,24.4735050201416,1847847
2010-08-17,24.556918012620798,25.00179070999848,24.512432049612254,24.901695251464844,1761352
2010-08-18,24.745986345735904,25.090761918869084,24.52911178362262,24.79047393798828,1028619
2010-08-19,25.135250686373507,25.43553868129491,24.890572184367716,25.090763092041016,3146497
2010-08-20,25.257591777491704,25.290957475671895,24.3622878600869,24.59028434753418,2610858
2010-08-23,24.74598471137244,24.779350403358066,24.16765258393332,24.25662612915039,1953233
2010-08-24,24.08980243447466,24.134290029572522,22.966500458722475,23.289033889770508,4449567
2010-08-25,23.17225741419385,23.489229115327625,22.877529513147884,23.233427047729492,1977056
2010-08-26,23.56707860102993,23.6894178567784,23.233424897416636,23.383569717407227,1952993
2010-08-27,23.12221172043982,23.183381359371573,21.998909517382806,22.471586227416992,6020768
2010-08-30,22.694017348410597,22.7607487390759,22.38816759131177,22.566116333007812,1273847
2010-08-31,21.77647053930532,22.09900233963983,21.520668498764312,21.88212776184082,3171649
2010-09-01,21.876567001419104,22.744066985907672,21.50954758874184,22.688457489013672,3316870
2010-09-02,22.643968152859934,23.027669540760325,22.488263218155264,22.922012329101562,1837343
2010-09-03,23.133329391479492,23.439177530213176,22.838601518325657,23.133329391479492,2626191
2010-09-06,23.35576820373535,23.522595084474634,23.155577253577647,23.35576820373535,1322640
2010-09-07,23.33908171916585,23.34464348528304,22.543873303680936,22.905332565307617,3459881
2010-09-08,22.410410717390214,22.788551986351848,22.232461981020702,22.74962615966797,3095011
2010-09-09,22.85528697132824,23.53927814474377,22.710703896209317,23.40025520324707,2307728
2010-09-10,23.16113808035113,23.50035361915702,23.150016179074946,23.194503784179688,1918270
2010-09-13,23.41137664543183,23.88961346404798,23.24454977226751,23.80620002746582,1956864
2010-09-14,23.978584436980007,24.20658090562394,23.706100374431465,24.089801788330078,2508787
2010-09-15,24.184337346776573,24.201021011360776,23.81175782768591,23.93965721130371,1840934
2010-09-16,23.900726464778483,24.006383662894784,23.72833952229107,23.889604568481445,1033091
2010-09-17,24.189909846521303,24.32893119041245,24.089812714834522,24.24551773071289,3876022
2010-09-20,24.467941501761743,24.618086304862604,24.35672415753861,24.584720611572266,2154430
2010-09-21,24.57915593252203,25.213099129660733,24.55135200811479,24.64032554626465,2794347
2010-09-22,24.6903784810728,24.701500379868175,23.73390498513924,23.783952713012695,2461519
2010-09-23,24.023074709605527,24.04531850903815,23.42249702515958,23.78951644897461,1798495
2010-09-24,23.644933610718855,24.267753467103063,23.372449515197857,24.156536102294922,1814925
2010-09-27,24.284429883553,24.595841373132536,23.97302002738472,24.023069381713867,1287962
2010-09-28,24.056437239024866,24.479066134431072,23.822878993309697,24.390090942382812,1632301
2010-09-29,24.668132438812787,24.92949456929815,24.634766747672078,24.807153701782227,2429708
2010-09-30,24.74042861377207,24.99066889435341,24.31223958032768,24.367847442626953,1978080
2010-10-01,24.429012927226207,24.501304437847768,24.000823995047217,24.1231632232666,1801618
2010-10-04,24.18990317468017,24.93506233798666,23.850687660974824,24.30668067932129,2737443
2010-10-05,24.24550584205332,24.440138241523414,23.945217861062012,24.278871536254883,2459187
2010-10-06,24.495746937188866,24.579160358843183,23.667172853163994,23.839561462402344,2255923
2010-10-07,23.4113718066047,23.700537891412843,23.122205721796554,23.633808135986328,3112798
2010-10-08,23.29459365976613,23.872927486799533,23.12220668156311,23.428054809570312,3274414
2010-10-11,23.533711558508237,24.045315617104624,23.511467761750882,23.9730224609375,1641462
2010-10-12,23.567081723922552,24.718187807287,23.50591208794268,24.562482833862305,2670601
2010-10-13,25.024034429466074,26.208504429836943,24.74598858612706,25.780315399169922,4878055
2010-10-14,25.746952456814206,25.963825414597007,25.418858870075304,25.58568572998047,3170790
2010-10-15,25.87484756717132,26.002748574163636,25.691338705025988,25.986064910888672,1929603
2010-10-18,25.986069272314065,26.380894257270153,25.713586816144463,26.208505630493164,1601970
2010-10-19,25.913771746072136,26.480981923993628,25.913771746072136,26.080596923828125,2625176
2010-10-20,25.919340609066545,26.1640207767965,25.813683375279407,26.136215209960938,1465929
2010-10-21,25.863727660025205,26.002750575430102,25.518952071213768,25.602365493774414,3128106
2010-10-22,25.42998234598098,25.774757986717685,25.424420579153196,25.730270385742188,1508051
2010-10-25,25.87485254727527,26.469868472496113,25.87485254727527,26.291919708251953,1130331
2010-10-26,26.13620934916654,26.369767564471413,25.869287074599228,26.269670486450195,1698024
2010-10-27,26.41425924010404,26.97034933816193,26.303041873857126,26.786840438842773,2343846
2010-10-28,27.12049541423624,27.648779969890956,26.442066018865436,26.57552719116211,3277457
2010-10-29,26.303038658411342,26.581084490156076,26.04167649128171,26.369770050048828,1416415
2010-11-01,26.703420197281496,26.898050946941858,26.514349579480577,26.736785888671875,1018758
2010-11-02,26.492111737937385,26.892496857765103,26.230749546768774,26.83688735961914,1305397
2010-11-03,26.95922734802596,27.0871283804997,26.469868651399963,26.531038284301758,1380995
2010-11-04,27.059323767201107,27.092687832736765,26.469867986034178,26.96478843688965,1954729
2010-11-05,27.203908449954714,27.326247719971697,26.89249850805055,26.98703384399414,1435388
2010-11-08,27.081566925844044,27.081566925844044,26.56996445432347,26.759035110473633,1478411
2010-11-09,26.608890497451227,27.448586557430517,26.603330364419726,27.3707332611084,1640312
2010-11-10,27.304001901197243,27.304001901197243,26.59776863395763,26.608890533447266,1625549
2010-11-11,26.636695812061074,26.731231145796322,25.619052574488798,26.136215209960938,2733615
2010-11-12,25.663532786483486,26.447619213965503,25.663532786483486,26.269670486450195,1406277
2010-11-15,26.258546700075193,26.525470588853565,26.002746341465905,26.39200782775879,989704
2010-11-16,26.286354508436972,26.653373866037207,26.136209706060544,26.252988815307617,1739583
2010-11-17,26.186264109761282,26.41982073986124,26.06392321137292,26.291919708251953,1094628
2010-11-18,26.58108141350134,27.020392274070993,26.41425295371736,26.825759887695312,1868525
2010-11-19,27.09268449243761,27.5709228515625,27.025954736181895,27.5709228515625,2142227
2010-11-22,28.104770996401328,28.355012922655416,27.848972203832727,28.110334396362305,2185783
2010-11-23,28.19374104774374,28.371691410256474,27.793355998912727,28.065841674804688,2227951
2010-11-24,27.943504539268922,28.505153062913745,27.315121357831362,28.42730140686035,1898367
2010-11-25,28.449548063237867,29.378217697143555,28.416180730987836,29.378217697143555,1762807
2010-11-26,29.22807399184108,29.47275251222485,28.58300709239143,29.01119613647461,1994577
2010-11-29,29.089049891111138,29.322604869233174,27.971309661865234,27.971309661865234,1673114
2010-11-30,27.86565261036975,28.043603005408944,27.337368092037796,27.71550941467285,2708820
2010-12-01,28.165942354317323,29.15021986269828,28.054723357079304,29.08348846435547,2647992
2010-12-02,28.916654284607308,29.24474779331862,28.63861176210523,29.22806739807129,2045893
2010-12-03,29.228071298054555,29.511673990147642,29.027877126972385,29.456066131591797,1365645
2010-12-06,29.522796325331264,30.11781214832381,29.300361633300785,29.30036163330078,1669690
2010-12-07,29.29479699200623,29.494991146485145,29.10016623637977,29.116849899291992,1406697
2010-12-08,29.055682571134206,29.30036434854723,29.01675837484485,29.250316619873047,1093773
2010-12-09,31.00200548653641,32.03077080853344,30.740643238593734,31.585901260375977,6607333
2010-12-10,31.474663105519905,31.836120618715803,30.896331084406473,31.574758529663086,2458849
2010-12-13,31.37457846239173,31.619256975890345,30.979753494262695,30.979753494262695,1454309
2010-12-14,31.04092477239409,31.2967235517214,30.662783469429993,30.735074996948242,1285089
2010-12-15,30.80180405799636,31.074286482052578,30.579366092621065,30.868532180786133,1049436
2010-12-16,30.74619176565521,31.207748076164247,30.64609631844886,31.202184677124023,942413
2010-12-17,31.36345265822818,32.02519989013672,31.068726436807385,32.02519989013672,2105916
2010-12-20,32.253205251261775,32.34217719087319,31.847259955431674,32.18647384643555,1467087
2010-12-21,32.38665429564834,32.4200216206569,32.06968430900205,32.130855560302734,726106
2010-12-22,32.27543971842406,32.63689730649878,32.14197694737065,32.42558288574219,789971
2010-12-23,32.342156897072655,32.42001178726326,31.991822958500958,32.13640594482422,637302
2010-12-24,32.14199509227207,32.24209059365705,32.04745972611415,32.09750747680664,47067
2010-12-27,32.03076321684535,32.31992933465892,32.00851941802714,32.314369201660156,375063
2010-12-28,32.41448183865271,32.82598739312992,32.31994320299189,32.542381286621094,400584
2010-12-29,32.475648941438315,32.53125682735787,32.014095647927306,32.09750747680664,687369
2010-12-30,32.18647463402494,32.44227672537306,32.09193929158044,32.258766174316406,456363
2011-01-03,32.0752534728774,32.592417754734385,32.030765871553854,32.509002685546875,1167251
2011-01-04,32.197597311263586,32.28657252653438,31.44687791618189,31.474681854248047,1823372
2011-01-05,31.141027707391668,31.213319252265833,30.50708420607865,30.86298179626465,2738030
2011-01-06,30.918590967596245,31.185513326514105,30.59049733607338,30.75732421875,2083627
2011-01-07,31.007556444840766,31.307846077783196,30.723950476734842,31.063167572021484,1197139
2011-01-10,30.92415226698255,30.974200006989513,30.2679649792046,30.412548065185547,1445521
2011-01-11,30.862966225122726,31.67485647849779,30.796234848101033,31.652612686157227,1961281
2011-01-12,31.59145759150215,32.04745062022122,31.296728039493622,31.93623161315918,1428335
2011-01-13,31.708221711269267,31.841681189697244,31.035351120828206,31.302276611328125,1823753
2011-01-14,31.913989925658193,33.482163328399395,31.624823754966695,33.309776306152344,6362965
2011-01-17,33.72127322222032,33.92146739751003,33.115137097389145,33.23747634887695,2571662
2011-01-18,33.25416843234975,33.64899021663093,33.23192462946396,33.309776306152344,2113643
2011-01-19,33.365378349497256,33.85473866064722,30.974194458302335,31.029802322387695,6670245
2011-01-20,30.75175746674044,31.096534729003906,29.884259078092274,31.096534729003906,7902874
2011-01-21,32.019626876359816,32.22538109542976,31.60255830801245,32.13640594482422,4051883
2011-01-24,31.791644674682964,31.863936203783933,31.024241786253697,31.708232879638672,2727648
2011-01-25,32.43114713493853,33.298648723269096,32.264320283354536,33.0428466796875,4676952
2011-01-26,33.35981474708643,33.84361487487806,33.198548037822555,33.699031829833984,2673071
2011-01-27,33.58781853038939,34.63882748446278,33.420991660428164,34.56653594970703,3516791
2011-01-28,34.49980537377872,34.91687419207201,34.060496021326976,34.24400329589844,2164859
2011-01-31,34.36633176872856,34.421939615011574,33.50439055040904,33.92145919799805,3342774
2011-02-01,34.31073075291593,35.523006333129565,33.993760708906336,35.26720428466797,2676242
2011-02-02,35.25609007428669,35.52857256824908,34.83346109846975,35.27277374267578,1684776
2011-02-03,34.96691279299395,35.37285797133747,34.59989180608283,34.85569381713867,1616881
2011-02-04,34.9780350185253,35.50075933412242,34.86681930325632,35.372859954833984,1635154
2011-02-07,35.36729888436717,36.3237723045189,35.311687761384896,36.31264877319336,1957499
2011-02-08,35.923391437934,36.062414361376675,35.23384022044389,35.26720428466797,2427783
2011-02-09,35.411791558884374,35.53413082008912,34.927991380291736,35.10594177246094,1727786
2011-02-10,34.794538946000664,35.13931300087737,34.02157248938379,34.86126708984375,1929623
2011-02-11,34.54429068421354,35.61754339321937,34.471999152523715,35.42291259765625,1906322
2011-02-14,35.89002134126808,36.36269793782035,35.595295118393295,36.24592208862305,1834077
2011-02-15,36.21255635043616,36.35157926927123,35.545248953486194,35.75100326538086,1299691
2011-02-16,35.9845582548527,36.61849826455635,35.95675106014093,36.48503875732422,1517447
2011-02-17,36.53508967048234,36.54064980318103,36.034609124317775,36.3793830871582,1079880
2011-02-18,36.58514293934839,36.612946873875806,36.07910218384371,36.38494873046875,1252856
2011-02-21,36.624061707402504,36.64630550508903,35.65090780920296,35.75100326538086,1289214
2011-02-22,35.461848606767646,36.145839952441364,34.81122460487762,35.76213836669922,2014847
2011-02-23,35.422900091964706,35.478507937687176,34.6388137865318,34.850128173828125,2390642
2011-02-24,35.51188507653859,35.51744520928363,34.1049787494875,34.588775634765625,2428366
2011-02-25,34.96692415208856,35.26165045031938,34.700001790148086,34.994728088378906,1333334
2011-02-28,35.02252099357482,35.60085314009167,34.83901049830595,34.98359680175781,1651158
2011-03-01,35.47852574439406,35.9178253326288,34.99472875005293,35.2060432434082,1854909
2011-03-02,34.966922656482545,35.611986364757875,34.54429369583968,35.45627975463867,1752392
2011-03-03,35.70095180709836,36.52396243503926,35.6620243485085,36.3905029296875,2122796
2011-03-04,36.37383191812268,36.59626668229202,35.86222771366229,36.30154037475586,1836312
2011-03-07,36.0457339800952,36.09022158099611,35.31169509887695,35.31169509887695,1767027
2011-03-08,35.14485650639309,35.43958594734919,34.59432834581314,35.08924865722656,2288759
2011-03-09,35.06701521704484,35.361741478190794,34.56097449312842,34.644386291503906,1861477
2011-03-10,33.932590155663924,33.932590155663924,32.77036228090954,32.964996337890625,4992909
2011-03-11,32.58128801915932,32.686946868896484,32.153099021455,32.686946868896484,2421771
2011-03-14,32.80929570854018,33.33202017718936,32.52012953725745,33.06509780883789,2578331
2011-03-15,32.10860929668946,32.54235835386454,31.38013080310906,32.29767990112305,3972011
2011-03-16,32.65359307644278,32.87046770969745,31.697116062908982,31.77497100830078,2700386
2011-03-17,31.88061717824002,32.642459869384766,31.697106671081688,32.642459869384766,2618803
2011-03-18,32.831534601942714,33.09845693037942,31.991840150618042,31.997400283813477,3265523
2011-03-21,32.592414538251525,33.3375736198241,32.39222361887543,32.859336853027344,2015473
2011-03-22,33.076203655105964,33.537759914565605,32.431140185005304,32.7536735534668,1839379
2011-03-23,32.48119929843945,33.615623350824464,32.48119929843945,33.60449981689453,1845469
2011-03-24,33.58782495616655,34.1216697354444,33.37651044487873,33.865867614746094,1844097
2011-03-25,34.054920135221266,34.31072211931546,33.398736413893715,34.19394302368164,1511999
2011-03-28,34.08830176509655,34.421955530710584,33.954838952121484,34.26068878173828,1029117
2011-03-29,34.36078146063764,34.366344860843064,33.43767191310579,34.205078125,1988531
2011-03-30,34.47755445461508,35.35617624494315,34.3663387394904,34.97803497314453,2173875
2011-03-31,34.84457767609028,35.0948163178469,34.54428803915934,34.588775634765625,1482812
2011-04-01,34.88905839044819,34.95022964477539,34.46086941062581,34.95022964477539,1358048
2011-04-04,34.777846961992054,35.09481700334944,34.455313520957965,34.64994430541992,1144903
2011-04-05,34.922429323262776,35.072572508266326,34.63326321874201,34.83345413208008,1246445
2011-04-06,34.96691948781641,34.97803975411974,33.93815438135954,34.02712631225586,2217971
2011-04-07,34.054925351214145,34.29960710978266,33.12069570987538,33.19854736328125,2178744
2011-04-08,33.47658883659128,33.687903239963646,32.597967166494556,32.720306396484375,2150715
2011-04-11,32.80928415277681,33.27084045091799,32.72587237128084,33.19298553466797,1724569
2011-04-12,32.8092989965834,32.99280957245127,32.481205320584515,32.71476364135742,2709533
2011-04-13,32.208710959186256,32.62021630325438,31.25223748911409,31.46354866027832,5849759
2011-04-14,30.58493823008484,30.9630796124362,30.245721052677812,30.551570892333984,5345109
2011-04-15,30.490392039064062,31.280038593816595,30.490392039064062,30.918581008911133,3413297
2011-04-18,30.86297632936989,31.246677789337095,30.028842010566557,30.217912673950195,2908879
2011-04-19,30.134500081054867,30.434786467813748,29.7285548321665,29.750795364379883,2571888
2011-04-20,30.918589866345247,32.136425739825604,30.807370859580992,31.330095291137695,4978157
2011-04-21,32.15309353277252,32.24763210156908,30.862966627489016,31.135452270507812,3015773
2011-04-26,31.079175734506965,31.912305043884185,30.865263261291922,31.895416259765625,2070779
2011-04-27,31.799713736786096,32.12058405041116,31.259305798554596,31.80534553527832,2099287
2011-04-28,32.1768708455889,32.42455750525653,31.88977813720703,31.88977813720703,2481177
2011-04-29,31.642094897978804,31.839118548875245,31.35500215856285,31.473217010498047,2040587
2011-05-02,31.934810225741106,32.23879168981216,31.433805147192132,31.46758270263672,1451494
2011-05-03,31.24242180681517,31.737798581962384,31.12983542451187,31.43944549560547,2387106
2011-05-04,31.535145444990622,32.2725805168306,31.473225410347688,31.597068786621094,3155399
2011-05-05,31.490103525238727,32.1318374672929,31.47321474561001,31.822227478027344,2337894
2011-05-06,31.856009508097152,32.036144390467506,31.264935208002328,31.8841552734375,3123892
2011-05-09,31.89539933620057,32.36263009533419,31.86162509287121,32.244415283203125,1886404
2011-05-10,32.23878930011199,32.818603120076226,32.154348724745724,32.61594772338867,1766877
2011-05-11,32.537152323648606,32.84113389017991,31.405669974597572,31.501367568969727,5278286
2011-05-12,31.38877847210652,31.98548126220703,31.208643590238804,31.98548126220703,2034582
2011-05-13,32.086803213366814,32.171243805279495,31.47884351814401,31.574541091918945,1790844
2011-05-16,31.523878278567658,32.154355248881444,31.45069797499528,32.0868034362793,2440416
2011-05-17,31.557659395872797,31.608322439598137,31.242420842144462,31.304344177246094,2695373
2011-05-18,31.523884650147487,31.81097743149371,31.439444040581122,31.70401954650879,1575238
2011-05-19,31.79970283419113,31.90103218148199,31.298701122240768,31.52387046813965,1840018
2011-05-20,31.636460558901515,31.771560859721728,31.248038513205042,31.46758270263672,1734073
2011-05-23,30.96095163748712,31.073534679443608,30.656970148834727,30.690744400024414,1969514
2011-05-24,30.2854366060556,30.763924451462547,30.105301756189252,30.178482055664062,3251593
2011-05-25,29.89139556833813,30.510615650889353,29.716889172814884,30.341737747192383,2360043
2011-05-26,30.448687890730554,30.51061121277301,29.863245458270185,30.071529388427734,2302263
2011-05-27,30.28543873280365,30.341733564266455,30.0264950746235,30.032123565673828,2069210
2011-05-30,30.116561579596453,30.257293701171875,30.02649579965692,30.257293701171875,637935
2011-05-31,30.43180698644474,30.79208006981284,30.246040299414645,30.403657913208008,2067607
2011-06-01,30.414916897982955,30.476840226663196,30.037755048264312,30.40928840637207,1787166
2011-06-02,30.020865108107852,30.1390766423009,29.694366345424488,29.846355438232422,1147561
2011-06-03,29.925165951634238,30.16722411194298,29.581778427835413,29.654958724975586,1695039
2011-06-06,29.272174238951184,29.542381518946556,29.04700481260854,29.502975463867188,1994343
2011-06-07,29.474826413513888,29.992717028470953,29.418531582963052,29.60993003845215,1592675
2011-06-08,29.705623316217263,29.716883604746936,29.20462149781256,29.294687271118164,1440130
2011-06-09,29.15958640180227,29.525487899780273,29.03011127460416,29.525487899780273,1305132
2011-06-10,29.334094176146632,29.43542024093751,28.60229114489422,28.816200256347656,1613941
2011-06-13,28.78805661966828,29.125812398560235,28.6191787302223,28.669841766357422,889152
2011-06-14,28.93441848904008,29.593044601276247,28.804946647422916,29.452312469482422,1759590
2011-06-15,29.31719824877581,29.384750044495984,28.450291804497688,28.82182502746582,1810799
2011-06-16,28.57415000294284,28.664219110847945,28.174474123841833,28.461566925048828,1708698
2011-06-17,28.174470012424933,28.52348279414576,27.78605117499919,28.044998168945312,2684313
2011-06-20,27.61716805919769,27.69035001599638,27.211862145542803,27.50458335876465,1945289
2011-06-21,27.52710496079871,27.932412591719906,27.41452024265104,27.825454711914062,1594353
2011-06-22,27.864861700732387,27.864861700732387,27.420149651609226,27.79730987548828,1485042
2011-06-23,27.60590655066829,27.724121383240828,27.133048873871193,27.583389282226562,2453067
2011-06-24,28.02248262630196,28.06751386947761,27.538364519039636,27.79730987548828,2220063
2011-06-27,27.97743673949522,28.765531127040738,27.87047889945198,28.405258178710938,2245520
2011-06-28,28.58540391685731,28.86123636453786,28.039364205750964,28.242019653320312,1959594
2011-06-29,28.382745152824665,28.821830251092113,28.292679382526686,28.664209365844727,2609155
2011-06-30,28.647323648653856,28.79368756837578,28.42778272955086,28.596660614013672,2701249
2011-07-01,28.68109923136758,29.305947691477712,28.5628843896992,29.249652862548828,1631054
2011-07-04,29.25528298943548,29.72251053164025,29.244022701498277,29.654958724975586,1056854
2011-07-05,29.497348785400387,29.767552775017613,29.277807837149705,29.49734878540039,1806192
2011-07-06,29.446679989978893,29.58178030489459,28.928786079673955,28.996337890625,1844193
2011-07-07,29.519856496132377,30.257287909983916,29.390381381710714,30.043378829956055,2653675
2011-07-08,30.341737267201957,30.37551152461227,29.519865036010742,29.519865036010742,2276404
2011-07-11,29.13707637601166,30.026500480596194,29.12581608489719,29.8294734954834,2168492
2011-07-12,29.046998344156457,29.294684988674913,28.557253545452667,28.934412002563477,3717111
2011-07-13,26.513836134711052,28.26453841295084,26.513836134711052,28.14069175720215,9834671
2011-07-14,27.639684474498043,28.123802474410457,27.358221905380464,27.4314022064209,3087104
2011-07-15,27.020468732208982,27.617169832356463,26.91351251585852,27.24563980102539,3407069
2011-07-18,27.104911173160787,27.442666993212956,26.992324797481032,27.189350128173828,2346038
2011-07-19,27.341337385987135,28.078770610959026,27.313189968946883,28.05062484741211,1854865
2011-07-20,28.36023182877644,28.55162366183358,28.17446517944336,28.17446517944336,1805228
2011-07-21,28.292677811355812,29.092032560397268,27.915516051412666,28.968189239501953,2200056
2011-07-22,29.148333339173085,29.396020059667954,28.92879238596348,29.108930587768555,1279113
2011-07-25,29.23839548758631,29.49734243761352,29.00759429815169,29.384756088256836,1445436
2011-07-26,29.305948988224475,29.615558986580858,29.11455383676731,29.531118392944336,1931274
2011-07-27,29.31157490977297,29.55363307339825,28.568511640253018,29.204620361328125,1896233
2011-07-28,28.990711297661772,29.424164645907222,28.01684673341649,28.49533462524414,2885419
2011-07-29,27.85922494963997,28.827457570137963,27.842336171588972,28.12942886352539,2823662
2011-08-01,28.472817523176385,28.658584189813656,27.583393549592625,27.898632049560547,1703133
2011-08-02,27.701610520607474,28.258907256185587,27.549621403718955,27.752273559570312,2350937
2011-08-03,27.183713043069446,27.887371924207475,26.88536335741594,27.35822105407715,3031657
2011-08-04,27.61154067709078,27.673462347490304,26.00720077739893,26.221113204956055,3112001
2011-08-05,25.973422470245684,27.555244952107426,25.95090520063648,26.31117820739746,3723738
2011-08-08,25.78765649227945,26.519459459190873,24.464779354411746,25.078369140625,4214104
2011-08-09,25.05022479352234,26.328067550269004,23.890596885433755,26.170448303222656,3844940
2011-08-10,26.457540262206088,26.637676775498697,25.174069051802817,25.444272994995117,2831436
2011-08-11,26.266149397328242,27.290675467056893,25.793291592875054,27.121797561645508,3744667
2011-08-12,27.346965808508457,28.37712026295562,26.733375928878477,28.2589054107666,2610352
2011-08-15,28.371487977900568,28.371487977900568,27.194971411615494,27.605907440185547,1940565
2011-08-16,27.51021783179928,27.93804108355522,26.96417806307338,27.825454711914062,1631532
2011-08-17,27.341337783232685,27.617170238384073,26.795298057337018,27.30756187438965,1966476
2011-08-18,26.885366834105188,27.03735594188663,25.438644490063982,25.83832359313965,2609694
2011-08-19,25.83831995552824,26.592640203898036,24.965783217482475,26.097265243530273,3136415
2011-08-22,25.776403733845868,26.468802465029174,25.63567159882352,25.939651489257812,1695804
2011-08-23,26.367468084198165,26.73336953585931,26.097262536169758,26.626413345336914,1798099
2011-08-24,26.94166006347906,27.369483277461207,26.626419904210795,26.896625518798828,1968455
2011-08-25,26.8009272192895,26.812185855157594,25.92839038023185,26.27740478515625,2621846
2011-08-26,26.09726865908906,26.609532465094503,25.613152269925813,26.536352157592773,2037722
2011-08-29,26.72774566325577,27.75790342003243,24.431007060366568,26.536352157592773,870684
2011-08-30,27.645317249391848,27.77478908447995,26.981064332551444,27.24563980102539,1901224
2011-08-31,27.583396718834987,28.242022864591448,26.840334927390458,28.02248191833496,2237174
2011-09-01,28.101284054879446,28.101284054879446,27.358220786331707,27.605907440185547,2105961
2011-09-02,27.251263077814972,27.36384941742648,26.632044823923756,26.907878875732422,1971206
2011-09-05,26.457536952640314,26.710853737755734,26.02408367676551,26.209850311279297,1585550
2011-09-06,26.114157796898684,26.508206756636568,25.556859439121578,26.952917098999023,2213999
2011-09-07,27.026092675519518,27.583389282226562,27.026092675519518,27.583389282226562,1876595
2011-09-08,27.498957732974198,28.095657203488337,27.35259711111373,28.033737182617188,1692661
2011-09-09,27.68472496559429,28.25328037031091,27.543992824038092,27.893007278442383,2194801
2011-09-12,27.431403983455695,28.60792067408046,27.41451685654208,28.636066436767578,2953778
2011-09-13,28.91190032996803,29.17084397565135,28.101285220300493,29.2440242767334,2396437
2011-09-14,28.602289730949607,29.87450058285302,28.33771429319348,29.57615089416504,3059058
2011-09-15,29.80695066264822,30.127817605684662,29.38475435766531,29.891387939453125,3267051
2011-09-16,29.491714857220824,29.919536384009252,29.232767899200628,29.51422882080078,3662997
2011-09-19,29.272173299721004,30.049014244301645,29.22151026309416,29.9251708984375,2314389
2011-09-20,29.137074686088216,29.711260210972004,29.0751513560179,29.519865036010742,2694977
2011-09-21,29.56489808120587,30.08278874143407,29.407277171666223,29.992719650268555,1891009
2011-09-22,29.407272033943176,29.953311670002478,28.9569299637813,29.103290557861328,2388080
2011-09-23,29.272171020507812,29.367868594904287,28.29268131267233,29.272171020507812,2643486
2011-09-26,28.82746099594681,29.975831900163033,28.714874640537424,29.683107376098633,2161374
2011-09-27,30.17285979797097,30.84274291992188,30.07716220912084,30.842742919921875,1961566
2011-09-28,30.62320385287028,30.837113010950954,30.082792544544372,30.336111068725586,2397324
2011-09-29,30.049017755838026,30.251669926027393,29.694373151019526,29.8294734954834,1414437
2011-09-30,29.54800649378701,29.86887346685901,28.91190103855964,29.362239837646484,2111944
2011-10-03,28.484080803741563,29.272175482925757,27.521476422064207,29.227144241333008,1877477
2011-10-04,28.911898043516004,29.013224097464644,28.151946024929003,28.77679443359375,2066271
2011-10-05,29.37912786063846,29.553634223464357,28.838716685873084,29.294687271118164,1768710
2011-10-06,29.384754521727984,29.638072967529297,28.945672743124266,29.638072967529297,2299146
2011-10-07,29.643701783114373,30.448685052717774,29.55926119792565,30.206626892089844,2296963
2011-10-10,30.82022005948346,30.88214007222994,30.251663121251692,30.79770278930664,1662677
2011-10-11,30.39802061607048,30.645710562692148,29.48607953461032,29.86886978149414,2694596
2011-10-12,30.735771621561856,32.53713624081876,29.992708509431786,31.743410110473633,5913075
2011-10-13,31.608316250840833,32.19376199912642,31.38877533535369,32.09806442260742,1754030
2011-10-14,32.525886832802094,33.08881196053979,32.09243352541804,32.385154724121094,2900547
2011-10-17,32.818615343584995,32.818615343584995,31.84475065416556,32.28383255004883,1891328
2011-10-18,32.50338212927616,32.914318325863974,31.991116526512357,32.87491226196289,1974725
2011-10-19,32.93682685740941,32.948083840113085,32.15435742894283,32.49774169921875,1785976
2011-10-20,32.250057732020196,33.08881875877634,31.799715553113572,32.46397018432617,1687148
2011-10-21,32.368267452941325,32.94245289575379,31.901039872782835,32.78483200073242,1487586
2011-10-24,32.85237737325281,33.1619873046875,32.39077837450839,33.1619873046875,1274644
2011-10-25,33.13947895222132,33.57293231142275,33.07192713514057,33.5504150390625,1806269
2011-10-26,33.31962924995605,33.66301698567986,32.82425564266305,32.94247055053711,1325042
2011-10-27,33.775583667045126,34.03453063964844,33.071926362937226,34.03453063964844,1975677
2011-10-28,34.254072177649135,34.49613037399603,33.59544940533038,34.147117614746094,1667262
2011-10-31,34.20340647504337,34.22592374552836,33.7868419315507,34.07956314086914,1881987
2011-11-01,33.49412774718346,33.89380359489253,32.942459465075714,33.3083610534668,2362761
2011-11-02,33.40404249483149,33.46596579845826,32.53713608596973,33.18450164794922,1612607
2011-11-03,32.76232182056249,34.01201904138648,32.706030285079535,33.97824478149414,1878908
2011-11-04,34.33851305525075,34.72693187083515,34.00638576723354,34.665008544921875,1732556
2011-11-07,34.33852198263662,34.49051113077447,33.86003395295723,33.9388427734375,1581063
2011-11-08,34.040161303791706,35.29549019448436,33.88817218944674,34.788856506347656,2498986
2011-11-09,34.69877890907506,34.80010496047144,33.51100543629147,33.775577545166016,2701920
2011-11-10,33.47160250544409,33.83187551603192,33.17324950669957,33.4490852355957,2297405
2011-11-11,33.51101290319945,33.74181081536348,32.993118936465045,33.663002014160156,2134187
2011-11-14,34.02327445164104,34.04015992567122,33.398425930870836,33.5504150390625,1253660
2011-11-15,33.10006846521174,33.57292781445251,32.689132433413924,33.223915100097656,1388836
2011-11-16,33.342130377230376,33.55041431532297,32.94245458868434,33.32524490356445,1723947
2011-11-17,33.15636034938742,33.15636034938742,32.25567626953125,32.25567626953125,2129076
2011-11-18,32.1656230991452,32.64973957611796,31.602694502116602,31.974227905273438,1652950
2011-11-21,31.771569170259745,31.771569170259745,31.06791180293069,31.23678970336914,1446506
2011-11-22,31.630821984134062,31.861623104602817,30.983456455999004,31.00034523010254,1541092
2011-11-23,30.57816008623956,31.467583938428326,30.57816008623956,30.803329467773438,1406836
2011-11-24,31.12981907384816,31.28743992628381,30.747032189046976,30.90464973449707,873533
2011-11-25,30.837111908978343,31.259308331864005,30.516244876336437,31.07354164123535,754018
2011-11-28,31.309975137645065,31.78283465900727,31.242423305023685,31.630842208862305,953832
2011-11-29,31.743417242606686,31.827857829927638,31.349369987072297,31.585796356201172,1028221
2011-11-30,31.377513903949435,32.807345550910384,31.24241029496692,32.63283920288086,2602661
2011-12-01,32.773572352562155,32.94807870618467,32.37389331008525,32.71727752685547,1888589
2011-12-02,33.173255553931895,33.75306957099743,33.0663009828948,33.708038330078125,1451044
2011-12-05,34.338507103500106,34.800106147709506,33.95008835523871,34.64811706542969,1686565
2011-12-06,34.51302096615261,34.92958556398562,34.220299718649045,34.74945068359375,1781523
2011-12-07,35.23355964412403,35.340514190001905,34.676263032106064,35.104087829589844,1893818
2011-12-08,35.18289792377125,35.34614730084924,34.78885066812243,35.09845733642578,1636237
2011-12-09,34.5636799079873,34.92958142399872,34.19777839197589,34.89017868041992,1877079
2011-12-12,34.88454828097063,34.89018007912462,34.06267613298592,34.12459945678711,1988409
2011-12-13,34.20340806429467,34.428580779607145,33.86002380717636,34.11334228515625,1431826
2011-12-14,33.93320977707796,34.09083070410696,33.60671093886858,33.71366882324219,1262018
2011-12-15,33.95008947601932,34.816996075246536,33.724916783371846,34.1358528137207,1582269
2011-12-16,34.14148461127657,34.34976521824269,33.77557981247097,34.1358528137207,1499578
2011-12-19,33.814987504440644,34.37228415861178,33.814987504440644,34.06830596923828,953656
2011-12-20,34.02891741057702,35.28424347717003,33.91070250717263,35.25046920776367,899569
2011-12-21,35.35177777038713,35.554429900182235,34.61997143137784,34.89017868041992,1385162
2011-12-22,35.22793360431196,35.47562026977539,34.99713241127578,35.47562026977539,549589
2011-12-23,35.59946518586943,35.78523184672255,35.368667289554395,35.77397155761719,370614
2011-12-27,35.683908197924225,36.094844291881174,35.498141524482115,35.88093185424805,356108
2011-12-28,35.91470719453385,36.30875782606889,35.71205504064891,36.258094787597656,667232
2011-12-29,36.229944534183495,36.59021759033203,36.03292087833395,36.59021759033203,574554
2011-12-30,36.601477284097356,36.70280335608563,36.331270016146384,36.56206130981445,356938
2012-01-02,36.54519178662278,36.66903515137411,36.26372748955969,36.57333755493164,632452
2012-01-03,36.6014748370086,37.13062574088812,36.6014748370086,36.76472091674805,944647
2012-01-04,36.42133763359576,36.640868628734125,36.01040156392719,36.02729034423828,1771927
2012-01-05,36.303126106007674,36.31438639624056,35.723312101152715,35.81338119506836,1958436
2012-01-06,36.37067157410473,36.43822338274317,35.90907250888818,36.15113067626953,1786413
2012-01-09,36.29749624887713,36.663397795410695,36.05543804832518,36.47763442993164,1300264
2012-01-10,36.590209070431406,36.7365696553822,36.25808516272674,36.567691802978516,1516447
2012-01-11,36.68592102099751,37.00115958200934,36.56206773395828,36.88857650756836,969614
2012-01-12,37.04054707880913,37.153133403812994,36.376292721764784,36.505767822265625,1564589
2012-01-13,36.652134165602426,36.871675053708096,36.25245512911089,36.612728118896484,1130510
2012-01-16,36.59584392355154,37.851169287681444,36.533920606138565,37.54718780517578,1448974
2012-01-17,37.828658086612435,38.13263631089436,37.65978019301577,37.907466888427734,1590652
2012-01-18,38.70119289040404,39.04457716528392,36.59021759033203,36.59021759033203,4823932
2012-01-19,37.09122132814401,37.22632495905295,36.69717403180619,36.74783706665039,1887590
2012-01-20,37.05181210632866,37.192544216407356,36.55643878267634,37.0743293762207,1907532
2012-01-23,37.502153750814266,37.98627008725153,37.24883860127675,37.8624267578125,1229954
2012-01-24,37.704813535389356,37.99190627603851,37.445866558276784,37.7667236328125,1136923
2012-01-25,37.94123167276738,37.96936750921826,37.05180788092765,37.102474212646484,959743
2012-01-26,37.057437512892356,37.55281075110962,36.832264852806546,37.400821685791016,1018090
2012-01-27,36.98427410503555,37.37832147955352,36.75910134217906,36.88857650756836,1270994
2012-01-30,36.590207841954054,37.231944982336785,36.53391632870475,36.7872314453125,1031040
2012-01-31,36.91671748536047,37.17566447554731,36.83227688350064,36.96738052368164,982851
2012-02-01,37.18129108985423,37.98064598643188,37.18129108985423,37.7667236328125,1005199
2012-02-02,37.884946495392185,38.262108305924635,37.642888311405045,38.18329620361328,1062367
2012-02-03,38.15515852421071,38.993909688346456,38.05383243633026,38.95451354980469,1266284
2012-02-06,38.644899194397205,39.32041072340999,38.509795565800026,38.740596771240234,1479725
2012-02-07,38.59986039788823,38.79125553048285,38.262104670601985,38.32964324951172,1098230
2012-02-08,38.45350187746373,38.70118854230476,38.278995513916016,38.278995513916016,714000
2012-02-09,38.481651306152344,38.808146794200276,38.31840190863504,38.481651306152344,899063
2012-02-10,38.301514543079016,39.393594023115114,38.279000576921426,38.93199157714844,1820454
2012-02-13,38.78562481736759,39.04457176405629,38.053821823449816,38.40846633911133,918003
2012-02-14,38.48164392959252,39.11212081950645,38.31276607311607,38.8869514465332,1303372
2012-02-15,39.404858329667825,39.827054799351195,39.2303519106065,39.41611862182617,1191537
2012-02-16,39.235966515503144,39.855186462402344,38.94887381141276,39.855186462402344,1051688
2012-02-17,40.18169482926181,40.502548632726544,39.872084781728965,39.96215057373047,1293503
2012-02-20,39.945259511524306,40.56447621300486,39.804527390782994,40.311161041259766,652841
2012-02-21,40.38433656871812,40.38433656871812,39.292260599884834,39.6300163269043,1126351
2012-02-22,39.47803461151961,39.60750976965099,38.9488836089501,39.11213302612305,1074447
2012-02-23,39.12338008813008,39.658146173937034,38.96013072615751,39.06708526611328,1162426
2012-02-24,39.162795560108194,39.34856224989455,38.85318551279328,38.89822006225586,737396
2012-02-27,38.59423350626128,38.81376117944847,38.14389141556099,38.67304229736328,1033286
2012-02-28,38.85881397917065,39.770751953125,38.84192519782381,39.770751953125,1230646
2012-02-29,39.83829917531965,39.97341275114026,38.83067009800578,38.8419303894043,1625312
2012-03-01,38.49853115093869,38.73496082215375,38.222698739178576,38.487274169921875,1169669
2012-03-02,38.37468327928475,38.808136522840464,38.36342629960134,38.71242904663086,783998
2012-03-05,38.69556465291687,38.69556465291687,38.04257035442238,38.1101188659668,998884
2012-03-06,38.346539843809005,38.515417698181196,37.81176052279475,38.025672912597656,1426766
2012-03-07,38.54919366111685,39.14026447351453,37.884939251427326,39.03330993652344,1450789
2012-03-08,39.129025816118464,39.489298946399465,38.9038530428257,39.41611862182617,1087262
2012-03-09,39.517428711049654,40.07472531200619,39.07271514415395,39.90021896362305,965413
2012-03-12,40.029695492637686,40.23797942137186,39.67505095678863,39.9227409362793,686012
2012-03-13,40.1085181045288,40.94727929240091,40.012823804128395,40.7502555847168,1114911
2012-03-14,40.868466189204895,41.16118747361054,40.60389067337868,40.78401565551758,950742
2012-03-15,40.9247551317099,41.43138885498047,40.9247551317099,41.43138885498047,922798
2012-03-16,41.35819724805649,41.532703600136074,40.9134869787269,41.22872543334961,1288624
2012-03-19,41.414502681435756,41.71848092608511,41.104892637932636,41.20621871948242,798456
2012-03-20,41.20057824455297,41.20057824455297,40.51943502415975,40.94163131713867,736367
2012-03-21,41.94928708662469,41.99432164081911,41.35258420402976,41.5833854675293,1633337
2012-03-22,41.206221354263675,41.206221354263675,40.5982615191042,40.76713943481445,1422695
2012-03-23,40.8065328888782,41.02607710556288,40.249236224723255,40.570106506347656,998362
2012-03-26,40.76150548062287,41.183698559831825,40.45189545881003,41.178070068359375,833999
2012-03-27,41.25124591452802,41.532706834547255,41.009187737538824,41.51019287109375,1098016
2012-03-28,41.40886316366514,41.971791613095704,41.22309981778052,41.70158767700195,1224359
2012-03-29,41.46516642072407,41.67344707919906,41.194962429710515,41.43138885498047,1200870
2012-03-30,42.00556910546246,42.42213367686687,41.881725762990165,42.196964263916016,1555069
2012-04-02,42.4221216493509,43.11451185866576,42.27576107638099,43.02445602416992,1435978
2012-04-03,42.8049333100929,42.96818274083149,42.32644861680542,42.44466018676758,1342544
2012-04-04,42.33205620926379,42.45027102784874,40.992290469958206,41.04295349121094,1549664
2012-04-05,41.11615381232037,41.60590210137227,41.065480845419785,41.521461486816406,932556
2012-04-10,41.375091093326105,41.51019472198968,40.834683192644924,41.059852600097656,794323
2012-04-11,40.89098692143803,41.12741668866709,40.18170092673839,40.67707443237305,1450360
2012-04-12,41.020453946991914,41.909868141020546,40.6939584126463,41.81980895996094,1567702
2012-04-13,41.79166072501973,42.10127076469792,41.56086279845061,41.89299011230469,1064604
2012-04-16,41.72972397543665,42.51218984521156,41.510183120456944,42.35457229614258,1323032
2012-04-17,42.11252688543944,42.72611510525621,41.88735416597644,42.69234085083008,1357647
2012-04-18,41.09363830179508,42.02246856689453,40.981055220198165,42.02246856689453,3491002
2012-04-19,42.54598099294164,44.200982321986466,42.517831922268435,43.215850830078125,3167242
2012-04-20,43.024464768155546,43.28903690561379,42.46153632049428,43.00757598876953,1556829
2012-04-23,42.21948605412571,42.21948605412571,41.21184711878388,41.30754470825195,1490414
2012-04-24,41.25688110976094,42.17445093508246,41.23999232743993,41.4876823425293,1178172
2012-04-25,41.560863076396664,42.38273532184548,41.53271400324834,41.802921295166016,1043672
2012-04-26,42.10126961181296,43.68872251630131,42.022460807848915,43.6830940246582,2108272
2012-04-27,43.8482971505623,44.38379678615957,43.29570945084805,43.58054733276367,1422589
2012-04-30,43.534969991675766,44.03629012385449,43.176073812347425,43.79702377319336,874919
2012-05-02,44.378103052690506,44.4920402193289,43.48939984623854,43.59764099121094,1149982
2012-05-03,43.76855115603649,43.98503012942976,43.364076668205655,43.574859619140625,788505
2012-05-04,43.409637892406906,43.89956260306347,42.38990963309591,42.48675537109375,1002168
2012-05-07,41.81453130296982,43.102009246274086,41.59235304768308,42.94249725341797,528005
2012-05-08,42.89123133472858,43.07922679708286,41.91138187679544,41.97404479980469,822060
2012-05-09,42.33864011848469,42.42978983875323,41.655023909797116,41.93986511230469,945469
2012-05-10,42.38422200219346,42.38422200219346,41.43855186435656,41.98544692993164,1018514
2012-05-11,41.951257993017705,43.079227437241805,41.757566506904915,42.99946975708008,946138
2012-05-14,42.72033072592108,42.72033072592108,41.46133598339266,41.825931549072266,1212452
2012-05-15,42.201920208999645,42.50954550456408,41.74046553233622,42.38421630859375,1167735
2012-05-16,42.21332086891272,42.86845378098505,41.83733320424382,41.91708755493164,1525493
2012-05-17,41.98544483300957,41.98544483300957,40.85747528076172,40.85747528076172,1318956
2012-05-18,41.35308954489089,41.35879895353898,40.247920718479506,40.52136993408203,1587423
2012-05-21,40.23082085448346,41.256245072287086,40.16815459095264,40.6409912109375,901858
2012-05-22,41.108137348725016,41.962657714917306,40.9600207083626,41.84872055053711,1079978
2012-05-23,41.76896015832558,41.786051567172734,41.091039985125526,41.29612350463867,1129086
2012-05-24,41.814533451996084,42.2360958633588,41.43854255141434,42.07658386230469,1109901
2012-05-25,42.21900695430323,42.663360167354476,41.26194493131448,41.672115325927734,1061467
2012-05-28,41.991141091329204,42.634878538888024,41.88859931690938,42.42409896850586,536039
2012-05-29,42.600691634853106,43.25012833737836,42.600691634853106,42.993770599365234,1124604
2012-05-30,42.69753682703881,42.93111388146664,42.167743211524595,42.32725524902344,1140174
2012-05-31,42.21331202734219,42.475365806616814,41.905683386744734,42.27027893066406,1518235
2012-06-01,42.27028272454434,42.3728278450561,40.52706252913526,40.937232971191406,1989121
2012-06-04,40.151070783356666,40.48148687785699,39.54721219501208,40.06562042236328,1363405
2012-06-05,40.3789482604914,41.27904353858908,40.32197800204826,41.21637725830078,1093220
2012-06-06,41.58666027911321,42.50954280042637,41.3018224324502,42.48675537109375,1526059
2012-06-07,42.788696397797324,43.64321679936007,42.34434311165366,43.31849670410156,1831131
2012-06-08,42.73172036520155,43.75144868748305,42.674753461683736,43.68308639526367,1409896
2012-06-11,44.1616190792468,44.321131094371566,43.728661242000065,43.950836181640625,1141069
2012-06-12,43.68309389884605,44.2983512878418,43.31849829104499,44.2983512878418,1194607
2012-06-13,44.45784918032481,45.50036485908695,44.45784918032481,45.28388595581055,1904886
2012-06-14,45.164251418869135,45.21552229615968,44.28694379116324,44.57178497314453,1854788
2012-06-15,44.338209089346336,44.913587401349176,44.269846812673336,44.662925720214844,12898832
2012-06-18,45.17565693292206,45.40352792158851,44.9022077305258,45.19844436645508,2543633
2012-06-19,45.56303693374226,45.933331894621794,45.31807787818148,45.802303314208984,2493837
2012-06-20,45.91623104236859,45.92762643020515,45.31236919359712,45.5174560546875,1649428
2012-06-21,45.29528638523122,47.20941056409826,45.118682953254975,46.57136917114258,2378417
2012-06-22,45.94470605288317,46.20106374549282,45.00473565552692,45.255393981933594,3069270
2012-06-25,44.890811723841885,45.158548147564545,44.48632728434778,44.509124755859375,2224028
2012-06-26,44.60596991743123,45.02183635390301,43.47230776412577,43.56345748901367,1895331
2012-06-27,44.05337949254501,45.0104415041828,43.75144688435216,45.00474548339844,1662031
2012-06-28,44.907898847764045,45.004744585819516,43.899562629187734,44.44076156616211,1164116
2012-06-29,45.312378766849726,45.83648639814704,44.839545371655156,45.64849090576172,1930908
2012-07-02,46.08144195012412,47.16952920346711,45.91623391612722,47.05559539794922,1727531
2012-07-03,47.11256203920846,47.70502853393555,46.79354136153516,47.70502853393555,1189465
2012-07-04,47.460068839079085,47.910118103027344,47.28916477546935,47.910118103027344,748544
2012-07-05,47.7278162065926,47.84175335871992,47.05559537569968,47.591094970703125,1373819
2012-07-06,47.28347167483083,47.62527982316301,46.12132263183594,46.12132263183594,1237638
2012-07-09,45.876352419516635,46.030168402719646,45.13007331927064,45.28388595581055,1359445
2012-07-10,49.24884667824554,50.27428429884593,48.1949490355647,49.16340637207031,6252617
2012-07-11,48.87858496876682,49.208997770331784,47.68795231600661,47.85315704345703,2339617
2012-07-12,47.448681347405426,48.31459379096788,46.79924450473574,47.32904815673828,1823101
2012-07-13,47.163837860426554,47.59109971348612,46.6112501475323,47.35183334350586,1495631
2012-07-16,47.568299681915185,47.85883686184514,47.17522075534236,47.51702880859375,1161468
2012-07-17,47.43158048159421,48.360159019632015,47.044197531247676,47.19231414794922,1256932
2012-07-18,46.998638199371484,50.54205282286032,46.14411768738278,50.39393615722656,3163246
2012-07-19,50.5420405614794,52.37071434816967,49.92108724363303,51.73836898803711,2775555
2012-07-20,51.04335337149421,52.56438835112841,51.04335337149421,51.93205642700195,3054596
2012-07-23,51.32248829008615,51.74406075326962,51.02626509503853,51.630126953125,1759189
2012-07-24,52.08017803295917,52.09725605670088,50.792699858639494,51.49910354614258,1868431
2012-07-25,51.15730076462964,52.43338368316039,50.83828003499695,51.52189636230469,1690794
2012-07-26,51.24273345549796,52.69542964785451,50.861059889177334,52.63276672363281,1900134
2012-07-27,53.09420595651254,53.732247296007756,52.46755665855754,53.49298095703125,1546327
2012-07-30,53.83479382149562,55.07100111785008,53.60692285055344,54.843116760253906,1501021
2012-07-31,54.774771311543695,54.97416220089183,53.800621032714844,53.800621032714844,1462634
2012-08-01,53.47019692064945,53.89175937766527,52.87773040304198,53.03723907470703,1536837
2012-08-02,52.7808860829982,53.68098127265158,51.989028684422706,52.14284133911133,2347102
2012-08-03,52.29667133009236,54.00571243935493,52.17134209496835,53.70376968383789,1498563
2012-08-06,54.02279132748121,54.42726239977357,51.601647528560925,51.74406814575195,2254871
2012-08-07,51.84091479459808,53.48729260634752,51.37377743786091,53.22523880004883,1855050
2012-08-08,52.980277382955464,53.145485438670846,52.01181982875883,52.75810241699219,1299987
2012-08-09,53.20814532544064,53.58413628221677,52.7068285119572,53.54995346069336,1131066
2012-08-10,53.54994514337493,53.69236573538688,52.8492275309518,53.28789138793945,1092826
2012-08-13,53.0885045594912,53.19104966274881,52.26246779285646,52.51882553100586,682330
2012-08-14,52.98027438406409,53.44171570161111,52.66125368073898,53.32208251953125,906526
2012-08-15,52.92331167730741,53.66389491404157,52.70113335962334,53.51008224487305,950856
2012-08-16,53.401838038502696,53.51577520173014,52.6042845892378,52.88912582397461,1165703
2012-08-17,53.30498862389957,53.62400931235325,53.07142163866096,53.498680114746094,1466855
2012-08-20,53.54996088860118,53.663898065044144,53.287907056114356,53.4360237121582,1028800
2012-08-21,53.52716242227137,54.017087160014924,53.367653754787256,53.89175796508789,1027755
2012-08-22,53.40183978824826,53.76073935417658,52.94609781373303,53.25372314453125,1062740
2012-08-23,53.549948104387944,53.76642701461662,52.370711159717665,52.535919189453125,1487960
2012-08-24,52.56438430086051,52.752393129383215,52.142831948367046,52.581485748291016,822095
2012-08-27,52.581499647704675,53.09421523318691,52.205512011236664,52.75240707397461,675984
2012-08-28,52.21690567064358,52.27955856132163,50.75281393900258,50.89524459838867,1812415
2012-08-29,50.940821922879735,52.06879154266262,50.58762171479754,51.81242370605469,1849758
2012-08-30,51.595945253739316,51.72697046540997,50.97499532017421,51.157291412353516,1015758
2012-08-31,50.95220765887046,51.49909927958737,50.741424770332074,51.31110382080078,1362043
2012-09-03,51.29402330143847,51.926368713378906,50.94081976167737,51.926368713378906,748797
2012-09-04,51.83520748034223,51.89787374413707,50.701542138329714,50.81547927856445,806049
2012-09-05,50.581920778172915,51.425035676842114,50.416712733887046,51.11172103881836,1266849
2012-09-06,50.42241065077735,51.897884368896484,50.18884030214434,51.897884368896484,1720043
2012-09-07,52.342229864112035,53.15687131141081,49.99514457306646,50.029327392578125,3613774
2012-09-10,50.47367093262466,50.701541865203644,49.75017595269166,49.978050231933594,1819981
2012-09-11,49.49952761841793,49.77297346223232,49.18050690952387,49.721702575683594,1579138
2012-09-12,49.56220097031333,50.08060927794375,49.0551847072474,49.1919059753418,2083706
2012-09-13,49.174802662735814,49.57927366600191,48.94692837545332,49.00389862060547,1260829
2012-09-14,49.847036434569304,50.40532356391621,49.36280763122433,50.017940521240234,1833438
2012-09-17,49.56788275749975,50.07489887495883,49.402674732111024,49.86981201171875,1045933
2012-09-18,49.51092822211746,49.94388616857193,49.33432809939615,49.482444763183594,1615386
2012-09-19,48.82730422505847,48.958329445455945,47.67085128620045,47.989871978759766,3348261
2012-09-20,47.57400797920015,48.42283231138269,47.4543747950225,48.081024169921875,1712496
2012-09-21,48.13798045921862,48.13798045921862,46.77644421518523,47.346126556396484,3446576
2012-09-24,46.82772193639726,47.021413425259716,46.31500976234901,46.6852912902832,1322578
2012-09-25,46.303607935943695,47.841744133068275,46.25803308388128,47.79616928100586,2664920
2012-09-26,47.522735956480396,47.596794273804214,46.05296165267076,46.21816635131836,1697639
2012-09-27,46.91886746942869,48.03544144118874,46.91317144889165,47.6993293762207,2143631
2012-09-28,48.05253352031564,48.314583935308384,47.15813445698104,47.38600540161133,2046412
2012-10-01,47.16953162407045,48.04114335299271,46.93596463344216,47.682247161865234,1330037
2012-10-02,47.26638296893051,48.37726118792832,47.010028516339545,47.511348724365234,1389846
2012-10-03,47.106871464135295,48.536770331390095,46.99863032098481,48.37725830078125,1760600
2012-10-04,48.747548291626664,49.300139338928176,48.49688988418958,48.6620979309082,1937012
2012-10-05,49.05516883291171,49.7387849921566,48.730448814606284,49.27734375,1785453
2012-10-08,49.22608264795648,49.5621947738845,48.32598741332289,48.37725830078125,1133906
2012-10-09,48.62792317309975,48.82161470551043,47.727827818955554,47.85315704345703,1158840
2012-10-10,47.85314043445241,47.893019270224215,47.15813224526125,47.488548278808594,1073091
2012-10-11,46.987242023576385,47.49995428569602,46.62264641406928,47.23220443725586,1761253
2012-10-12,46.54288257002569,47.437268285259954,46.34919108740887,46.793540954589844,2454110
2012-10-15,46.65681639655378,46.90177876037468,45.76811666176072,45.990291595458984,1599268
2012-10-16,46.58846031982094,47.30056002498237,46.463127773102066,47.072689056396484,2158668
2012-10-17,44.71992160724286,46.6454417646333,44.321146451253924,44.60028839111328,7777230
2012-10-18,43.614735885896465,45.46619742164134,43.58055305984328,44.93639373779297,4618355
2012-10-19,44.57178501293934,45.97889282279157,44.39518495248499,45.6029052734375,3636708
2012-10-22,45.733950078224794,47.22651211189279,45.68837520513603,46.89039993286133,3026454
2012-10-23,46.63972809655333,46.74796587908746,45.9390204805097,46.14410400390625,2096162
2012-10-24,46.468827992191734,47.98987317769204,46.36058685379968,47.36892318725586,2781783
2012-10-25,47.420202453360325,48.01836511757158,46.987244516599496,47.85315704345703,2061878
2012-10-26,47.431578944145244,48.50827406398455,47.36891602577513,48.01265335083008,1571736
2012-10-29,47.85314402723986,48.462701916966225,47.85314402723986,48.40573501586914,647942
2012-10-30,48.400053797643366,49.983765591134954,48.400053797643366,49.613460540771484,1114654
2012-10-31,49.59066397467,49.84701833827843,47.94428664099229,48.36585235595703,1867765
2012-11-01,48.30319765813341,49.704613003498935,48.251926773139985,49.24317169189453,1748109
2012-11-02,49.659033375858655,50.74142457150692,49.47673393855854,50.24580383300781,1742538
2012-11-05,49.95528569034142,50.17746070439155,49.6875357995634,49.938194274902344,722260
2012-11-06,50.45089290916409,50.9180302486939,50.3369557483043,50.83827590942383,1104745
2012-11-07,51.043354760378705,51.043354760378705,49.471038818359375,49.471038818359375,1870581
2012-11-08,49.926781410738556,50.13756430517643,49.43686002402063,49.4653434753418,1219434
2012-11-09,49.35141185646465,49.84703266634435,49.01529973053221,49.431156158447266,1208695
2012-11-12,49.73309995500242,49.892608642499255,49.43686666679653,49.53369903564453,562154
2012-11-13,49.288734475392104,49.75017570523312,48.986805240227014,49.6362419128418,1252314
2012-11-14,49.56217513978694,50.47935807578806,49.56217513978694,49.83562088012695,1628907
2012-11-15,49.37988430100631,49.43685454399684,48.098105706994744,48.10380172729492,2197553
2012-11-16,48.143683032801086,49.19759416883626,47.944295524901456,48.54246139526367,2471426
2012-11-19,49.19189207904029,49.54509556072393,49.08935032027066,49.22037887573242,1428281
2012-11-20,49.1235389108993,49.926785013438575,49.060872636140125,49.65903854370117,1382472
2012-11-21,49.419767957514615,49.49952228948617,48.964012662455616,48.97541809082031,1371093
2012-11-22,49.009596199604815,49.698908410562325,48.96401130070958,49.21467971801758,785001
2012-11-23,49.16340580514406,50.81547927856445,49.16340580514406,50.81547927856445,3933998
2012-11-26,39.882418322723936,41.05801110130536,39.87803419260308,40.24650192260742,3508604
2012-11-27,40.452660078298045,41.87389766778592,40.452660078298045,41.4703369140625,3235276
2012-11-28,41.38260220303678,41.38260220303678,40.78603605172708,41.33873748779297,1535726
2012-11-29,41.7423043257768,42.81261750438867,41.7423043257768,42.295005798339844,3124233
2012-11-30,42.13269587234057,42.87401846659342,42.00548587766696,42.14585494995117,2156958
2012-12-03,42.24237319281469,42.65470559561812,42.141481320215604,42.34326171875,1323952
2012-12-04,41.77739527097598,42.07129591880177,41.05800316385408,41.268558502197266,3376489
2012-12-05,41.38260404580194,41.891444135945896,41.2334633379991,41.51858901977539,2260356
2012-12-06,41.79054899711969,42.18973234689611,41.680892215158444,42.06690979003906,1936825
2012-12-07,42.37396485267485,42.856483459472656,42.352034166303426,42.856483459472656,2053117
2012-12-10,42.86525843926254,43.29952485099697,42.36519327504384,43.11967849731445,1292841
2012-12-11,43.334618755285746,43.82152484721756,43.115291807448486,43.30391311645508,1668932
2012-12-12,43.33900148212939,43.42673091298526,42.474852866879615,42.54942321777344,2850301
2012-12-13,42.645930636693215,42.74243502550509,42.198501806140634,42.387123107910156,1239755
2012-12-14,42.233599467512654,42.76875779279643,41.83881026470791,42.242374420166016,1529266
2012-12-17,42.47045914068547,43.56709359830146,42.27745040521297,42.37395477294922,1630630
2012-12-18,42.624000339907894,42.67225253854294,42.172187340565,42.413448333740234,1055330
2012-12-19,42.624000549316406,43.0933601092565,42.4573132647261,42.624000549316406,1016927
2012-12-20,42.549416839323754,42.8915662536997,42.172174319200856,42.825767517089844,925934
2012-12-21,42.77753113912485,42.88718793177833,42.10200701054323,42.20728302001953,1816522
2012-12-24,42.68101442907936,42.81260855599562,42.33009006397714,42.37395477294922,407342
2012-12-27,42.110774993896484,42.3037837835509,41.233467181523636,42.110774993896484,856584
2012-12-28,42.22482576726457,42.50117652218957,41.82564910793143,42.0098762512207,673789
2012-12-31,42.110774993896484,42.531882342235804,41.689667645557165,42.110774993896484,339233
2013-01-02,43.08457859891066,44.014522552490234,42.98807422335133,44.014522552490234,1726916
2013-01-03,44.4531793858306,44.58477687900221,43.944342662004466,44.16366958618164,1167359
2013-01-04,43.9092481868524,43.944341296829734,43.38725239925808,43.65044403076172,1152784
2013-01-07,42.98807999048477,42.98807999048477,42.42660356280991,42.76875305175781,1525202
2013-01-08,42.81261248208507,42.81261248208507,42.26429520299417,42.303775787353516,1114938
2013-01-09,42.57573707803901,42.89156835188607,42.38273168031475,42.838932037353516,861688
2013-01-10,42.81262407016901,43.24250640586419,42.373970128165915,42.610843658447266,1280065
2013-01-11,42.98808147369241,43.40918880897793,42.72488980747192,42.96614074707031,1094227
2013-01-14,43.15037146282647,43.31267121173674,42.28622302242689,42.48361587524414,858789
2013-01-15,42.167793389031736,42.2072739757904,41.06238715973842,41.4089241027832,1718078
2013-01-16,41.27293408024483,42.141476903477795,41.05800131563067,42.06251907348633,1181826
2013-01-17,40.21578344958587,45.28662067631635,40.07541435721952,45.17257308959961,8975348
2013-01-18,45.479633195049786,46.91841734747601,45.11116220544651,45.242759704589844,3377260
2013-01-21,45.53226552190218,45.760364024084225,45.03220046045515,45.383121490478516,845008
2013-01-22,45.62000301167948,46.35694165573469,45.54104518029273,46.09375,1957210
2013-01-23,45.68141265359333,46.1112949083693,45.26907695479427,45.46208572387695,1396671
2013-01-24,45.620000658425234,46.80436472146903,45.25153302873634,46.558719635009766,1851239
2013-01-25,46.7078740967935,47.98874282836914,46.35694959791555,47.98874282836914,2460471
2013-01-28,48.45370875212031,50.182006166214514,48.42739058940047,49.331016540527344,3382821
2013-01-29,49.15555062272968,49.20819029088062,48.46248006539083,48.927452087402344,1394399
2013-01-30,48.79586428936174,49.366115761022286,48.51512603008197,48.962554931640625,1592882
2013-01-31,48.90991064571651,49.22574199432096,48.51512145996094,48.51512145996094,1724252
2013-02-01,48.28702039890606,50.19955160266096,48.1992876140262,49.646846771240234,2075262
2013-02-04,50.32237495351496,50.96280923331658,49.673165721754316,49.83108139038086,1962672
2013-02-05,49.55911288874038,49.86616924162532,49.01517971125385,49.36610412597656,1571479
2013-02-06,49.3924318262603,50.05918767368961,48.9625528491871,49.23451614379883,1379586
2013-02-07,49.216968514893885,49.47138859184601,48.60285570385611,48.909912109375,1461653
2013-02-08,48.918673479733464,49.3134625946995,48.85726221147909,49.16432189941406,1060755
2013-02-11,48.96255178460559,49.225743467430895,48.82218266398784,48.909912109375,811904
2013-02-12,48.909907938141515,49.12923487956816,48.751992272581255,49.1029167175293,982562
2013-02-13,48.866041592162155,48.866041592162155,48.17296767713106,48.47125244140625,1101860
2013-02-14,48.16420101670341,48.85727165621982,47.90100599140498,48.725677490234375,1041911
2013-02-15,48.71689182041012,48.830942749837995,47.93608856201172,47.93608856201172,1310944
2013-02-18,47.81326683072783,47.8308133852928,47.321973342897785,47.409706115722656,962770
2013-02-19,47.2956559030044,48.50634141307847,47.1114220972675,48.33087921142578,1033355
2013-02-20,48.28700857887573,48.80462016963993,48.0939998460496,48.295780181884766,1114080
2013-02-21,47.743089792636304,47.822047630029374,46.628911810159515,46.900875091552734,1541163
2013-02-22,46.8833314979338,47.444811347487594,46.84824172650114,47.357078552246094,931456
2013-02-25,47.7781815093888,48.33088635495499,47.234251615866945,47.383392333984375,1247633
2013-02-26,46.70786194790491,47.927319076991175,46.67276883781215,47.6378059387207,1767126
2013-02-27,48.12033306864212,48.1291080210614,47.24302523988537,47.75186538696289,1160785
2013-02-28,47.72554599129888,48.01505582705157,47.120201463215054,47.8308219909668,1313893
2013-03-01,47.79573211923693,48.006287479526044,46.848241364595715,47.85714340209961,1138543
2013-03-04,47.74308920235712,48.164199894356166,47.532537203021285,47.8308219909668,1128605
2013-03-05,47.90977224267373,49.0327249857907,47.813267863812776,48.80462646484375,1345177
2013-03-06,48.67303859083307,49.54157482548679,48.38352874372438,48.909912109375,1257952
2013-03-07,48.82217936652874,48.90990880599063,47.62904024853077,47.67290496826172,1108825
2013-03-08,47.55007620048276,47.76940311713936,47.07632925730536,47.164058685302734,1390049
2013-03-11,46.971061224108226,47.1377485041799,46.71664115452747,46.92719650268555,786933
2013-03-12,46.979832928945804,47.383393721548714,46.558725578404015,46.900875091552734,1135212
2013-03-13,47.00614188606017,47.62025451660156,46.41834406540406,47.62025451660156,1323438
2013-03-14,47.374615090161406,48.541435920076694,47.286885660141216,48.155418395996094,2168698
2013-03-15,48.48880428542779,48.56776212418931,47.33952982049105,47.65536117553711,3002636
2013-03-18,47.16405899245803,47.751856873190576,46.68154044200375,47.6378059387207,1377033
2013-03-19,47.339530168593924,47.58517863913818,46.795600245717026,47.155296325683594,1276566
2013-03-20,47.34829526600076,47.68166976568859,47.17283306546537,47.52375411987305,944486
2013-03-21,47.15528708116826,47.541301249685134,46.78681946758349,47.164058685302734,1361113
2013-03-22,46.71663894556387,46.93596588897027,45.81301300966183,46.014793395996094,1831524
2013-03-25,46.58503559437574,47.05001093177356,46.29552580567817,46.54994583129883,1571434
2013-03-26,46.760498986859126,46.760498986859126,45.21643893228217,45.49717712402344,1852807
2013-03-27,45.7603665549337,45.769138158837684,44.60232073314956,44.82164764404297,1603719
2013-03-28,45.233991045068734,46.199028279411365,45.22521609300066,46.03234100341797,1604640
2013-04-02,46.058657727683055,46.49731161080385,45.426995065056786,45.94460678100586,1116660
2013-04-03,45.69018760491346,46.383258159353055,45.46208572387695,45.46208572387695,1030597
2013-04-04,45.56736776955785,45.62000744448507,44.383003530337696,44.523372650146484,1539672
2013-04-05,44.962025693968585,45.48840904635443,43.961895316437236,44.40932083129883,1761788
2013-04-08,44.78655616465227,45.11115906751947,44.409313596456656,44.47949981689453,945002
2013-04-09,45.181349916394986,45.30417246808018,44.69005636299065,44.99711608886719,1347592
2013-04-10,45.058529582995384,46.40080945915645,44.742698236448376,46.216575622558594,1710469
2013-04-11,46.01479303622371,46.90964735992493,45.95338176028315,46.848236083984375,1384139
2013-04-12,46.32184872033757,46.6552266037684,45.73405413182924,45.99724578857422,1537835
2013-04-15,46.251671091390484,46.4183583786986,45.39190979685872,45.514732360839844,1198797
2013-04-16,45.032205480466914,45.33926183429964,44.51459380781799,44.97079086303711,1355388
2013-04-17,46.39202546553307,49.2169535790169,46.05864765023719,46.10251235961914,6295772
2013-04-18,47.900998754602895,48.523889760818264,47.62026056025087,48.22560501098633,3054837
2013-04-19,48.69057902523106,49.28714854948948,47.979958558982915,48.66426086425781,2400059
2013-04-22,48.60286106594039,48.69059052100626,47.60272720620288,47.786964416503906,1378873
2013-04-23,47.85714325563735,49.13801193237305,47.76063885524451,49.13801193237305,1708833
2013-04-24,48.86604170679829,49.94512982362027,48.734444207349796,49.68193817138672,2038502
2013-04-25,50.00654168660469,51.190905808937835,49.9188122503813,50.93648910522461,1749799
2013-04-26,50.90992542794866,50.936486047373585,49.732355096852494,49.90058135986328,1320739
2013-04-29,50.113083367767075,50.73285717583042,50.113083367767075,50.63546371459961,895818
2013-04-30,50.555771907724456,50.83909646139159,49.847460523556606,49.98027038574219,1011050
2013-05-02,50.0865075007334,51.388031763841546,49.88286822444683,51.35261535644531,1832623
2013-05-03,51.272929147159836,52.54788939157014,51.210952124149955,52.246856689453125,1473520
2013-05-06,52.28228320235222,52.39738485768879,51.609388232105154,51.8395881652832,644256
2013-05-07,51.77761074880512,52.51248612612291,51.64480426515996,51.857295989990234,879351
2013-05-08,51.75104898525891,52.14061939051203,51.547409679501946,51.91041946411133,992875
2013-05-09,51.62709251763837,52.37082025852554,51.379181019012755,52.23801040649414,629529
2013-05-10,52.19375073729655,53.203094981807354,51.90157036257214,52.94633102416992,1373954
2013-05-13,53.20308382037225,53.56609357561963,53.026005149582,53.087982177734375,951700
2013-05-14,53.486408386696695,53.486408386696695,52.77809708044697,52.928611755371094,824020
2013-05-15,53.07913405869142,53.884838867356514,52.68956027593358,53.849422454833984,943080
2013-05-16,53.955670732240016,54.35409694723137,53.51297568835965,53.60151672363281,1162102
2013-05-17,53.47755675376875,54.28326150967097,53.37130752315906,54.15045166015625,1847175
2013-05-20,54.62856470477839,54.99157447651822,54.380653203410915,54.93844985961914,785535
2013-05-21,55.00043087364958,55.567079984962895,54.761375146533936,55.47854232788086,1101119
2013-05-22,55.51394273493379,55.58477216467758,54.78792334821567,55.35457229614258,1090718
2013-05-23,54.88533087741388,55.13323901148188,54.62856695141773,55.08897018432617,2261512
2013-05-24,55.17750880552481,55.51395797729492,54.59315149534255,55.51395797729492,1933122
2013-05-27,55.62020966109062,56.14258999134263,55.336885079682276,56.045196533203125,488310
2013-05-28,56.222263223992265,58.223246452180206,56.1514304050323,58.037315368652344,1925852
2013-05-29,57.7982603594467,57.7982603594467,56.85974908466694,57.063385009765625,1270895
2013-05-30,56.682665312048734,57.514934080755545,56.67381627556566,56.771209716796875,1951000
2013-05-31,56.408201059540716,57.68316493347475,55.82384374315265,56.89516830444336,2225686
2013-06-03,55.55823542579772,57.116524079735555,55.4785501721589,55.77958297729492,4629339
2013-06-04,55.51395825167648,55.91238446001887,54.5400271448956,54.796791076660156,2173363
2013-06-05,54.008786614275195,54.230134100399276,53.158813078157436,53.25620651245117,1533516
2013-06-06,52.90205113685383,53.929103375289614,52.89319872317965,52.928611755371094,1983787
2013-06-07,53.53067690685745,54.07962112139963,53.16766715336714,54.04420471191406,1533938
2013-06-10,53.95566855401171,54.45148819903938,53.66349159314354,54.230140686035156,941336
2013-06-11,53.858270701492614,54.07961818250648,52.990585603723055,53.45098876953125,1071968
2013-06-12,52.99058656018005,53.67233721930742,52.68070143216515,52.79580307006836,1000870
2013-06-13,52.176037855948984,52.70727055469554,51.848444470971785,52.441654205322266,1419136
2013-06-14,53.105687290695805,53.56609045694742,52.94631683401276,53.21193313598633,943511
2013-06-17,53.51298018757982,53.61922943884075,52.90206219155892,52.94633102416992,930943
2013-06-18,52.57445213652324,53.2827633665929,52.34424887581662,52.937461853027344,866613
2013-06-19,53.256215824744,54.14160592405814,52.90205843402026,53.72547149658203,1313122
2013-06-20,52.88434049715663,53.04371095591206,51.883848923301855,52.096343994140625,1500047
2013-06-21,51.94583578370927,52.574465324484684,51.34377362024746,51.38804244995117,2087868
2013-06-24,51.17554428941585,51.38803938782472,49.732357560104596,50.33442306518555,1515489
2013-06-25,50.52920834885534,50.839093505946906,49.98911989435727,50.644309997558594,1116126
2013-06-26,50.971901290878975,52.47706494455812,50.821386614258444,52.370819091796875,1263638
2013-06-27,52.39737832704365,53.31818469997961,52.05207678156633,53.12339782714844,1402265
2013-06-28,53.504109904928114,54.61084723809725,53.27390664823213,53.672332763671875,1643074
2013-07-01,54.061923361031795,54.33639214383358,53.521834833267135,53.77859878540039,1114772
2013-07-02,53.450995934185926,53.81400571660729,53.24735662965637,53.707759857177734,996441
2013-07-03,53.353616782391455,54.02651528653478,52.848944593031895,53.90256118774414,936224
2013-07-04,54.46033473750982,56.21340982355233,54.30096765263696,56.11601638793945,1328704
2013-07-05,56.16029761945509,56.567576278833464,55.682186126708984,55.682186126708984,1107980
2013-07-08,56.66495737733658,57.69201297219567,56.558711527952575,56.71807861328125,1406128
2013-07-09,56.2045528165162,56.487877326262776,55.86810369463168,56.23111343383789,1212177
2013-07-10,56.81548165461316,57.506084858607146,56.70038337227764,57.40869140625,1191446
2013-07-11,58.21440583422668,59.259166543732604,57.869104195533225,58.878448486328125,1949920
2013-07-12,59.250308911084915,59.834669669190475,58.70137132558195,59.4096794128418,1307487
2013-07-15,59.49819693887227,60.08255749916821,59.17945604325424,59.24143981933594,1193684
2013-07-16,58.9315629211633,59.51592362982403,58.50657945576493,58.86073684692383,1585379
2013-07-17,59.76381373770249,61.268973752064106,59.01123373052169,60.04713821411133,2616459
2013-07-18,60.383594302563715,60.64035820892965,59.38310605085331,60.02058792114258,1546686
2013-07-19,60.31275712455539,60.321606159186494,59.40965572305065,59.92318344116211,1432965
2013-07-22,59.79924704795612,60.12684381063538,59.2325979349365,59.49821090698242,661100
2013-07-23,59.35654534512896,59.50706002122966,58.5596930084348,59.00238800048828,909241
2013-07-24,59.36540095729282,60.144541709160464,59.05550905979857,59.639869689941406,1091477
2013-07-25,59.63103321114033,60.126856354717255,59.35656438960087,59.861236572265625,1265134
2013-07-26,59.85235263244942,59.9143296518777,59.23258243816651,59.45392990112305,991801
2013-07-29,59.57790570774933,60.31278117446113,59.17947607586164,59.4096794128418,1193760
2013-07-30,59.843489844413696,60.250775073015504,59.35652953584774,60.19764709472656,948480
2013-07-31,60.07370726108771,60.21537289667246,59.40966479301013,59.852359771728516,994911
2013-08-01,60.35703841247265,60.65807454368927,60.06485807320094,60.50755310058594,1105441
2013-08-02,60.97682537130037,61.39295309018995,60.41017618494952,60.91484832763672,1001765
2013-08-05,61.09190867664871,61.16274149631186,60.604941485201365,61.13618087768555,475413
2013-08-06,61.1893085180351,61.57002651982758,60.94140037826142,61.251285552978516,758224
2013-08-07,60.91483740217406,61.00337505510075,60.33047673387602,60.49870300292969,823736
2013-08-08,60.76431590671287,61.047640448815805,60.339332471053424,60.65807342529297,835098
2013-08-09,60.95024694931156,60.95024694931156,60.40130944916318,60.81744384765625,720127
2013-08-12,60.914839174900756,60.99452103835669,60.51640959265077,60.808589935302734,670483
2013-08-13,61.029935402165634,61.31325994325617,60.71119444906504,61.295555114746094,618426
2013-08-14,61.31326257331346,62.39343954349012,61.3044067811836,62.26948547363281,749399
2013-08-15,62.2694869778917,62.2694869778917,60.90598542153275,61.33982467651367,732207
2013-08-16,60.64919930812006,60.967940166050816,60.241920824094734,60.78200912475586,1013513
2013-08-19,60.92367826508019,60.941389846283194,60.57837673650091,60.73774719238281,432297
2013-08-20,60.51641528676247,60.57839232694533,59.542487474607185,59.94091033935547,780870
2013-08-21,59.90550067781448,60.20653008584816,59.69300217862403,59.94091033935547,598261
2013-08-22,59.763831774080415,61.18045458365314,59.763831774080415,60.383602142333984,667577
2013-08-23,60.47214396830069,60.80858976024065,60.10027500827325,60.26850128173828,760946
2013-08-26,60.286210274733044,60.46329235245093,59.93205962927843,60.330482482910156,272890
2013-08-27,59.940903685947454,60.16225119845832,58.60396957397461,58.60396957397461,1093961
2013-08-28,58.16128185421834,58.55970472478524,57.76285222866058,58.38262939453125,1106015
2013-08-29,58.904998425911955,59.2591557937848,58.19669044515621,59.020103454589844,899697
2013-08-30,59.00239688215164,59.338842694961436,58.23210504822992,58.7102165222168,917386
2013-09-02,59.14406983521793,59.631030406822994,58.96698773691407,59.52478790283203,711891
2013-09-03,59.657577372137716,59.746121778509995,58.82531534315474,59.13520050048828,800098
2013-09-04,59.26800676368351,60.01173109621769,58.68364614098718,59.67528533935547,1148731
2013-09-05,59.76384353095882,60.37476498198375,59.65759426621788,60.28622055053711,846097
2013-09-06,60.29506184386376,61.00337659513865,59.84351102105127,60.42787170410156,1028269
2013-09-09,59.994030157157034,60.330475935823934,59.2414499847504,59.51591873168945,1032126
2013-09-10,60.13568118429352,60.19765820791587,59.52476673858428,59.97631072998047,1272635
2013-09-11,59.98517323247514,60.08256667406358,59.15290446071568,59.31227493286133,828053
2013-09-12,60.20652089497232,62.52624516125138,60.02944559433594,62.18979263305664,1613782
2013-09-13,61.79137085226076,61.93302974411748,61.29555459827748,61.53460693359375,851909
2013-09-16,62.198642040331166,62.31374029843181,61.62313723984987,61.91531753540039,761313
2013-09-17,61.63199011713523,61.720527754180495,60.83513787375044,61.083045959472656,926690
2013-09-18,61.36637940390793,61.98615646362305,61.36637940390793,61.98615646362305,791514
2013-09-19,62.50853828354116,63.37622353395001,61.9064727590712,62.85383987426758,1425878
2013-09-20,62.63250360544554,63.88976287841797,62.61479877286462,63.88976287841797,2881073
2013-09-23,64.00484301463462,64.18191831016,62.91581035768387,63.21684646606445,1163450
2013-09-24,63.15487593082553,64.39442339192422,63.15487593082553,64.03141021728516,1429269
2013-09-25,63.80121250456455,64.4121338740391,63.68611421603651,64.18193054199219,818852
2013-09-26,64.19963655613434,64.27931842089427,63.62413165345957,63.872039794921875,852918
2013-09-27,63.92514035967165,64.24388122558594,63.59755045941779,64.24388122558594,729555
2013-09-30,64.41210592609562,64.9876106290102,64.2438797077853,64.63345336914062,1213261
2013-10-01,65.01417565291857,65.71363443100114,64.55377591233918,65.6959228515625,1051005
2013-10-02,65.69596055102801,65.75793760465193,64.56266199619506,65.25326538085938,922607
2013-10-03,65.6073875786794,66.44851200256585,65.43916809789297,65.78446960449219,1017638
2013-10-04,65.78449225106866,65.78449225106866,65.09388224513637,65.38606262207031,756751
2013-10-07,65.51885238039723,65.51885238039723,64.19076753484865,64.72200012207031,718126
2013-10-08,64.93447616191513,65.41258740172448,64.27928968735588,64.35897827148438,802558
2013-10-09,63.63298477131437,63.641833808144526,61.64970621298778,61.87990951538086,1618143
2013-10-10,63.084032703312644,63.79234735145074,62.79185240433149,63.69495391845703,1626746
2013-10-11,64.18191690238356,64.2261891027886,63.606412072064984,63.969425201416016,749783
2013-10-14,63.624122739081116,63.624122739081116,62.82727042817769,63.14601135253906,911180
2013-10-15,63.91628797060495,64.1287796183989,63.500153708892185,63.845455169677734,1024421
2013-10-16,63.234546628204086,63.74807440432518,61.71167488108029,61.91531753540039,2620290
2013-10-17,61.61428958784381,61.61428958784381,59.763827648241566,60.32162094116211,2577627
2013-10-18,60.436721254086784,60.551819518410575,59.25915097258494,59.67528533935547,2629471
2013-10-21,59.87006789771599,60.42786110690681,59.47163838687491,60.25078582763672,1614794
2013-10-22,60.43672180175781,60.87056099966749,59.91433820203888,60.43672180175781,1254217
2013-10-23,59.870064434107604,60.89711315343729,59.763815219698934,60.135677337646484,1099225
2013-10-24,60.23308428792172,60.66692352294921,59.88778270728901,60.66692352294922,990597
2013-10-25,60.233065061436186,60.78200915144416,59.94088481570672,60.144527435302734,899762
2013-10-28,60.54297531954179,60.81745085623635,60.21538529105412,60.53412628173828,762131
2013-10-29,60.507549650180735,60.959100443761244,60.365890762090366,60.74660873413086,808741
2013-10-30,60.56953800064628,61.39294428190124,60.489849381659894,60.71119689941406,977213
2013-10-31,60.64921525368283,61.90646743774415,60.516405402129394,61.90646743774414,1392681
2013-11-01,61.97731637843651,61.97731637843651,61.091926144458846,61.1893196105957,801718
2013-11-04,61.00337505416604,61.00337505416604,60.2507948718158,60.32162094116211,1221090
2013-11-05,60.10911650007761,60.10911650007761,59.09977260939489,59.45392990112305,2055563
2013-11-06,59.49821707937541,60.15341067270425,59.02011232909572,59.4096794128418,1369878
2013-11-07,59.18832397069653,59.18832397069653,57.869094676913114,58.17012405395508,2614803
2013-11-08,57.6920172591348,58.21439413137868,57.31129927826612,57.975341796875,1497071
2013-11-11,57.94877024975515,58.232094767096605,57.656596696395354,57.913360595703125,823406
2013-11-12,57.59462484778502,57.8336771865712,57.0545363825752,57.14307403564453,1912171
2013-11-13,56.930585113112194,57.753998161575225,56.930585113112194,57.638893127441406,1409659
2013-11-14,57.93993239423857,59.26801759211391,57.86024376977092,58.37377166748047,1939341
2013-11-15,58.51543085147555,58.74563417825509,58.09044736894942,58.59511947631836,1508212
2013-11-18,58.65709569450888,58.77219397879207,58.028469517287355,58.612823486328125,1177722
2013-11-19,58.497717240002274,59.11748754023346,58.187832089886676,58.72792053222656,1567086
2013-11-20,58.497716069412995,58.93155527089334,58.21439154426407,58.68364715576172,1056312
2013-11-21,58.39146896655036,59.347691806884065,58.17897725369501,59.23259353637695,910953
2013-11-22,59.4982093797537,59.852366755047846,59.24145220653028,59.56904220581055,1507340
2013-11-25,60.08256936163709,60.51640859494379,59.90549405354987,60.463287353515625,1336010
2013-11-26,60.87056130276244,61.1184694170881,60.1976630246003,60.480987548828125,1484869
2013-11-27,60.59609244898558,61.171590532527645,60.59609244898558,61.13618087768555,932886
2013-11-28,61.10962600235856,61.4018063769844,60.89713425489925,61.145042419433594,467144
2013-11-29,61.18045702732637,61.34868331471038,60.95025370064151,60.99452590942383,717665
2013-12-02,61.14504427139375,61.534618116027616,60.88828030606608,61.313270568847656,948641
2013-12-03,61.43723172601782,61.55233003200191,60.914854696945596,61.02995300292969,1119021
2013-12-04,61.35751732081838,61.35751732081838,60.21536364069191,60.560665130615234,1064651
2013-12-05,59.67529315879026,60.08257178782918,59.197181701660156,59.197181701660156,1790043
2013-12-06,59.23260373604052,59.46280707168478,58.258675899840696,59.34770202636719,1474911
2013-12-09,59.329991034312656,59.923200765536336,59.188325379398826,59.43623352050781,1077549
2013-12-10,59.082078242720115,59.82580260750685,58.78989791870117,58.78989791870117,1115168
2013-12-11,58.488867816689265,59.11749397679255,58.43574657231136,58.84302520751953,1271176
2013-12-12,58.61282080514126,58.71907004692048,57.79826354980469,57.79826354980469,1386668
2013-12-13,57.63887263656656,57.72741026250841,57.0102467108952,57.089935302734375,904556
2013-12-16,56.73579805299751,57.51493889304846,56.27539480524278,57.09880447387695,1546874
2013-12-17,56.87746295643839,57.52380075645073,56.549869537353516,56.549869537353516,1381224
2013-12-18,56.66495691861583,57.66544513241401,56.63839630085851,57.31129455566406,1323162
2013-12-19,57.8159773672509,58.79876093794773,57.8159773672509,58.7102165222168,1423781
2013-12-20,58.80760405688032,59.87007614380518,58.58625654981138,59.179466247558594,2013582
2013-12-23,59.569038294502676,59.940900474399484,59.321130174571465,59.887779235839844,645779
2013-12-24,59.88777502319635,60.36588640157064,59.870070196585075,59.98516845703125,242949
2013-12-27,60.525275957111965,60.870577602384365,60.33934482158,60.8263053894043,620544
2013-12-30,61.05647781895421,61.16272702330706,60.13567164619303,60.144527435302734,652623
2013-12-31,60.23307612454693,60.42786299081008,60.10912207419569,60.2419319152832,162433
2014-01-02,60.72889858590096,61.06535111866948,59.73726608087325,59.9940299987793,1206949
2014-01-03,59.94089625801932,60.35703061077042,59.54247348686866,59.98516845703125,627750
2014-01-06,59.67529389581513,59.79924796901048,58.42689061650296,58.480018615722656,1064561
2014-01-07,58.25867618403848,58.3472138504902,57.70087605090983,58.01076126098633,1520073
2014-01-08,58.214396258809515,58.30293391352832,57.98419295254856,58.17012405395508,1425300
2014-01-09,59.4362287850715,59.976317230167375,58.50657332998083,58.772186279296875,2105556
2014-01-10,58.89613968158793,59.17946421068496,58.45344468268698,58.66594314575195,969058
2014-01-13,58.958124310305266,59.002396517897424,58.32949814144148,58.825321197509766,631326
2014-01-14,57.550354177689705,59.01124913473677,57.063386940343975,58.93156051635742,1629948
2014-01-15,59.20602707650309,59.20602707650309,58.11699448993688,58.223243713378906,1788486
2014-01-16,57.91335365922825,57.98417971383855,55.04468566537293,55.584774017333984,3965783
2014-01-17,55.24833839195477,55.50509892989644,54.33638437807579,54.93844985961914,2982199
2014-01-20,55.071261654702404,56.9128711980311,54.98272062341569,56.88631057739258,1781196
2014-01-21,56.66497078884919,56.6826756200247,55.407718370669414,55.86811828613281,2167100
2014-01-22,57.461810028255734,60.67577316654348,57.41753782804947,59.77267837524414,5895336
2014-01-23,58.878440429380305,59.356551884067336,56.93943398898128,57.09880447387695,3766240
2014-01-24,57.4086920161947,58.657095325132595,56.77121680534379,57.01026916503906,3182817
2014-01-27,57.15192213868328,57.53264007515357,56.726932004139385,57.1253547668457,1738248
2014-01-28,57.12536546842609,57.1607818825219,56.31080820919332,56.319664001464844,1587601
2014-01-29,56.61184032993352,57.293591094793314,55.0712634867398,56.036338806152344,2056605
2014-01-30,55.983202360295955,57.063375729802935,55.87695651915473,56.13372039794922,1475436
2014-01-31,55.67332605645533,55.761863708496094,54.58429672437828,55.761863708496094,1881631
2014-02-03,55.61134412343772,56.40819305406219,55.58478012817066,55.65561294555664,1644360
2014-02-04,55.44312671080216,55.62020540500608,54.93845462769284,55.363441467285156,1483924
2014-02-05,55.088970478707665,55.89467529622917,55.02699344485947,55.31031799316406,1311035
2014-02-06,55.81498358850381,56.664957134929026,55.54051148648342,56.434757232666016,1422877
2014-02-07,56.55870856976452,56.85974127518651,56.06288900274758,56.54100036621094,1146534
2014-02-10,56.66495707527093,57.07223564365072,56.44360958669565,56.67381286621094,998079
2014-02-11,56.797765844364086,57.88679168474773,56.797765844364086,57.80710983276367,1082188
2014-02-12,57.8779485116928,58.037318986793444,57.33786005468452,57.497230529785156,1316203
2014-02-13,57.50607511273454,57.656596539498,56.682662180984565,57.05453109741211,1151513
2014-02-14,57.1696333788546,57.93992512882774,57.10765634759169,57.41754150390625,1333800
2014-02-17,57.6654436765801,58.409174729954955,57.576906034627854,58.20553207397461,711137
2014-02-18,58.40031944817013,58.40031944817013,57.328998434737436,57.630027770996094,1316331
2014-02-19,57.60346882818176,58.09929180082868,57.31129527419889,57.43524932861328,1207422
2014-02-20,57.160780388164135,57.53264934895321,56.86860680074501,57.249324798583984,1206816
2014-02-21,57.780556957165935,57.95763226640426,57.390983170853545,57.48837661743164,1018395
2014-02-24,57.50608913172147,58.01076126098633,57.40869567212729,58.01076126098633,867023
2014-02-25,57.60347428156205,57.74513993144118,55.8061335674079,56.02748107910156,2284722
2014-02-26,56.027482632023265,56.75350222030207,55.87696794109733,56.054046630859375,1595391
2014-02-27,55.894683231103805,56.21342423756908,55.0535618812639,55.611358642578125,1564749
2014-02-28,55.84154548508296,56.21341103109353,55.567073376777415,55.82383728027344,1279623
2014-03-03,54.88532512765057,55.51395118889412,54.08847281234559,55.159793853759766,1901243
2014-03-04,55.91237338668704,57.43524509141851,55.84154057367886,57.35555648803711,2256125
2014-03-05,57.30245180752645,58.108153334506675,57.24047476698951,57.76285171508789,1151624
2014-03-06,57.81597378153742,58.56855398364216,57.38212778733237,58.409183502197266,1152972
2014-03-07,58.64823211484083,58.78989775821712,57.913363543542744,58.09043884277344,1323819
2014-03-10,58.13471298019447,58.42688655815168,57.44410307823136,57.92221450805664,1110812
2014-03-11,58.01074653638473,58.19668437022584,57.187333612904034,57.61232376098633,953848
2014-03-12,57.231615594911396,58.35606480610708,56.81548116659443,57.84253692626953,1522017
2014-03-13,58.07272971492273,58.17012316011389,57.41754297408306,57.506080627441406,1288377
2014-03-14,56.974848118723074,57.382126729353054,56.541008887507004,57.20505142211914,1602710
2014-03-17,57.35557165767627,57.79826672357991,57.205056956466784,57.69202423095703,1005022
2014-03-18,57.585768672541164,58.12585713415476,57.2316113076321,58.08158493041992,1069190
2014-03-19,58.29406901515693,58.727914938988995,58.037311883078694,58.25865936279297,1425626
2014-03-20,58.15241692746484,59.276859283447266,57.78940377597292,59.276859283447266,1780084
2014-03-21,59.53361668680328,60.25078711970122,59.38310202069705,59.48049545288086,2690548
2014-03-24,59.816941128040305,59.816941128040305,58.24980393412156,58.32063674926758,1557775
2014-03-25,58.33833988430733,58.97582169216259,58.25865803581985,58.67478561401367,1387434
2014-03-26,59.05552408487062,59.94977008503481,58.76335045045304,59.79925537109375,1539486
2014-03-27,59.54247593745147,59.763823431642734,59.16175797724291,59.418521881103516,1003630
2014-03-28,59.7195428036778,59.878913247206036,59.064356204723225,59.45392990112305,916310
2014-03-31,59.76384029180305,59.887794383120074,59.391978017851976,59.52478790283203,901086
2014-04-01,60.0471595889507,60.11799242201418,59.69300217862403,59.94091033935547,1090727
2014-04-02,59.92318264087354,60.321605353576906,59.51590413866908,59.781517028808594,1037187
2014-04-03,59.96746066152887,60.10026374201145,59.45393290036678,59.80809020996094,1006492
2014-04-04,59.72840728000412,59.949754775151625,59.43622696521194,59.62215805053711,960125
2014-04-07,58.78989372380655,58.878431367346074,58.31178234270609,58.55083465576172,1170859
2014-04-08,58.170122227740976,58.276371463061956,57.34670923022547,58.01960754394531,1460127
2014-04-09,57.638898146484614,58.63053755888318,57.638898146484614,58.38262939453125,1217499
2014-04-10,58.94926241870327,59.471639228434235,58.178970757501546,58.25865936279297,1322960
2014-04-11,57.34671454949627,57.36442613452088,55.850409854459045,56.24883270263672,2183935
2014-04-14,55.71759764054411,55.841551710534986,54.94730922167576,55.57593536376953,1674590
2014-04-15,55.56707877982766,55.94779677651464,54.61971168411681,54.67283630371094,1633010
2014-04-16,53.05257868437439,53.73432953752583,51.09586717061894,51.795326232910156,6224330
2014-04-17,52.47707606673101,52.68071540163957,51.875010477655486,52.30885314941406,3053937
2014-04-22,52.609872821298765,52.75153846542387,52.35311228505914,52.69841384887695,1892575
2014-04-23,52.22915557279586,53.04371272019923,51.954683467477935,52.645286560058594,2059190
2014-04-24,53.28277446857716,54.0530628806816,52.85778764198522,53.87598419189453,2366842
2014-04-25,53.831272393538335,54.153241015565776,53.09790093745205,53.22311019897461,1486387
2014-04-28,53.12473283066914,53.58979481764084,52.85642337673629,52.98163604736328,1181283
2014-04-29,53.348311164245324,53.67922177017487,53.19626894312369,53.38408279418945,1299677
2014-04-30,53.43774379432909,53.58084054500926,52.87429884590908,53.15155029296875,1164948
2014-05-02,52.76697445768938,52.92795872049594,52.25719209603378,52.35557174682617,1691714
2014-05-05,52.31981153713965,52.31981153713965,51.45228536520832,51.92629623413086,1278388
2014-05-06,51.81897450734593,52.16777613977222,51.4344012353372,51.48806381225586,1378952
2014-05-07,51.55960414814462,52.212483357681776,51.43439149238613,51.87262725830078,1672954
2014-05-08,51.91734313142533,52.70437703340326,51.67586670428338,52.668601989746094,1361531
2014-05-09,52.40924916877324,52.66861317281425,52.2035477416121,52.38241958618164,1149098
2014-05-12,52.498671154759506,53.37513917913749,52.31979936348538,53.15155029296875,1059272
2014-05-13,53.5092970658317,53.55401416339243,53.08894884302999,53.32147979736328,1167858
2014-05-14,53.2052144769533,53.22309858610021,52.93690507600917,53.08000183105469,1260388
2014-05-15,52.8027625662421,52.99057644877241,52.400301809608365,52.58811569213867,1331675
2014-05-16,52.65072264234066,52.85642405776215,52.46290875152493,52.793819427490234,1249169
2014-05-19,52.94585313169781,53.223101189078996,52.498675323848495,53.1336669921875,891408
2014-05-20,53.008464958397454,53.32148810176931,53.008464958397454,53.142616271972656,768241
2014-05-21,52.945856327843785,53.840211997531355,52.945856327843785,53.75077438354492,993656
2014-05-22,54.215841310504814,54.546755374288985,54.02802743324108,54.4483757019043,1204162
2014-05-23,54.663007443868786,54.90448383932867,54.34103891658894,54.60934829711914,1075592
2014-05-26,54.75244419202145,55.03863767589877,54.71666915361292,54.94025802612305,583994
2014-05-27,54.823996007291925,56.18341688926049,54.72561634827444,56.0939826965332,1412647
2014-05-28,55.9866523738957,56.04925698533228,55.557362147604024,55.99559783935547,1136289
2014-05-29,55.85250109725824,56.23707423133744,55.557362147604024,55.99559783935547,604539
2014-05-30,55.90617873990893,56.657437737398816,55.90617873990893,56.30863952636719,1250766
2014-06-02,56.88101846596419,56.99728565674198,56.54116577245386,56.63954544067383,906683
2014-06-03,56.88102162758034,56.9972888248206,56.28180494121949,56.80947494506836,1009663
2014-06-04,56.5053948243683,57.06883988485699,56.48750730051351,56.91679763793945,973698
2014-06-05,56.97045644231772,58.41036619460234,56.889964296141905,57.38186264038086,2359519
2014-06-06,57.50708248303527,58.616081799461156,57.50708248303527,58.30305862426758,1554700
2014-06-09,58.43719593982153,58.71445083618164,58.09734324317081,58.71445083618164,663160
2014-06-10,58.69656644236243,59.14374432518114,58.428263806706994,58.90227127075195,836229
2014-06-11,58.99168791109291,59.617740854595795,58.642889812260414,59.456756591796875,1252556
2014-06-12,59.403094667434786,59.680349530986916,59.179505777397715,59.2957763671875,1046044
2014-06-13,59.58198329556939,59.814510880747754,58.95593016839937,59.04536437988281,1089009
2014-06-16,59.13478682644439,59.88604215482872,59.027461712364854,59.787662506103516,1136528
2014-06-17,59.93972042930787,60.521053041830996,59.886061266838745,60.225914001464844,1053116
2014-06-18,60.521041716435334,61.50483151016477,60.37794836883062,61.12920379638672,1454219
2014-06-19,61.79103494108061,61.91625102248509,61.191818231540054,61.20970916748047,1589764
2014-06-20,61.156031712875986,62.49756507429665,60.74462896751396,62.2560920715332,2104914
2014-06-23,62.53335183408608,62.53335183408608,60.71781076982848,60.7446403503418,1892146
2014-06-24,61.26336125956553,61.49589563621,60.81618344015264,61.325965881347656,1044305
2014-06-25,60.825125265721326,61.48694648828191,60.547870394376964,60.72674560546875,1138072
2014-06-26,60.816168969966014,61.27229214779007,60.02019318667151,60.23483657836914,1185757
2014-06-27,60.422652392137564,60.601527577277984,59.73400169367116,60.476318359375,944019
2014-06-30,60.485267150847456,61.111320168808106,60.28851464926278,60.82512664794922,831323
2014-07-01,61.18287637006104,61.91624776702393,61.02189207202565,61.7820930480957,848787
2014-07-02,61.925174002050106,62.15770834670238,61.17391864402272,61.352787017822266,859400
2014-07-03,61.513775966814606,62.91791396055435,61.30807800362387,62.8284797668457,1327050
2014-07-04,63.07888853127713,63.57972539768427,62.61382670152629,63.213043212890625,876580
2014-07-07,63.14150644293778,63.6691798155562,62.97158351225727,62.98052215576172,988590
2014-07-08,63.05205681827572,63.23987063679992,61.90728297771473,61.925167083740234,1010956
2014-07-09,61.817860944139454,62.30975242545522,61.32596263943202,61.44222640991211,1380191
2014-07-10,61.486948461614425,61.737366941788125,60.65519746767073,60.94139099121094,1737441
2014-07-11,61.04870938561365,61.07553895933038,59.93970363378761,60.297447204589844,1276266
2014-07-14,60.15436278887244,60.503160945685366,59.70718496491821,59.957603454589844,1277221
2014-07-15,59.474659779246615,60.0559924049254,59.295791351373055,59.88606262207031,1096615
2014-07-16,58.49086073413786,60.33323118522558,57.516009529816316,58.01685333251953,3159348
2014-07-17,58.32987689235233,58.338822359449296,57.14932770106225,57.23876190185547,1381168
2014-07-18,57.2387577567111,57.2387577567111,56.076096172117076,56.94361877441406,1697890
2014-07-21,56.88102612798276,58.04369136898244,56.791591914842726,57.96319580078125,1592437
2014-07-22,58.22255569470577,58.49981060632409,57.712773209978664,58.142066955566406,1237983
2014-07-23,57.954254970926264,58.803890198814365,57.73960467941095,57.9095344543457,1052224
2014-07-24,58.01685931293102,58.034743425439025,57.06884100027604,57.632286071777344,1001506
2014-07-25,57.32819268004388,57.50706789434326,56.308627840408455,56.46961212158203,1046746
2014-07-28,56.711090261884955,56.77369488293894,55.5842036712172,56.102928161621094,1001697
2014-07-29,55.99561486452757,56.08504907614454,55.23541041899734,55.628929138183594,1652913
2014-07-30,55.557378530586874,63.63341331604808,55.0744290159043,63.39193344116211,6497116
2014-07-31,63.58868840868775,64.61719882033348,62.92686710640653,63.284610748291016,3216986
2014-08-01,63.275650394887336,63.365084578470494,61.397505246077685,61.88939666748047,2078823
2014-08-04,61.84467536573265,61.84467536573265,60.52102641229773,60.69990158081055,1584267
2014-08-05,60.64626689976972,61.612172837781095,59.975500024494075,61.11133575439453,1355684
2014-08-06,60.8698528668927,61.80892917548737,60.65520938790281,61.522735595703125,1347343
2014-08-07,61.51376423252069,62.506499287114394,61.32595041454219,61.486934661865234,1147360
2014-08-08,60.9861152641921,61.129208623095344,59.92182983439421,60.5031623840332,2876811
2014-08-11,61.12025142381595,61.99672281365644,60.98610355790394,61.71052932739258,923569
2014-08-12,61.79997517529552,62.28292805389399,61.00399917817737,61.09343338012695,1001081
2014-08-13,61.147090334856166,61.29018367217686,60.36899856361539,60.99504470825195,989032
2014-08-14,61.04871856320568,61.08449360800316,60.431610981385425,60.851959228515625,976384
2014-08-15,61.19180832692645,61.71948167747363,60.565762138201016,60.68202590942383,1264398
2014-08-18,61.17393899189954,61.996744702487526,61.17393899189954,61.907310485839844,1052324
2014-08-19,62.0235602176979,62.80165205518121,61.799971315093806,62.61383819580078,727848
2014-08-20,62.46177914786798,62.819522679917725,62.05932193893097,62.372344970703125,645744
2014-08-21,62.309772667135135,63.186244433870165,62.18456338951497,63.06103515625,900517
2014-08-22,63.37404576758712,63.499255020347384,62.40813996910002,63.257781982421875,987133
2014-08-25,63.973233916455,64.51879119873047,63.63338135675449,64.51879119873047,938468
2014-08-26,64.34887547501313,64.87654876800727,63.76754985891228,64.85865783691406,862876
2014-08-27,64.7334755541729,64.84974618449637,64.4293978329443,64.69770050048828,601724
2014-08-28,64.7871260080803,65.12697870148445,64.50093247063677,64.88550567626953,873882
2014-08-29,65.13594056033267,65.24325889926098,64.38467807086505,65.11804962158203,895927
2014-09-01,65.28796230454797,65.9587290405536,65.07331885957595,65.79774475097656,753489
2014-09-02,65.95873859565998,68.98165866741924,65.05543734976597,67.80110931396484,2022135
2014-09-03,68.2393374664852,68.96376334508462,66.74575837492743,67.03195190429688,1760640
2014-09-04,66.68315499504936,68.57024596000213,66.54900710643498,68.19461822509766,1920349
2014-09-05,67.87264844791889,67.87264844791889,67.16610667898543,67.50596618652344,1090055
2014-09-08,67.50595152007571,67.76530859273316,67.10348747859834,67.60432434082031,596580
2014-09-09,67.64905953965103,68.14989651068561,67.46124567551308,67.50596618652344,766356
2014-09-10,67.22871535563041,67.55962941624884,66.66527372922948,67.34498596191406,502013
2014-09-11,67.53281426548061,67.82794651947253,67.25555930336344,67.81900787353516,723176
2014-09-12,68.14989672523318,68.93693405178463,68.07835346014014,68.82066345214844,742022
2014-09-15,68.30194348302854,69.37516753423905,67.84582019073763,69.08897399902344,986696
2014-09-16,68.97271702141809,69.31256974568521,68.48081863580127,69.124755859375,861692
2014-09-17,69.75973501021831,70.45733126857785,69.3036117553711,69.3036117553711,1107250
2014-09-18,69.47354042614249,70.68986453803288,69.2231219601753,70.55570983886719,1058523
2014-09-19,71.03867060029005,71.03867060029005,69.8670668649938,70.38578796386719,2040882
2014-09-22,70.3052917414499,70.5646556749588,69.59875002397219,69.77761840820312,813408
2014-09-23,69.31256972501399,69.51827454713587,68.43609809910163,68.6865234375,1474746
2014-09-24,68.85642631565388,69.96543202081233,68.45396908005642,69.9117660522461,1205814
2014-09-25,69.79551120295591,70.14430933788697,69.26783785562967,69.55403137207031,984911
2014-09-26,69.7597222340919,70.43048879403509,68.96374646216387,70.26055908203125,783713
2014-09-29,70.26950454671311,70.6272480766942,69.43775373944794,70.26055908203125,921176
2014-09-30,70.35001730375077,70.95817258318763,69.867064443558,70.49311065673828,1307807
2014-10-01,69.93860724418154,70.82402422702121,69.19629726016353,69.31256103515625,1092874
2014-10-02,68.86537631936685,70.02804124632304,67.57750216315583,67.79215240478516,1821555
2014-10-03,68.47185850865229,70.13536037227928,68.41819935930668,69.84916687011719,1124521
2014-10-06,70.15325398369104,70.38578152199716,69.58086695750562,69.60769653320312,1014893
2014-10-07,69.21418751719223,69.2678466760478,67.88159942626953,67.88159942626953,1340367
2014-10-08,67.51490526531603,67.87264888552956,66.39696071676877,66.7099838256836,1628063
2014-10-09,67.3807486687181,67.7295536356219,66.30752466151078,66.9335708618164,1368063
2014-10-10,66.28964005591433,66.57583357725602,64.25050354003906,64.25050354003906,2355788
2014-10-13,63.65129663543574,64.5635433150226,63.08785497337997,64.33100891113281,2176738
2014-10-14,64.08059494188488,66.20021383769026,63.55292146754379,66.0928955078125,2299474
2014-10-15,67.07666558275643,68.32876470497948,62.23819883015913,62.783756256103516,3202454
2014-10-16,63.5439739479507,64.32205902447258,61.07555035459551,63.75861740112305,3226751
2014-10-17,63.81228043547282,65.8961309391607,63.57974603342965,65.0912094116211,3228764
2014-10-20,64.796074741248,65.32374820946296,63.56186619822947,64.32206726074219,1390545
2014-10-21,64.16106734751818,65.25218224599129,63.78543964183151,65.0822525024414,1387875
2014-10-22,65.3505642661016,66.27174945429881,64.76029311061454,66.0571060180664,1838538
2014-10-23,65.77985587121921,66.68315009737498,65.06436867532975,66.45062255859375,1453150
2014-10-24,66.3254044697161,66.94250509982388,65.96766091952293,66.79046630859375,1213364
2014-10-27,67.14822631788017,67.50596995576198,66.37907988462162,67.05879211425781,1124934
2014-10-28,67.49703997845151,68.63286895424379,67.16612584337484,68.22146606445312,1339238
2014-10-29,68.5165662303481,68.83853471312587,68.00678393651499,68.10516357421875,925131
2014-10-30,68.59707672402502,69.22312978308469,67.83687577403103,68.88327026367188,1573400
2014-10-31,69.54510022843397,71.49479590174244,69.19630205589004,71.05655670166016,2427970
2014-11-03,71.10126633956394,71.49478496568322,70.52887933251296,71.19964599609375,1117764
2014-11-04,71.02973254513792,71.45902631056,70.0012220604623,70.11749267578125,1293358
2014-11-05,70.6541223256123,71.71840812387678,70.59151768003171,71.36066436767578,1158167
2014-11-06,70.87769508361816,73.39083262486383,70.70776530308649,73.33717346191406,2247551
2014-11-07,73.33719026202796,73.33719026202796,71.26228466413563,71.36066436767578,1421990
2014-11-10,71.08339351635618,72.74688882862073,70.77036356494065,72.71112060546875,1041631
2014-11-11,73.38187674972919,73.7575044489654,72.89892392640057,73.12251281738281,854305
2014-11-12,72.89000753969178,73.98112285472838,72.80951878205506,73.02416229248047,1226037
2014-11-13,73.44449260479774,73.80222942639733,72.76478036165206,73.26561737060547,1030774
2014-11-14,73.19406315577098,73.65018644803888,72.61273744170668,72.97047424316406,849628
2014-11-17,72.32654691749487,73.6859645604456,72.21922177855438,73.47132110595703,943807
2014-11-18,73.38187696015841,73.99897766113281,73.33715645247715,73.99897766113281,867925
2014-11-19,74.23151255646958,76.23486712937166,73.99897819694789,75.19741821289062,1976543
2014-11-20,75.10796877838426,75.41204633625858,74.25832706244869,75.17951202392578,1350140
2014-11-21,75.34946533352972,76.44952581190827,74.9112329649884,76.20804595947266,2574751
2014-11-24,74.41039902421926,75.48363006662406,73.09570174411763,74.32991027832031,2941273
2014-11-25,73.75752176740207,74.72342764085624,73.07780946866842,74.23152923583984,1895636
2014-11-26,74.19576185386084,74.57138968011472,73.64125876030006,73.79330444335938,1273141
2014-11-27,73.89167569492473,75.61778259277344,73.86483929034851,75.61778259277344,1032004
2014-11-28,75.93972697670114,76.36901378540688,75.52831745188784,75.95761108398438,951139
2014-12-01,75.42101754740756,76.34220282335227,75.22425820237228,75.8324203491211,785775
2014-12-02,76.13649311442872,76.86092582214204,75.79664042792815,76.0291748046875,1054616
2014-12-03,76.28853029516733,77.79104787537804,76.23486432285858,77.11133575439453,1035377
2014-12-04,78.30082066313778,78.99841680712747,77.18287637510551,77.31702423095703,1551980
2014-12-05,78.13986883217002,79.56189128130248,77.93416399553543,79.50823211669922,1102699
2014-12-08,79.2130468436261,79.73177454342317,79.09678311369473,79.37403106689453,877679
2014-12-09,78.2561109245168,78.84638886500387,76.76253878791424,77.36175537109375,1594122
2014-12-10,77.90731949252158,78.59597032548248,77.56746680946699,78.00569915771484,1186647
2014-12-11,77.45121245807607,78.1666998416852,76.76256148065183,77.80001068115234,1255516
2014-12-12,77.21865801889861,77.68372674471121,76.35113883214008,76.49423217773438,1199070
2014-12-15,76.3153568953401,76.78041875574604,74.36566162109375,74.36566162109375,1560051
2014-12-16,74.47299775804466,76.18122045746243,73.58758750631846,76.04706573486328,2276092
2014-12-17,75.22424778833707,75.4836117233052,74.38355136626043,75.19741821289062,1356346
2014-12-18,76.69994291234434,78.07725144037205,76.23487415046893,78.0504150390625,1748451
2014-12-19,78.88215214260619,79.31144578365718,77.07555704012083,77.54061889648438,2740119
2014-12-22,77.5674694061795,79.42772399349131,77.5495784718771,79.24885559082031,899040
2014-12-23,79.59764364767577,80.40256500429682,79.40088433568049,80.38467407226562,890830
2014-12-24,80.35785450616524,80.35785450616524,79.6960332297988,79.83912658691406,158995
2014-12-29,80.27735577364369,80.44727868759219,79.41877526771168,80.38467407226562,708130
2014-12-30,80.09847427916274,80.31312450633008,79.43665313720703,79.43665313720703,712430
2014-12-31,79.97328785554163,80.33997698060456,79.6423806019307,80.04483795166016,154682
2015-01-02,80.31316715458478,80.81400430381713,79.37409067637971,79.71394348144531,856700
2015-01-05,79.33827668204788,80.26840723370216,78.04146391849211,78.24716186523438,1503799
2015-01-06,78.10406355456246,78.25610234436061,75.7250747680664,75.7250747680664,1601221
2015-01-07,76.1544001620813,76.56580302438748,75.82348604911192,75.97552490234375,1406733
2015-01-08,76.95931680623424,79.05210603466499,76.31537955951923,78.87323760986328,1504006
2015-01-09,78.6854117099704,79.07892354916567,76.20804278179804,76.771484375,1322276
2015-01-12,77.33492100523499,80.06270118015095,77.33492100523499,78.60490417480469,1883581
2015-01-13,78.4171099706564,79.93751196855898,78.12197094480942,79.6244888305664,1301680
2015-01-14,78.6228026405741,79.54398780006913,77.56746277884183,78.16667938232422,1313449
2015-01-15,78.81061577800493,79.40983237604077,76.29747197067186,78.64068603515625,2623012
2015-01-16,78.24716486547089,79.52609357010971,77.58534367150276,79.3382797241211,1508100
2015-01-19,79.2399037330941,80.40256872686503,79.2399037330941,79.9375,782739
2015-01-20,80.49200430778227,80.73347731841324,79.3740598035075,80.05377197265625,1390696
2015-01-21,83.30029734212697,84.06944386377337,80.07167240957232,82.0929183959961,2972122
2015-01-22,82.37908924732739,84.14990939353784,81.71726805898346,84.03364562988281,2026840
2015-01-23,84.31984767124585,85.68821069286093,84.22146800611348,84.4540023803711,2131393
2015-01-26,84.24829330274639,85.60771761183716,84.24829330274639,84.76702117919922,1235788
2015-01-27,84.94591000270158,85.40202651089703,83.55071042785416,83.92633819580078,1239500
2015-01-28,84.15885671369277,84.8653984239122,83.46126046961042,83.82794952392578,1203565
2015-01-29,83.34499798008382,84.18568757828041,82.83521557672307,83.47020721435547,1154418
2015-01-30,84.0604983807868,84.37352154107857,82.98727416738839,83.42550659179688,1549777
2015-02-02,82.63845880437107,82.68317249033586,80.43834484718626,81.25220489501953,1552446
2015-02-03,81.55629253716394,81.74410640170235,80.51883672536086,80.68876647949219,1377902
2015-02-04,80.68876754519499,80.96601561221462,79.5529320526713,80.48306274414062,1565516
2015-02-05,79.0163075160791,81.01966193708475,78.90898922243031,79.78545379638672,1260245
2015-02-06,79.99116961638093,80.6440454042485,79.41878255987021,80.55461120605469,1275291
2015-02-09,79.58871257235053,79.74969687278283,77.80000115572169,78.0414810180664,1356777
2015-02-10,78.4528738283344,80.69770828070858,78.4528738283344,80.08954620361328,1372881
2015-02-11,80.25053666469238,82.03924799116957,80.15215699586474,81.49369049072266,1135650
2015-02-12,81.51157372937614,82.34332476022252,80.86763656699287,81.0733413696289,1145172
2015-02-13,81.84248295483626,82.37014948417745,81.46684841665333,81.69043731689453,1222111
2015-02-16,81.70834323629177,81.80672291631323,81.07335146194876,81.40425872802734,573173
2015-02-17,80.50095830723669,80.78715185773105,79.46350242207433,80.45623779296875,1163886
2015-02-18,80.67084927770352,81.95872315620117,80.67084927770352,81.57415008544922,884155
2015-02-19,81.56522768157592,82.62951302502847,81.06439073095903,82.48641967773438,966923
2015-02-20,82.5221757038168,82.5221757038168,81.22536300970003,81.90507507324219,1628899
2015-02-23,82.74576882420439,83.49703100114266,82.48641173075906,83.22872161865234,969561
2015-02-24,84.51661102050349,87.387491909377,84.43612228523607,86.25166320800781,2143627
2015-02-25,86.75250321957756,87.3606653707536,86.18906158292326,86.27849578857422,1366734
2015-02-26,86.12643228634965,86.6988192266308,85.22313137421605,86.50205993652344,1127345
2015-02-27,86.22483337767112,86.61834523237154,85.32153224086399,86.40370178222656,1563235
2015-03-02,86.01913061967981,87.95093536376953,85.83131674340667,87.95093536376953,1233707
2015-03-03,87.64685541360392,88.49649056835848,87.0118637084961,87.0118637084961,1019148
2015-03-04,86.94925325026473,87.83466339111328,86.0906726858977,87.83466339111328,895742
2015-03-05,87.99564221970566,88.97049331959677,87.50374393672509,88.94365692138672,947344
2015-03-06,88.54121291916972,89.14937505862092,88.40705820158341,88.7290267944336,883750
2015-03-09,88.04036915127688,88.7558495510881,87.46798210207116,88.71113586425781,915926
2015-03-10,88.69325174354223,89.3371889292089,88.3355081044616,88.74691772460938,1175609
2015-03-11,89.25669587158464,91.26899606767694,89.06887518203101,91.00068664550781,1004975
2015-03-12,90.95596572860156,91.26899566086763,88.19241008018085,88.31761932373047,1441447
2015-03-13,88.8095151993001,89.92745971679688,88.63063998246552,89.92745971679688,1015629
2015-03-16,90.28518907834939,91.2242651251709,90.06160019323868,90.82180786132812,782549
2015-03-17,91.13486242509508,91.4031650858982,89.52501916670181,90.32994079589844,884482
2015-03-18,89.88273904848809,90.1957621481577,88.47860100992001,89.01521301269531,1145838
2015-03-19,88.45177158902277,90.06160760018302,88.45177158902277,89.92745971679688,1188934
2015-03-20,90.24050597441365,91.35845077879588,90.0169170135372,91.09014129638672,1737357
2015-03-23,91.49261265903368,91.58204688568397,90.06163773905268,90.95599365234375,723538
2015-03-24,90.6876909723929,91.49261265903368,90.10635826407488,90.95599365234375,849471
2015-03-25,90.32992658503873,90.64294971842719,85.85814804122494,85.93863677978516,2341490
2015-03-26,83.17506535636565,83.29132912033542,80.46516915746538,81.77092742919922,4046235
2015-03-27,82.48642405648037,83.47021390029818,81.5205183232518,82.61163330078125,2235889
2015-03-30,84.09626613878285,85.37519507426936,83.72958384663521,85.04428100585938,1964629
2015-03-31,85.01745112641518,85.72399295211079,84.42717990933068,84.7759780883789,1502383
2015-04-01,83.80111512743969,84.8027958335897,82.89782090436523,82.97830963134766,1823737
2015-04-02,83.17508615664252,83.95317812872291,82.94255174715994,83.21086120605469,1017672
2015-04-07,82.28965437167923,83.89055159202321,81.96768583443736,83.46125793457031,1502934
2015-04-08,82.74578169057688,83.24662549421035,82.03030126500238,82.28966522216797,1625501
2015-04-09,83.07669729324662,83.97105295950907,82.87993795492613,83.70274353027344,1482712
2015-04-10,84.66863551401,84.83856524644212,83.6580162319568,84.69546508789062,1336978
2015-04-13,84.51661738347376,85.4825232197563,83.69381174074098,85.10689544677734,1170634
2015-04-14,84.811739618499,85.58982459080266,83.3002765345846,84.11414337158203,1746645
2015-04-15,81.99452860482536,85.93863358571497,81.16277755365388,81.74411010742188,3428798
2015-04-16,80.2684268412617,80.93919363937809,78.39028117121434,79.15048217773438,3877400
2015-04-17,79.10574525657675,79.26672952767484,77.75527329594468,78.9000473022461,2837962
2015-04-20,78.90006261602777,79.92857305747944,78.54231896377597,79.79441833496094,2075707
2015-04-21,80.80503662532502,82.46853878338686,80.56356358713846,81.94087219238281,3054371
2015-04-22,87.64685479525862,92.52109041931153,86.85087880268327,90.777099609375,5177303
2015-04-23,90.24049895378994,91.13485472771572,89.1851588676218,89.43557739257812,2297609
2015-04-24,89.86788319272254,90.33623039445585,89.07530460635668,89.26444244384766,2186987
2015-04-27,89.21040699051025,91.91238793675699,88.18365478065593,91.23689270019531,2047617
2015-04-28,90.87664292312014,91.28193738658366,89.40856195723136,90.02101135253906,1472243
2015-04-29,90.06603776479359,90.5614037210973,87.3460464477539,87.3460464477539,1912896
2015-04-30,87.00378631127,88.1116015381767,85.83293200775545,87.10285949707031,2189675
2015-05-04,86.70656251523462,88.95821322518299,86.13014048320726,87.16590118408203,1204990
2015-05-05,87.16590964493875,88.44484572317255,85.19346123268842,85.33757019042969,1710422
2015-05-06,85.08538393019764,85.94100850973864,84.05863168615117,84.36485290527344,1560218
2015-05-07,83.95955815562085,85.13942100441093,82.98684333739283,84.53598022460938,1541305
2015-05-08,85.29253449983358,87.06683653252921,84.85121284146807,86.77862548828125,1331899
2015-05-11,86.67055914312463,88.00353277671647,86.30128505597801,87.83240509033203,1150595
2015-05-12,86.96776477895426,87.3460473638689,85.80591205502333,86.9587631225586,1600244
2015-05-13,87.21994829118822,87.49014915499471,85.6257824349115,86.08512115478516,1369941
2015-05-14,85.78789779598058,87.55319124625834,85.51769694408893,87.4180908203125,830835
2015-05-15,87.59823889859946,88.41783634996368,87.17492737989193,87.61624908447266,1320484
2015-05-18,87.47214091970585,88.08459026935202,86.43638008069479,87.93147277832031,795267
2015-05-19,88.57094765491037,90.47134180348398,88.44485573835523,89.97598266601562,1009198
2015-05-20,90.05701242999703,91.05674581232923,89.88589166279503,90.74151611328125,621678
2015-05-21,90.29119235366137,90.65145783710167,89.98497115920729,90.516357421875,456863
2015-05-22,90.33622811590112,90.92165179606249,89.77781627299403,90.516357421875,513759
2015-05-25,90.83159265776177,90.83159265776177,89.79583190679615,90.15609741210938,129441
2015-05-26,89.74179256712252,91.28192086969914,89.64271938349249,90.01199340820312,764492
2015-05-27,90.8315816401066,92.40773702211165,89.97595718132929,92.22760772705078,948499
2015-05-28,92.58787280545862,94.43422212241322,92.58787280545862,93.48853302001953,1140203
2015-05-29,93.48853767690242,93.75873163183442,91.64218139648438,91.64218139648438,1274779
2015-06-01,92.2726565310274,92.94815184054148,91.19186678440231,91.73226165771484,734532
2015-06-02,91.95743431915687,92.13757053939611,89.22843414385382,89.41757202148438,1140005
2015-06-03,89.17438661929218,91.14682818930518,89.1653780914264,89.75080871582031,986202
2015-06-04,89.45357760297081,90.78655782396265,88.4808628637194,89.38152313232422,1376031
2015-06-05,88.71504638818054,89.43557743231639,87.96749663240094,88.39080810546875,1164698
2015-06-08,88.0755699798749,88.31874523305102,86.90470886230469,86.90470886230469,1001504
2015-06-09,86.01305498839957,87.47212708602385,85.64378098280314,86.80563354492188,1266232
2015-06-10,86.39132877376092,87.5892085449216,85.85093400279509,87.18391418457031,1208446
2015-06-11,86.94974889865794,89.75981159604495,86.91372166095508,88.14762878417969,1432360
2015-06-12,87.88642402911798,88.23768095765423,85.74284835380308,86.5534439086914,1198797
2015-06-15,85.78788701747885,86.48139237201133,85.13040202527938,85.74285125732422,1214683
2015-06-16,85.92296832841859,87.55316078558934,85.13038310341479,87.1118392944336,1223972
2015-06-17,87.49916236034753,87.7243274683919,85.90498954735675,86.11214447021484,1085061
2015-06-18,85.8149185180664,86.06710232094593,83.8514786465845,85.8149185180664,1120260
2015-06-19,85.76086540585172,87.49013134195212,85.76086540585172,86.5534439086914,2037850
2015-06-22,89.00325719325947,89.651733756947,87.9494862130139,89.21941375732422,1465166
2015-06-23,90.2461558528337,90.60642133332554,89.6787423593165,89.8138427734375,979262
2015-06-24,89.70576440266798,90.06602989655275,88.34576542721206,89.09331512451172,1078680
2015-06-25,88.26471175195393,90.15609705805436,88.11160114603231,89.28245544433594,1068624
2015-06-26,88.54390631128186,89.57966696527399,87.46311676802455,88.93119049072266,1117043
2015-06-29,84.93226051308778,86.58947200042019,84.1216649501569,84.81517028808594,2240275
2015-06-30,84.45489407600765,85.56270901619983,83.4911880493164,83.4911880493164,2045878
2015-07-01,84.66207344157098,87.8504119255455,84.38287093016278,86.98577880859375,2243506
2015-07-02,85.47267494201367,86.14817025471952,84.67108772065554,84.75214385986328,1461378
2015-07-03,84.71610063698165,85.5807336495536,84.10365139413999,84.31080627441406,948751
2015-07-06,82.41941245591619,83.94152344059515,81.98709255938248,83.25702667236328,1566562
2015-07-07,83.50922995385571,83.69836780549986,80.13175359272475,80.185791015625,1979691
2015-07-08,80.05967045433697,80.79821141272434,79.4652384007524,79.62735748291016,2274113
2015-07-09,80.14976263823645,83.25704496924313,79.9516162617586,82.44644927978516,2038382
2015-07-10,84.06765847174142,84.36487812372992,83.1579961984363,83.28408813476562,1989188
2015-07-13,84.16671022371534,84.96829741658932,83.64433242278719,84.5179672241211,1506534
2015-07-14,85.04934848643074,85.05835701303378,83.91451463668396,84.84219360351562,1259752
2015-07-15,87.79635701151538,88.90416518035843,85.22947001179865,88.49887084960938,2809054
2015-07-16,87.99450335970138,89.09330996018544,83.9055118863314,84.04961395263672,3655530
2015-07-17,83.30205889438415,84.30179225314693,82.6175620987295,83.05888366699219,2719815
2015-07-20,84.84220199803995,85.10339432343149,83.49121147659669,84.31982421875,1397795
2015-07-21,84.34682953527864,84.60802181919227,83.11292258123673,83.9415283203125,1320254
2015-07-22,82.64459016243612,83.56326063509078,82.28432467201544,82.80670928955078,1841864
2015-07-23,83.54525522870117,83.99558539959747,82.77969531247606,83.75240325927734,1208620
2015-07-24,83.64432943175883,84.2117429802411,80.56406580308793,81.095458984375,2078515
2015-07-27,80.98736158054155,81.3476270261464,79.71743430236191,80.48299407958984,1407761
2015-07-28,80.36592293551566,80.96936369744198,79.27611790738942,79.98764038085938,1340250
2015-07-29,80.6361165795832,81.293601630357,80.07771158427492,80.68115234375,1234587
2015-07-30,81.2845936064494,81.68988800048828,80.58207965865248,81.68988800048828,1121063
2015-07-31,81.82498683734408,81.82498683734408,80.6721427533938,81.63584899902344,1105139
2015-08-03,81.45572415640021,81.96009175292502,80.84327484426588,81.0053939819336,1100852
2015-08-04,80.65410937941233,80.98734919665992,79.61834895848727,79.62735748291016,860604
2015-08-05,80.40194906994171,82.11320516561888,80.15877379088711,82.06817626953125,1327191
2015-08-06,81.79797192696839,81.97810124664208,80.19479761879603,80.3028793334961,1050035
2015-08-07,79.52830446117726,79.86154436278393,78.72671737189104,78.96088409423828,982459
2015-08-10,79.71743751637261,81.11345672607422,79.09597976943587,81.11345672607422,1275815
2015-08-11,81.50975619431578,81.96008633903575,80.94234268570598,81.23955535888672,1435215
2015-08-12,80.44699524965193,80.5010326805484,76.50210474984127,76.88938903808594,2227942
2015-08-13,79.18605127948574,79.32115169767982,76.79029847424755,77.0514907836914,1350575
2015-08-14,76.70924711037235,77.69997220825259,73.61097990635565,74.41256713867188,2433890
2015-08-17,75.25015970706609,76.13280282275662,73.87214387940011,75.46631622314453,1628984
2015-08-18,75.83559209498827,76.95241577887674,75.4843351389001,76.52009582519531,1424356
2015-08-19,75.6554767323129,75.83560607117326,73.41283416748047,73.41283416748047,1590455
2015-08-20,73.08859597980337,73.56594491290802,71.03509127886592,71.18820190429688,1964859
2015-08-21,69.35985970750214,71.5304477102013,69.10767589356135,69.34184265136719,2579445
2015-08-24,66.27057647746093,68.69334764458746,63.27137648393966,67.3603744506836,3808061
2015-08-25,67.56755121027122,72.26900036489651,67.52252230581949,71.06211853027344,3292417
2015-08-26,69.20674311976414,71.63853036771003,68.51323762237384,69.21575164794922,2354575
2015-08-27,71.15217788131149,73.547938055126,70.92701276143391,72.95349884033203,2354360
2015-08-28,73.61996469726591,74.72777979491111,73.17864311205412,74.4035415649414,1839876
2015-08-31,73.5389221446994,74.11534424400695,72.82739961272746,73.5659408569336,1489872
2015-09-01,71.9177300862108,72.59322537231452,69.99031741958099,72.3410415649414,1779548
2015-09-02,71.96277067375331,73.54793497533154,71.87270600387254,72.06184387207031,1279797
2015-09-03,73.28676016907856,76.21390730573648,72.76437533860837,75.70053100585938,2148529
2015-09-04,74.83585853488357,74.90791300564072,72.89944445160606,73.98924255371094,1652752
2015-09-07,74.69175664843752,75.20513272873202,73.69202319657568,74.64672088623047,702040
2015-09-08,75.16008316971232,76.2138607170837,74.86287055677857,75.0880355834961,1478146
2015-09-09,77.04249870584155,77.34871997240194,74.17839808889137,74.43959045410156,1841044
2015-09-10,73.43082586749388,74.6827430104525,72.89043111545648,73.48486328125,1908092
2015-09-11,73.99824808391597,74.07029568026306,72.3770569149919,72.4040756225586,1383082
2015-09-14,72.66525989329871,73.85413099543881,72.31400299072266,72.31400299072266,1160469
2015-09-15,72.50314670836464,74.70976146828326,72.23294589750061,74.17837524414062,1262020
2015-09-16,75.04300166527842,75.71849676195514,74.11532283194771,74.70975494384766,999895
2015-09-17,75.16010384429802,75.16010384429802,73.18766234029935,73.54792785644531,984845
2015-09-18,73.13360832912633,73.13360832912633,70.61176379416918,71.57546997070312,2909048
2015-09-21,71.49441683419684,73.06157080656243,71.28726879963257,72.59322357177734,1019418
2015-09-22,72.36807478534692,72.63827570255583,69.78318337005835,69.8912582397461,2408167
2015-09-23,69.66606710164099,70.7018277357627,67.90978240966797,67.90978240966797,2657374
2015-09-24,67.79271250124161,68.08092358506264,65.5590783195022,66.32463836669922,2677156
2015-09-25,68.14395718967829,70.38659926763627,67.954812491996,69.4859390258789,1964793
2015-09-28,68.65734434528363,68.65734434528363,66.37866779342826,66.75695037841797,1945330
2015-09-29,66.26158622552173,68.50422872702954,65.07271475672913,67.9458236694336,1759852
2015-09-30,69.26078819168954,70.79190816857404,68.53124857340298,70.39562225341797,1767861
2015-10-01,71.39535770579153,71.51244797329451,67.8377513351698,68.61231994628906,1647678
2015-10-02,69.78315835141287,70.97202959220756,68.11693141182461,69.53096771240234,1312571
2015-10-05,71.15216046307947,71.99878330544179,70.58474697363016,71.45838165283203,1332703
2015-10-06,71.72857400253314,72.89042642395299,71.15215205459498,71.84565734863281,1172825
2015-10-07,72.48515043432161,73.3948124710036,71.17918875991275,71.42237091064453,1488323
2015-10-08,71.6475409813964,73.29574436957047,71.6025052106538,72.4581298828125,1673581
2015-10-09,73.18765929996806,73.3137511946571,71.62050540055921,72.0077896118164,1269063
2015-10-12,72.17892052554693,72.232957948138,70.97203894439204,71.41336059570312,985595
2015-10-13,71.14315259311459,71.23321724555002,69.81017924548821,70.15242767333984,1680190
2015-10-14,65.62211789466156,68.27906335039542,64.99165835748546,67.07218170166016,3432353
2015-10-15,68.31507332311641,71.00804533904952,67.90077046462608,70.02632904052734,2786491
2015-10-16,70.3235631900855,70.3235631900855,69.30581257638143,69.8462142944336,1523848
2015-10-19,69.92725698180035,70.75586271194416,69.90023827539225,70.5577163696289,1486397
2015-10-20,70.38660768417351,70.44064510626298,69.29680948591265,69.9272689819336,1094999
2015-10-21,70.49469663508779,72.3860892446246,70.33257746488448,72.27800750732422,2254743
2015-10-22,71.79162174485204,74.92592217818951,71.79162174485204,74.29545593261719,1986654
2015-10-23,74.8358640215471,77.68195398168551,74.754807889622,76.68222045898438,1854440
2015-10-26,76.27691800785125,76.55612048367888,75.09704841954684,75.54737854003906,1190203
2015-10-27,75.71850199861355,75.89863128825509,74.78181457519531,74.78181457519531,1080869
2015-10-28,74.93495099842255,76.63719879704277,74.48462074753901,76.19587707519531,1128246
2015-10-29,76.65519119583716,77.73598070167978,75.34022811084822,75.88062286376953,1097741
2015-10-30,76.18684744887017,76.47506532625829,75.20513107211343,76.20486450195312,813666
2015-11-02,75.3762639687508,77.22261349178936,75.33122820439917,76.93440246582031,821155
2015-11-03,77.05148180873182,77.65492248535156,76.72724359143037,77.65492248535156,958487
2015-11-04,78.35744458894122,79.32115081649722,78.20433399005209,78.92485809326172,1377125
2015-11-05,79.17705751186449,80.37493059807254,78.4475179295348,78.75374603271484,1529967
2015-11-06,78.81680198645319,80.60911445078179,78.63666576422527,80.12275695800781,1199208
2015-11-09,80.609096044877,81.27558273620217,79.66339999072551,79.88856506347656,1197409
2015-11-10,80.4469682331324,80.4469682331324,78.45651002946845,78.78975677490234,1143690
2015-11-11,78.93386236510612,80.00565024253959,78.4655220668408,78.98789978027344,1024344
2015-11-12,78.5826057420582,79.49227450618469,77.9521463242432,78.11426544189453,1253510
2015-11-13,77.59189272727836,77.68195739053394,75.97070130270467,76.74526977539062,1320831
2015-11-16,75.9706942851444,76.72725250389183,75.50235395658092,76.52910614013672,1069773
2015-11-17,77.45679503290154,78.35745544026086,77.28566735662532,78.06924438476562,1180555
2015-11-18,77.90709816000991,78.49252859562614,77.70895183981753,78.13226318359375,1131140
2015-11-19,78.80777974680514,78.80777974680514,77.7540087982062,78.0782470703125,1030199
2015-11-20,78.42950350006143,78.71771453195744,77.66394359079013,78.03321075439453,1675064
2015-11-23,77.47481286344912,77.48382139242995,75.63747149802636,76.88938903808594,1181267
2015-11-24,76.37599730470535,76.43904325176696,74.51163073132045,75.7545394897461,1215983
2015-11-25,76.33094808566234,77.66392813763525,76.31293790603061,77.37571716308594,1061365
2015-11-26,77.53782380586046,79.13199601229243,77.23160267374968,78.60961151123047,898667
2015-11-27,78.18632450431859,78.88883849333138,77.84407603752842,78.6636734008789,606024
2015-11-30,78.57359920597332,79.77147900165706,78.42048861083877,78.78075408935547,1209550
2015-12-01,79.17704647288937,79.43823190044567,78.42048828400813,78.9518814086914,974516
2015-12-02,79.25809633343124,79.94259999851042,78.88882235901619,79.05094146728516,791462
2015-12-03,79.15001953249354,80.02366106600199,75.79956920687778,75.8085708618164,1825002
2015-12-04,75.55638940885609,76.1418199579439,74.61970190461412,75.60142517089844,1286689
2015-12-07,76.19585899822302,77.48380348505324,75.92566503469124,76.17784881591797,1119524
2015-12-08,75.88063317331323,75.96168930509269,74.1063312151037,74.45758819580078,1131483
2015-12-09,74.82687352801638,75.40329567933765,73.57495602391293,74.21442413330078,988470
2015-12-10,73.83612636861652,74.40353982202566,72.89943893414524,73.30473327636719,1020710
2015-12-11,73.22369451036975,73.58395317928442,71.39534809530898,71.9627685546875,1509063
2015-12-14,72.43107555636911,72.6292218558227,69.81916018187171,69.99028778076172,1373739
2015-12-15,70.62076415411559,73.62896569266196,70.48566376019774,73.5749282836914,1499550
2015-12-16,73.53892709015398,73.70104624595498,72.17892788712844,72.50316619873047,1065478
2015-12-17,74.20541049815557,75.22315428590713,73.421833469112,73.61997985839844,1141332
2015-12-18,72.746337890625,73.29574128741135,71.65653962512079,72.746337890625,1820192
2015-12-21,72.71929697775262,74.29545220537335,72.58419658394398,73.31373596191406,1358850
2015-12-22,74.01627659718292,74.24144171132968,72.52117694093133,73.46687316894531,947199
2015-12-23,74.41256472912227,75.8356029389284,74.29547447935478,75.40328979492188,943384
2015-12-24,75.8536011532954,75.8536011532954,74.75479463868567,74.81784057617188,131389
2015-12-28,75.45730899514442,75.62843662870755,74.52062158070665,74.6016845703125,431651
2015-12-29,75.23215130718208,75.79957167544097,74.97996753084148,75.73651885986328,814323
2015-12-30,75.493343610247,76.43003111629247,75.43930619288616,75.73651885986328,561102
2016-01-04,72.84540974697441,72.97150165164291,71.54846346017075,72.12488555908203,1149622
2016-01-05,72.91744867948195,72.94446738593653,71.20619293194102,72.6922836303711,833616
2016-01-06,71.98977892273707,72.11587081653951,69.99031193316576,70.99905395507812,1259148
2016-01-07,68.72939330115659,69.90025457616007,67.18025630524194,69.34184265136719,1706347
2016-01-08,69.16171269873786,69.29681313256415,66.4146957397461,66.4146957397461,1610894
2016-01-11,66.33364189264195,68.94555850798884,66.27959759434935,68.17098999023438,1713480
2016-01-12,68.35110508903485,70.31454468781712,67.90077496886913,68.44116973876953,1391827
2016-01-13,69.21573642158108,69.71110229038268,67.68461679863604,67.86474609375,1005113
2016-01-14,67.19826912268263,68.51323240635337,66.30661730206549,67.70263671875,1922329
2016-01-15,67.33337282126475,67.92780510673157,64.24410740224295,64.62238311767578,2554059
2016-01-18,64.37919186312729,65.54103743349455,63.86581584197951,65.27084350585938,1223377
2016-01-19,66.63085387458922,66.9640937971219,65.81124968042873,66.46873474121094,1172369
2016-01-20,66.46875539549796,69.55802154541016,65.43299432548166,69.55802154541016,3236412
2016-01-21,72.05282695634952,73.7280557328041,71.15216661939516,72.58421325683594,2769707
2016-01-22,74.07931405992488,76.44804831539831,73.93520510507821,75.29520416259766,2521307
2016-01-25,75.97972395854327,76.01575120484327,74.5746957103167,75.07906341552734,1330987
2016-01-26,73.493888197661,75.24117159469583,72.75534693515544,74.75481414794922,1211796
2016-01-27,74.53866248937182,75.20514931376287,73.9712419949968,74.87190246582031,1172349
2016-01-28,74.8718822918878,75.75453233892567,73.13360777670987,73.40380859375,1607711
2016-01-29,74.77281075735671,75.85360717773438,73.3137455535108,75.85360717773438,1696329
2016-02-01,76.02473306245331,76.10578918457031,74.86288054499737,76.10578918457031,1229814
2016-02-02,75.85360158371277,75.85360158371277,73.55691537234117,74.07929992675781,1502320
2016-02-03,73.76408317797323,74.37653248368154,72.30501095427294,73.32276153564453,1568951
2016-02-04,74.48459939737675,74.6106912817618,72.23294878836909,73.62897491455078,1567142
2016-02-05,73.49388015029156,73.7190452284919,71.38633831665297,71.65653228759766,1470247
2016-02-08,71.65655188268298,72.01681748061974,68.51324845546158,68.88252258300781,1783782
2016-02-09,69.11666797178297,70.10739290560774,67.06316363256626,68.41415405273438,1767531
2016-02-10,68.41415690267853,68.64833050928063,66.42369842529297,66.42369842529297,2362002
2016-02-11,65.3789296832839,65.71217647721963,63.5325801402163,64.90158081054688,1771941
2016-02-12,65.26184845528503,65.7121786324853,64.26211491218096,65.00065612792969,1537142
2016-02-15,67.17124795290692,68.20700868962587,66.69389908531727,67.51349639892578,1184155
2016-02-16,67.93679474344631,67.95480492281877,66.78395086184571,67.0451431274414,996677
2016-02-17,67.7116486530871,69.32383158190981,67.51350226709306,69.20674133300781,1116097
2016-02-18,69.98131370666025,70.57575289764745,69.60303796957415,69.83721160888672,1230440
2016-02-19,70.26052974793524,71.55747623627835,70.21549397291524,71.14317321777344,2185671
2016-02-22,72.0528022918012,72.47611360470404,71.63849950320223,71.87267303466797,1133247
2016-02-23,71.42237280302777,71.93574895857188,70.85495235061501,71.82766723632812,1424327
2016-02-24,72.37706509198118,72.93547697358579,71.35932138686407,71.66554260253906,2004039
2016-02-25,72.53918737540488,73.3407745588644,71.8727006223978,72.81838989257812,1358570
2016-02-26,73.65599739525264,75.11506953836394,73.48486974132496,74.82685852050781,1508689
2016-02-29,74.44859641078267,76.28593768965351,74.12435809768924,76.2138900756836,1464804
2016-03-01,76.33094844166892,77.60088256361624,75.81757242612444,77.46578216552734,1412112
2016-03-02,78.03321867379114,78.22235653846556,76.52911741317051,77.2046127319336,1305693
2016-03-03,77.56485707873459,77.6909489540582,76.40300462340258,77.2136001586914,907134
2016-03-04,77.60990353994913,78.22235287513837,77.21361764411614,77.97016906738281,1093871
2016-03-07,77.77202480117859,78.11428015373103,77.18659416209631,78.06924438476562,753572
2016-03-08,77.63692713603815,77.93414673023065,76.5921645993985,77.16858673095703,1141739
2016-03-09,77.35772067776061,77.88010535535004,76.7812985754183,77.06050109863281,778132
2016-03-10,77.21362092553419,80.37493405616779,76.91640133740817,77.11454772949219,1854007
2016-03-11,78.53757351683396,79.1049938899014,77.87108683492964,78.31240844726562,977661
2016-03-14,78.99690883443863,79.6363767803293,78.36644941496677,78.77174377441406,780328
2016-03-15,78.27639289295647,78.59162263542376,77.93413756842654,78.29440307617188,625795
2016-03-16,78.34843533350065,78.43849998662772,77.86207796082336,78.22234344482422,806113
2016-03-17,78.52855786286271,78.52855786286271,76.17783440589484,77.70895385742188,977969
2016-03-18,77.98819175125003,78.76276035435482,77.53786148765396,78.34845733642578,1976638
2016-03-21,77.99718935625525,79.18606081077577,77.74500554340143,78.02420806884766,855794
2016-03-22,77.57387814295778,78.91586709274218,76.97944584933983,78.8978500366211,986327
2016-03-23,78.9338663037957,79.96061847216173,78.879828885932,79.357177734375,744357
2016-03-24,78.69070262529353,78.89785067189894,77.44778685968654,77.89811706542969,830110
2016-03-29,78.47454326489587,79.4292480233944,78.34845135044222,79.40222930908203,878677
2016-03-30,79.29414215541597,80.96937104311087,79.08698724070379,80.41996765136719,1133710
2016-03-31,79.71743674259918,80.51902377607422,79.29412534641733,80.41094207763672,1230428
2016-04-01,78.71770906722038,79.39320427053492,78.44750823729754,79.17704772949219,1713859
2016-04-04,79.09598894321726,81.13148318826528,78.98790723119504,80.60009002685547,1102155
2016-04-05,79.47427574466104,79.91560431019705,78.42951320161315,78.9158706665039,1307239
2016-04-06,79.04195280357946,79.2941365975576,78.18632136373306,79.0779800415039,1154290
2016-04-07,79.43823881425973,80.29387025557635,79.26711802319085,79.4742660522461,1116307
2016-04-08,79.75347934270832,80.2038095323984,79.53731590418187,79.84354400634766,858325
2016-04-11,79.82551772221109,80.51002145542365,79.23108551371821,79.52830505371094,1049027
2016-04-12,79.82550277384517,79.86153000268796,78.4114666813495,79.61835479736328,1057443
2016-04-13,80.2398119212614,81.31159973144531,80.23081026695985,81.31159973144531,1141538
2016-04-14,80.83426994601173,81.31161885293919,79.79850912393684,79.97864532470703,1539776
2016-04-15,79.97861424177412,80.23979960627014,79.29411068786014,79.93357849121094,1135100
2016-04-18,79.09598629991197,79.59135220742643,78.76273951926655,78.96989440917969,1196940
2016-04-19,79.09597695505025,80.17676642549122,79.09597695505025,79.48326110839844,1151591
2016-04-20,78.80778054019643,81.28459650003118,76.11480802061237,76.24990844726562,2984601
2016-04-21,77.5648690122432,78.57360417002799,76.55612698296551,76.62818145751953,1669129
2016-04-22,76.57415236720514,77.24064608190155,76.37601283008665,76.88938903808594,815064
2016-04-25,76.97944483433157,77.6729503129906,76.61917930308942,76.92540740966797,848760
2016-04-26,77.24961298773687,77.51981376365475,76.35796142159373,77.08749389648438,1066156
2016-04-27,76.76327698729814,78.25836944580078,76.76327698729814,78.25836944580078,1245956
2016-04-28,77.93412895555726,79.24009041786951,77.19558783847084,78.98789978027344,1601973
2016-04-29,78.35745511606487,78.35745511606487,75.86262882145883,76.01573944091797,1885811
2016-05-02,76.7632806321422,76.80830952438713,75.57440930728978,76.40301513671875,920555
2016-05-03,76.37567451863184,76.38479595028831,74.32379072559397,74.7432861328125,1422642
2016-05-04,74.46968869140271,74.79798362185468,73.8039634857137,74.40584564208984,1071518
2016-05-05,74.49706147246073,74.72504855547585,73.74926411847564,74.71592712402344,828241
2016-05-06,74.24170591217097,74.24170591217097,73.28415752414936,73.37535095214844,1182039
2016-05-09,73.86780001126803,75.01685662624139,73.7310063975025,74.09578704833984,909025
2016-05-10,74.5517611675837,75.60050293027093,74.0410724306698,74.60647583007812,870023
2016-05-11,74.41498811100624,74.44234544981096,73.24769527124366,73.97725677490234,955428
2016-05-12,73.96810653921493,74.65206757345182,72.61842037030509,72.87377166748047,1126364
2016-05-13,72.65491546725629,74.33290386659115,72.49988593445627,74.14139556884766,1298721
2016-05-16,74.04108357936407,76.95931531201491,73.82221098120532,76.76780700683594,1460802
2016-05-17,77.46998432047056,77.73445009075792,76.10206224094998,76.31181335449219,1543423
2016-05-18,75.63696680493246,77.10520359220664,75.29042212370572,76.97753143310547,987582
2016-05-19,76.6127732292076,76.67660932740202,75.61874603433697,75.84673309326172,883494
2016-05-20,77.05960077074977,77.75268315184843,76.5306692968163,77.67972564697266,1419359
2016-05-23,77.89861059921265,78.54609296157167,77.40615775510598,77.82565307617188,1014739
2016-05-24,77.5155900904755,79.43980117756568,77.06873746043824,79.12062072753906,1189665
2016-05-25,80.31525973694916,80.87154857117022,79.74073500415525,80.5523681640625,1252839
2016-05-26,80.1055198045869,80.86243841669202,80.1055198045869,80.4976577758789,1015971
2016-05-27,80.825968238426,81.87471008300781,80.7438962382755,81.87471008300781,1102096
2016-05-30,82.02972209322296,82.07532227753278,80.8715511624334,81.60111236572266,505468
2016-05-31,81.7561394654688,82.00236236374029,81.14513597623753,81.52815246582031,2236109
2016-06-01,81.43696234184851,81.74702133422187,80.52501430647557,81.1177749633789,1014661
2016-06-02,80.95361858607153,81.58286491453157,80.81683195606793,81.30016326904297,749184
2016-06-03,81.61933997785542,82.68631738930364,80.48852648942167,80.93537902832031,1102457
2016-06-06,80.73476859226324,81.33665771081259,80.5250244140625,80.5250244140625,674746
2016-06-07,81.09041427250958,81.54638827128565,80.86242727312154,81.06305694580078,830273
2016-06-08,80.96275562972365,81.20898552644374,80.21495842515799,80.5250244140625,680776
2016-06-09,80.88978541179468,81.0448218607192,79.61306376849492,80.48853302001953,695829
2016-06-10,80.34262929784016,80.34262929784016,78.56433321772658,78.79232025146484,1151827
2016-06-13,77.9715390289188,78.4275129413686,77.22374209080549,77.96241760253906,951908
2016-06-14,77.05962131657448,77.27848693194568,75.78289247128626,76.01087951660156,1383981
2016-06-15,77.26024403181987,77.50646695710927,76.52156829833984,76.52156829833984,1163523
2016-06-16,75.69168002142678,76.95016569053715,75.61872251543497,76.84073638916016,1199694
2016-06-17,77.38793268958307,77.38793268958307,75.32692759956444,76.03824615478516,1815349
2016-06-20,77.73446462403446,78.59169818057187,76.05648323242644,78.32723236083984,1299508
2016-06-21,78.51874015274736,79.7498688551245,78.35458919525622,79.5674819946289,1152781
2016-06-22,80.13288424834197,80.43382184180625,79.3394868748531,79.83193969726562,945684
2016-06-23,80.0416960116223,81.5190547029668,79.61308617224954,80.64358520507812,1175627
2016-06-24,73.12001016759886,79.33037545608035,72.39044879249289,77.95333862304688,3732114
2016-06-27,76.63097960896776,77.5429274933208,75.60048100438851,76.1385269165039,2044156
2016-06-28,77.49736745282387,77.93509872845866,75.81025757837574,76.8316421508789,1322049
2016-06-29,77.83476698090944,79.21181052531922,77.11432716516157,78.7558364868164,903882
2016-06-30,78.77406122897314,80.75299356355232,78.71022515092933,80.6070785522461,1370821
2016-07-01,81.16337211457483,81.20897229768363,79.20268252028478,80.33349609375,904882
2016-07-04,80.73475645881854,80.90802880768366,79.51274946133728,79.60394287109375,429181
2016-07-05,79.05679828299333,79.43069345824232,78.39107298007832,78.67377471923828,944117
2016-07-06,77.95334081767705,78.13572768778185,76.18415895568546,77.2055435180664,1336205
2016-07-07,77.73445751237591,78.41841861743669,77.28760487186761,78.06275939941406,839218
2016-07-08,77.78007245770937,79.94139246445545,77.56120681070138,79.61309051513672,1043326
2016-07-11,80.7985951856636,82.33066817558965,80.69828034436519,82.24859619140625,1177956
2016-07-12,82.54041364915176,83.33380393918085,82.53129222121724,82.63160705566406,1018257
2016-07-13,82.7866597036872,83.65301470196125,82.66810893781539,82.98728942871094,999779
2016-07-14,83.8992269595166,85.23067037852591,83.70771868941374,84.30960083007812,1459199
2016-07-15,84.13632412552049,84.21839610557198,82.86871696668854,83.89921569824219,1076977
2016-07-18,83.91745274558836,85.51336176169508,83.80802343735503,84.81116485595703,1025849
2016-07-19,84.66525365722072,86.43443510138512,83.99953547670893,86.19732666015625,1268437
2016-07-20,87.54702642557017,89.7904181428119,86.79922918648958,88.7416763305664,2058357
2016-07-21,88.09416144072338,88.42246322527843,86.76271840674343,87.8935317993164,1657503
2016-07-22,87.64731189439772,87.77498404184976,86.73536400824862,87.5469970703125,733782
2016-07-25,87.54699946725847,88.63221970792335,87.36461266807918,88.28567504882812,702855
2016-07-26,88.42248524387092,89.61713500550455,88.14890499368923,89.50770568847656,971231
2016-07-27,90.1825589909715,91.65079618294916,90.1825589909715,90.45614624023438,1351363
2016-07-28,90.45611536587393,91.12183344351865,89.61711800138589,90.10045623779297,1115157
2016-07-29,90.32844898833443,90.46523561740773,89.66272391053072,90.22813415527344,1179479
2016-08-01,89.82689451261331,90.8573934373069,89.30708433536257,89.59890747070312,682365
2016-08-02,89.45296043204651,90.45610862377279,88.72340633342088,88.7963638305664,1254481
2016-08-03,88.91492840471449,89.02436466749101,87.7202787725841,88.7051773071289,926052
2016-08-04,88.9240675624666,90.29198981066169,88.51368671344066,90.21903228759766,916904
2016-08-05,90.48348875394606,91.19480713639206,89.97280006041798,90.19166564941406,1771871
2016-08-08,90.41052884632263,90.41052884632263,89.7448106681031,90.11870574951172,713522
2016-08-09,89.97278629775063,90.44699616097336,89.92718611811301,90.32844543457031,725154
2016-08-10,89.96368596012222,90.49261755442748,89.24324609014343,89.37091827392578,1031836
2016-08-11,90.00927500119369,90.51084924098951,89.52594361972419,90.40141296386719,769838
2016-08-12,90.2919767297438,90.59291429296344,89.89983879710044,90.44700622558594,492033
2016-08-15,90.39229137151426,91.16744580663402,90.10958275062205,90.60203552246094,482656
2016-08-16,90.29198275970997,90.47436959551501,89.2888412475586,89.2888412475586,626601
2016-08-17,85.63192190097874,85.81430872498309,82.91431369460119,84.92971801757812,2606503
2016-08-18,85.25801023956254,86.28851585589564,85.17593826531153,85.63191223144531,1018692
2016-08-19,85.31274781911505,86.21557449295817,85.31274781911505,86.18821716308594,940101
2016-08-22,85.9602218226637,86.55298942380237,85.2762608115678,86.14260864257812,765627
2016-08-23,86.5438668458877,87.86618866672978,86.4617879076887,87.44669342041016,830060
2016-08-24,86.86304268421205,87.71115456037806,86.37058995376621,87.14574432373047,621685
2016-08-25,86.65331934362464,86.86307050172393,85.79609272286844,86.16087341308594,640818
2016-08-26,86.20644648247888,86.90865036444616,85.90550196163576,86.63506317138672,643930
2016-08-29,86.48914918871705,87.32814667732524,85.71399474252198,87.08191680908203,447800
2016-08-30,87.50139946557462,88.90580008644798,87.4102060658006,88.13064575195312,927016
2016-08-31,88.07596016598599,88.25834702571613,86.97250366210938,86.97250366210938,755590
2016-09-01,87.26432681224523,87.5105497686422,86.66243765143287,86.97250366210938,635502
2016-09-02,87.52878293387883,88.34041619771739,86.85393632088008,88.2309799194336,717233
2016-09-05,88.39513273086747,88.54104081405858,87.51054192943138,87.63821411132812,503019
2016-09-06,87.93913832348925,88.19448262821881,87.24605595521582,87.60171508789062,559819
2016-09-07,87.8661889513597,88.51367120044685,87.4649365600561,87.75675964355469,551809
2016-09-08,86.17908726722773,86.40707427058018,83.78066649669994,84.50110626220703,2113978
2016-09-09,84.35521509042506,84.76558902944133,83.45238825002139,83.97219848632812,958912
2016-09-12,82.55866171503733,82.93256378173828,81.34576905259387,82.93256378173828,1379871
2016-09-13,83.4615062243379,83.94484467276962,82.54955791483518,82.5860366821289,911622
2016-09-14,82.98728826251006,83.0237670263302,81.89295317835725,82.2303695678711,1024121
2016-09-15,82.54039720236423,83.77152533899628,82.20297401213075,83.6256103515625,1107700
2016-09-16,83.31558801119759,83.85363410891446,82.39451838214296,82.97816467285156,2264976
2016-09-19,83.89009844176077,84.66525288599681,83.89009844176077,84.51022338867188,850199
2016-09-20,84.41902003030125,85.65926977800554,84.35518395318165,85.52247619628906,917020
2016-09-21,86.09702165285579,86.78098271349451,85.99670680735318,86.47091674804688,1020037
2016-09-22,87.09105232960366,88.89671281098056,87.05457356701282,88.7416763305664,1161394
2016-09-23,88.45897127362328,88.71431564449412,88.19450547304639,88.68695831298828,805948
2016-09-26,88.13980078777446,88.35866642220981,87.70206256129072,88.29483032226562,952979
2016-09-27,88.75078414719131,88.9878925888555,87.61084908212895,88.72342681884766,1018579
2016-09-28,89.37091343491848,89.89072357149057,88.641352174854,88.71430969238281,812076
2016-09-29,89.27971415740329,89.37090756952338,88.03946427125814,88.12153625488281,697960
2016-09-30,87.49228691803884,89.33441868134142,87.09102760108537,89.08819580078125,1241474
2016-10-03,88.6869623631689,89.27973008411105,88.52281140902511,88.78727722167969,524723
2016-10-04,88.61397030295835,89.7083118899699,88.57749155429697,89.30705261230469,803991
2016-10-05,88.6778426064987,89.05174471484264,88.21275402565838,88.81463623046875,715905
2016-10-06,88.67784355694796,88.86023737673382,87.89356752590076,88.2401123046875,883147
2016-10-07,88.45896263523987,88.65047089469142,86.6441879272461,86.6441879272461,1447747
2016-10-10,86.58946677877655,88.0941824912784,86.5438735496775,88.02122497558594,801437
2016-10-11,87.89354405115488,88.42247555084681,85.32185101873485,85.35832977294922,1268351
2016-10-12,84.84763768830972,84.94795251892839,84.07248332611961,84.17279815673828,1159727
2016-10-13,83.74420186870972,83.74420186870972,82.61338113183457,82.65898132324219,1499255
2016-10-14,83.26085113561876,84.51021538201434,82.65896214522411,84.10896301269531,1156194
2016-10-17,83.69858981230001,83.97217700673764,83.0967077251932,83.68946838378906,847433
2016-10-18,84.20928789353728,85.08476423048617,83.95394352759891,84.64702606201172,1313661
2016-10-19,87.51967458044928,88.2674718664162,85.86905047599362,86.51653289794922,1762375
2016-10-20,86.79921686701017,86.79921686701017,85.27626527246272,85.97846221923828,992848
2016-10-21,86.16997778004325,87.72940826416016,86.15174187859692,87.72940826416016,1423994
2016-10-24,88.19450758499325,88.85111138730578,87.57438254476614,87.93916320800781,1013709
2016-10-25,88.05772162291356,88.3677876487926,87.27344556391802,87.42848205566406,764962
2016-10-26,87.15488911299757,87.46495511866192,86.6350789177953,87.34639739990234,766849
2016-10-27,87.48315859715234,88.59573610095677,87.13662091465999,87.47403717041016,1135206
2016-10-28,87.04545212238862,87.90268564909816,86.08791069558679,87.7658920288086,914060
2016-10-31,88.32216350570468,88.65046534639207,87.41021549437554,88.00298309326172,1372145
2016-11-01,88.32217701854509,88.73255786099607,85.76872637072535,86.0240707397461,1296346
2016-11-02,85.40394235289932,85.97846716055268,84.54670889844753,85.50425720214844,1140219
2016-11-03,85.50425855743113,85.80519615233653,83.89922790161665,84.24576568603516,1197628
2016-11-04,83.99042132303077,84.4737527183765,83.33381755666976,84.24576568603516,1045817
2016-11-07,85.08477514732832,86.28854656806831,85.08477514732832,86.09703826904297,843196
2016-11-08,85.98757246627167,86.50738251599645,85.39480491120746,86.07876586914062,735716
2016-11-09,83.77155769392239,86.1152641633089,82.53130765215397,86.0240707397461,1658305
2016-11-10,86.50738607634695,87.0636749016364,84.36430971147672,84.89323425292969,1228479
2016-11-11,85.25802952255546,85.65928892994228,82.94168041578892,83.16055297851562,1407455
2016-11-14,84.32784368872335,85.6775230087659,83.77155477944802,84.30960083007812,1230674
2016-11-15,84.60140467987813,84.93882791183847,83.85360767082882,84.67436218261719,727081
2016-11-16,85.01181030363857,85.70489286735383,84.3278491698388,85.4769058227539,914638
2016-11-17,85.47690170174558,87.48318481445312,84.9023699241811,87.48318481445312,1423114
2016-11-18,87.54702039347328,90.09135650857203,87.25519727046618,89.854248046875,2087885
2016-11-21,90.20078871071959,90.5290836213494,88.70518744561255,89.7539291381836,1005654
2016-11-22,90.28286908081215,90.65677117120482,89.84513089664664,90.26463317871094,1073525
2016-11-23,90.28285654345949,91.00329633462874,89.98191201848788,90.73883056640625,1127548
2016-11-24,91.1036164130681,91.1948098313771,89.94543843194697,90.62028503417969,598968
2016-11-25,90.73884364240567,90.88475869042934,89.1885345240226,89.53507232666016,732078
2016-11-28,89.03348423854342,89.4803437856064,88.48631680853573,89.20675659179688,682414
2016-11-29,89.35266341041286,89.40737806110484,88.30392187394865,88.96052551269531,755343
2016-11-30,89.18852685162675,89.41651387634194,88.39512950087763,89.02437591552734,1124492
2016-12-01,88.2309848698231,88.46809334060214,86.4253244436959,86.82658386230469,1174753
2016-12-02,85.62280199516688,85.86903186532408,84.5102242591653,85.53160858154297,1274833
2016-12-05,85.11212660912776,87.85708566337001,84.86589670050417,87.10017395019531,1022330
2016-12-06,87.04542444306564,87.31901159664757,86.32499172334653,87.06366729736328,879855
2016-12-07,87.88445359356596,88.0759618873092,86.41621638392166,87.04545593261719,975772
2016-12-08,87.38289185658182,89.11559513765044,87.36465595067354,88.83289337158203,1294886
2016-12-09,88.83287097448493,89.44387455376322,88.32217528883272,88.61399841308594,787370
2016-12-12,88.36777715136543,88.90582322036282,87.82060965273405,88.641357421875,677859
2016-12-13,88.91494565027382,89.86337257212355,88.52280766294761,89.55330657958984,971994
2016-12-14,89.15205266710063,89.95456453053428,88.92406563068756,89.37091827392578,757803
2016-12-15,89.7812809310639,92.19794460640931,89.64449429240827,92.15235137939453,1740283
2016-12-16,92.19794502230327,93.7026606728049,91.74197100443074,93.0186996459961,2476980
2016-12-19,93.79387512670704,96.75770690778867,93.74828188925815,96.07374572753906,1403965
2016-12-20,96.62087710911072,96.62087710911072,95.4353490150615,96.256103515625,1001611
2016-12-21,96.30172039758149,97.21366852058436,95.80015310449711,96.39291381835938,778620
2016-12-22,96.11934664258068,96.62091400395296,95.57217908580503,96.1649398803711,692346
2016-12-23,95.84574775989212,96.80329608631456,95.84574775989212,96.52970886230469,398061
2016-12-27,96.94008782966075,97.3504617001529,96.57530719054996,97.12247467041016,335746
2016-12-28,97.07686361285236,97.71523139922864,96.80328338235785,97.57843780517578,476922
2016-12-29,97.07687086792409,97.30485788918048,96.48411017874687,96.7576904296875,435875
2016-12-30,96.66650203675859,97.25926971435547,96.0737343591617,97.25926971435547,781754
2017-01-02,96.66650559771618,97.80644080523642,96.52971198129129,97.62405395507812,351491
2017-01-03,97.80642114473126,98.17120172933403,97.07685997552571,97.21365356445312,984387
2017-01-04,97.07687049449164,97.07687049449164,95.5265615389566,95.89134216308594,999893
2017-01-05,95.34416929667692,96.5296975608258,94.79699491271911,96.11932373046875,793691
2017-01-06,95.89133672302343,96.16491695739103,94.93378850870857,96.11932373046875,709335
2017-01-09,96.5753133591552,97.12248087396492,95.61776499002889,96.98568725585938,624914
2017-01-10,96.9400816882901,97.71523614878528,96.9400816882901,97.30485534667969,684274
2017-01-11,97.25925739079325,98.21679863394087,96.84887660863465,97.57843780517578,615048
2017-01-12,97.39607024020908,98.58159872195533,96.75770232762642,97.16808319091797,954359
2017-01-13,98.12560383978935,98.99195861816406,97.39604961114924,98.99195861816406,963414
2017-01-16,98.08001165380777,98.90075930002646,97.66963087308724,98.30799865722656,532923
2017-01-17,98.03440315264284,99.03754449105475,97.30484202055568,98.26239013671875,1082818
2017-01-18,102.13817191745923,107.42747288908627,101.72779811690663,104.87401580810547,2994788
2017-01-19,105.42120110907831,105.42120110907831,102.73095694249704,104.32686614990234,1503181
2017-01-20,104.60046651334189,105.64920844270976,103.87091205288714,104.00770568847656,1784734
2017-01-23,103.64289968476695,103.82528651596469,102.3661709935478,103.00453186035156,899532
2017-01-24,103.64290764941528,104.32686875538465,103.41492061409215,103.8252944946289,940999
2017-01-25,104.69166690881039,105.10204085796536,103.14135063481905,104.00770568847656,848852
2017-01-26,104.6460492133146,105.05642309385135,103.32372719148533,103.8252944946289,991124
2017-01-27,103.87090639711838,104.50926738495922,102.50298403093406,103.46052551269531,828326
2017-01-30,104.05328194879662,104.7828432478122,102.4117794624299,103.05014038085938,864588
2017-01-31,103.50611705703848,103.73410409901433,102.2293882304512,102.50297546386719,1176028
2017-02-01,102.68536591633554,103.55172088080067,102.68536591633554,102.9133529663086,844412
2017-02-02,102.13819041493036,104.0076868618199,102.13819041493036,103.6884994506836,930640
2017-02-03,103.87089139126418,104.55485247554694,103.55171094345462,104.28126525878906,608620
2017-02-06,103.96208883789086,104.50925633498889,103.73410180096566,103.91648864746094,574058
2017-02-07,103.82527425850225,105.10200279899266,103.7796810348913,104.87401580810547,794539
2017-02-08,105.78598282266063,106.2419568865514,104.82843450544516,105.28440856933594,900032
2017-02-09,105.7859772900092,107.10829922308965,105.60359045703663,107.06270599365234,852772
2017-02-10,107.15392018344413,107.56429411599507,106.46995899078384,106.8347396850586,804995
2017-02-13,106.97151721268271,108.70421307384215,106.97151721268271,108.33943939208984,783763
2017-02-14,108.47622061856994,108.79540801055724,107.60987273132008,108.6130142211914,1039348
2017-02-15,109.20578002929688,109.25138021527647,108.06584495592217,109.20578002929688,806851
2017-02-16,109.38817711155427,109.6161641475997,108.20264869868534,108.70421600341797,940724
2017-02-17,108.47623225451655,108.5674326377881,107.47309065704098,108.20265197753906,1129398
2017-02-20,108.93218877339383,108.97778895767587,107.83785392673784,107.97464752197266,631759
2017-02-21,107.8834692372564,109.70736554248398,107.33629477959833,109.61616516113281,1183665
2017-02-22,109.70736538251921,109.98094565333709,107.1539077758789,107.1539077758789,1734345
2017-02-23,107.15388590059138,107.60985988314708,106.10514434919108,106.46992492675781,1217303
2017-02-24,107.10830699306257,107.42749441033699,104.69164997161138,105.46680450439453,1093908
2017-02-27,106.2875563367983,106.33314956830306,104.91963415463931,105.1932144165039,708409
2017-02-28,105.78597404605901,105.92276764539949,103.73409092878632,104.37245178222656,1361768
2017-03-01,104.96522371093162,106.92591349489773,104.78283687607458,106.37874603271484,1418473
2017-03-02,106.69792832999394,106.69792832999394,105.37560636023107,105.78598022460938,945788
2017-03-03,105.78598712613746,106.05957435864654,105.01083257751151,105.69479370117188,875237
2017-03-06,105.05642047014899,105.05642047014899,103.87089209064368,104.32686614990234,648683
2017-03-07,104.0532822321867,104.8740369564115,103.77970196251992,103.87089538574219,716097
2017-03-08,103.73409778288524,104.73723931497757,103.64290436316993,104.28126525878906,806473
2017-03-09,104.28126194911829,104.82842940765615,102.50296596946731,104.69164276123047,822307
2017-03-10,106.46993874564508,107.01710620420742,105.92277128708274,106.33314514160156,1154880
2017-03-13,106.28755043808407,106.83471788905874,105.2388087651092,106.1507568359375,991579
2017-03-14,106.24194625326845,107.10829410490722,106.01395924414128,106.51553344726562,754267
2017-03-15,107.29069227513108,108.38502718065702,106.97151184082031,106.97151184082031,1415054
2017-03-16,107.88346837437722,107.92906160707588,105.96837170311588,107.10830688476562,1031753
2017-03-17,106.8347236032196,109.06899371320645,106.56113638429338,108.33943939208984,1715018
2017-03-20,107.97465011244088,109.57055919404229,107.74666310078354,109.06898498535156,817876
2017-03-21,109.06899048453475,109.57056471851452,107.10830069390268,107.2450942993164,1127058
2017-03-22,107.10829850757858,108.7042076370685,106.97151186256878,108.6130142211914,1169275
2017-03-23,108.70421700851902,109.75295877554733,108.52183016104117,109.61616516113281,814355
2017-03-24,109.98092420329448,112.85356171109918,109.93533097918986,112.1240005493164,1580726
2017-03-27,111.25766061828536,111.89602146173917,109.29697094537528,111.30326080322266,975458
2017-03-28,111.75925543322577,112.716796875,110.9840938920018,112.716796875,850696
2017-03-29,113.08157754893845,113.30956460044841,112.39761639440859,112.716796875,779600
2017-03-30,112.62560769156114,113.17277524428906,112.26082700387155,113.12718200683594,576373
2017-03-31,112.85356723560238,113.44633483886719,112.44319341051741,113.44633483886719,1212078
2017-04-03,113.44635892487545,113.90233303071692,112.71679757248405,112.76239776611328,837667
2017-04-04,112.8535817170132,113.71992966230098,112.26081403768424,113.40074920654297,781619
2017-04-05,113.3095478120478,113.35514799863854,112.0328191212348,112.57998657226562,985882
2017-04-06,112.03280714349629,112.26079413685204,111.34884616342902,112.1240005493164,596005
2017-04-07,112.03282344065249,113.03596496582031,111.30326913035401,113.03596496582031,720190
2017-04-10,113.03597083329174,113.35515825307834,111.98723602294922,111.98723602294922,670200
2017-04-11,111.53125186228266,111.85043229559871,110.25452317140683,110.98407745361328,1116307
2017-04-12,111.25766606930222,111.80483352730103,110.57370500740076,111.07527923583984,783114
2017-04-13,110.48252820509217,111.62246347968534,109.93536066481,111.25768280029297,882930
2017-04-18,111.7592564036449,111.85044983351818,109.75296615836882,111.21208190917969,1231558
2017-04-19,113.49194825332256,113.94792234346465,108.9778075439608,109.16019439697266,1869567
2017-04-20,108.61302170040584,110.84729881011353,108.3394414339355,110.16333770751953,1638669
2017-04-21,110.71050408769149,111.39446518342565,110.39132363453797,110.89289093017578,1667317
2017-04-24,113.17274756233631,113.76551516513985,111.25765811741131,111.85042572021484,1979507
2017-04-25,112.26081085205078,113.94791346256423,111.8504369859517,112.26081085205078,1258207
2017-04-26,112.35200101781516,112.35200101781516,110.75609187291658,111.1208724975586,1172935
2017-04-27,111.1208782589828,112.30641361113437,110.43691716142122,111.7136459350586,921660
2017-04-28,112.5425046115008,112.63460721090473,111.62153482899608,111.75968170166016,1061320
2017-05-02,111.89783718247472,113.78582819242675,111.66759471913629,113.6937255859375,1223432
2017-05-03,113.37139245904073,113.64768623760561,112.5885694550305,113.279296875,1010177
2017-05-04,113.37136218442303,113.69370015571002,112.6345906824015,113.23321533203125,659176
2017-05-05,113.27928447096708,113.73976936719052,112.72670400078732,113.00299072265625,744445
2017-05-08,113.14113627179279,113.23323184467054,111.8978284718385,112.45040893554688,838313
2017-05-09,112.4043844763257,114.33841995344653,112.31228186077081,114.06212615966797,755482
2017-05-10,113.60163493236391,114.29236235233343,113.14114998571758,113.279296875,826851
2017-05-11,113.55557910169084,113.92396140037869,112.4964624268584,112.95694732666016,774661
2017-05-12,113.09507750083408,113.8318490158507,112.54249008152048,113.78580474853516,831387
2017-05-15,113.97002178763088,114.15421295166016,113.27929438285736,114.15421295166016,647934
2017-05-16,113.73975372314453,114.292334117321,113.41741574541166,113.73975372314453,985136
2017-05-17,113.27929744365052,113.60163550263253,111.1150195888368,111.20711517333984,1003666
2017-05-18,110.56242645015125,111.16105119439318,108.858626712103,110.97686004638672,1305220
2017-05-19,110.97686795389451,111.48340418666767,110.51638302462524,110.93081665039062,1015315
2017-05-22,110.79265997786274,110.93079981452424,108.99676481040851,109.7335433959961,791195
2017-05-23,109.59540688754444,110.47032539245645,109.54935558667876,110.14798736572266,556996
2017-05-24,110.10194656026113,110.6545270558494,109.8717041015625,109.8717041015625,519941
2017-05-25,110.33218268637222,110.88476315024478,108.62838296863929,110.42427825927734,651076
2017-05-26,110.51637498562324,111.06895545526298,110.14798566371611,110.33218383789062,759257
2017-05-29,110.05588024467292,110.33217396799756,109.68749095572049,109.82563781738281,255568
2017-05-30,109.68750851036073,110.240089019005,109.08887669831178,109.64146423339844,770188
2017-05-31,109.64145710628301,109.68750138025226,108.12185553645944,108.21395111083984,1421038
2017-06-01,107.89161568173064,109.50331286469073,107.84556438021208,109.3191146850586,826231
2017-06-02,110.24008957853896,110.65453023195748,109.1809798592795,109.54936218261719,743694
2017-06-05,109.59541336930579,109.59541336930579,108.58234792832339,108.9046859741211,540057
2017-06-06,108.6283948012673,108.95073988121023,107.9376673895769,108.67444610595703,775456
2017-06-07,108.2600044681077,109.96379721906287,107.75346825972873,109.41121673583984,841968
2017-06-08,109.4572600113894,110.6084722686115,109.36516443610002,110.14798736572266,730597
2017-06-09,110.70056497799271,110.93080742347642,109.54935275057414,110.42427825927734,849410
2017-06-12,106.83248935361675,107.29297422152028,103.70119084658452,106.09571075439453,2656945
2017-06-13,106.32596814921395,108.02976802134768,106.09572568286534,107.47718048095703,1337231
2017-06-14,109.04283346799309,109.64146528578799,107.15484243335746,107.47718048095703,1141080
2017-06-15,106.74038470314527,106.78642897015298,104.9905409487119,105.54312133789062,1505309
2017-06-16,106.00361484879475,106.97063587889163,105.45103441435715,106.83248901367188,1722142
2017-06-19,107.29300428999989,108.67445928085826,106.8325192930471,108.16792297363281,856903
2017-06-20,108.67445029112888,108.95074407702245,106.9246060421696,106.97065734863281,897338
2017-06-21,106.32595251631489,107.56926727294922,105.26684294798405,107.56926727294922,904587
2017-06-22,107.56928495676662,108.02976989746094,106.41807260503087,108.02976989746094,951222
2017-06-23,107.3390371867213,111.391298843603,107.29298588434855,110.5163803100586,1573523
2017-06-26,111.62153764967854,111.98992697727802,110.05589179043328,110.14798736572266,1182848
2017-06-27,110.05590220196808,110.6545340376439,109.04283672506277,109.2270278930664,1218004
2017-06-28,107.43113090111707,108.81258563102485,106.23386732462015,108.62838745117188,1365708
2017-06-29,109.59540082237547,110.10193699809754,104.29982473221867,104.57611846923828,1779546
2017-06-30,104.89845808774538,106.87854449625833,104.66821564550996,105.08264923095703,1635748
2017-07-03,105.35895278777933,106.46411380289284,104.85241655709426,105.58919525146484,733874
2017-07-04,105.49709578772938,105.77338251811594,104.76031712048102,105.26685333251953,673237
2017-07-05,105.26685820053564,106.46411480712814,104.85241754612703,106.18782806396484,1092903
2017-07-06,106.64829679261456,106.97063479055352,105.17473961385127,106.23385620117188,1416928
2017-07-07,106.37202931678347,107.56929306339377,105.17476557017316,107.29299926757812,1089003
2017-07-10,107.75347908826335,108.67444899500063,107.47718530566505,108.39815521240234,833671
2017-07-11,108.85862715794468,109.36516335669985,107.75346621249585,108.21395111083984,930023
2017-07-12,109.04282472443664,110.70056613335585,108.67443540252951,110.33218383789062,1030301
2017-07-13,110.5163915068111,111.11502336609493,109.68751716522144,110.88478088378906,1024841
2017-07-14,110.37825456592036,111.98995208740234,109.87172527503502,111.98995208740234,816770
2017-07-17,112.58854537833989,113.41741951033983,112.03596496582031,112.03596496582031,980458
2017-07-18,111.98992535625305,113.09509332305446,111.75968290814133,113.00299072265625,1252236
2017-07-19,116.9631894653699,120.09448182990221,116.77899827678921,119.54190826416016,2220526
2017-07-20,120.09446570745561,122.21269922398203,120.09446570745561,121.66012573242188,2169839
2017-07-21,121.52197703344467,121.9364106831162,120.7391610402619,121.19964599609375,1732708
2017-07-24,121.61409317296616,122.25876937226128,120.27868946309329,121.291748046875,1156068
2017-07-25,121.1075210571289,121.84429966120895,120.8312273239885,121.1075210571289,1262084
2017-07-26,121.42985027204502,122.0745261968167,120.14048436962044,121.89033508300781,1236717
2017-07-27,121.56799116942032,122.90339432244754,120.73912412350863,122.39685821533203,1346983
2017-07-28,120.41679593353584,120.73914097019001,118.98928999716965,119.58792877197266,1755105
2017-07-31,119.4037248552757,119.72606989537816,117.83807905952821,118.02227020263672,1293973
2017-08-01,118.25251495316851,118.66696259935745,117.10130974660488,117.83808135986328,1186829
2017-08-02,118.7129942723175,119.40372157968835,116.91710608372989,117.00920867919922,1100931
2017-08-03,116.82502045117216,118.8051069726718,116.50268241893784,118.16043090820312,1026392
2017-08-04,118.16042283560647,119.91025975574354,117.46969551667605,119.58792877197266,689192
2017-08-07,120.1865561571745,120.6930923461914,119.35768897724397,120.6930923461914,624802
2017-08-08,120.64705369989599,121.19964124639306,120.0484289019284,120.92334747314453,648412
2017-08-09,120.0484375376982,120.55495976339164,119.63398982156929,120.09447479248047,774758
2017-08-10,120.23261880750702,120.23261880750702,118.52881893438584,118.94325256347656,1093135
2017-08-11,117.74599328249452,117.74599328249452,115.85800931603723,117.19341278076172,1303723
2017-08-14,117.976248028752,118.85116660995651,117.6999542523492,118.7130126953125,693858
2017-08-15,119.49580945647934,119.68000057184754,118.66694241088172,119.63394927978516,581531
2017-08-16,119.7721183562293,120.41679436827442,119.49582462167194,120.32469177246094,592502
2017-08-17,120.2326260260356,120.32471458642628,119.6339871455102,119.68003845214844,899054
2017-08-18,118.7130115790817,119.495841596048,118.02228417101205,118.897216796875,1330085
2017-08-21,118.66697534400234,119.17349753861747,117.88414532033043,118.0683364868164,785119
2017-08-22,118.34463669063697,120.27867917599632,118.34463669063697,120.23262786865234,629334
2017-08-23,120.41680101672087,121.15357966525846,119.68002236818327,119.81817626953125,615278
2017-08-24,119.81817968641168,119.95631953881515,119.2195408692667,119.44978332519531,660240
2017-08-25,119.44979272048174,120.14052014259657,119.0353590777899,119.35770416259766,543991
2017-08-28,118.206480176751,118.8511562301315,117.65389267220544,118.29856872558594,590607
2017-08-29,117.42365467062875,119.03535189159815,116.36453794870324,118.62091827392578,1050728
2017-08-30,119.35770229629941,119.49584215740825,117.97624747367041,118.80511474609375,668235
2017-08-31,119.72609187451359,120.73916442691387,119.63398925960955,120.18657684326172,1042739
2017-09-01,121.19964079634592,121.93640545175944,120.87729571993874,121.66012573242188,813633
2017-09-04,120.87729606208762,121.1996411394072,120.27867126464844,120.27867126464844,592997
2017-09-05,120.69310229321249,121.29172707773363,120.00237490204898,120.5089111328125,753409
2017-09-06,119.68001823003206,120.92333303475465,119.17348204837162,120.7851791381836,903410
2017-09-07,121.10751864819956,122.67316436767578,120.55493119291019,122.67316436767578,1101055
2017-09-08,122.62712860107422,123.31785598122195,122.07455512868674,122.62712860107422,822471
2017-09-11,123.13366585534614,124.65327453613281,122.76528353733492,124.65327453613281,997546
2017-09-12,125.25189713267211,125.66633074643129,123.82439108271551,124.14673614501953,1122322
2017-09-13,123.73230782203652,124.37698392132641,123.36391144181015,124.3309326171875,965282
2017-09-14,123.50207272340745,125.25190996201658,123.2257789349729,125.02166748046875,772455
2017-09-15,124.37697561410316,125.57423917732406,124.28487301197691,125.11375427246094,2455059
2017-09-18,125.75845782634997,128.0608828541012,125.29797282079971,128.01483154296875,1025001
2017-09-19,128.6594748343471,129.76463575443543,128.38318109110412,129.53439331054688,1150793
2017-09-20,129.30414232524083,129.4422962141781,127.18592322369574,127.64640808105469,886553
2017-09-21,128.0608544802374,128.24504563106967,126.81753961957253,127.1859359741211,964560
2017-09-22,127.46226699735013,128.01485472523362,126.72550209735837,127.96880340576172,737915
2017-09-25,128.15294577465258,128.15294577465258,125.98867511346081,126.26496887207031,782002
2017-09-26,125.80450996694026,126.86361986553393,125.34402495835394,126.58732604980469,948618
2017-09-27,127.4622678702118,130.1330898360856,127.4622678702118,129.90284729003906,1456447
2017-09-28,131.4684097750909,132.11308568145037,130.86978515908868,131.8367919921875,1268954
2017-09-29,132.6657257080078,133.26435056157266,131.6526531296358,132.6657257080078,1480562
2017-10-02,133.49456191676373,134.55368555674772,132.7117460641318,134.09320068359375,1134979
2017-10-03,135.1522874273166,135.47463240519502,133.03405455825438,133.3563995361328,862514
2017-10-04,133.5406488444859,133.72484003231475,132.71178147281282,133.63275146484375,1058271
2017-10-05,133.678742977557,133.90898539677627,131.97495750706358,132.25125122070312,933954
2017-10-06,131.79078268300012,133.26432591653162,131.560540235303,132.0670623779297,1037912
2017-10-09,132.84988926868888,134.09320407883868,132.80383796963085,133.7248077392578,722011
2017-10-10,133.4485393938071,133.49459070162897,132.29732696269113,132.84991455078125,620067
2017-10-11,133.26435880659898,133.5406526226025,132.75782248607374,133.2183074951172,667023
2017-10-12,133.6327014039044,134.55367105092543,133.35640769922176,133.9550323486328,837847
2017-10-13,135.65883380626943,137.3165820057952,135.3364888039321,136.57980346679688,1254039
2017-10-16,137.59291546817107,137.59291546817107,136.5798568771574,137.2245330810547,926001
2017-10-17,137.86919921948905,138.42178681270792,136.7640380859375,136.7640380859375,1200767
2017-10-18,135.6588674304586,138.2836231818005,132.02103918028527,133.58668518066406,2318590
2017-10-19,134.82999556255763,136.7640380859375,134.82999556255763,136.7640380859375,1807939
2017-10-20,137.73105934762745,138.05339039959992,136.02725931260773,136.7640380859375,1255866
2017-10-23,138.1455043115125,140.58606926652757,137.13243165873976,139.80325317382812,1406387
2017-10-24,139.849264663816,140.9083742741349,138.83619229951526,139.20457458496094,1281380
2017-10-25,138.97435491690845,139.75718496786627,138.05338499949252,138.55992126464844,1068508
2017-10-26,139.02037269394074,140.30973869908067,138.23755688467085,140.21763610839844,1377861
2017-10-27,140.72414658399975,141.8293072061994,140.35575034134672,141.18463134765625,1369135
2017-10-30,142.01354985107528,142.3819462274538,140.3558012895841,140.6781463623047,909803
2017-10-31,141.55305916405825,143.02661650388092,141.27676540623096,142.56613159179688,924082
2017-11-01,143.11873307922158,145.09882702064368,142.7503506985736,144.08575439453125,1365522
2017-11-02,144.08576204222484,144.13181335547188,142.61221838853416,143.4410858154297,1090679
2017-11-03,144.03970692495784,145.42116196855866,143.48713333924997,145.14488220214844,1273018
2017-11-06,145.60532966546575,147.30911534810596,144.63830857375976,145.69741821289062,1117393
2017-11-07,146.71053403312297,146.80262260780736,145.51327013912223,145.92770385742188,1030982
2017-11-08,146.29604613389523,146.48023726793656,143.99362182617188,143.99362182617188,1280780
2017-11-09,144.1317912426581,144.22389385502171,140.35580898191984,141.3228302001953,1610012
2017-11-10,140.58602593980694,141.73723812094812,140.3097462586395,140.9083709716797,1300232
2017-11-13,141.36882828688724,142.1976952745833,139.849234125151,140.58599853515625,1195178
2017-11-14,141.27676882540703,142.38194388346355,139.84927680570578,140.86233520507812,1519965
2017-11-15,139.84926670166163,140.49394273702734,137.5007909522947,139.06643676757812,1588711
2017-11-16,140.30974089234755,141.41490173339844,139.20456599841413,141.41490173339844,1177239
2017-11-17,142.10566730011715,142.24380717263358,140.30977869297178,140.770263671875,1262702
2017-11-20,140.4479007391849,142.52008288123844,139.75717335850038,142.3358917236328,1027440
2017-11-21,142.3819478259149,144.91461497380035,141.50701520524646,144.59226989746094,1075622
2017-11-22,145.51324276148603,145.51324276148603,142.98057556152344,142.98057556152344,1277899
2017-11-23,142.65819441358465,144.77642743771747,142.05956975699314,143.5331268310547,671582
2017-11-24,143.21081255596562,144.1778337149912,142.6582250214125,143.4871063232422,805650
2017-11-27,142.88847295127977,143.94759675754077,142.33589944847367,142.98057556152344,1345289
2017-11-28,143.16478229267557,143.7173699084392,142.15172373429138,142.93453979492188,1268379
2017-11-29,143.4410439363407,143.53314653594444,135.24441847541755,136.25747680664062,2732387
2017-11-30,134.32345297223418,137.96128092639353,133.95505661496082,135.93515014648438,3654991
2017-12-01,135.84300499607602,136.02719609057948,132.343317988991,132.75775146484375,1839314
2017-12-04,134.55370997465096,136.39564980152977,130.82377901464426,131.8828887939453,1942120
2017-12-05,131.42241100821923,134.7379084986637,130.31724986236657,133.90902709960938,1846676
2017-12-06,131.9749507037152,133.12616274046624,131.28422348166458,132.80381774902344,1454439
2017-12-07,134.00108083525407,135.0601902859953,132.48148657064596,134.2313232421875,1384342
2017-12-08,134.922070245082,136.6719071731823,134.5997252069609,135.24441528320312,1136565
2017-12-11,135.3365196547276,135.38257095882798,133.86297629370944,135.15232849121094,1165658
2017-12-12,136.62586014432276,136.8100512731102,135.1062517128412,136.07327270507812,1201281
2017-12-13,135.06021785520898,136.71796633409437,134.8299754012772,135.88909912109375,995940
2017-12-14,135.75094314687527,136.30353064903846,134.32345119657424,134.69183349609375,1059188
2017-12-15,134.50763168692086,134.9220652542584,133.58666195822283,134.3234405517578,2144426
2017-12-18,136.165395191464,137.40869603210348,135.75094752503313,137.04031372070312,1210731
2017-12-19,137.73103673348015,138.19152163459316,137.04030938181063,137.36264038085938,902615
2017-12-20,137.73106701507987,138.55993439816478,135.15234819131217,136.11936950683594,1027432
2017-12-21,136.11932400049557,136.7179486822753,135.1062517128412,136.07327270507812,789613
2017-12-22,135.7048828387633,135.98116249001274,135.15229543050128,135.38253784179688,539420
2017-12-27,134.87602206447826,135.15231581027192,133.12618509592463,134.9220733642578,653685
2017-12-28,134.96815013363218,134.96815013363218,133.90902625037182,134.04718017578125,658470
2017-12-29,134.13925691097458,134.59974184929288,133.44852950349707,133.67877197265625,658933
2018-01-02,133.4945573579641,134.92206322656918,130.96189064210702,134.46157836914062,1171821
2018-01-03,135.84302546168905,137.63891349619942,135.2444008011462,136.48770141601562,1531424
2018-01-04,137.27056077717157,138.55991296315102,135.98119453830728,138.00733947753906,1606148
2018-01-05,138.14548895549098,139.8492889404297,137.82314386010717,139.8492889404297,1087996
2018-01-08,140.90842404249238,141.69125424166157,139.89535132037796,141.59915161132812,907322
2018-01-09,141.23072814941406,142.42797767845803,140.17160441994955,141.23072814941406,1182232
2018-01-10,140.67815668152255,141.00050177788825,137.86919558696079,138.46783447265625,1230355
2018-01-11,139.29666170224047,139.48085282449352,136.21140770619516,136.48770141601562,1295237
2018-01-12,136.9942721818443,138.0994332476922,135.93516242142454,137.54685974121094,1000904
2018-01-15,138.8822831450847,141.09260559291394,138.5138867018549,139.80325317382812,1381535
2018-01-16,140.4478941380626,142.15169388482542,140.07951184016548,141.5070037841797,1405010
2018-01-17,147.35516593992247,150.99299378848758,145.65136621258864,148.50637817382812,3407976
2018-01-18,151.13116895815057,153.43359375,150.3943902141816,153.43359375,2481048
2018-01-19,153.34148704904516,154.86108174999868,152.2363259889985,153.70986938476562,1780624
2018-01-22,153.8019304772753,155.82806088256729,152.97306341920907,153.3874969482422,1491836
2018-01-23,154.58480146221126,154.72294132438248,153.20334662895783,153.80197143554688,1209697
2018-01-24,153.11123689722763,153.52567051734997,150.39437866210938,150.39437866210938,1403768
2018-01-25,150.4864623162867,154.1243043318675,150.4404250677931,150.80880737304688,1827969
2018-01-26,150.44043448146883,152.92705032974,149.97994954464508,152.69680786132812,1086670
2018-01-29,153.57169635362328,153.75588748170185,150.6245961457194,151.2232208251953,1111087
2018-01-30,150.6245928440709,152.23628977197438,149.42732945848047,150.2101593017578,1052820
2018-01-31,150.2102490558797,151.7298443033152,149.47347006659055,150.30233764648438,1226497
2018-02-01,151.22324123901268,151.36139514338288,149.05897059938792,149.42735290527344,1050211
2018-02-02,148.23011647716956,148.27616778705965,145.51325782829457,145.65139770507812,1357214
2018-02-05,144.13176773199527,145.83556741260028,142.3819308056036,144.7303924560547,1574436
2018-02-06,138.23761763009867,142.19777781775758,138.23761763009867,140.12559509277344,3615438
2018-02-07,143.48709161094868,143.67128275261896,141.41490964817052,143.39498901367188,1831053
2018-02-08,140.77023689903166,141.73724392850605,135.56674919533543,136.30352783203125,2048777
2018-02-09,136.0272421206699,138.92830553908595,134.36949360341566,135.56675720214844,2304425
2018-02-12,138.1454841774911,139.250645240334,137.04032311464826,138.92831420898438,1649973
2018-02-13,139.06642210387866,139.20456193514687,137.04029161227936,137.59286499023438,1071300
2018-02-14,138.42180332374056,140.90841968405812,136.211466740101,140.6321258544922,1338162
2018-02-15,141.82932762933504,142.7502972892658,140.9544092629772,142.10562133789062,1175153
2018-02-16,143.53315762660242,143.85548864435444,142.7042763247727,143.4871063232422,1400079
2018-02-19,143.34895301224418,143.34895301224418,141.59911590032098,142.05960083007812,616159
2018-02-20,142.05960964520273,146.94075301409154,141.13863972854017,146.66445922851562,1152040
2018-02-21,146.2960306899966,147.17094902399322,144.73037108371906,146.7565155029297,951519
2018-02-22,145.14485196161587,146.61839526938226,144.26991937398188,145.0988006591797,1109392
2018-02-23,145.74346638971477,146.20395127562225,144.54620287577865,146.01976013183594,785685
2018-02-26,147.90776604285963,150.25622795793248,147.1249360359121,148.73663330078125,1330102
2018-02-27,149.6576126952367,150.53253131272402,148.3682604224013,149.2892303466797,1006083
2018-02-28,148.87480606807975,149.88787876537575,148.55247497558594,148.55247497558594,1188455
2018-03-01,148.09195787637944,148.23009773569729,144.03968201747477,145.97372436523438,1475960
2018-03-02,143.44108585235978,143.94762219243202,141.41495454495856,142.1517333984375,1553439
2018-03-05,142.75033174497426,147.769614792527,142.61219188379448,147.17098999023438,1352942
2018-03-06,148.8287579720045,150.11811035388922,148.04592784900427,149.5194854736328,1528316
2018-03-07,149.1970606587781,152.8348874136477,148.41423095392284,152.55859375,1624127
2018-03-08,153.2954349074864,154.4466472664385,152.60470749211512,153.8480224609375,1209107
2018-03-09,153.4335663002271,156.05832166162662,153.1572725640579,155.8280792236328,1266319
2018-03-12,157.4858300967952,159.14357848733817,156.1504267457324,158.314697265625,1348386
2018-03-13,158.0383810204747,158.9593505740838,155.27547235964738,156.150390625,1553804
2018-03-14,155.0452700278809,158.36075284571533,155.0452700278809,156.65696716308594,1218442
2018-03-15,158.1765546962363,160.7552728089932,157.94631225854164,159.9263916015625,1608303
2018-03-16,159.83429766662144,161.03156111282377,159.28171021364105,160.43292236328125,7761319
2018-03-19,160.432966498208,160.57112042590043,157.16352028323237,157.90029907226562,1427831
2018-03-20,157.90026096042607,160.66317021276205,157.07139380587853,159.9263916015625,1266021
2018-03-21,159.7882610189597,161.39995817621144,159.6040698687077,160.52503967285156,1149703
2018-03-22,159.3738514127152,161.2157912983221,154.03222293387793,155.73602294921875,1764292
2018-03-23,153.43361070092243,153.94013296877992,149.6115766924732,150.57859802246094,1901342
2018-03-26,151.039037661569,152.88097714524667,149.56548045347367,150.4864501953125,1318163
2018-03-27,155.0452911042946,155.64391592902118,152.97310879163012,153.43359375,1331769
2018-03-28,149.19711333073215,150.02598056141576,144.1778305385159,146.48025512695312,2528586
2018-03-29,147.3551615488029,148.36823390560423,144.8685460082435,147.49330139160156,1448405
2018-04-03,145.37512074133588,150.02600801886734,144.77648180704986,149.4734344482422,1538232
2018-04-04,149.1971192572527,149.2892218656025,143.2108150895234,144.59226989746094,1901451
2018-04-05,149.657592540834,151.3153409918631,148.46032898993056,151.03904724121094,1465876
2018-04-06,148.73662089566253,148.96686334286946,147.3551662124211,148.4603271484375,1357591
2018-04-09,147.5854232014599,149.88784790039062,147.217040870785,149.88784790039062,893307
2018-04-10,151.039061854088,153.06519280009016,150.67067951950042,152.46656799316406,1140339
2018-04-11,152.83494772122125,153.8019688991281,150.6246256456213,152.69680786132812,934413
2018-04-12,152.60473076358352,155.09134702753974,152.0521571787529,154.40061950683594,1339495
2018-04-13,153.9401061005112,154.262451171875,152.78889377833303,154.262451171875,1076193
2018-04-16,154.35455120332156,156.196490888073,153.11123629496055,153.15728759765625,909472
2018-04-17,154.44664939761913,156.56488297789718,154.17035561708104,156.3346405029297,1407237
2018-04-18,153.80193330004698,159.1435601414034,150.90088449068983,153.1112060546875,2181983
2018-04-19,153.38752619947653,153.57171735274108,147.2630684700205,148.0458984375,1709868
2018-04-20,145.51321384074961,147.4932930914802,144.36200170593355,145.55926513671875,2481488
2018-04-23,145.19089457204765,147.26307678222656,144.40807861326664,147.26307678222656,1145204
2018-04-24,144.31594583441543,148.50636068286494,144.039652120243,147.30909729003906,1275989
2018-04-25,146.43422403865304,147.30914269245764,143.85550533305545,146.0658416748047,1520199
2018-04-26,146.0197679182738,148.4142810209489,145.74347416141939,147.99984741210938,1244332
2018-04-27,149.43992271544224,150.46188442253623,146.93143903350918,147.9534149169922,1249901
2018-04-30,147.3495363586449,147.3495363586449,145.30558449096446,146.3275604248047,1237468
2018-05-02,147.25660851229338,149.02182401633343,147.25660851229338,148.41793823242188,1500856
2018-05-03,148.65015490301724,149.4863063537933,147.86044528454156,148.1856231689453,1286339
2018-05-04,149.48631715782128,150.554748729237,148.41789976279003,150.1366729736328,1181667
2018-05-07,151.53031684420617,152.55227855474928,151.06578492767136,151.6232147216797,858318
2018-05-08,151.62317616465552,151.85544206385885,150.41539065352111,151.25155639648438,839336
2018-05-09,151.25159991259335,153.8529815673828,151.11223182714292,153.8529815673828,880754
2018-05-10,154.31751449680294,155.8504642119383,154.31751449680294,155.43238830566406,778826
2018-05-11,155.80397058076466,156.91884412055748,154.7820090761155,155.38589477539062,789758
2018-05-14,155.47884859996222,157.4763303049558,155.15367056594465,157.2440643310547,781788
2018-05-15,157.01176325362488,158.4053587854618,156.22205344836257,157.10467529296875,1262417
2018-05-16,156.82596611995413,159.0557134818825,156.50078813216174,158.86990356445312,961942
2018-05-17,158.8698742936586,160.8673553466797,158.54469636577824,160.8673553466797,1009423
2018-05-18,159.61317301018852,160.35642692893512,155.15366367409823,157.19760131835938,2041423
2018-05-21,157.84790438385897,159.93829754231945,157.29047471410107,158.9163360595703,715206
2018-05-22,159.33442533521222,160.58866700694804,159.00924736805493,159.8454132080078,878276
2018-05-23,159.52023056049651,159.56668657963985,156.91884942872434,158.0337371826172,1087709
2018-05-24,158.2660465624979,160.82097237672062,157.38342448556307,158.12667846679688,1016664
2018-05-25,159.8453803527112,160.35636812047622,158.21951920388523,159.9382781982422,1176849
2018-05-28,161.1461153403191,161.65710327214674,158.26602602923478,158.82345581054688,633201
2018-05-29,158.35886695879026,159.24147442744058,156.82591789094414,157.8014373779297,1353387
2018-05-30,157.70858065924625,158.59118843737815,156.59370693021705,157.66212463378906,1046319
2018-05-31,158.2660024742302,158.59116625417036,155.52525329589844,155.52525329589844,3367764
2018-06-01,156.87241218863406,159.8454132080078,156.5007782009704,159.8454132080078,1212136
2018-06-04,161.14609954837977,162.028707247922,160.40284573641205,160.91383361816406,926873
2018-06-05,162.12159414719758,168.57858317050523,161.79641622477234,165.65203857421875,1917082
2018-06-06,166.34889845498836,168.25348233478144,164.9553025687579,167.23150634765625,1210832
2018-06-07,168.1605558502222,168.8573537335795,163.70104656145782,164.7230224609375,1228550
2018-06-08,163.8868154088663,164.35134721464698,161.9822463462741,163.1900177001953,1120397
2018-06-11,163.9797412572282,165.93078067645254,163.56166543207638,165.3733367919922,988799
2018-06-12,166.72051709292478,166.9527830722062,163.37589549710654,164.81593322753906,1140433
2018-06-13,166.76696675618993,169.6470704598611,166.30243481536488,169.2754364013672,1372058
2018-06-14,168.62506764099294,172.89876648592022,168.02118188473446,172.43423461914062,1247965
2018-06-15,173.36333033500767,175.4537241211546,171.0871124267578,171.0871124267578,1984269
2018-06-18,170.6690087972408,170.9012747357717,166.99920980372985,168.90379333496094,1187508
2018-06-19,165.1875253155527,165.51268909806768,162.12161233300367,164.21200561523438,1457886
2018-06-20,165.55915060524168,166.30240440994905,164.11909901669372,164.7694549560547,1052048
2018-06-21,166.3023905291943,166.85983438029348,162.72548986681085,164.25845336914062,1194464
2018-06-22,164.90880884226792,166.0701384820022,163.1900353049063,164.7694549560547,1144290
2018-06-25,163.5152365900701,164.11912241828452,156.454345703125,156.454345703125,1062580
2018-06-26,157.94080309810988,160.03119608029075,157.42981531163318,157.56918334960938,1120961
2018-06-27,158.3124258413878,160.44927487664992,156.12913496897312,158.63760375976562,1061002
2018-06-28,157.01178930097538,158.59119499712745,152.7380899571387,154.03878784179688,1358323
2018-06-29,157.94084661014352,159.33444231552713,157.1046948574688,157.66212463378906,1439273
2018-07-02,154.5961947672209,157.10467811062622,153.8064991241823,154.82846069335938,1202139
2018-07-03,156.45430889367654,156.77948683321833,153.20258620380238,155.15362548828125,948942
2018-07-04,153.52779947433515,154.17814132669446,151.57675974086814,153.20262145996094,727794
2018-07-05,151.90195572072074,155.75756544001757,151.90195572072074,155.1072235107422,1013537
2018-07-06,156.08272684100874,156.08272684100874,152.64519343038342,155.2001190185547,1089507
2018-07-09,156.4543699272413,159.14866399859642,156.12920603723748,156.8260040283203,1039204
2018-07-10,157.5692436654241,159.19510549614944,157.05825568334666,158.4053955078125,826989
2018-07-11,156.1291745478763,157.24404827347402,155.20011074714677,155.24656677246094,1077184
2018-07-12,155.6181822384105,157.9408416748047,154.82847235948122,157.9408416748047,772353
2018-07-13,159.1021777893973,161.1461153403191,158.4518359563388,158.82345581054688,1025806
2018-07-16,159.33443416292033,159.8454220640265,158.03375057500267,158.9628143310547,799513
2018-07-17,158.73053959779105,160.449298945429,157.19757597940426,159.8454132080078,1006350
2018-07-18,169.41476225207074,174.10652234357298,166.67401314339676,172.852294921875,2960327
2018-07-19,173.7348955215946,174.5246052627016,171.17997058745354,172.8058319091797,1207868
2018-07-20,171.9696917070985,175.6859464026478,170.2044622208806,175.08204650878906,1763768
2018-07-23,175.03561593295927,175.03561593295927,172.29488053187626,174.10655212402344,736637
2018-07-24,175.82531839704828,176.0575843394486,172.805861145844,172.89877319335938,987811
2018-07-25,171.36584342723634,171.7374775145564,170.06515956259332,171.45875549316406,1593068
2018-07-26,172.43422553240663,173.36328921700712,170.80836408435576,172.06259155273438,1201791
2018-07-27,172.06264024973225,173.45623617104715,171.64456430861597,172.71298217773438,819576
2018-07-30,170.48320546949245,172.2948770247625,170.0651295992591,171.0406494140625,877454
2018-07-31,171.2729099403219,171.69098579732204,170.0186681929336,170.4832000732422,1062849
2018-08-01,171.04061677779015,171.87676835871068,169.83283124593828,170.71543884277344,937161
2018-08-02,169.18248451169993,171.50514347437354,168.62504069010416,171.4122314453125,1102659
2018-08-03,172.10903298703587,173.92070418320125,170.483171676767,170.808349609375,840126
2018-08-06,171.69102148159251,172.29490738095015,170.62258942898708,171.45875549316406,794259
2018-08-07,172.43422579487813,172.7129335595731,171.2728961873598,171.64451599121094,709996
2018-08-08,171.41225134122817,172.38777105405725,170.62254153170298,171.55160522460938,689834
2018-08-09,170.85479784627123,171.55159557676402,170.01864624023438,170.01864624023438,825646
2018-08-10,167.88180044537947,168.90377614143884,165.977217108025,166.4882049560547,1487699
2018-08-13,166.02369705108435,167.55666081608084,164.90882333424324,167.27793884277344,895376
2018-08-14,168.06761868646996,169.64703832723106,167.69599887475388,168.11407470703125,867966
2018-08-15,168.16053414531183,168.88520271635744,161.28546825412477,161.69424438476562,1336517
2018-08-16,163.05067071988321,163.45946099446826,161.2854554538692,161.5641632080078,1021286
2018-08-17,160.11481807124989,160.52360832513003,157.94081264076252,159.5016326904297,1324125
2018-08-20,160.46790097770145,162.28885809041435,160.1148521965804,160.98817443847656,782519
2018-08-21,161.09966907770536,161.880093501061,160.91385913934053,161.21116638183594,789928
2018-08-22,160.93239432788613,161.47125290500426,159.6317109875218,160.61651611328125,911805
2018-08-23,161.15536743550425,162.43746547717865,160.8766455390065,161.0067138671875,747696
2018-08-24,161.34120372486726,162.56756042331622,161.04389653955425,162.02870178222656,767543
2018-08-27,163.0878488860105,165.7264007820382,162.93920945601073,165.39193725585938,822870
2018-08-28,165.65209697424393,166.5625756310812,163.3480224609375,163.3480224609375,1105882
2018-08-29,163.81254750582684,164.79735293465095,162.7348300199331,164.53721618652344,920507
2018-08-30,164.55571704065116,164.83443891653948,163.08779505893068,164.16551208496094,889335
2018-08-31,163.18075557602722,163.60813113626259,162.41893067698288,163.1993408203125,417584
2018-09-03,163.9797673090647,166.042290162304,162.41894686682366,164.79734802246094,851043
2018-09-04,165.3733056145324,165.80068106889811,159.14858290139708,159.52020263671875,1521069
2018-09-05,158.86987496402347,159.98474844428338,155.4137572517479,155.450927734375,1749163
2018-09-06,154.20597966817482,154.83775031784205,147.46098271595204,148.3343048095703,2531932
2018-09-07,147.49814993796042,147.73971557617188,144.1906853886742,147.73971557617188,2212857
2018-09-10,146.1045790082901,151.02862035172322,146.067422691123,148.83602905273438,1935792
2018-09-11,149.82081487508898,150.15527839137116,145.45421809546286,146.58767700195312,1465895
2018-09-12,147.05220334090285,147.07078858454892,138.04028816122178,141.06903076171875,3140330
2018-09-13,141.62650267652185,146.12316853406867,140.90183397123084,145.3055877685547,2521846
2018-09-14,146.95930414730046,147.53533333959143,145.67720575137588,146.216064453125,1663925
2018-09-17,146.5133538436089,147.25660769564692,145.4170653985537,146.40187072753906,1410782
2018-09-18,146.40191507111732,148.8917999267578,145.1012168919862,148.8917999267578,1620462
2018-09-19,149.46776988650288,149.87656017532413,148.35288212557703,149.6164093017578,1399815
2018-09-20,150.67552665031522,151.79041430259616,149.13329186057933,150.43397521972656,1690994
2018-09-21,151.53028134426083,151.53028134426083,148.61302215892238,150.21099853515625,2572957
2018-09-24,149.22620121892615,150.86136234093223,148.65018628352118,150.6383819580078,920248
2018-09-25,151.27015022280543,152.5150921108566,149.83938426373717,150.74986267089844,1072883
2018-09-26,150.95425469798514,151.28871817198453,147.8326003327861,150.0809326171875,1277919
2018-09-27,149.4305915138342,150.91709899902344,148.3343032302063,150.91709899902344,1014466
2018-09-28,150.50836521178044,151.60465390680335,147.88839797564827,149.48638916015625,1528663
2018-10-01,150.97287391576074,154.13168529944255,150.5826688043452,153.20262145996094,1043146
2018-10-02,151.957635783213,154.61475816994988,150.32248899767688,153.96441650390625,1146932
2018-10-03,154.76341096875174,154.93063560644595,152.99818168246443,153.1840057373047,872840
2018-10-04,153.7228689663403,154.22455707100988,150.22958076943556,151.25155639648438,1214285
2018-10-05,151.36311370835375,151.3816989587907,147.8698379750038,148.8917999267578,1266483
2018-10-08,148.52013247519054,148.6687860783575,146.27179988874488,146.55052185058594,1120827
2018-10-09,147.36806402415948,148.48295168775388,144.04201462757678,147.8325958251953,1175660
2018-10-10,147.3495536152324,147.3495536152324,139.396753999583,139.69406127929688,2257935
2018-10-11,133.98958560473284,144.63664907098436,130.38481343726627,139.3595733642578,3207614
2018-10-12,145.99308401472413,145.99308401472413,138.20752488495341,138.78355407714844,2135748
2018-10-15,139.15515936665534,139.91699840266457,136.7024317742635,139.5267791748047,1356426
2018-10-16,139.35956401209677,144.2464342866213,138.93218844484898,144.0048828125,1571398
2018-10-17,152.83097261980785,154.3732217032888,148.4829614800314,149.00323486328125,3173648
2018-10-18,147.33092770881436,148.78026485648297,144.30218505859375,144.30218505859375,1788881
2018-10-19,145.1569170390025,146.56908365062887,141.73795526429453,142.90858459472656,2187478
2018-10-22,144.37643259367292,145.8629395590951,141.08755471638125,141.94229125976562,1248756
2018-10-23,139.32240797884225,139.45247633845898,133.45071819868534,137.37136840820312,2709561
2018-10-24,138.1703174717358,139.04363938329607,131.96416625160788,132.35438537597656,2510631
2018-10-25,129.23278069413612,137.5014428719622,128.4523563254021,137.0554962158203,2162234
2018-10-26,136.1449692731643,136.1449692731643,132.52162702170372,135.6061248779297,2234011
2018-10-29,136.572326155195,139.2294481698956,134.86285282197892,134.91859436035156,1259575
2018-10-30,135.56903002676412,138.35622229090745,134.3612438770234,137.2599334716797,2018426
2018-10-31,138.43049379856396,141.42208010067077,138.17035709197967,140.21429443359375,2122032
2018-11-01,141.68221489607586,141.84943955817263,138.30042357971027,141.18052673339844,1871232
2018-11-02,144.00487243392365,146.8849755531569,141.4220765011552,142.0538330078125,2057043
2018-11-05,142.14674430765325,142.38829576310818,138.2446796521323,139.61968994140625,1319378
2018-11-06,140.86462125922765,144.52513418326618,138.50480590653925,143.52174377441406,1784185
2018-11-07,143.52174005669383,144.93392068920735,142.49977860894734,143.7633056640625,1721647
2018-11-08,147.72113033423244,147.94411072880237,141.9795233938319,142.74134826660156,2011603
2018-11-09,141.83087895128168,142.12817198684178,139.86125411309476,141.42208862304688,1593001
2018-11-12,144.2464314126595,144.5808949266802,137.72441415383716,138.33758544921875,1945673
2018-11-13,139.73117009901497,142.92715138749824,138.85786215861987,142.29539489746094,1616497
2018-11-14,140.30717149168106,143.2987570478669,138.44904452144806,142.16529846191406,1523510
2018-11-15,142.14674065559493,142.4626188991635,138.8764325874636,141.49639892578125,1859463
2018-11-16,142.1096491454005,142.48126911006244,136.99979666113774,137.2599334716797,3021457
2018-11-19,138.00313136823254,139.80551741830024,133.59937800506566,133.74803161621094,1704676
2018-11-20,131.4625128227615,132.4659033143773,126.61279920147872,131.25811767578125,2904959
2018-11-21,133.78521023260885,135.69907972188054,132.59600949798582,134.9929962158203,2044635
2018-11-22,134.06391557604553,134.26831075591528,132.24294420349383,132.6145782470703,977063
2018-11-23,133.785163008218,134.6956413981914,132.24291397676285,134.24969482421875,1229309
2018-11-26,136.57239382781685,138.20754119463587,134.43554401428048,136.2565155029297,1715642
2018-11-27,137.03689272808515,138.3561614518264,135.81052186646312,138.040283203125,1444513
2018-11-28,138.59769109554648,140.79028160122968,137.94734945750156,139.22946166992188,1450366
2018-11-29,141.84943647655905,142.40688035754562,139.52677726642634,140.5115966796875,1647261
2018-11-30,138.98792353467599,139.65685047668904,137.52000131061322,138.5233917236328,1939870
2018-12-03,144.00486817204077,144.45081476215307,141.8680189058235,143.1129608154297,2077129
2018-12-04,144.00486864550058,144.00486864550058,141.88660461501962,142.29539489746094,1604931
2018-12-05,139.54538022652713,141.1805415909523,138.72781372070312,138.72781372070312,1094115
2018-12-06,136.57237009090227,136.57237009090227,132.50306636399458,133.3763885498047,1781722
2018-12-07,135.0301090142861,135.64329443254678,131.51824951171875,131.51824951171875,1407084
2018-12-10,129.43712628725385,132.85607296877947,128.8610973099661,130.66348266601562,1752759
2018-12-11,133.02335076509743,135.25311243594982,131.83415021119836,132.80038452148438,1359802
2018-12-12,134.65849915031427,136.75817807436778,133.41355715577959,135.97776794433594,1455686
2018-12-13,136.9068447327724,136.94400104786646,133.3578141447654,134.45411682128906,1217330
2018-12-14,132.15003836083926,135.0858691580242,129.7344668405294,133.85951232910156,1246215
2018-12-17,132.91184096250163,134.32402165292075,131.1837820394477,134.23110961914062,1054911
2018-12-18,132.11286856204,134.5655964091119,131.5182683014283,132.98619079589844,1478947
2018-12-19,130.34762891808788,132.44730759895927,128.26652130264674,130.97938537597656,1704218
2018-12-20,125.98104682309508,128.13646729410146,124.64319279042135,125.21920776367188,2700361
2018-12-21,123.95566525699093,124.6803337393346,121.57726468146444,123.546875,3465516
2018-12-24,121.11276903919013,124.29016583583478,121.05702747411758,121.59588623046875,294730
2018-12-27,125.20063651813352,125.86956360926139,121.85601523888322,123.21244049072266,1223946
2018-12-28,124.62463633585013,127.87636012562328,123.56550401137964,126.9287109375,1125834
2018-12-31,126.1668167944205,127.87629010552618,126.07390478074572,127.43034362792969,278125
2019-01-02,125.98104734205502,128.47093133148653,123.52831966417865,127.7091064453125,1081432
2019-01-03,124.01140565008863,124.40161066183951,120.88975137969608,122.39484405517578,1767143
2019-01-04,122.78507591924492,124.82901345576808,121.83742686838478,124.21582794189453,1469304
2019-01-07,126.35262791567982,127.57899846187823,125.31208139869916,127.31884765625,1166373
2019-01-08,127.26313716656881,129.06552294919973,125.66514652483745,126.46414184570312,1209734
2019-01-09,128.2665212666748,131.42534608438987,127.91347255419728,130.9979705810547,1655082
2019-01-10,130.06892151370585,130.62636541931954,128.89830632358195,130.19898986816406,917269
2019-01-11,131.4625213983979,131.4625213983979,129.82737429227788,130.79359436035156,1024943
2019-01-14,129.66013678120694,130.83076619804973,128.21079957596163,129.0469512939453,1193495
2019-01-15,130.51487915246835,131.31387459057171,128.67533679084008,129.62298583984375,1098455
2019-01-16,130.60779862391558,130.86793536957657,128.76825615777292,129.2327880859375,1136189
2019-01-17,128.37802578921682,128.37802578921682,126.6128102850118,127.74626922607422,1176437
2019-01-18,129.25132538744205,132.89325305158363,128.58239845153994,132.74461364746094,1961371
2019-01-21,132.8561303628337,133.78519421152484,132.15004694132858,133.35781860351562,982472
2019-01-22,132.03851119443343,132.76317965130264,130.14322773255662,131.33242797851562,1331203
2019-01-23,126.63139150923716,134.11964303934317,124.95907392991613,132.50306701660156,2957520
2019-01-24,132.85608798496517,138.54195238885762,132.44729775371295,138.24465942382812,2676605
2019-01-25,139.58253907416355,143.72615534670956,137.7244116251398,143.48460388183594,2185527
2019-01-28,143.48457863818925,143.65180327451515,139.26662213220538,142.3697052001953,1848966
2019-01-29,141.4778093514518,142.2210630955053,140.34435058145712,140.90179443359375,1304032
2019-01-30,142.23964905514396,143.4845909312917,141.403483272721,141.6822052001953,1141320
2019-01-31,143.63326303858238,143.9119708256118,140.51160823636147,142.3511505126953,1330148
2019-02-01,142.8900006647024,144.4694061279297,142.109590554833,144.4694061279297,1351265
2019-02-04,145.3241259699506,145.54710633646602,144.3764771327418,145.39845275878906,1344089
2019-02-05,144.84103433229262,147.8883623271703,144.84103433229262,147.34951782226562,1565640
2019-02-06,147.27518969490305,152.366455078125,147.07079453568724,152.366455078125,1786487
2019-02-07,151.79044768982567,153.59283372422215,148.65020751953125,148.65020751953125,1939385
2019-02-08,146.97788335784017,148.81742562525545,145.54713141127004,146.49476623535156,1318772
2019-02-11,148.66876889105632,149.17045702326078,146.9407099390846,147.44239807128906,1088515
2019-02-12,148.39007619370716,149.91374030920693,147.90695903228848,149.18907165527344,1078930
2019-02-13,150.30390243889738,150.97282933992972,148.9474775725265,149.8765411376953,1258735
2019-02-14,151.66039748495967,152.08775894397257,150.11814799494397,150.99147033691406,1233319
2019-02-15,150.21100586037258,152.8123869456629,149.91371286066345,151.51170349121094,1450759
2019-02-18,151.6604062325758,151.6604062325758,150.30396661069244,150.50836181640625,681289
2019-02-19,150.7870065967567,150.9914016977653,148.52008942294066,149.70928955078125,821767
2019-02-20,149.5421136815883,150.69414370680195,148.46439628425625,150.35968017578125,872858
2019-02-21,150.0252117903256,150.87994874719064,148.3157378765956,148.9846649169922,1076553
2019-02-22,150.04376970415507,151.71608700053108,150.04376970415507,151.3072967529297,856132
2019-02-25,152.3107128258588,153.98303040435792,152.06914717894975,153.25836181640625,894955
2019-02-26,152.83097776631058,152.8495630095915,151.38164067091276,152.031982421875,927975
2019-02-27,151.19581787565704,151.19581787565704,148.81740311203816,150.21099853515625,853146
2019-02-28,148.4086517591049,149.93231577521698,145.91875348318237,149.6907501220703,1069362
2019-03-01,149.69076035450655,151.47456121410593,149.69076035450655,150.00665283203125,1041872
2019-03-04,152.08770503173278,153.29549051958838,150.15525108644084,152.25494384765625,964106
2019-03-05,151.99485171475277,152.53369627318318,150.87996375229025,152.29214477539062,842799
2019-03-06,152.27353440068956,152.4407732380168,149.28194815962675,149.5235137939453,895839
2019-03-07,148.92893941634026,149.48636922584433,147.1265532618593,148.0927734375,1616478
2019-03-08,144.46940434527505,147.14511231911047,144.20926764519518,147.07078552246094,1201512
2019-03-11,148.42723676090844,149.96948616659017,146.7177626655547,149.7465057373047,971666
2019-03-12,150.8799817305817,150.8799817305817,148.87321434708682,150.50836181640625,1000431
2019-03-13,149.72789199281598,151.06574583444478,149.56065317441968,150.43397521972656,1033215
2019-03-14,149.70931825637675,151.51170403283652,149.24478642435668,150.65696716308594,1140068
2019-03-15,151.53031203593432,158.03375866105787,150.991453328686,157.66212463378906,3620393
2019-03-18,157.84791247998527,157.92223927504241,155.17221873986014,155.52525329589844,827030
2019-03-19,156.26855841747943,157.5878275663655,155.43240650701642,156.0641632080078,958642
2019-03-20,156.1941857854176,156.26851258309696,154.3917999267578,154.3917999267578,966751
2019-03-21,156.08269115439242,157.9222331878954,154.03875398645735,157.5506134033203,1244379
2019-03-22,158.40538985475695,159.78040041313935,154.8935295598301,155.43238830566406,1264398
2019-03-25,153.59279233116308,154.1688071936217,151.58601166814097,153.38839721679688,1008890
2019-03-26,153.0911351217277,154.50331609748187,152.06915924919724,154.22459411621094,1174308
2019-03-27,154.59621488212136,155.11650253253265,151.30733517768635,151.69754028320312,1696944
2019-03-28,151.455987549004,153.072549519107,150.9914556400983,151.77186584472656,733944
2019-03-29,152.8309928917952,155.33946228027344,152.40361731235924,155.33946228027344,1209698
2019-04-01,157.01179965290507,158.68411751407203,156.56585294872392,158.4053955078125,1072075
2019-04-02,159.0371178768899,161.09964043168702,158.79556641760618,160.26348876953125,921803
2019-04-03,162.10304367713664,163.71961975097656,162.01014580536378,163.71961975097656,1461872
2019-04-04,163.14359384683965,164.8902239891937,162.58614994789198,164.29562377929688,1080706
2019-04-05,164.42568120739492,166.74834033804223,164.33278334800082,166.59970092773438,1064136
2019-04-08,166.30238650543774,166.98989868164062,166.04224982825517,166.98989868164062,1031252
2019-04-09,166.302395059422,168.6250542082966,162.95776021448802,166.4882049560547,1197765
2019-04-10,166.67399315594403,167.11995386147336,164.53715835825045,165.1875,1027921
2019-04-11,162.02868545685396,164.2212761102665,161.41551425760363,163.79391479492188,1206458
2019-04-12,163.1250073728392,166.04226684570312,162.86487066899556,166.04226684570312,876901
2019-04-15,166.58115393882983,167.08284218864685,163.83111865901813,164.5000457763672,946092
2019-04-16,164.50000755261274,167.5659204319923,163.23648042192727,167.41726684570312,1253125
2019-04-17,169.08958794910018,172.2669839995048,165.59631365321135,167.21287536621094,1971373
2019-04-18,165.37332448553428,171.18925764765027,165.37332448553428,170.22303771972656,1859025
2019-04-23,169.1081690295475,170.46459401565767,168.60646672129266,169.96290588378906,923948
2019-04-24,169.42403551445702,172.41562138497184,169.23822563318726,172.24838256835938,1076770
2019-04-25,172.248429509185,172.82445872740058,170.13016509739643,172.21127319335938,1154911
2019-04-26,171.40308809659967,174.29739644556574,170.9332331244721,173.60202026367188,1577963
2019-04-29,173.84631502473783,174.14702904688028,172.47433239167194,173.92149353027344,849951
2019-04-30,173.376528520918,174.57935640636788,172.68113782448876,174.35382080078125,1009778
2019-05-02,173.37647207606747,174.39136046253876,172.5119407110367,172.96299743652344,994941
2019-05-03,173.73357490980183,174.65448661818053,173.18854143456346,174.2222137451172,835140
2019-05-06,171.02719456271217,171.42187098335057,168.26444527940868,171.2151336669922,1019111
2019-05-07,171.34672038147687,173.07578336460458,167.71943915663462,168.65914916992188,1056058
2019-05-08,167.8133589293649,170.76404679592437,167.32470587345418,170.42575073242188,1152377
2019-05-09,168.4900191785244,168.4900191785244,163.02089966382087,163.56593322753906,1007910
2019-05-10,167.08044634393042,167.68186019008866,163.8854236359096,164.74996948242188,1069035
2019-05-13,165.8588353207237,165.8588353207237,160.08901578736933,160.6904296875,1274673
2019-05-14,161.44217312278803,165.67086791992188,160.95351993135628,165.67086791992188,1203414
2019-05-15,166.85488890774627,168.43360900878906,163.50952393073342,168.43360900878906,1039398
2019-05-16,168.0201756226035,171.23398257544136,166.27231419153318,170.67015075683594,1106771
2019-05-17,169.89957229650676,172.1548705799376,169.2041817286778,171.79779052734375,1307978
2019-05-20,169.147779032223,169.39209843995567,160.37089216153805,160.99110412597656,1966580
2019-05-21,162.344286931316,164.54321912715454,161.7052910435044,163.2652130126953,1254844
2019-05-22,162.6825823650872,162.77655909585815,160.070189844618,162.43826293945312,988981
2019-05-23,159.75066264578408,161.16022731618807,157.87124308524545,160.08895874023438,1284646
2019-05-24,161.1039241004396,162.3819305865951,159.43124103840614,160.12661743164062,746350
2019-05-27,161.44217268415946,162.94570000464267,161.0098997969835,162.43826293945312,373716
2019-05-28,162.40069914027802,163.3591930756761,160.55886111712303,161.78048706054688,3139168
2019-05-29,159.75069597884814,160.2205509670212,158.22837040559497,158.623046875,1199543
2019-05-30,159.28089416256262,161.49861102062155,158.848621120052,160.67166137695312,468679
2019-05-31,158.6042119009153,159.63789837085318,157.87123943635314,159.09286499023438,1054462
2019-06-03,157.36384896412497,159.18687438964844,156.3113639732186,159.18687438964844,1153255
2019-06-04,156.17977530754746,158.88614428312795,155.0897084325126,158.3599090576172,1347582
2019-06-05,159.7131175938134,160.44609024525957,157.70213877133656,158.84857177734375,868513
2019-06-06,158.6606478817749,161.14148194156047,158.1344125264928,159.65673828125,784641
2019-06-07,160.42730082348547,164.52443721351628,160.40850260761798,163.3216094970703,1091591
2019-06-10,164.43043579574277,165.35136183015337,162.53223210428843,164.44923400878906,615326
2019-06-11,165.4829177245478,168.18927246322778,165.4641195118331,166.6857452392578,819605
2019-06-12,165.38894391741073,166.38503412633602,163.9042005411283,164.44923400878906,798669
2019-06-13,163.6974632141247,165.2385868907108,162.53223210428843,164.44923400878906,694552
2019-06-14,161.6301247618379,161.68650506928506,157.73972582077505,160.72799682617188,1191522
2019-06-17,161.9872540107171,161.9872540107171,160.10783355100847,160.12661743164062,620157
2019-06-18,158.66059385714325,163.88537787529347,156.29253556470815,163.17120361328125,1580000
2019-06-19,164.14853457399295,164.91910365032834,163.6598957019543,164.43045043945312,850495
2019-06-20,165.9151788506523,169.3545205508661,165.74603795006897,167.62545776367188,1175333
2019-06-21,167.39992744970414,168.15169826638004,166.15951779019926,167.92616271972656,1941551
2019-06-24,167.7382357118885,168.7343260219021,166.77972749294628,166.96766662597656,756462
2019-06-25,166.7233108288037,168.37719491317156,166.44139502131858,166.64813232421875,673322
2019-06-26,166.23465728050348,169.61761828374597,166.15949311495015,168.2080535888672,1044453
2019-06-27,169.52366934175095,170.36941690053783,167.83220290184897,168.86587524414062,889217
2019-06-28,168.88468472987452,173.132178004676,168.73432768643235,172.66232299804688,1071376
2019-07-01,177.69917725162415,179.48462062175054,177.28570253294117,177.94349670410156,1388671
2019-07-02,178.6764599262511,179.22149345026637,177.68036961433376,178.2629852294922,825679
2019-07-03,178.0750460961027,179.44702901363578,177.4736322659543,178.2629852294922,718808
2019-07-04,178.88320245321677,179.33425925417677,177.5112194959654,177.6991729736328,447156
2019-07-05,177.13531100011454,177.21048951058907,173.58320882849222,174.52291870117188,1024894
2019-07-08,173.8087465089576,175.63177163987558,173.09455782003633,174.6168975830078,641033
2019-07-09,174.61693974820105,175.06799658670846,171.7226308850051,172.83148193359375,821185
2019-07-10,172.75628270763056,174.8800364813998,172.3052259231603,173.35769653320312,719126
2019-07-11,174.56054996573312,175.19956031537697,173.18858119484509,173.9027557373047,919678
2019-07-12,174.18461804828834,174.9175905828297,173.1321476066565,173.47044372558594,676451
2019-07-15,173.56445375593356,174.71090123266117,172.3992224010446,172.7751007080078,739541
2019-07-16,172.66230541731687,173.33889770507812,171.15876381366178,173.33889770507812,789321
2019-07-17,173.8463659384816,183.6945236265004,173.8463659384816,182.3037567138672,2057235
2019-07-18,181.6083421253046,188.50582414508372,181.51437973239015,187.47213745117188,1563460
2019-07-19,189.82141235657505,190.47920646232072,186.4760471854947,187.47213745117188,1286483
2019-07-22,188.03598639837767,190.2442964085569,186.682801634626,190.00936889648438,1028201
2019-07-23,192.07673250293215,195.31874371432872,191.8418049855172,193.48629760742188,1192470
2019-07-24,194.05013890998552,197.24514756812545,193.15741716775568,196.82228088378906,974367
2019-07-25,197.24513945327752,198.74868131221473,193.58027588802003,195.1777801513672,1175874
2019-07-26,195.4596320815903,196.4933185637089,194.70786139812526,195.83551025390625,668132
2019-07-29,194.6139260460743,195.7885634211983,193.62722778320312,193.62722778320312,559960
2019-07-30,194.75488076558926,195.03679660913284,191.27795693211303,192.64053344726562,744680
2019-07-31,191.8417502636422,193.72116986686703,190.57315063476562,190.57315063476562,955308
2019-08-01,188.88173067528245,195.03683471679688,187.94202057242035,195.03683471679688,813091
2019-08-02,186.5324385979709,189.6804728942271,184.69060065335609,185.64910888671875,1815727
2019-08-05,182.32252887756974,182.77358563959547,178.97716374311017,179.33424377441406,1425420
2019-08-06,179.31544569647988,182.02180039311057,178.5636749267578,178.5636749267578,1035423
2019-08-07,181.176046986,183.2058235356985,177.6803254855747,179.1086883544922,1211026
2019-08-08,182.81117898379583,183.95762634277344,181.23247305009102,183.95762634277344,1075461
2019-08-09,183.2434071611483,184.48383095380223,178.80797585096153,180.01080322265625,990767
2019-08-12,180.89420199394226,183.07433640191448,179.40945825172093,180.42434692382812,741395
2019-08-13,179.8605008656278,185.5175594768399,176.98499035838125,183.71331787109375,1337295
2019-08-14,184.57784126338836,185.27323184339332,174.46656656329677,176.0076904296875,1333007
2019-08-15,177.86826408287865,178.77039177098462,173.84630741519064,176.72181701660156,1113231
2019-08-16,178.03743393167258,180.5370512273184,177.36084169468796,179.87925720214844,1111876
2019-08-19,182.28493209383598,184.03279317446334,181.533161266037,183.31861877441406,800191
2019-08-20,183.1494484128091,184.37107411481333,181.58954092198974,182.54803466796875,654051
2019-08-21,182.284933120472,185.74307321228932,182.1345904251342,184.1831512451172,689067
2019-08-22,183.67573358800385,184.8033827857981,181.1948996173215,182.00303649902344,721570
2019-08-23,183.63815211033366,184.44630339668353,178.69528198242188,178.69528198242188,895203
2019-08-26,177.71796930890778,181.66476319521104,177.51123194005044,180.8190155029297,638185
2019-08-27,180.51825874385182,182.58561744099035,179.2026564174301,181.7962646484375,897930
2019-08-28,180.9505437408675,182.397705078125,179.5597770446285,182.397705078125,784643
2019-08-29,182.37892453216773,188.22392207193533,182.28494779353545,187.39697265625,871644
2019-08-30,188.41188843377,190.66718709843903,188.36490005766456,190.05638122558594,898272
2019-09-02,190.29130412470087,191.46594180448298,187.9890171400957,188.59982299804688,520072
2019-09-03,187.81042669902655,190.19728360598364,187.2841914337973,189.1166229248047,902126
2019-09-04,191.18398986093888,192.87547066879787,190.57318411810687,192.35862731933594,814316
2019-09-05,195.2717365967272,202.17859634235637,195.13077149650843,202.13162231445312,1523920
2019-09-06,201.33282631039327,204.19894409179688,201.2388495940848,204.19894409179688,954763
2019-09-09,204.15199571598083,205.93743896484375,202.60147996506495,205.93743896484375,772800
2019-09-10,205.6085427278644,206.12538607517027,202.69543610765766,203.96405029296875,1229612
2019-09-11,205.1856927117649,207.67591857910156,204.80980009293475,207.67591857910156,813947
2019-09-12,209.0854573651508,211.340755439398,208.05177071680015,210.3070831298828,1202812
2019-09-13,209.97816823645087,213.17319040768342,209.5083132999903,212.93826293945312,1125119
2019-09-16,210.49500042057952,211.81058843767457,208.75653151192955,210.3540496826172,826925
2019-09-17,210.35410842957583,210.5890359510121,208.56865066335737,209.83726501464844,728302
2019-09-18,210.0251693064045,213.64305827160163,209.74325345970263,212.4214324951172,919399
2019-09-19,211.76366509899717,214.25389099121094,211.19983333453797,214.25389099121094,938421
2019-09-20,213.92495977946794,214.8646697092505,211.669661683524,212.4214324951172,2358083
2019-09-23,210.4010266539378,212.28044632691208,208.6155837001459,211.7166290283203,831618
2019-09-24,212.3744274480649,213.50207640745586,211.57566833496094,211.57566833496094,738318
2019-09-25,209.0854356856203,210.3540496826172,205.32659639239566,210.3540496826172,1007372
2019-09-26,211.43474744479303,214.58278164228344,211.29379668203111,212.75033569335938,965027
2019-09-27,209.5553033818878,213.26715454263407,209.17942516516723,211.8575897216797,819090
2019-09-30,210.82393438724966,213.54908752441406,209.931198457883,213.54908752441406,902456
2019-10-01,215.61645124194123,217.918737816618,211.3407679810636,211.38775634765625,1177986
2019-10-02,211.38772496435539,211.99854496170292,205.7494659423828,205.7494659423828,1164467
2019-10-03,206.45428595855236,208.52164510907312,203.9170718038752,207.30003356933594,848277
2019-10-04,208.42767079607302,210.21311397426172,207.34699574499166,209.9311981201172,846338
2019-10-07,209.60230270576946,212.70334834181907,208.70958114024316,212.4214324951172,819582
2019-10-08,213.73702301308535,214.20687798314657,206.78317519171347,207.72288513183594,912379
2019-10-09,208.1457543479569,211.2468000570255,206.83016615081797,211.1058349609375,672520
2019-10-10,211.85761967989774,216.83808561931127,209.32040551116611,216.650146484375,921951
2019-10-11,217.63680293447717,222.05343627929688,216.6031163832318,222.05343627929688,1119025
2019-10-14,221.9594714181689,222.61726546826878,219.14034177016802,221.86550903320312,982241
2019-10-15,225.7183153651999,228.67841015681844,224.44971560207927,228.53744506835938,1560445
2019-10-16,224.5906837665868,229.14828287562736,218.20065307617188,218.20065307617188,1859685
2019-10-17,217.73078692982006,220.97278330591,213.7370197453585,215.19357299804688,1685033
2019-10-18,213.31418094300386,215.8983835755733,212.42145926497463,214.25389099121094,1321248
2019-10-21,215.1466162869355,219.37531157497293,214.06595544886102,218.90545654296875,880953
2019-10-22,220.03307783332392,221.63059621050857,216.97902051280803,217.82476806640625,919362
2019-10-23,213.54909179529517,216.88506507394604,213.17321354087096,216.18028259277344,1029415
2019-10-24,217.77780100854613,223.13414535005037,217.77780100854613,222.99319458007812,1026540
2019-10-25,224.1677885368614,226.04720824483957,221.63057479885777,223.50999450683594,783448
2019-10-28,223.27510293544708,227.40982122213296,222.1004654291344,226.2351837158203,769720
2019-10-29,226.4701206415711,228.16160158881917,223.97989476009292,225.1075439453125,834906
2019-10-30,223.65099211040297,226.00026723761306,220.73788521712743,223.18113708496094,701170
2019-10-31,223.83888631836174,225.24845111172527,220.7848292660741,220.83181762695312,1031054
2019-11-01,221.77155871187435,226.23518118594808,221.39568044959225,225.29547119140625,718188
2019-11-04,228.4101679557336,232.56307433961874,228.12701197457974,231.10012817382812,911531
2019-11-05,231.47763572213134,232.79901096039276,229.44837780582057,232.65744018554688,837228
2019-11-06,232.56302048303522,233.3652931768635,228.0797640923776,229.40115356445312,1335850
2019-11-07,230.6281695903318,232.7046224514071,228.9292483760305,229.77870178222656,890231
2019-11-08,228.59886139418882,228.6460564430827,226.14487727268272,228.45729064941406,926469
2019-11-11,228.07983545193292,229.8259521427352,226.85285010370714,228.26861572265625,702071
2019-11-12,228.4101478461368,230.72256175180036,228.4101478461368,229.92030334472656,645807
2019-11-13,229.35397881675456,230.67535400390625,228.31574516834294,230.67535400390625,737990
2019-11-14,230.72256228853757,232.327093508328,230.15626477668167,230.2034454345703,755750
2019-11-15,231.61920152492183,235.30020001290615,231.1000990936903,235.0170440673828,898651
2019-11-18,234.6395249792487,235.30021261959445,231.80799417612943,234.3563690185547,609638
2019-11-19,234.073214405518,235.5361748759346,230.34503504032833,231.19448852539062,863762
2019-11-20,230.06187769679534,232.5630574781707,228.55172217473938,230.9113311767578,645869
2019-11-21,227.46630085794237,230.95851919405163,226.99437907193004,229.16522216796875,925331
2019-11-22,228.8820828303038,230.95853595910373,228.5989268577604,229.44839477539062,790013
2019-11-25,229.4011793442119,232.23271001440932,229.3539842859933,231.90235900878906,780134
2019-11-26,231.99675256641618,234.68669810185764,231.66640155589585,232.65744018554688,863138
2019-11-27,234.16760962821664,234.96986807005013,231.61922031369275,232.37429809570312,522616
2019-11-28,231.241672420379,232.13832092285156,230.29782885947947,232.13832092285156,325522
2019-11-29,231.1472867370021,235.58336307984297,230.39222339532802,233.12936401367188,849408
2019-12-02,233.41254758099487,234.8755081819027,224.7763691702942,225.248291015625,1325848
2019-12-03,227.27754048594406,229.6843445328302,222.3695566738472,223.3134002685547,1243529
2019-12-04,224.63479969405734,230.01470588197802,224.35164370481692,229.11805725097656,885303
2019-12-05,230.25064300631436,232.84621290255708,229.4955652470253,230.62818908691406,723725
2019-12-06,233.03498163291505,240.4441597348716,232.79902073032932,238.41490173339844,1176142
2019-12-09,238.41486798500978,241.48235928441122,237.80136108398438,237.80136108398438,841116
2019-12-10,237.0462979816914,238.1317266877537,233.12935307340803,237.61260986328125,814684
2019-12-11,237.23508765390335,240.53854015689117,236.38561979770336,239.87783813476562,781585
2019-12-12,242.00153761992183,243.46451275026766,238.22616252817946,241.10488891601562,1164605
2019-12-13,246.8150722010531,247.52295481730854,242.8037373756058,245.2577362060547,1146454
2019-12-16,246.48477936995715,248.89159811533167,245.96567685043036,248.23089599609375,1064185
2019-12-17,249.03316891121858,251.67591978052187,247.99493506834082,248.23089599609375,1213993
2019-12-18,248.655594145611,250.87360343949467,247.80611190968534,248.7971649169922,972427
2019-12-19,249.36346641284266,249.83538816698973,245.44649281036752,246.4375457763672,976098
2019-12-20,247.28707398367297,250.68491740222925,246.24884004969374,249.74107360839844,1762439
2019-12-23,250.2129106356144,252.7612707322835,249.78816955092773,251.4398956298828,645712
2019-12-24,251.77027101948642,251.77027101948642,249.22188187189437,250.02415466308594,205969
2019-12-27,251.43995863806117,252.24223155250093,250.1657638685185,251.91188049316406,495721
2019-12-30,251.25112939471668,251.91180250503172,247.38136562012915,248.1364288330078,469265
2019-12-31,247.75897757206928,249.92980661593282,246.90952398115854,248.8916015625,200017
2020-01-02,250.11859290852578,256.1591871274383,249.92981263763073,254.27149963378906,775137
2020-01-03,252.71421956493862,253.89402451155365,250.2130388388811,252.9029998779297,823902
2020-01-06,249.17470982493165,249.17470982493165,244.5970626147322,248.32525634765625,1111607
2020-01-07,250.7792307615644,254.03547357102426,250.6376311927818,253.3275909423828,1125028
2020-01-08,253.4692176125986,256.63109981201296,252.57258336751494,255.49850463867188,1148323
2020-01-09,256.25354332728773,259.3682157578035,255.7816215163719,257.1029968261719,999941
2020-01-10,257.1029974483532,257.291777694705,253.32762295189045,253.5164031982422,738176
2020-01-13,252.9500920461467,255.73444226743703,252.47817023262778,253.9411163330078,901659
2020-01-14,254.8377665164077,255.40407842498598,252.4781575671817,254.3658447265625,974145
2020-01-15,257.10305526067214,257.33901621975934,254.6490555253994,256.2064208984375,943936
2020-01-16,258.3299719548448,258.66029412973654,254.60177868793394,255.02651977539062,947863
2020-01-17,256.0647111768721,256.91419330738705,254.17702431584448,255.6871795654297,951840
2020-01-20,256.9614501307711,257.4805526499096,255.40411376953125,255.40411376953125,525815
2020-01-21,254.83774324056742,256.2535084807928,251.62868112348673,256.0175476074219,796365
2020-01-22,251.0623656385187,258.37715260731017,247.8060941115299,255.02651977539062,1625431
2020-01-23,253.8939487623132,254.60183151908544,249.2219110460871,249.6466522216797,1363769
2020-01-24,252.47817694309816,255.82881038660844,252.10064524301316,255.45127868652344,1110922
2020-01-27,249.83541086893973,252.14781039209186,244.12513984259053,244.5498809814453,1538335
2020-01-28,246.90946988258492,248.60837669217108,243.6531982264235,247.05104064941406,1359303
2020-01-29,248.04203375775424,254.36579605314304,247.19258045934157,253.7994842529297,1304251
2020-01-30,250.73203809069258,252.5253351092163,248.5612094057144,250.11854553222656,1109626
2020-01-31,250.11857924559826,251.95908597289724,239.73629859766777,239.97225952148438,1554825
2020-02-03,240.96327569696678,245.68247932906692,240.16100287042076,245.3993377685547,1182289
2020-02-04,247.85333223880627,254.79058837890625,247.61737134154993,254.79058837890625,1302073
2020-02-05,254.1770622961133,264.2762000331955,253.9411014032265,260.8311767578125,1558323
2020-02-06,264.27615597902604,265.3143894954209,261.0198846784727,264.8896484375,1185742
2020-02-07,264.27614667983414,264.6536782714711,260.9255141988119,262.9075622558594,1029523
2020-02-10,261.4918683645418,265.2200622558594,260.97276588521396,265.2200622558594,752140
2020-02-11,268.9954670633405,273.28994457738304,267.81566238323813,272.2517395019531,1077284
2020-02-12,271.35499411375486,274.4224853515625,269.8920482757116,274.4224853515625,1110296
2020-02-13,273.19550614331246,276.12139788114507,269.70327375427615,275.88543701171875,1125398
2020-02-14,275.6022691451307,277.5843460196086,274.6584257576474,276.4989318847656,942165
2020-02-17,276.9237487528634,277.8675924969453,269.184247333687,272.2517395019531,1013259
2020-02-18,264.2762683938667,270.3168630535325,264.2762683938667,270.0809020996094,1276183
2020-02-19,272.1572753626815,276.4517517089844,271.402183290443,276.4517517089844,1149699
2020-02-20,276.82938673804404,277.49008894754564,271.54388427734375,271.54388427734375,1042158
2020-02-21,271.7798033006293,274.7529051769688,264.84254638662134,268.9954528808594,1488253
2020-02-24,257.7637071557555,259.22665329501837,251.1095921259898,255.45127868652344,2110959
2020-02-25,257.6693000847755,259.17945558962623,250.30733160388155,251.3927459716797,1555531
2020-02-26,247.6173765944905,254.22428185782607,239.641886576507,252.5725555419922,2084013
2020-02-27,246.3431645815275,248.32524178145303,236.66876827133342,241.4823760986328,2151552
2020-02-28,231.2416966911984,235.4417980976563,228.36297064792572,234.16761779785156,3267092
2020-03-02,241.71834428869113,243.74760220553372,228.9764560804638,236.1968536376953,2620489
2020-03-03,243.18125054900838,250.6848172332074,240.68007125554712,244.73858642578125,2608499
2020-03-04,245.21055745340496,251.15678945679872,243.27568958155916,248.93875122070312,1595852
2020-03-05,253.79948934104368,253.79948934104368,244.50262591292176,248.1364288330078,1741151
2020-03-06,239.73627153770764,241.95430973198987,235.25301449123475,237.18789672851562,1920181
2020-03-09,219.9155404050091,228.31574198160413,212.36479223659677,222.9358367919922,3541445
2020-03-10,227.46631354087842,233.5541020394949,221.04817401286982,221.5200958251953,3002071
2020-03-11,225.673014623428,229.87311583940243,223.03024961500128,224.63478088378906,2184807
2020-03-12,209.53327974126012,213.49741999111808,200.14203877738302,206.13543701171875,4158487
2020-03-13,212.36480155454646,222.3223540189305,198.67906989880902,203.964599609375,3780161
2020-03-16,192.40252575936915,210.0052033342634,180.9159363460115,206.46578979492188,3075133
2020-03-17,215.1963298274234,215.33790059944073,193.48792813430615,200.04763793945312,2620398
2020-03-18,193.48796147988753,197.12176554161613,174.1769127436389,175.46054077148438,3758609
2020-03-19,175.46051181006726,189.75975036621094,167.5511125810767,189.75975036621094,2694325
2020-03-20,202.9263916015625,208.96698540475134,197.12175871884062,202.9263916015625,3393134
2020-03-23,189.5237942413488,204.1061747102045,184.38928284837954,201.51060485839844,2853264
2020-03-24,216.14018147786456,226.8056168940539,208.44786200262604,226.5224609375,2297810
2020-03-25,236.29123666095265,239.7362598308287,218.64135089203725,231.14727783203125,2202960
2020-03-26,224.91792095772058,235.0170440673828,219.0188987672742,235.0170440673828,1910264
2020-03-27,228.59893327285505,232.37430794095144,215.5267071257181,216.61212158203125,1980238
2020-03-30,218.1222193905431,231.00567626953125,216.70645426529572,231.00567626953125,1273225
2020-03-31,233.2709468131313,235.9609069127004,224.4932125975075,228.8348846435547,1642173
2020-04-01,221.37852440718245,222.74709477861808,215.9986186424878,221.33132934570312,1525048
2020-04-02,219.44362204893994,220.4818556989675,210.09957680632948,216.65928649902344,1420543
2020-04-03,214.81881866105266,218.49980310376418,209.9108202015559,215.33792114257812,1301604
2020-04-06,222.74712206422197,233.08220811012436,221.99204419379126,231.61924743652344,1252365
2020-04-07,239.59470383258721,244.4554926161204,234.63952492820638,237.89578247070312,1614106
2020-04-08,238.79240961592328,243.51162719726562,236.29123005857548,243.51162719726562,1127787
2020-04-09,241.90708689835066,246.2959823864016,237.18788361746886,241.29359436035156,1406604
2020-04-14,245.39927541473767,253.7522949732713,242.048642983485,248.46676635742188,1636230
2020-04-15,251.06239392642132,252.525339963487,238.74523224626563,240.53854370117188,1573094
2020-04-16,251.06233810170275,254.50736066451597,248.51394946410727,252.52528381347656,1848533
2020-04-17,261.20865629372395,264.0401864432494,255.6399860937534,256.3006591796875,1753652
2020-04-20,257.0086089765835,257.71649169921875,248.98593812005043,257.71649169921875,1024080
2020-04-21,253.70514445031685,255.16811929122647,242.0486992037441,244.0779571533203,1259010
2020-04-22,247.28701337152316,254.50741086378272,246.3903504656329,253.13885498046875,1036747
2020-04-23,258.1412502711951,258.8491330415914,252.242227184559,254.5074462890625,904543
2020-04-24,249.81189371895601,256.4994606847406,248.10440948707884,252.98968505859375,957104
2020-04-27,259.4401361296652,259.53500120136493,254.31774069418705,255.8354949951172,799569
2020-04-28,255.45597147851308,261.9538364734145,254.98167518616623,258.4440612792969,1169970
2020-04-29,257.8749382868544,262.76018503475365,255.83546971622687,262.285888671875,1052979
2020-04-30,265.9379633490611,267.5031354796706,254.69713431309063,256.7366027832031,1884935
2020-05-04,244.26261395261844,245.25862468243938,238.90307112554422,244.54718017578125,1964529
2020-05-05,249.00558456264335,255.3137202484799,244.5471872785924,253.9382781982422,1336552
2020-05-06,255.59832840988435,259.7721307257328,253.60627784246137,257.92236328125,1113122
2020-05-07,258.1120703060714,262.760168581481,257.3531788037336,262.3807373046875,910018
2020-05-08,264.37285207440095,265.2739979576405,262.001369830995,264.0882568359375,768553
2020-05-11,265.9853560512945,265.9853560512945,260.19893547113696,264.752197265625,958469
2020-05-12,264.183076528017,268.16717759196223,262.9499175528093,265.03680419921875,988386
2020-05-13,259.53493643242757,263.18702366579674,257.2108730251704,259.91436767578125,1145562
2020-05-14,255.17139975257436,258.3491906321794,248.86326499081974,253.79592895507812,1507056
2020-05-15,264.657375179702,264.98938842935553,254.2702730689544,255.17144775390625,1888434
2020-05-18,259.9143967850037,264.46763011268564,256.68918743216636,262.42816162109375,1325265
2020-05-19,266.6967641261798,269.54254150390625,258.34916206434673,269.54254150390625,1391017
2020-05-20,267.64542623581445,280.73602294921875,267.5505611754542,280.73602294921875,1404267
2020-05-21,277.9376420795597,280.11939356075254,274.807297963283,275.1392822265625,894501
2020-05-22,270.4437570658919,276.98904024073477,269.4951644623277,276.75189208984375,804110
2020-05-25,279.3605644038062,282.3012077135969,276.9416644748875,280.4040222167969,459543
2020-05-26,284.5777885619946,285.00466682433745,278.1273702674226,278.6965026855469,844887
2020-05-27,279.02860237938665,280.35662668120995,268.45179708266585,272.76788330078125,1222535
2020-05-28,277.65307330810697,280.59368729074953,273.479242593228,279.7399597167969,1082638
2020-05-29,275.1392864287267,280.2142628936845,274.9021382663338,277.8902282714844,1300860
2020-06-01,282.6806326526423,282.6806326526423,274.9021607115585,277.8428039550781,642918
2020-06-02,280.68855724689183,285.76353367620266,276.04045908638994,281.44744873046875,1151499
2020-06-03,284.34062150850855,293.5893990221298,283.53431203808435,292.21392822265625,1165660
2020-06-04,290.9333263019927,295.771124809396,290.31671802865145,294.3482360839844,1167708
2020-06-05,298.3324600672015,305.2571764956178,297.33644912501745,304.0240173339844,1494097
2020-06-08,298.0952317156917,299.61298570192565,287.80299596853445,289.6053161621094,1444709
2020-06-09,291.21798152157646,295.10721768343956,289.7950923610476,293.4945983886719,1248671
2020-06-10,294.8226746332094,296.57757736470353,290.3168581611682,292.1666259765625,935088
2020-06-11,286.6647291237664,288.7990627256016,282.8229112712117,284.9572448730469,1363524
2020-06-12,281.5897904792618,292.35632500819423,280.78348077512254,290.2694091796875,1369570
2020-06-15,282.68058833751104,289.51046648086964,278.317056687518,288.0401306152344,881683
2020-06-16,295.913472580562,298.28495407600246,292.16652023826657,296.48260498046875,1296418
2020-06-17,295.96089198749786,309.0040402722033,295.5340137368625,305.3045349121094,1302287
2020-06-18,305.1623340385671,308.67211024437853,301.5102457450315,304.4034423828125,802136
2020-06-19,305.44688346706533,311.0435752315245,304.87772199383534,310.37957763671875,2345932
2020-06-22,306.3954451933417,310.7115304424158,304.16624653608557,305.96856689453125,716743
2020-06-23,308.7669318348603,313.36761233858647,307.5811909291965,311.0435485839844,750908
2020-06-24,309.43102798605713,311.47049701320935,304.4034680448988,305.20977783203125,714787
2020-06-25,303.64451810368774,307.91318509966624,300.7038750500413,305.44683837890625,761892
2020-06-26,307.9131860491722,312.466419279423,305.87371760122136,307.3440246582031,631864
2020-06-29,306.53771181847503,310.0949342880119,301.8896135813636,305.6365661621094,915218
2020-06-30,309.43094268118875,310.66410158124745,305.7314080835104,310.0949401855469,989573
2020-07-01,309.62067821632337,312.5139035703141,306.30060347973864,310.3321228027344,690502
2020-07-02,313.7944586995421,316.3556706108248,309.6206565412037,315.64422607421875,827104
2020-07-03,317.6837386086582,321.4306919330807,315.5019866404857,316.7825927734375,390428
2020-07-06,322.8061115500252,326.60048267114803,319.2488886239725,325.8890380859375,820104
2020-07-07,323.70731518896014,326.4582287077743,320.71925345389036,324.6084899902344,589358
2020-07-08,322.52150273562273,327.9759105024752,322.04720640807034,326.22100830078125,623838
2020-07-09,326.3159054494813,331.0588691914796,324.51358501727265,326.6479187011719,623430
2020-07-10,329.16161205621955,334.9480323518564,328.2130195142708,330.77423095703125,773504
2020-07-13,336.7504036780631,337.22470002127164,331.3434137859852,335.3275146484375,905887
2020-07-14,326.7427908295745,328.0708149162937,321.1935173417168,325.6518859863281,1026716
2020-07-15,330.11025750486,330.11025750486,312.70357578058616,313.6996154785156,1547753
2020-07-16,318.0631345867201,318.0631345867201,310.047543291777,314.6482238769531,1232068
2020-07-17,320.2448629274501,321.38315666177107,315.9761962890625,315.9761962890625,982638
2020-07-20,316.40308116413235,322.7112457314537,313.65216814423934,321.4780578613281,718457
2020-07-21,324.9403604997931,328.5450294933334,319.1065222133853,320.05511474609375,718697
2020-07-22,320.00771021177906,323.80208050283613,316.35562301688697,321.1934509277344,770491
2020-07-23,323.09068096204675,324.5609880746101,318.4900005551923,321.7152099609375,759888
2020-07-24,311.13840874122627,311.992136390095,299.99244440369756,305.96856689453125,1438081
2020-07-27,300.2296033402687,309.6681127183029,298.6644311031269,307.296630859375,777126
2020-07-28,307.6285444458618,310.0000257596558,304.4033356488512,306.3953857421875,717419
2020-07-29,298.8066702454985,301.0358686545401,292.16652201782074,292.9253845214844,1479947
2020-07-30,293.11518558080206,294.8700881127037,285.76359112044213,287.51849365234375,1411208
2020-07-31,289.84248753714934,294.9649112696409,284.2932434082031,284.2932434082031,1303599
2020-08-03,284.29321214316434,295.77115937729303,284.1034820447702,294.1585693359375,1073460
2020-08-04,299.518204988462,300.229649655893,292.02432694794004,298.9964904785156,1084226
2020-08-05,300.6564228589595,301.7472985109875,294.34825918881336,296.38775634765625,703344
2020-08-06,295.77122242590207,298.19015142669366,291.9768512391746,292.07171630859375,644162
2020-08-07,292.21402146044596,299.70792827799914,292.21402146044596,297.4787292480469,536035
2020-08-10,296.43527112864984,296.43527112864984,289.8899861318806,292.6408996582031,547401
2020-08-11,294.6803556208292,297.76328230547233,292.9254531028966,296.34039306640625,671629
2020-08-12,294.9649297707933,301.0833356925327,293.9688900053332,300.18218994140625,682104
2020-08-13,301.65245340086256,305.1148106768773,300.1821464181883,302.41131591796875,619972
2020-08-14,300.7513509040141,301.9370919641131,296.71983129967737,297.858154296875,650973
2020-08-17,298.71188467807485,303.54971403526315,298.1427231745074,302.5062561035156,436206
2020-08-18,302.5063018554944,305.30466278449234,299.8976711059666,301.130859375,643543
2020-08-19,298.9490781061383,302.5063018554944,298.23763335626705,301.130859375,467420
2020-08-20,297.5261404240737,299.423326116494,295.3918065201007,295.9609680175781,581045
2020-08-21,297.6210123885211,300.56165606960127,292.7357649071939,297.4787292480469,677495
2020-08-24,301.6524494632527,306.3005474545405,300.60899180429044,302.1741638183594,590432
2020-08-25,303.5496810573637,305.77887981737945,301.9370617972451,302.6959533691406,574971
2020-08-26,303.35990093927757,308.86175537109375,302.50617339173243,308.86175537109375,542647
2020-08-27,309.62066009862406,313.1778828225254,302.790809837985,303.2651062011719,605829
2020-08-28,303.21770414699137,303.976595809846,297.90557830203664,300.41937255859375,613353
2020-08-31,302.7433809838157,304.40341835449954,296.8621230969313,298.1427001953125,709611
2020-09-01,299.0912315989034,307.01198550327297,298.56951725468525,306.5376892089844,985235
2020-09-02,308.2452083791809,318.15798469067045,307.5811819119751,316.0236511230469,911249
2020-09-03,321.57289664620544,322.3792061591095,298.4272426183523,301.5575866699219,1048079
2020-09-04,297.09924429466616,298.71183451039525,283.6766344724477,289.13104248046875,1456722
2020-09-07,288.4196104402164,289.984811617086,286.7121550911351,288.3721923828125,667025
2020-09-08,289.4630119688339,290.2219033810345,274.33297810672263,282.1114196777344,1505992
2020-09-09,281.7320089195216,289.7001811598188,281.7320089195216,289.178466796875,890221
2020-09-10,290.459137840553,292.49860664734416,285.85845679813656,289.4156799316406,727836
2020-09-11,289.3208092170033,294.3009215068042,288.41963446125146,291.6922912597656,663685
2020-09-14,293.0202973066055,295.96094064766316,292.0242864896966,294.3009033203125,554009
2020-09-15,294.77522069318474,299.6604679575604,292.45115668987455,296.34039306640625,625257
2020-09-16,296.9095545517838,300.182211381138,294.9649508378958,296.34039306640625,872127
2020-09-17,289.3207649368104,292.4511091746591,284.62521963128637,291.1705322265625,857811
2020-09-18,294.7752580563138,298.8067780780011,292.1666274540455,292.593505859375,2310588
2020-09-21,291.3128753123273,292.6408995366808,284.672725241803,287.376220703125,996831
2020-09-22,290.2693700767886,295.77119623076936,289.55792554228674,290.8385314941406,1073542
2020-09-23,296.0083860803861,298.6644634190284,293.3523376905001,295.9609680175781,920160
2020-09-24,290.26933904856656,294.01629144258203,287.66070936757455,292.3088073730469,981308
2020-09-25,293.1151702755622,294.3483293153427,284.10353882696074,291.40771484375,939943
2020-09-28,290.8858896161917,300.5615448713485,289.8898790526078,298.6169128417969,950132
2020-09-29,300.94102524774615,303.2650888740771,298.00038217425123,301.8896179199219,658109
2020-09-30,299.0912882636922,301.98451357624214,295.10721600610844,298.52215576171875,981996
2020-10-01,301.65250637721493,306.7274835792869,301.65250637721493,304.8777160644531,927381
2020-10-02,304.7354400670147,305.2571545327635,300.75133868741466,303.454833984375,696089
2020-10-05,303.54968652419984,306.11089858374936,300.8936383466147,303.7868347167969,526694
2020-10-06,306.20568062206655,306.3479926714939,299.28096620072523,300.8935852050781,620876
2020-10-07,301.5575680335328,304.5930757949585,299.66038291982863,302.2690124511719,595704
2020-10-08,304.7828096104201,306.8697250387153,301.98447863696805,305.6365661621094,654041
2020-10-09,306.9171621337869,312.4190172639318,305.9685694163915,311.2332763671875,642817
2020-10-12,313.0356623209477,320.5295405685763,312.3716357001575,318.6323547363281,924205
2020-10-13,320.0552335354346,327.5491115354548,319.05922258591727,326.5531005859375,1092014
2020-10-14,322.4740984490551,327.45421010096027,318.3951324887198,323.375244140625,1110810
2020-10-15,318.5374077832952,319.770595626553,308.95664495193193,312.1818542480469,1084218
2020-10-16,315.12249036004505,317.4939719884357,312.8458448377898,313.604736328125,942442
2020-10-19,315.8813678244921,318.0631194461816,312.6561584472656,312.6561584472656,354190
2020-10-20,314.2687611946455,316.4979599092957,308.1029084236465,309.3835144042969,676054
2020-10-21,311.94471286143965,311.94471286143965,307.0120192786768,307.8183288574219,601381
2020-10-22,305.68393833485385,307.9131365375958,301.55755509977763,303.64447021484375,733742
2020-10-23,301.1782211587445,304.35601290402883,298.3324426911028,300.3244934082031,644361
2020-10-26,298.56956118621724,301.1307731317319,293.39971923828125,293.39971923828125,912974
2020-10-27,296.4352496800314,296.90954607951943,291.92943388489493,293.54205322265625,951955
2020-10-28,291.4077241089409,295.9609580377113,288.84651193103554,293.16259765625,1221217
2020-10-29,294.15857315899893,301.6524489629836,293.49454675473805,298.8066711425781,965479
2020-10-30,295.6764017432176,297.3364392240854,293.02032440457526,295.9609680175781,1049652
2020-11-02,297.1036035545319,301.3887516827222,296.4846435258974,298.7700500488281,862246
2020-11-03,300.2936620327301,305.6262965901505,297.57972909131325,303.1980285644531,781561
2020-11-04,301.7221089003254,308.9116250599748,300.1984945512431,307.24517822265625,1610708
2020-11-05,317.10101687028106,321.8622933998648,316.1011604232787,319.24359130859375,1450271
2020-11-06,319.4816549100152,324.1953302951929,315.7202348300834,323.0526123046875,794627
2020-11-09,330.432606314652,338.19348160186763,326.76641740654827,337.7649841308594,1767913
2020-11-10,331.43240189424495,333.0036461807472,322.48120906513833,324.433349609375,1593787
2020-11-11,320.24341033466544,334.5748684503754,318.7674264071757,334.0035095214844,907399
2020-11-12,334.1939924966319,340.0027262885938,332.4323144673623,336.0508728027344,1059294
2020-11-13,337.57453425658815,341.7644521418845,335.9556884765625,335.9556884765625,820795
2020-11-16,339.7170132555029,342.8118423881739,335.28903277009294,341.0025634765625,879322
2020-11-17,340.9074006298155,342.76431010661844,338.6695948415091,341.9072570800781,682172
2020-11-18,341.5263519641606,342.66906992973827,337.90779350737296,340.5740966796875,820402
2020-11-19,340.0027417189005,341.38352352193016,334.95580027570134,338.4791564941406,941483
2020-11-20,336.62226534314254,343.9070129394531,335.90807383251354,343.9070129394531,1100252
2020-11-23,344.95451424387136,346.19243462384793,340.1932373046875,340.1932373046875,665918
2020-11-24,344.14507315818787,344.2879056467066,339.62186030509184,341.7644348144531,764799
2020-11-25,339.81236811765325,340.7646235815892,336.289011276878,338.0506896972656,896869
2020-11-26,339.3838119235542,343.0976020967715,338.52678789289297,340.3836975097656,549360
2020-11-27,341.14546040724366,348.8587341308594,341.14546040724366,348.8587341308594,951869
2020-11-30,346.3828875482831,352.667778742708,345.38303104348876,346.4781188964844,1347554
2020-12-01,352.14394418886013,356.09582632484927,346.14474834518774,355.04833984375,870447
2020-12-02,354.66747788403,357.1909484730221,349.9062016555454,353.3819274902344,785343
2020-12-03,355.14355079151414,361.09514516018464,354.3817292760127,355.333984375,795453
2020-12-04,355.47688280110043,360.2381591796875,354.4294252462311,360.2381591796875,628886
2020-12-07,363.66632142407633,368.3323669433594,361.2380818452179,368.3323669433594,699427
2020-12-08,369.2845854818908,370.8558299402774,364.7613729077444,366.3802185058594,757681
2020-12-09,369.52260163916293,369.71306429455984,360.09528140743936,364.9993896484375,788784
2020-12-10,361.476138111773,362.33316211808096,353.0010712751244,358.9526672363281,961679
2020-12-11,357.8099200820681,359.0954705172224,354.2865639354266,356.0006408691406,705882
2020-12-14,358.0479736328125,359.33352403109893,354.19135149847716,358.0479736328125,621667
2020-12-15,358.3812262637898,364.47565332239327,355.0959344202158,364.0947570800781,760521
2020-12-16,366.61820472994754,370.76052012796106,364.7612957051598,366.90386962890625,775773
2020-12-17,368.9513154281458,374.0458578665272,368.6656214112628,371.8556823730469,753195
2020-12-18,369.4750352806873,374.1410801718696,368.2371150856574,370.9510192871094,1486084
2020-12-21,366.9991890883323,368.9513299017777,357.9527636821201,362.4283752441406,881774
2020-12-22,365.6660243212782,374.1887206269345,365.09466534617127,372.71270751953125,753492
2020-12-23,374.9505389431667,375.5694991001104,370.71299106931264,371.6176452636719,378620
2020-12-24,373.09364811820956,375.18862158885605,371.9985602378604,374.7124938964844,140639
2020-12-28,378.9975534415192,380.3783350468588,376.42645288692853,377.9024658203125,427785
2020-12-29,378.0453745499562,382.282922488392,375.8551988656912,377.3787841796875,401358
2020-12-30,377.47404320348977,381.8068228068632,376.8550829917305,379.4737854003906,401888
2020-12-31,378.80712509070645,382.61614607325964,378.04533251840536,378.5690612792969,163028
2021-01-04,384.7110637019231,391.37684945913463,383.0446172626202,386.8536376953125,789502
2021-01-05,387.1393610996751,392.3767649859901,381.99718855067067,387.47265625,798787
2021-01-06,387.37748021346357,387.75840561708543,380.14036251309966,383.6160888671875,875711
2021-01-07,385.4728991249071,388.32966476781064,381.2353808575806,384.6158752441406,874780
2021-01-08,394.47174316440703,399.0901870075255,393.66232037779463,396.185791015625,975243
2021-01-11,397.09044008348974,399.233014400487,391.32930743310675,395.0906982421875,717929
2021-01-12,397.94744126635925,400.5661430597686,394.70977940661214,398.94732666015625,787472
2021-01-13,400.7089985053577,403.56576426198484,397.51896665887665,402.2802429199219,669646
2021-01-14,417.08777171883173,426.5150922537968,410.4695865479428,425.9913635253906,1272594
2021-01-15,423.515407858306,425.9912766505814,414.65944805343486,415.04034423828125,1291058
2021-01-18,411.85034119921113,420.89676487873135,411.2313811806111,416.70684814453125,424496
2021-01-19,421.5157660561269,423.6107391580501,416.51642616612753,418.8970642089844,844072
2021-01-20,426.61035655428225,439.27533989027773,424.0868859269477,431.51446533203125,1282302
2021-01-21,436.704276573949,452.46408981042055,434.6093033368388,448.0837097167969,1178635
2021-01-22,441.98929985991214,446.56014282079025,439.08493276539014,440.7989807128906,1095124
2021-01-25,447.70280214570994,450.0834402822505,435.3234838356991,439.3229675292969,1080715
2021-01-26,437.0851426809122,443.8461605039852,436.1328874680998,436.6566162109375,960018
2021-01-27,430.9907602150961,432.0382468708674,416.99259549825655,419.6112976074219,1238859
2021-01-28,412.61220250288665,427.8482870310047,406.5654047042098,427.5626220703125,1143829
2021-01-29,422.51571319376364,428.1340139835522,418.4686279296875,418.4686279296875,1248335
2021-02-01,423.277489217044,434.2284253835142,422.32523389822046,433.1809387207031,948688
2021-02-02,440.4656152435339,442.94148448630756,433.0856377098078,435.65673828125,1074658
2021-02-03,441.3703130416637,441.8940418104915,432.1334253947913,435.323486328125,768951
2021-02-04,432.3238817271323,439.18013112322586,428.13396445641905,437.60888671875,693477
2021-02-05,443.75097696055536,445.17935993360436,436.41859940802675,438.0374450683594,881503
2021-02-08,444.2270724365512,445.750686642865,439.0372697195674,444.7984313964844,731078
2021-02-09,444.5127348291899,450.1310639989351,441.03700901199966,447.3218994140625,615547
2021-02-10,446.7505892938116,449.940650511661,439.13254653382575,441.94171142578125,688301
2021-02-11,443.8461786874951,457.51104736328125,442.65585962271456,457.51104736328125,848642
2021-02-12,462.84366340648353,472.9375751034261,461.8438069949312,471.1282958984375,1146427
2021-02-15,471.0806833161041,477.7464700592682,470.1284280670807,474.2231140136719,686679
2021-02-16,476.1277263046135,478.6035962935035,474.0803828936097,475.9848937988281,700129
2021-02-17,473.9374360351589,476.8894039775661,461.2248229980469,461.2248229980469,894997
2021-02-18,464.4148991872078,470.27126318956357,454.6066526307398,458.3680725097656,903937
2021-02-19,462.1295206871087,471.31880828089305,461.08206302569687,470.4141540527344,1001947
2021-02-22,462.3199438961123,467.5097468575702,455.1780292118263,460.60589599609375,829498
2021-02-23,455.17807197437634,456.320790055427,439.9419858831838,450.3215637207031,1003719
2021-02-24,448.0360808391898,457.5110318987868,444.27466109741465,450.8452453613281,840967
2021-02-25,463.22464921713754,463.60554556360347,450.89293020916955,452.2737121582031,770099
2021-02-26,438.7039771911213,450.32147306046534,434.7520949084021,443.1319580078125,1705206
2021-03-01,456.4635379607336,459.03460957584656,449.3216239289933,457.9871520996094,920322
2021-03-02,459.558312270075,460.0820409453947,448.22648251058774,448.940673828125,801057
2021-03-03,449.4644775390625,451.3689880371094,438.1326458877884,441.846435546875,1002557
2021-03-04,430.84790568716073,435.94244809955853,414.18343857233776,414.8023986816406,1365394
2021-03-05,406.3273277227747,422.37280547332625,402.0897802264334,407.9937744140625,1262700
2021-03-08,413.13588026952766,423.94398144890533,407.75564477545555,417.89715576171875,1205457
2021-03-09,415.18324168558024,430.7526190608936,413.8500902996114,428.1815185546875,1336935
2021-03-10,431.99056454804276,433.51417867619756,421.42052604333907,423.2774353027344,817321
2021-03-11,429.41948726955803,437.5612574765228,428.5148332196633,435.08538818359375,888249
2021-03-12,430.22890477948204,430.943096207775,421.80146917404375,425.5152587890625,755591
2021-03-15,426.6103453612274,433.3713633431194,425.13436137090576,432.2762756347656,632242
2021-03-16,437.9421920106891,444.46514640963056,434.6569287718818,441.27508544921875,830018
2021-03-17,440.65611524671027,443.8937772721826,434.4188550073521,439.08489990234375,866164
2021-03-18,441.846450904962,443.0367700076155,435.5615602308468,438.98968505859375,759541
2021-03-19,433.2761955465813,443.3701083318599,432.37154131628387,442.4654541015625,1855305
2021-03-22,442.513025845401,455.98743180697784,440.9894116348587,455.1780090332031,826895
2021-03-23,457.89188795547796,459.4631031177662,449.9405517578125,449.9405517578125,743641
2021-03-24,464.98628457609635,476.1276840060489,463.8435955707984,468.7001037597656,1289582
2021-03-25,466.9384002011937,470.033229979443,458.4633336974778,467.8906555175781,817991
2021-03-26,473.2708906952387,496.4106831834917,470.98548375549564,492.2207946777344,1134610
2021-03-29,497.9343006867061,501.17193371097903,489.1735406355844,491.83984375,927861
2021-03-30,492.0302783595517,494.7917835943997,485.26926056018,491.64935302734375,809553
2021-03-31,488.7925622507613,495.648811030434,486.22149075377496,492.31591796875,1149487
2021-04-01,504.6953379310154,510.6945350407015,498.1247527359446,504.02874755859375,1336363
2021-04-06,514.2177056434459,517.2649333010953,505.74261280202023,507.83758544921875,947731
2021-04-07,504.69525388600556,505.3618441474224,497.36287725250935,499.8387756347656,861199
2021-04-08,503.26692942569133,512.5990198040766,501.1719561274289,506.5998229980469,775805
2021-04-09,506.7902475721042,511.1705984036559,503.0764289080582,509.93267822265625,539892
2021-04-12,508.3138974073391,512.884711491917,496.31550317019037,499.36273193359375,589915
2021-04-13,501.45758077170467,510.504005454939,500.12445832259294,500.6005859375,739050
2021-04-14,502.3146539048747,510.50402596182363,498.3151701547872,504.98095703125,682242
2021-04-15,505.8380484922538,508.98047949165857,499.172261108827,504.6001281738281,670827
2021-04-16,508.50441958686804,511.07552097303636,502.40996134714027,510.78985595703125,818952
2021-04-19,512.3133214309717,513.9321669704835,496.88677484917525,497.2677001953125,695381
2021-04-20,497.0773333311081,502.40994047857384,486.88818862903645,487.5547790527344,875834
2021-04-21,509.4565302918303,515.93185400591,503.55253644741697,507.4568176269531,904827
2021-04-22,517.0745596561106,526.8827763274046,514.4082567922216,517.7411499023438,896243
2021-04-23,515.5509378945848,528.5015840942442,513.4559650361294,527.64453125,773332
2021-04-26,528.4064761327858,531.0727792825463,523.7404020299175,530.4061889648438,556857
2021-04-27,528.5016377453678,532.691583887623,521.3597237217817,526.3114624023438,698811
2021-04-28,526.3114902414226,528.5016657002952,521.931081202629,523.5499267578125,508201
2021-04-29,523.5498186006772,530.5012688910601,515.5509109962363,516.884033203125,699373
2021-04-30,516.6937182911557,521.3597926518952,513.170420070533,515.360595703125,729987
2021-05-03,517.604931930733,524.0988566884995,513.020988471604,514.5489501953125,508494
2021-05-04,513.9757979780269,518.0822446652423,490.1010401593521,490.8650207519531,1069887
2021-05-05,501.4654010324372,515.21728515625,500.31945926210636,515.21728515625,824503
2021-05-06,514.644366347989,516.1723277217009,499.07797569934763,505.95391845703125,746548
2021-05-07,510.6333880226409,519.4193115234375,502.706979213005,519.4193115234375,674120
2021-05-10,516.5543175162512,516.6497932386237,500.2239471194657,502.0384521484375,599064
2021-05-11,485.32613175111294,492.6795694707335,482.93865575694963,491.5335693359375,1265129
2021-05-12,490.57855960618224,493.9210258662952,480.5511608258433,481.0286560058594,868493
2021-05-13,477.9726717088427,496.3084981452805,469.99849643195455,489.6235656738281,902412
2021-05-14,500.5103779077304,504.23486328125,491.15148490593964,504.23486328125,749708
2021-05-17,508.0549212889995,508.53241651577486,492.584064283879,495.44903564453125,633384
2021-05-18,502.1339084450645,505.3808989119301,497.35895675142945,499.3644714355469,554325
2021-05-19,489.9101108033905,491.6290819907162,472.1472822437081,486.09014892578125,990779
2021-05-20,492.01096686879276,501.2743835449219,487.1405109787041,501.2743835449219,804251
2021-05-21,506.1448854191038,508.05486611879854,499.45995297017225,501.751953125,816532
2021-05-24,501.7518825319883,513.784735931932,499.84190210101457,512.2567749023438,447144
2021-05-25,517.0317907263005,529.3511310760132,515.7902566603119,522.6661987304688,927045
2021-05-26,524.958128263009,524.958128263009,514.5487116951371,517.5092163085938,538666
2021-05-27,517.8913360367981,522.6662885325975,513.5938787905786,519.5148315429688,1123807
2021-05-28,520.2785538183889,528.1094836788143,517.7000690940096,527.4409790039062,562085
2021-05-31,530.0197148458087,531.0701810555312,522.3797910282115,522.57080078125,453114
2021-06-01,523.239304163536,537.08666604034,523.239304163536,526.2952270507812,650457
2021-06-02,524.9583807862791,531.1658201156159,519.1329027505604,530.1152954101562,628522
2021-06-03,529.2556952257657,530.6881808362895,519.4193056911005,524.6717529296875,584706
2021-06-04,523.7167425742424,534.9856172901987,522.9527036473411,532.9801025390625,470099
2021-06-07,533.9350652902579,535.2720750551877,529.351123405901,532.7891235351562,521985
2021-06-08,532.5026281296595,542.8165711653669,531.3566862705709,531.7386474609375,571049
2021-06-09,530.1151927789826,538.6146313765403,529.5422218054815,537.086669921875,458782
2021-06-10,536.9910414136033,546.7319542650932,536.9910414136033,545.490478515625,657714
2021-06-11,549.119419395603,551.4114194178383,544.5354776391143,547.7824096679688,603068
2021-06-14,552.9393516369772,556.3772932024301,547.9733907073395,551.6978759765625,568692
2021-06-15,557.7144225704948,559.719879199473,552.4619750976562,552.4619750976562,510166
2021-06-16,553.894363630152,559.3378198958377,550.0744025016683,557.9053344726562,618653
2021-06-17,550.0744570929692,563.6353321025113,548.0690006166791,563.1578369140625,648654
2021-06-18,561.2478145813732,566.1182418275401,538.4235229492188,538.4235229492188,1730017
2021-06-21,538.6145004803285,547.4004224294474,535.2720346085534,543.1029663085938,747952
2021-06-22,542.148191685752,550.8385830935671,539.1876857633517,549.5971069335938,633263
2021-06-23,556.5684088138322,559.6243898357209,543.2940768604888,544.7265625,574843
2021-06-24,547.9734333194331,555.8998413085938,545.394947800843,555.8998413085938,598583
2021-06-25,556.854987991261,559.3379984903802,551.4115882754992,555.3270263671875,507111
2021-06-28,550.265374749105,563.6352377884683,549.1193748309928,560.0062866210938,495023
2021-06-29,559.2423714811614,563.8263721672612,557.4279246402376,563.348876953125,522060
2021-06-30,564.9723086511495,567.3597846990127,552.7484429436879,553.3214721679688,850151
2021-07-01,564.208311153323,565.2588355558585,543.4850080180732,545.5859985351562,777706
2021-07-02,546.9229043951075,557.4277966949375,546.2543995911593,552.9393310546875,496576
2021-07-05,552.9394450231155,557.6189213272803,550.360959269555,555.2314453125,321842
2021-07-06,554.9448752612133,559.8153610733434,550.7429526471244,553.8944091796875,587153
2021-07-07,553.8945019319085,562.7759021156314,552.3665404141911,557.427978515625,582604
2021-07-08,556.8547009813774,558.2871861236255,534.5079677350893,541.765869140625,1073888
2021-07-09,544.3446272626501,556.85498046875,543.8671319755775,556.85498046875,696718
2021-07-12,555.995341545027,566.3092247049925,554.180836734153,565.0677490234375,559378
2021-07-13,568.2191292493795,573.6625846661697,566.2136732848646,572.612060546875,700732
2021-07-14,572.5167467909696,584.2631170942208,570.3202805209288,581.6846313476562,641585
2021-07-15,577.3872127319322,583.1171555309444,569.8428230193615,572.5167846679688,661878
2021-07-16,571.0842458139442,571.8482264584391,561.7253517709117,562.7758178710938,758703
2021-07-19,555.6133745482036,557.1413940825782,540.5245386601636,551.31591796875,1035537
2021-07-20,555.3269382312477,558.3829192823797,546.2545290941937,554.7539672851562,684744
2021-07-21,570.4157335897393,580.0611712529682,567.5507624935699,572.1347045898438,879663
2021-07-22,582.5441475021548,597.728518268636,580.8251764294183,592.8580322265625,788099
2021-07-23,594.8635392823192,610.2388612987513,589.7065678434725,610.0478515625,833737
2021-07-26,606.6099130523371,617.8787881020095,603.076436918731,609.2838745117188,640691
2021-07-27,605.6548257541109,612.24422347963,594.290418509956,594.9589233398438,705560
2021-07-28,599.0654338752945,613.7723085553962,597.6329483527386,613.581298828125,593853
2021-07-29,613.5812070981597,617.1146825164759,607.9467415699277,613.772216796875,620808
2021-07-30,609.2838402212319,617.878753327801,605.559354559858,610.2388305664062,840869
2021-08-02,620.5526485335031,623.6086289701256,613.8677168293823,623.3221435546875,623732
2021-08-03,620.5527303678923,624.0862063922091,610.8118169425819,621.69873046875,766813
2021-08-04,627.4286154610136,642.2309648364256,626.1871397516397,639.93896484375,677473
2021-08-05,639.843647089378,652.73601908297,638.60217107352,642.3265991210938,673853
2021-08-06,638.6020451180592,642.8039675958835,632.7765691341893,636.0235595703125,692887
2021-08-09,634.4955495382962,644.3319375196197,634.4955495382962,640.7984619140625,516827
2021-08-10,642.7085972676199,651.3035116441557,638.8886353224929,643.9500732421875,602779
2021-08-11,642.0398699559277,646.8148207339547,637.5514045669875,638.6019287109375,559363
2021-08-12,636.0235315016828,645.477958663522,634.5910460703727,639.1749877929688,625853
2021-08-13,635.068569644362,637.9335406352388,630.2936179929006,635.6415405273438,524214
2021-08-16,632.7764820059623,641.3713937896786,632.4899966041003,634.6864624023438,453075
2021-08-17,631.6305872269514,640.1299656481982,630.0070921120679,634.7820434570312,534314
2021-08-18,634.8775257376548,638.6020111404546,631.8215451876627,636.5964965820312,566839
2021-08-19,629.0520883594193,636.5010006402996,620.457176122716,634.4955444335938,847367
2021-08-20,635.0686944991587,646.815066213499,631.3442081635895,642.3265991210938,548107
2021-08-23,645.6689380617269,656.1738316797511,644.3319865740415,655.4098510742188,566575
2021-08-24,659.8983453882377,661.9993358589379,651.589917515188,652.6404418945312,515605
2021-08-25,652.8313441790305,661.3307811435775,652.8313441790305,657.4153442382812,460215
2021-08-26,652.2583871909701,659.8983097349346,648.1519404811859,657.31982421875,538870
2021-08-27,659.8984342031472,672.5043204359725,659.4209389540856,671.8358154296875,533443
2021-08-30,674.7960401923395,682.5314956497141,673.3635549174155,677.6610107421875,437199
2021-08-31,681.6720473228976,685.3965327143352,668.3977174598372,672.7906494140625,978555
2021-09-01,680.3352280457545,683.2956751610249,674.6052852771087,682.05419921875,674506
2021-09-02,681.7678036494904,690.8402142296496,676.5153554188718,689.6942138671875,533840
2021-09-03,692.6546005514112,693.0366200680204,679.953238512085,689.3121337890625,617257
2021-09-06,693.3229289361001,710.035258490345,693.1319192264557,707.5523071289062,449496
2021-09-07,707.0748359823195,708.5073214212723,691.3174961538382,697.3339233398438,759491
2021-09-08,692.3680224626942,697.4294597968931,687.5930705836411,689.8850708007812,790097
2021-09-09,689.2166002155118,695.901533179216,683.4866576751938,688.9301147460938,669779
2021-09-10,697.0476269870128,708.8894748550562,693.3231405202587,699.1485595703125,724452
2021-09-13,699.1484731771508,705.9289402290266,697.1430165816327,701.91796875,611567
2021-09-14,702.3953956777649,719.48974609375,700.1033955445878,719.48974609375,743031
2021-09-15,720.0629162633016,729.9948418717889,710.6084859573763,711.5634765625,787789
2021-09-16,716.2429111184176,721.9728544073649,708.3165012263066,714.4284057617188,879011
2021-09-17,721.9726748896416,722.5456457608688,694.0869461595879,698.00244140625,1758794
2021-09-20,689.2165988693929,692.8455508135752,677.0882088584767,685.2056274414062,946104
2021-09-21,685.6830995014836,701.9179361192068,684.919118847659,698.7664794921875,712479
2021-09-22,703.8278597928208,705.4513549804688,691.9859566113713,705.4513549804688,530393
2021-09-23,712.4228515369597,723.4052413394732,712.3273758103944,719.8717651367188,637108
2021-09-24,716.3380991067686,716.3380991067686,705.1647608120219,706.1197509765625,575754
2021-09-27,711.4677724339737,713.7597724657323,682.913539191565,684.632568359375,751672
2021-09-28,676.5151766504227,678.807118481704,635.2595825195312,635.2595825195312,1853556
2021-09-29,627.1422159643221,650.1574616057155,618.5473022460938,618.5473022460938,1618592
2021-09-30,626.1872641080291,641.8490728750338,616.828369140625,616.828369140625,1461584
2021-10-01,608.1378802025802,615.2048325375076,600.306947198793,604.0314331054688,915642
2021-10-04,602.1213607686838,604.8908558463328,582.544060378901,584.072021484375,976827
2021-10-05,587.7010462218228,610.620813121009,584.4540559292457,608.2333374023438,1064300
2021-10-06,599.54316089615,607.2786206820883,585.2183001310874,600.9756469726562,909098
2021-10-07,616.0643074209655,622.17626953125,605.6549466333752,622.17626953125,972750
2021-10-08,620.2662450566427,623.1312161654494,605.0818748647728,606.036865234375,717128
2021-10-11,602.8853491620548,606.705310263399,589.4200095950088,601.9303588867188,644019
2021-10-12,592.2850416753174,609.4748684091435,590.0885754724815,598.2059936523438,659081
2021-10-13,596.8688822127094,619.120142484004,594.2903969839552,612.626220703125,846464
2021-10-14,630.2935871584672,637.3605385721031,622.3671794624039,636.2145385742188,856760
2021-10-15,651.3034422005724,652.4494423195198,638.6975574681252,645.8599853515625,940002
2021-10-18,649.6799231689045,649.7754571766546,632.4900968762732,644.5230102539062,676915
2021-10-19,652.25830078125,655.2187470596497,643.7588647618824,652.25830078125,653925
2021-10-20,638.8884547413758,646.1463570704816,621.6031551405443,627.5240478515625,922464
2021-10-21,624.4681533263977,639.5569877525714,620.3616485846082,636.3099975585938,715812
2021-10-22,653.2134001204969,663.4318085343649,645.57347731207,659.4208374023438,794146
2021-10-25,659.2297991209489,660.5668088697071,651.9718960825031,654.7413330078125,665994
2021-10-26,651.0170058320133,657.7974147577413,647.1015099876984,649.2980346679688,625180
2021-10-27,654.5505288273811,664.2913855471803,652.9270332780826,663.5274047851562,686671
2021-10-28,661.9039573234423,674.6053788528382,658.9435097975231,666.9654541015625,829218
2021-10-29,660.2803749787668,671.5492498552019,653.5954422890863,668.9707641601562,906056
2021-11-01,675.5602196125354,676.2286662496155,657.8928975436907,665.2462768554688,609679
2021-11-02,666.108080106063,675.4912207403838,664.0016464683999,674.8209838867188,700431
2021-11-03,671.182568018304,677.8848190541501,670.0335990100749,677.3103637695312,698784
2021-11-04,692.3424764139385,699.7149638981398,680.8529037442187,694.1616821289062,730954
2021-11-05,703.5448527720857,715.1302074598199,699.3320443357206,705.7470092773438,934295
2021-11-08,699.9065076452183,710.342893446715,699.1405477788222,703.5448608398438,475001
2021-11-09,698.9490808983154,705.8428369456594,694.831995260275,700.5767822265625,552539
2021-11-10,700.6725784900091,706.8003752697336,679.6083574133327,689.0872802734375,765459
2021-11-11,684.4913095832467,700.2894718750725,680.9486796845548,699.1405029296875,469250
2021-11-12,700.6724872214323,707.4705200195312,694.4489681685353,707.4705200195312,490571
2021-11-15,713.3109407994649,721.0663786594082,709.8640925148204,720.587646484375,582736
2021-11-16,723.8430568930169,726.2367177954409,714.938650023797,722.4068603515625,556944
2021-11-17,726.0452702507708,733.7049857400343,722.5984216561988,732.9390258789062,655223
2021-11-18,732.8431520448305,743.8539907954134,731.6941832700172,737.7261962890625,688313
2021-11-19,737.7264323502542,744.4286841691404,723.3644641669267,727.5773315429688,1172383
2021-11-22,728.6305827709995,735.4285582622498,715.226077963123,715.5133056640625,692935
2021-11-23,704.3108135676079,704.6938227164197,674.2464654335902,676.0656127929688,1128884
2021-11-24,684.5870102208492,686.9806710957472,660.6504014718685,678.8422241210938,1030315
2021-11-25,687.076443940464,688.4169175031316,675.1081386987545,680.7572021484375,499843
2021-11-26,653.8524539387552,679.1294787184831,641.5011399579982,656.4375610351562,1204331
2021-11-29,669.9379381967243,680.6615525383752,669.9379381967243,674.8209838867188,1023473
2021-11-30,672.1401013379053,691.385115051896,660.6505269560607,669.8421630859375,2243637
2021-12-01,678.3634934077203,702.0128745904656,669.3633051231172,701.7256469726562,796964
2021-12-02,680.757131688804,685.7359578418354,658.543947771499,661.3206176757812,1334584
2021-12-03,668.3102460302733,672.2358272517002,644.660860306732,652.224853515625,977632
2021-12-06,657.96959443549,661.7994523094579,628.0966913307415,634.2244873046875,1044631
2021-12-07,655.5758527673657,686.8849487304688,650.4055218967666,686.8849487304688,874048
2021-12-08,689.1828794528213,691.863768147343,673.2889934189507,675.4911499023438,571229
2021-12-09,680.6613497870143,683.0550103806681,660.9375514319186,661.6077880859375,556092
2021-12-10,654.7141292045097,663.9058222856944,649.8310842581528,655.8630981445312,500334
2021-12-13,662.9484180979974,670.6081338082504,649.4481340952806,650.3098754882812,618339
2021-12-14,653.0864477526515,658.1610558540553,632.5009630300927,632.8839721679688,746348
2021-12-15,646.3842496051326,653.9482424023682,642.9374008392244,649.9268798828125,649456
2021-12-16,679.7998664596277,681.5232910529926,647.0545654296875,647.0545654296875,1060317
2021-12-17,642.9373424334108,643.224570064645,629.3413363114291,633.8414306640625,1956173
2021-12-20,625.0327213309181,641.3096154199471,613.7346535922129,632.1179809570312,690190
2021-12-21,650.2141013820465,659.9802507116182,641.0224658006813,654.9057006835938,735987
2021-12-22,662.5653864687496,667.7357177734375,654.809947950709,667.7357177734375,441386
2021-12-23,669.076171422845,677.6933518006294,662.9484337731506,677.118896484375,476343
2021-12-24,679.7997440847827,679.7997440847827,671.661296444331,673.0017700195312,84141
2021-12-27,670.2250623318665,685.1614832025246,665.8207495835666,682.767822265625,347324
2021-12-28,686.3103418391328,693.682828027706,680.7570610458233,684.8741455078125,331884
2021-12-29,685.5446005186124,686.0233327815444,669.7464358418566,673.5762939453125,313441
2021-12-30,678.8423266250223,687.746734736395,676.1614377281245,680.1828002929688,454118
2021-12-31,682.4806464727538,682.6721510500474,676.64013671875,676.64013671875,105156
2022-01-03,678.8421999863787,686.4061914577303,664.0972261456366,671.8527221679688,547270
2022-01-04,678.5549170268627,682.4804970263099,646.001132941173,652.3203735351562,618866
2022-01-05,657.8738546974698,663.3314142022049,640.8309977639614,642.3629760742188,655169
2022-01-06,623.0222055443542,632.5968512160393,609.617701603995,630.4904174804688,975136
2022-01-07,646.2885320554352,649.6396577772041,627.6179744627226,636.6181640625,964639
2022-01-10,639.1075457030532,641.309702337527,594.6811700868237,595.8301391601562,1321972
2022-01-11,616.1284259996916,617.7561273909868,592.2875357905382,600.3302612304688,1384772
2022-01-12,613.6389316216116,628.0966200801796,606.1706628633713,618.8092041015625,805667
2022-01-13,629.7241948890374,649.3522103301588,628.287998637248,634.6072387695312,819569
2022-01-14,616.6070912737881,623.1178376926075,610.1920679221166,614.8836669921875,973942
2022-01-17,621.2028870821141,633.4584196363861,609.426086724798,628.2881469726562,446598
2022-01-18,620.4370406305329,625.4158680764791,610.5751672589278,614.1177978515625,882238
2022-01-19,612.7772681767945,624.7455741958726,593.9152062029287,599.5642700195312,957106
2022-01-20,599.8515119075776,614.6922117233277,591.4258359580475,612.7772827148438,834230
2022-01-21,596.5005157388363,608.4688246421034,591.2344598213987,602.5325317382812,1166208
2022-01-24,593.6278900407318,601.7663369203225,553.1271601983307,560.1166381835938,1773437
2022-01-25,571.3191983940793,571.4149214885125,544.893137600671,551.0209350585938,1283438
2022-01-26,556.0954081205242,571.3191180921164,555.4251712366744,564.9998168945312,966271
2022-01-27,546.2334299391597,573.0424326355602,544.2227781125249,557.8187255859375,985572
2022-01-28,549.8717885485801,554.2761598144587,532.6374294953765,542.0205688476562,1277813
2022-01-31,562.8934004038845,569.3083657739496,553.8932107686064,568.9254150390625,1133780
2022-02-01,579.2659460438668,586.351205784296,566.6274046242031,574.8616333007812,837222
2022-02-02,588.8407068085253,589.2237160096914,572.65953230274,573.0425415039062,660480
2022-02-03,576.0106292910624,576.0106292910624,549.3931274414062,549.3931274414062,807646
2022-02-04,548.3398013079905,554.4675375970884,535.8927657482515,540.2013549804688,881725
2022-02-07,550.446355691252,553.6059768033169,537.520585146355,548.244140625,592597
2022-02-08,545.5633079610167,548.6272063158511,533.2120498979344,542.4036865234375,663374
2022-02-09,552.1697094735832,565.8614381678506,550.8292359906535,563.7550048828125,812010
2022-02-10,572.5637226493835,575.0531067635673,546.7121833324381,559.2549438476562,829813
2022-02-11,545.7547331986666,555.2336545719244,543.8398043102502,545.2760009765625,722999
2022-02-14,527.7543149715573,537.137453088153,517.7009401811373,535.8927612304688,1002425
2022-02-15,530.2437671691307,552.2654481256301,527.1798694352113,548.5313720703125,780307
2022-02-16,555.5209061723863,559.7337148451705,542.7866402030928,549.4888916015625,580041
2022-02-17,559.3507437349178,561.8401279309103,549.9676038067256,553.60595703125,666455
2022-02-18,553.0314537714244,559.1592497469887,541.9248893095815,546.1377563476562,725735
2022-02-21,551.9783104674963,554.3719718311888,521.722454206022,527.3714599609375,684419
2022-02-22,508.0304665664216,550.44617616048,500.7537622308182,540.488525390625,1152820
2022-02-23,543.8398717818231,556.6699203015716,538.1908074845461,540.2972412109375,859472
2022-02-24,504.6794857276839,538.2865228201537,502.6688337682079,534.4566650390625,1780520
2022-02-25,554.2762664735296,564.9040998925176,544.222888424595,564.0423583984375,1240807
2022-02-28,546.7123112256785,573.4255981445312,542.6909480367431,573.4255981445312,1451883
2022-03-01,571.4148417014648,572.1808016670017,552.6485595703125,552.6485595703125,1086434
2022-03-02,550.0632975477411,567.4891613075474,545.7547077497169,558.3932495117188,944662
2022-03-03,557.2442582716585,567.3933571257537,546.7121502974519,548.914306640625,800591
2022-03-04,541.2545533726403,550.5419687064413,510.9029235839844,510.9029235839844,1370878
2022-03-07,495.96661130674624,543.935559410816,492.5197624802126,517.6052856445312,1399868
2022-03-08,501.71137596145127,531.4884972278411,491.8495037324503,495.0091247558594,1523567
2022-03-09,517.317991492911,533.4033813476562,504.2007178329207,533.4033813476562,1425054
2022-03-10,534.0735719978449,537.0417463753713,514.8285630462931,522.2010498046875,991442
2022-03-11,520.094617981232,538.4779441771913,510.71147955548724,519.7116088867188,983094
2022-03-14,527.5628716921116,536.4672787098251,509.17954396712963,511.76470947265625,1069393
2022-03-15,506.59424391681983,521.0519872321695,495.96641553102955,517.4136352539062,1049666
2022-03-16,533.0205206591975,557.6273710043797,532.2545607156388,554.2762451171875,1204194
2022-03-17,565.2870267499106,566.0529866114,552.4569799237453,559.8294677734375,988610
2022-03-18,567.2018937192744,583.95751953125,559.7336251776056,583.95751953125,1840461
2022-03-21,582.1383941010175,592.4789986242238,578.4042593158907,586.6384887695312,856735
2022-03-22,588.840650269632,605.7877831115322,586.0639799252833,600.521728515625,989112
2022-03-23,603.2025052748332,605.5961660100508,579.0743933760433,587.787353515625,856499
2022-03-24,586.0638965504857,592.0001871200695,578.0212311933915,589.5108032226562,746591
2022-03-25,594.5853567589447,604.0642771263483,584.1489720489342,593.8193969726562,815854
2022-03-28,592.7662883063447,602.0537062666609,590.3726268959024,596.2131958007812,673169
2022-03-29,605.1175477327705,614.6921924753777,598.9897517219044,606.0750122070312,911069
2022-03-30,607.702680273871,607.702680273871,592.4789725899109,595.734375,726653
2022-03-31,593.8193701982987,599.6598790492679,584.05322265625,584.05322265625,847822
2022-04-01,580.2234399743345,587.6916507812555,576.6808099236567,580.8936767578125,506031
2022-04-04,581.5638456630535,592.8619128409005,575.9147828546381,591.1384887695312,561907
2022-04-05,593.0535641021519,600.3302712876146,570.1701380411076,573.7127685546875,707436
2022-04-06,567.1062334534316,571.7020515422282,541.7334232284736,547.4782104492188,856559
2022-04-07,553.1273156680368,559.2550540951559,541.3505126787437,543.2654418945312,770305
2022-04-08,557.2443446525515,559.6380059268322,540.9674479874426,545.0845336914062,639392
2022-04-11,535.6054645554566,541.3502494090126,527.1797333523957,528.8074340820312,666548
2022-04-12,524.4989633485635,547.5738894276113,519.5201370017865,536.5630493164062,837550
2022-04-13,529.5735317536759,543.1695378056676,527.1798707740643,542.0205688476562,559514
2022-04-14,549.5844944706214,549.775999013634,533.5948293722686,534.935302734375,838438
2022-04-19,539.5311808042686,541.1588819461342,522.9670586359637,537.7119750976562,695287
2022-04-20,545.7546262974614,580.7977947157062,536.8502203982989,566.244384765625,1035414
2022-04-21,560.3082097544054,573.9042166789535,558.1060531996318,559.1592407226562,715869
2022-04-22,550.5419781780088,556.0952594874858,540.9673350792608,546.9036254882812,749038
2022-04-25,536.371626607568,545.7547670551022,522.0096590534864,524.4033203125,818988
2022-04-26,535.60555123052,537.0417476763233,504.1049524769735,506.8816223144531,759155
2022-04-27,508.7965912765987,514.3498729531705,493.76438893007753,506.21142578125,751086
2022-04-28,517.0308260346804,529.8608736118797,514.8286693893688,525.3607788085938,752040
2022-04-29,536.2758489593483,538.4780640847111,521.5309305609387,524.6905517578125,757261
2022-05-02,520.5733294019919,520.5733294019919,500.56230300961334,513.0093383789062,665067
2022-05-03,519.6619747366445,526.7000565029665,512.9131179218829,522.8435668945312,706815
2022-05-04,528.0497935518674,529.4959769965893,516.1911010742188,516.1911010742188,514898
2022-05-05,540.1977153644751,540.1977153644751,515.9018215255034,517.926513671875,644643
2022-05-06,513.0093251176122,514.6483443903728,497.0049224432218,505.58563232421875,887384
2022-05-09,486.88169819303334,498.83683669670427,469.2864685058594,469.2864685058594,1131951
2022-05-10,480.3738825102901,484.37498372543956,468.85261053851497,471.2147216796875,936325
2022-05-11,482.15753067316774,496.2337210446335,472.13066541632753,495.65521240234375,988198
2022-05-12,474.6855737681796,489.8704985049876,471.69678904655865,483.12164306640625,955355
2022-05-13,494.5946919403961,510.2134834549522,488.1350613876992,506.35699462890625,699716
2022-05-16,504.2359092845598,507.5139482941478,488.2314749217769,494.2090148925781,613806
2022-05-17,500.4757882375596,515.4196816733587,498.54754392326294,509.63494873046875,594819
2022-05-18,511.94891953909627,513.5879391484991,494.30549396811887,496.42657470703125,593971
2022-05-19,487.84580640406534,492.6664171392834,475.31221849249846,484.6642150878906,887597
2022-05-20,477.722515072587,496.9085689839731,477.722515072587,482.7359619140625,1003408
2022-05-23,494.3055356030072,502.3077392578125,488.2315472059753,502.3077392578125,799694
2022-05-24,494.01620233709986,505.77844523222785,489.9668776270558,490.9309997558594,772338
2022-05-25,494.1126745118662,496.7158164686094,481.5790847193701,489.0028381347656,641963
2022-05-26,487.84588752908905,500.8615386785806,482.7360510691006,498.45123291015625,631778
2022-05-27,505.19997217166656,521.8792724609375,502.21121724848246,521.8792724609375,626482
2022-05-30,532.2918873441605,545.018313211486,530.7493152340288,536.1483764648438,690752
2022-05-31,527.3748761077426,532.388323627746,515.9982452112348,516.76953125,1840018
2022-06-01,517.7336978373257,521.4937985106002,509.1529854523442,511.3705139160156,563225
2022-06-02,510.50273335083824,518.5049362877394,506.6462443359122,515.9017944335938,385611
2022-06-03,518.9868681694954,519.661765348106,504.4286493017745,506.6461181640625,455288
2022-06-06,513.3950763160472,525.0609315073424,512.8166265287605,519.1798095703125,460430
2022-06-07,512.9129497084513,517.3478877655378,508.6707889922746,513.0093383789062,503262
2022-06-08,519.083339814124,520.6259115695271,513.0093237695404,516.6730346679688,540951
2022-06-09,511.94894157867833,515.8054307807776,501.4399849648157,502.01849365234375,689113
2022-06-10,495.6552383955659,497.39070556809605,476.4692404164899,477.3369445800781,839438
2022-06-13,467.59933161924874,470.4916986189554,452.1733742874797,456.12628173828125,929728
2022-06-14,466.2494814316782,466.2494814316782,450.8717212445424,454.29437255859375,817608
2022-06-15,458.1509043647222,465.04437255859375,450.8235693898525,465.04437255859375,905668
2022-06-16,460.898563834805,461.2842362177109,429.51640086084245,432.7462158203125,941646
2022-06-17,431.9750124958514,443.2070615505363,426.3349202166759,433.0355529785156,1570564
2022-06-20,434.81908525620213,440.8448486328125,430.4323412870989,440.8448486328125,402601
2022-06-21,445.5690884135144,454.7764734814797,442.9659760127983,452.89642333984375,676963
2022-06-22,444.1228700441948,452.4143265593321,437.03656623699396,448.5096435546875,661466
2022-06-23,439.25412174408484,450.5825586653968,434.81915332014216,443.88189697265625,849478
2022-06-24,449.66664337228883,470.7809162586032,446.77427641737785,467.4547119140625,747785
2022-06-27,468.5633860239464,479.65079124879287,460.995020920712,466.3459167480469,702264
2022-06-28,471.40753477955514,472.51626936227086,454.3907553744875,455.8851623535156,630171
2022-06-29,444.26748248461246,453.9087041481038,443.2551659790153,448.5096435546875,658041
2022-06-30,439.2058628696614,440.98949485030363,429.08257962148514,439.4951171875,946001
2022-07-01,421.51421803605297,430.7215728494395,412.7888948776087,415.7776794433594,1089511
2022-07-04,412.21044540846486,415.24745395446206,407.6308648410615,413.1263732910156,391635
2022-07-05,418.621912929127,420.5019337537842,388.9751523103529,394.3260192871094,1150310
2022-07-06,400.1107082163312,413.9458675054548,399.6286471220946,406.37750244140625,935460
2022-07-07,419.39320972790756,426.1420659764026,414.33156754153623,424.985107421875,745847
2022-07-08,425.1778736713841,430.1430969238281,417.9951517915396,430.1430969238281,592485
2022-07-11,421.22492127739247,432.02310009661755,418.0433302548965,422.28546142578125,558487
2022-07-12,416.50077076715166,426.0455742126976,408.64318109207454,419.1039123535156,849275
2022-07-13,420.16440164681103,430.6251323720115,410.57140435436537,425.90093994140625,760420
2022-07-14,428.359548458161,431.444751748113,420.4055390683913,427.106201171875,668027
2022-07-15,436.69915020812357,449.2327384622525,433.5657531445913,448.70245361328125,861370
2022-07-18,461.3806538012202,461.6216843443036,452.89639045375316,459.114990234375,781236
2022-07-19,446.5814170204855,469.86496238124784,444.7977850571183,467.40643310546875,793818
2022-07-20,453.1374529464867,487.84585359770693,444.94241390383746,483.21807861328125,1467182
2022-07-21,482.0129130839086,508.0924072265625,479.6989962301258,508.0924072265625,1201119
2022-07-22,510.79195638985226,515.0341178288977,502.0184674511222,503.7538757324219,833344
2022-07-25,505.2000503254111,509.34576416015625,499.1260920237751,509.34576416015625,806642
2022-07-26,507.12830824400123,511.37046972182594,496.13729095304336,496.42657470703125,770415
2022-07-27,500.3794819409109,514.070030595456,500.3794819409109,509.92431640625,621143
2022-07-28,514.8414379676257,525.8324584960938,511.949070338594,525.8324584960938,805394
2022-07-29,528.0498179819095,539.4264498376535,526.1215732997374,535.4735717773438,1003328
2022-08-01,538.1729851858278,547.1393092332688,530.2671719441371,544.72900390625,635582
2022-08-02,540.294114171204,542.3187472896118,525.157383588895,532.870361328125,642321
2022-08-03,537.016074196333,551.4779074332181,534.5093799734129,550.1281127929688,633662
2022-08-04,552.5153265156081,557.2508605516481,546.7166700728772,556.8643188476562,661631
2022-08-05,556.6708507497373,561.0198417712196,539.274886663808,540.6279296875,688872
2022-08-08,548.9394806894381,557.1542440448259,539.081752865576,541.7877807617188,628100
2022-08-09,543.3339955356222,546.5232440483245,509.508507398237,512.6011352539062,972120
2022-08-10,502.64680669381346,528.7407586603437,501.7770436871166,525.8414306640625,724630
2022-08-11,533.4763563834845,536.1823840749903,521.2992022782186,530.3837280273438,696934
2022-08-12,529.4172338334668,538.5018176855219,523.0387363965592,534.6360473632812,643053
2022-08-15,534.6360855350972,542.9474687265392,532.4132792385002,541.4011840820312,467857
2022-08-16,544.0106232939413,546.9099514145621,530.3837457348346,538.7918090820312,572054
2022-08-17,538.3086312841576,541.1113389556562,524.681811609461,525.6482543945312,461253
2022-08-18,526.8079595668628,539.2750955865076,524.2952318202158,538.501953125,491566
2022-08-19,532.5099582148218,540.8213423163029,525.7448589271562,526.8079223632812,757298
2022-08-22,520.2360210972582,524.391712330603,507.0924258041275,507.9621887207031,617234
2022-08-23,504.4830415263983,513.3743253200441,503.03337761396614,508.73541259765625,585899
2022-08-24,506.31931323432553,513.8575538881393,503.22668504669065,512.9877319335938,432770
2022-08-25,514.1475809859782,517.723431222564,503.6133306378985,514.3408813476562,443804
2022-08-26,520.9125645089129,530.1903899294948,501.48709172776773,503.9031982421875,741948
2022-08-29,489.50321183419925,496.0750101858114,485.83074148950243,486.41058349609375,520516
2022-08-30,490.1797991911857,497.23481982276036,471.04421408500076,473.94354248046875,603294
2022-08-31,483.22128232264305,489.98638027516006,468.3863830566406,468.3863830566406,867958
2022-09-01,463.89239619579763,465.9219313278511,450.07228035652486,451.3286437988281,851029
2022-09-02,461.766281579688,469.8360835221251,452.44011600268703,467.9031982421875,801512
2022-09-05,456.16088825847083,463.6025077668616,450.2172724139698,461.1864013671875,463183
2022-09-06,461.62132691155597,468.8213364676377,452.10186088895784,462.5394592285156,582449
2022-09-07,452.6334653942688,460.07505683261553,452.48850488125726,459.0119934082031,582881
2022-09-08,465.1971594860389,467.9031870156294,446.73809960683184,463.8924560546875,661692
2022-09-09,464.1824354034843,483.89789085940197,464.1824354034843,481.19183349609375,692072
2022-09-12,480.0320969039506,487.9569092820938,476.7461681564257,483.0280456542969,738599
2022-09-13,484.1876945260842,489.6964285965293,462.63603848329507,463.3608703613281,724045
2022-09-14,458.09381514666285,465.7287061670761,455.58105836319436,462.6844177246094,677907
2022-09-15,460.79982566851453,465.6803785558884,447.9461507245158,451.76361083984375,750516
2022-09-16,447.3663079913285,456.3542425575396,442.92066579128226,449.3958435058594,2035795
2022-09-19,446.49649073989804,456.3058774407891,441.0360958319281,451.42535400390625,533518
2022-09-20,454.1797394738958,454.8079213036578,441.47099491103114,449.9757080078125,666496
2022-09-21,442.67900603987914,457.9488162953618,441.27768201374846,455.9192810058594,480488
2022-09-22,442.24414193838453,450.3139435886804,432.193144745271,432.241455078125,750762
2022-09-23,430.308600256026,432.62805677308205,421.32069519237524,427.3126220703125,746201
2022-09-26,433.78780078536596,443.0656563686178,430.59852226020666,432.19317626953125,844351
2022-09-27,438.66832295379356,445.4334216582823,434.7059020996094,434.7059020996094,916165
2022-09-28,424.2683052192047,435.8656165236021,419.7260131609206,434.6092529296875,954333
2022-09-29,431.3716626145892,432.0964945682958,415.8602411091764,417.40655517578125,845041
2022-09-30,420.789114964916,423.83340334899367,408.32201094367656,419.0495300292969,1190043
2022-10-03,412.4293909630347,427.7475124956259,405.66429257582615,426.4911193847656,792264
2022-10-04,434.65760711402913,453.1166687011719,432.3381505178442,453.1166687011719,1130382
2022-10-05,448.86426351292084,455.5327113483975,444.8051929208115,450.845458984375,611411
2022-10-06,459.78511670203676,465.7770732678043,451.52204337530816,460.50994873046875,717362
2022-10-07,450.3622539215344,453.7931133718248,430.74348083779824,432.241455078125,843508
2022-10-10,424.75148477383385,433.15954644047093,414.6038383799197,418.13134765625,742388
2022-10-11,414.8455087487771,416.7783940545372,400.2039084563416,400.97705078125,978239
2022-10-12,400.15557861328125,411.17304872584083,397.0146399130404,400.15557861328125,917176
2022-10-13,392.3756690977348,400.3971303385455,363.14078242234933,397.497802734375,1566729
2022-10-14,406.1957989136185,407.2588916354947,383.7260092418815,384.11260986328125,1047085
2022-10-17,381.4548857111461,394.5018601166076,377.63742584696854,387.1085510253906,847559
2022-10-18,395.5166696975047,400.5904938048032,389.33144239873417,390.0562744140625,753705
2022-10-19,415.6186667432302,422.5287555666365,405.5676686730351,421.85223388671875,1325162
2022-10-20,422.5770588435329,441.3260408043307,416.5367921362211,437.12200927734375,1222707
2022-10-21,432.96638145519347,445.19187717570935,426.73281349621993,444.1287841796875,1031066
2022-10-24,453.4065422622473,466.5501675896752,446.8830546781348,461.9112548828125,1171863
2022-10-25,467.95148910659054,480.4669022885538,456.78906008682867,479.3554992675781,882478
2022-10-26,463.8924786496638,476.89114427588873,457.32068033285606,474.3783874511719,979867
2022-10-27,468.6280402445616,471.1407970609177,456.74080731611264,467.13006591796875,874251
2022-10-28,457.127382875611,466.30858823992025,450.0723631825376,464.279052734375,948810
2022-10-31,477.5676694452182,477.8092801278773,461.7663249006168,461.9596252441406,752090
2022-11-01,466.9850642348505,472.2521585747355,458.1904308999345,465.487060546875,616502
2022-11-02,465.39046048732604,469.11127070187115,455.48442302305773,456.5475158691406,643956
2022-11-03,438.0056919990087,446.24434752517897,434.75868655225185,439.7503662109375,736374
2022-11-04,438.78108922445824,456.46996632279644,437.4241106055528,450.121337890625,818680
2022-11-07,454.2406352586071,462.1400451660156,449.97592588337443,462.1400451660156,639632
2022-11-08,465.2416993983304,486.1775817871094,464.2724458579172,486.1775817871094,758092
2022-11-09,483.65743184269,486.95288738628614,473.4802714532146,480.6527404785156,1025621
2022-11-10,473.48034094896997,531.6355517103583,472.12339194705817,527.4677734375,1518859
2022-11-11,547.822245583411,549.8576548479409,526.1109373551656,534.54345703125,1283583
2022-11-14,536.5789075788999,550.245422356039,532.7018921797502,547.919189453125,904651
2022-11-15,548.5975256581035,566.3348543202875,545.2051381319491,561.4885864257812,935915
2022-11-16,559.743864557671,562.0700964893769,535.318665908902,541.5219116210938,915735
2022-11-17,543.6543191232645,548.0159599319101,534.0586856808283,547.6282348632812,695188
2022-11-18,550.5359356483965,561.8762123517339,546.4650595037969,553.8314208984375,936266
2022-11-21,549.8574899589531,551.8929577716509,540.7465426992155,546.271240234375,553555
2022-11-22,545.3019201538601,553.6375345981938,539.0017732736393,552.9590454101562,580170
2022-11-23,558.5807961306975,570.2118384620334,552.2806482012239,565.7532958984375,703373
2022-11-24,561.9732902600781,569.33965396476,557.7086094233639,559.7440185546875,391813
2022-11-25,558.2900918918816,562.55483153503,554.1223131070369,556.448486328125,432244
2022-11-28,551.1176918987438,557.0301756262548,548.6945573772781,549.373046875,635863
2022-11-29,553.2499862330025,557.4177652066153,540.9404527204554,542.5881958007812,577427
2022-11-30,548.5006089091162,551.9898980339739,543.84814453125,543.84814453125,1082019
2022-12-01,567.013213974765,567.013213974765,556.0606628698645,564.29931640625,842105
2022-12-02,560.422355328893,567.4978936658636,546.852807060196,557.0299682617188,735212
2022-12-05,553.4437416681791,558.5807733230587,550.6328828894614,554.8007202148438,432291
2022-12-06,553.2498010694151,559.3560853506682,545.9804009349399,550.342041015625,499271
2022-12-07,544.3326738258634,553.0559542343453,540.2618569620636,547.822021484375,599129
2022-12-08,543.9451881455781,555.8669968211034,539.0019587815937,553.25,632059
2022-12-09,555.3823310778272,561.3917154273072,552.2807076240427,559.5501098632812,618610
2022-12-12,549.8574674473338,554.0252454286001,543.7511825763122,551.6021118164062,695155
2022-12-13,556.739286975682,586.6891874769847,555.7700333835646,574.9612426757812,1058644
2022-12-14,569.0486677494521,572.9256814875741,565.9471040857823,567.5947875976562,834016
2022-12-15,557.3209207488101,562.9425808133478,533.8649675568881,534.54345703125,1073672
2022-12-16,533.0895013659227,535.028008643617,519.8107146820076,523.881591796875,1421906
2022-12-19,527.3708811734214,531.6356208472835,519.51995036307,520.7799682617188,628963
2022-12-20,515.7397543528732,520.3922183955053,509.8273317732901,513.704345703125,599192
2022-12-21,517.2905368963658,528.4369506835938,512.4442700323535,528.4369506835938,564099
2022-12-22,528.2430834896279,528.8246118447364,505.27176692635453,506.72564697265625,625030
2022-12-23,507.8888480072359,509.14886576027857,496.06394314940513,501.0071716308594,485477
2022-12-27,502.84870108955363,505.27183482568154,490.3453369269875,494.61004638671875,421786
2022-12-28,493.8346627758882,494.6100537512867,485.014449929199,486.37139892578125,445212
2022-12-29,487.0498819754695,502.7518004499684,484.9175124515308,500.81329345703125,457294
2022-12-30,500.1348106474488,500.1348106474488,487.04988827585856,488.3099060058594,479838
2023-01-02,499.1655662666536,501.39483754642765,493.54390764331976,501.0071716308594,399536
2023-01-03,505.9503857954542,519.907661480816,501.6856462364421,504.3026428222656,711724
2023-01-04,509.82734711432147,525.8200300561205,503.72106182279697,520.4891357421875,846525
2023-01-05,520.5860913874504,527.4678275283815,516.9029394932364,523.300048828125,533572
2023-01-06,521.4585310658432,536.9665914692883,516.0307335880595,534.54345703125,555958
2023-01-09,546.949745411509,570.2118297174405,542.4912029162879,568.5640869140625,964539
2023-01-10,557.3207934214012,567.4010540440921,553.8315042912232,564.7840576171875,666613
2023-01-11,570.8903127106869,576.1243052852021,569.1456682386947,574.4765625,807789
2023-01-12,574.5734723550552,592.601623244703,570.793419138424,580.9705810546875,984655
2023-01-13,581.0674144238577,590.1784200648926,580.1950626987574,586.1075439453125,741185
2023-01-16,585.5261009711315,589.5969780957811,583.0060651674924,588.5308227539062,404240
2023-01-17,585.4291997248587,592.8924645994182,577.384406328561,587.7554321289062,722760
2023-01-18,591.2445980005216,604.5233819512567,591.0507354809456,594.73388671875,775869
2023-01-19,588.1428316874182,594.9276041077113,572.44091796875,572.44091796875,866610
2023-01-20,572.441117834554,574.4765857664308,565.850205585351,572.247314453125,816998
2023-01-23,581.5520198170732,597.7385628670212,580.5827664507113,596.0908203125,575200
2023-01-24,600.9371260580657,605.6864915241965,589.8876133026165,596.7693481445312,590295
2023-01-25,591.244605890511,598.9986335087472,579.6135644631566,598.1262817382812,722617
2023-01-26,607.721883850024,609.9511548458376,594.7338645827986,600.0647583007812,876948
2023-01-27,597.1571043493876,604.7173295669867,587.367666897841,601.0341186523438,782455
2023-01-30,594.1524673111941,594.1524673111941,574.0889056045391,584.84765625,861372
2023-01-31,582.9091475789706,585.8169084232451,575.0581578043021,584.0722045898438,768243
2023-02-01,588.724609375,592.7954268160125,584.3629685523097,588.724609375,567061
2023-02-02,602.681854306179,619.2561257468786,601.3249348116085,615.4760131835938,1037702
2023-02-03,613.440536299553,619.8375854492188,602.5848857547397,619.8375854492188,956640
2023-02-06,608.9294506170884,611.4548958930596,595.622159850156,602.8099975585938,633847
2023-02-07,601.7415993174749,605.141269370116,598.1476505475747,603.587158203125,585159
2023-02-08,616.7973236764959,619.2256595964822,600.3817491431712,601.64453125,724736
2023-02-09,605.7239864862084,615.1459401312309,603.9755967744239,609.2208251953125,597339
2023-02-10,603.1986815528453,604.267125712552,587.268773172818,594.165283203125,713424
2023-02-13,594.9422140341526,603.1014452551211,593.970879807158,602.8099975585938,515276
2023-02-14,603.684333844138,613.0091204354761,595.9136585895071,603.2957763671875,763586
2023-02-15,599.0219735527202,608.2496509260108,598.3420275733675,607.4725952148438,632268
2023-02-16,613.8834293175662,614.3690965875959,598.3420766766152,605.1414184570312,649654
2023-02-17,594.8453191416867,598.5363786801081,588.045977097284,592.8054809570312,932231
2023-02-20,590.3771021425306,590.8627693965611,583.092093332071,586.2974853515625,333893
2023-02-21,582.8006024780129,586.3945513837359,572.6015919346477,579.7894897460938,488917
2023-02-22,579.1095635811618,580.1780076745528,570.1732755149598,576.0012817382812,539562
2023-02-23,581.6351581858855,589.2115563593937,577.0698736180151,577.6527099609375,541617
2023-02-24,585.7146758242592,586.3946217992416,562.4026489257812,562.4026489257812,1022097
2023-02-27,569.4934584471068,580.2753079709863,568.8135123767715,578.4297485351562,574015
2023-02-28,576.001348730636,578.9153521812126,548.901092926053,567.2593383789062,1117686
2023-03-01,572.5045823161529,572.8930805477404,557.1574496723887,558.1287841796875,634647
2023-03-02,550.7465465198864,560.945556640625,544.9185407366072,560.945556640625,655646
2023-03-03,569.9790116011421,573.8643491843612,567.7449543479004,572.5045166015625,659208
2023-03-06,577.9439482795832,578.2353367325312,569.299048700343,573.2815551757812,638699
2023-03-07,564.3453593823722,571.0475913233382,556.866071678025,557.6431274414062,624748
2023-03-08,560.4600386472092,566.967992027607,557.254646470463,565.3167114257812,536052
2023-03-09,568.2307672253822,572.7960519131942,557.6431958825136,568.5221557617188,539205
2023-03-10,555.2147786221066,566.3851254150873,552.6893326266104,561.0427856445312,689644
2023-03-13,560.6542470271872,563.9567485306643,535.690940222276,548.803955078125,946929
2023-03-14,551.2322416928723,561.2369736056959,541.0332310536209,559.585693359375,726322
2023-03-15,559.2943532440195,562.8883024941027,538.6049417307679,551.7179565429688,958792
2023-03-16,561.1398208992115,571.0474423326209,546.666916529418,570.1732177734375,962262
2023-03-17,577.8468972417126,587.1716843963171,572.6987771461081,579.012451171875,1467498
2023-03-20,575.1270294521623,589.5028248739459,567.4535238648753,582.994873046875,910289
2023-03-21,588.7258782847699,593.3883318006536,572.9903051681197,578.1383666992188,631007
2023-03-22,575.4185243359992,588.0458715812442,573.8643537191024,583.5776977539062,482332
2023-03-23,582.8975941447952,600.5758873633978,582.217707674701,599.6045532226562,723209
2023-03-24,599.0218587317603,599.5075258688404,578.2352815505144,581.537841796875,646747
2023-03-27,587.36601729279,592.1255210411764,582.315065749445,587.8516845703125,550331
2023-03-28,584.5490635958218,588.0459032077478,567.9392681172119,570.853271484375,523505
2023-03-29,581.246547979624,588.4343872070312,576.5840952763286,588.4343872070312,605576
2023-03-30,594.359554773989,606.1126775311266,593.8738875644287,605.8212890625,577844
2023-03-31,603.1986430709625,608.4438723771019,597.7591943194842,607.2782592773438,683418
2023-04-03,606.1126811527255,606.30695989482,598.1477270112371,599.9932861328125,399312
2023-04-04,602.713000152341,605.432724637579,595.7193805577668,600.4789428710938,431098
2023-04-05,592.6111056767854,594.6509435292503,583.7719861727484,588.8229370117188,625683
2023-04-06,588.9200296548412,591.251255908444,584.2576364331819,589.5999755859375,400108
2023-04-11,589.3085116177052,600.5759654001486,588.1428986402534,593.0966796875,640992
2023-04-12,588.4343161988522,600.1874969822557,582.5092005912772,586.1031494140625,572845
2023-04-13,580.3723174811585,586.3946027581563,577.1669257438116,585.908935546875,507745
2023-04-14,585.0348236991825,592.2227235268325,581.732321596782,589.1144409179688,521052
2023-04-17,577.2641077927611,579.3039459070269,562.2084223568314,565.6080932617188,824156
2023-04-18,568.1335270597465,576.0013121625879,567.2593023658538,571.7274169921875,594527
2023-04-19,556.0888621880279,562.4996445706528,543.9471839743155,550.6494140625,1055682
2023-04-20,562.4026449914876,565.8994252875775,552.1065235642399,556.9631958007812,710967
2023-04-21,563.1796798259406,569.8819109782643,557.1573946186502,563.5682373046875,776388
2023-04-24,558.905927005277,566.1909361722616,555.8947543115895,556.8660888671875,485845
2023-04-25,548.7069313503191,554.3406600920556,547.4441489600616,547.638427734375,644436
2023-04-26,538.7021063316784,541.2276116796419,530.0572645906988,540.644775390625,754517
2023-04-27,540.1590717733432,550.1638641820425,532.7769535603823,548.0269165039062,674062
2023-04-28,558.2467604007738,561.2669197867617,550.6476017330767,558.73388671875,774707
2023-05-02,567.0149661307634,567.0149661307634,558.1492919921875,558.1492919921875,652765
2023-05-03,562.6309165935952,563.5077677815443,556.7854005770384,560.487548828125,459309
2023-05-04,561.3643810415695,563.5077487345924,553.86262384782,562.43603515625,554027
2023-05-05,563.1180423723249,570.9120637200386,560.6824107011643,570.5223388671875,568087
2023-05-08,575.7833586347613,577.0498752804799,571.0094965120519,576.0756225585938,412495
2023-05-09,577.0499661993506,577.0499661993506,567.5997014153554,569.4508056640625,546735
2023-05-10,573.347684603362,585.6232442095748,567.5021687025632,584.161865234375,764543
2023-05-11,585.3310658659329,588.9358130910691,575.9782628430073,578.024169921875,437911
2023-05-12,581.628921682868,585.136207977899,578.8035647769967,581.2391967773438,417417
2023-05-15,581.1417438060485,583.4799741047331,577.7318593076055,580.264892578125,360219
2023-05-16,585.9155979831323,589.8126087859102,582.7979774481768,588.6434936523438,609896
2023-05-17,587.4743633293091,593.8070057200894,585.330995550466,592.7353515625,484312
2023-05-18,601.1138632511369,625.6650410335427,599.4576219134665,624.106201171875,899214
2023-05-19,629.3672005392798,640.1813809736077,626.8341674804688,626.8341674804688,876709
2023-05-22,626.7367447454332,627.3213320387154,620.2092398176064,626.6393432617188,493906
2023-05-23,626.1522709624622,629.5621556781057,618.6505126953125,618.6505126953125,467447
2023-05-24,614.9483330332712,614.9483330332712,601.3087948584176,605.6929321289062,596488
2023-05-25,637.161218675524,642.7144705475383,628.7826698606682,635.7972412109375,1063563
2023-05-26,647.585759015508,670.2858342417171,644.2732761654759,664.5377197265625,1160754
2023-05-29,668.1425985795869,670.0911042969166,658.1078060280745,658.789794921875,331007
2023-05-30,660.445896670433,680.1257526727087,656.8411499647864,665.511962890625,748984
2023-05-31,661.9073135373047,667.8502312700693,652.5544518632004,654.210693359375,1149623
2023-06-01,659.569053590074,664.7325808170272,652.6518834604884,659.763916015625,528990
2023-06-02,657.5231583362331,665.414581268594,652.7492964128228,657.2308349609375,594719
2023-06-05,656.2565897017303,662.9789570635943,652.7493037951626,657.8154296875,444146
2023-06-06,651.7749252041172,656.4513253307881,640.9607461947121,651.9697875976562,459865
2023-06-07,656.1591601986827,656.5488850443994,643.8836005862215,650.703369140625,401147
2023-06-08,637.5510429215136,648.5600874411226,636.7715931266945,645.6373291015625,477042
2023-06-09,651.0931312934035,656.2566592164503,646.4167297680718,649.4368896484375,421985
2023-06-12,650.313682527748,660.7381983950834,647.3909244040278,654.210693359375,431180
2023-06-13,666.9732429406918,670.3831267174103,653.9182950165902,663.0762329101562,673774
2023-06-14,662.2969673908591,668.04508205272,658.1076927126603,664.1480712890625,635320
2023-06-15,661.0304767708145,663.2712461552702,645.6372955419873,656.4514770507812,554127
2023-06-16,655.964300486276,656.354025333603,642.8118896484375,642.8118896484375,1758226
2023-06-19,643.9811019024008,649.4368938062715,641.6428713929294,644.1759643554688,323186
2023-06-20,638.5251980527313,646.9037468926839,635.0178529034295,639.4994506835938,416739
2023-06-21,638.2328624858206,643.493850377322,627.5160837513006,629.3671875,456469
2023-06-22,622.9371378778527,635.7972246610374,617.6761500384337,635.1152954101562,487601
2023-06-23,633.8487505060847,633.8487505060847,623.0345698731111,624.3010864257812,489221
2023-06-26,625.0804155356618,637.453434877549,619.4297626090938,630.6336669921875,444225
2023-06-27,629.367286583183,634.0436879653706,624.6908852009955,632.8745727539062,409369
2023-06-28,640.3763212874071,649.5343209315288,636.7715742162669,647.5858154296875,559624
2023-06-29,648.949722896728,655.574689064628,644.4681841018947,651.1905517578125,435340
2023-06-30,636.1869178185096,648.8522010216346,626.3469908076983,645.929443359375,1112112
2023-07-03,650.9956734026117,657.5231784592423,648.3651791900988,648.94970703125,495373
2023-07-04,652.749287710305,657.8154134778043,649.1445409451421,651.8724365234375,261653
2023-07-05,643.6887455784647,649.5342615495778,641.2531139238342,642.3247680664062,507486
2023-07-06,636.1869903342557,637.8432317577208,621.8654642640137,623.3268432617188,625654
2023-07-07,620.11188942687,627.9059116034842,612.2204657585162,623.9114990234375,558228
2023-07-10,615.7276825551367,631.9002529633664,614.7534298928659,628.5878295898438,350380
2023-07-11,632.2900624075127,632.4849248587701,617.8711329695363,618.7479248046875,358847
2023-07-12,628.1008371552424,643.0068941728784,625.5677440151435,637.161376953125,777827
2023-07-13,641.6427083359315,650.3135798527644,638.4276868001773,645.929443359375,544104
2023-07-14,650.2163235669036,669.6039180440065,648.3652195153511,667.2657470703125,749145
2023-07-17,654.6978486186745,659.4717108836531,639.4020685364865,647.5858154296875,513490
2023-07-18,655.6722299141547,655.7696314228748,644.4683210820407,647.0988159179688,498747
2023-07-19,651.7749911288835,658.5947593469734,631.0234225865703,635.1152954101562,875404
2023-07-20,619.5273975373788,621.4759031947208,601.6985232017599,604.1341552734375,989215
2023-07-21,589.4228996685464,610.5641957312096,587.4743942150966,609.3950805664062,668180
2023-07-24,604.816138740878,608.1286221142248,598.5809563713127,599.8474731445312,453487
2023-07-25,600.1396411280587,612.9023272432061,596.9246192290339,612.2203979492188,430293
2023-07-26,606.4723272702181,610.077074280863,596.3400750452164,601.503662109375,575595
2023-07-27,605.4980881167036,636.4793138782114,602.8675937816284,635.9921875,938047
2023-07-28,631.0235448524663,637.4535894899317,626.736808785042,636.1870727539062,648898
2023-07-31,635.7973803019765,641.4480943511679,630.6338521369985,635.40771484375,577453
2023-08-01,632.3317971813791,635.3587456091808,627.644976579154,629.4025268554688,419394
2023-08-02,620.9075948761384,624.2273983094042,612.7056153894381,614.0726318359375,601500
2023-08-03,606.9448589406218,610.2647228715085,598.4500216751818,604.6990966796875,528043
2023-08-04,610.6552726753958,612.5104415432038,602.5509100554768,606.4566040039062,484781
2023-08-07,605.968498422523,612.9987606805892,604.3086258805686,610.4600830078125,288878
2023-08-08,610.2647077306467,612.2175547953848,598.6452438569901,600.30517578125,446088
2023-08-09,607.3354124976867,613.7797837114488,596.4971355664976,599.6216430664062,405449
2023-08-10,603.9179554826671,615.5374193700309,602.4533201823858,609.4835815429688,567448
2023-08-11,603.6250950805141,606.1637726594187,590.1504610152352,591.4197998046875,543687
2023-08-14,587.9045699242711,593.9584075889426,582.1437069887273,590.9315185546875,516196
2023-08-15,597.180623839576,598.5476406583381,581.5578469219032,586.3423461914062,455588
2023-08-16,583.6084578769635,592.1033559930063,581.5579323476162,587.8070678710938,384495
2023-08-17,581.9483817857587,590.0526845793153,578.3356030668504,578.7261962890625,456891
2023-08-18,581.6554988337624,587.5140399139826,577.2615930235972,584.0965576171875,571883
2023-08-21,586.4399025773829,592.2008247938905,584.0965220457038,585.5611572265625,354746
2023-08-22,596.5947930791867,612.5104851324428,594.1537341877007,604.6990966796875,581626
2023-08-23,605.9684535833087,612.0222917352442,599.1334884818707,610.6553344726562,366714
2023-08-24,628.3286533476005,628.4262718795037,587.7094511110733,589.3693237304688,619253
2023-08-25,579.4097910040393,588.8810522949283,576.5781387112748,580.19091796875,590998
2023-08-28,590.7362314147194,596.0089422773818,587.1234524603886,592.2008666992188,463751
2023-08-29,596.4972027298215,599.817007221312,588.5881357902257,598.5476684570312,432969
2023-08-30,597.1805642038233,598.4499623785508,590.931489818499,596.3018188476562,349503
2023-08-31,599.5239689737801,606.1636361897636,593.3725134589153,593.5678100585938,876628
2023-09-01,594.9349406600322,606.8473215624721,592.4938814421622,597.2783813476562,452949
2023-09-04,602.0626989885957,612.4128237212624,600.9886569900345,602.2579956054688,245010
2023-09-05,599.9145747807431,608.1164957742135,597.0829230162835,604.7966918945312,403346
2023-09-06,603.6250123274194,608.8976634060291,599.6216402680839,602.2579956054688,452420
2023-09-07,599.4264497986564,600.8910851447067,574.3323522837615,579.5073852539062,632656
2023-09-08,584.8776728367969,585.3658845837391,564.2751609542988,572.86767578125,656598
2023-09-11,572.4770592538463,576.6756681874958,562.5175281021989,563.7869262695312,641758
2023-09-12,568.2784342981195,569.6454509338628,554.9014214340699,563.5916137695312,652972
2023-09-13,560.1742721295066,563.7870516324571,554.9015604661549,561.1506958007812,652184
2023-09-14,567.0091647281922,571.9889009712244,559.1000982528213,568.2785034179688,775704
2023-09-15,570.1338085799183,571.5984440947533,545.9184537243751,548.5548095703125,1807254
2023-09-18,546.7971990610987,547.7736226308506,537.7164717816385,544.3561401367188,597938
2023-09-19,545.137222546417,552.6556953386304,538.0093429886667,540.352783203125,535912
2023-09-20,542.5986104682065,546.4066267787821,538.7905345614635,543.4773559570312,468144
2023-09-21,539.9620800294738,543.4771800393077,533.5177101460623,538.9856567382812,584661
2023-09-22,536.056393097179,547.285261076446,533.6153348408167,542.1102294921875,400841
2023-09-25,544.1608086278395,544.1608086278395,534.3965735561173,541.6221313476562,407569
2023-09-26,531.8578981769626,535.0800838429158,523.8512134702999,529.807373046875,724283
2023-09-27,533.0296442296383,539.9622276539997,530.783822368974,535.470703125,465517
2023-09-28,533.6154169511299,537.8140258789062,521.8007170108032,537.8140258789062,639072
2023-09-29,542.5985916045576,555.0968014236224,541.7197865501173,545.9183959960938,739218
2023-10-02,546.7971441164591,549.3358213042504,538.1069513804302,543.2820434570312,528210
2023-10-03,539.9621549661601,543.2820184554092,532.5413607616881,534.2012329101562,438929
2023-10-04,528.8309815391965,546.2113687577136,525.9017108299406,544.3561401367188,577291
2023-10-05,546.7971925610124,549.6288447180976,530.197992072553,535.470703125,479265
2023-10-06,537.3258322381799,550.3122526781949,535.6659003933299,547.9688720703125,561190
2023-10-09,548.4571883388817,550.117120500084,539.2787819860021,542.0127563476562,451824
2023-10-10,547.7736001013945,558.6118774414062,546.5042614321568,558.6118774414062,620070
2023-10-11,558.6117921959086,560.6623170528354,551.7768285317928,553.7296752929688,590606
2023-10-12,561.4434824521596,577.3591727311372,559.3930170503627,574.8204956054688,721349
2023-10-13,568.4738785284695,577.8475220198679,558.5143450712513,560.0765991210938,632479
2023-10-16,560.0765316526304,562.0293787777736,550.5075926586611,556.1708374023438,515174
2023-10-17,555.9755233753455,561.4434707300801,543.1843407192792,559.3930053710938,593991
2023-10-18,532.150786401341,561.0528970169687,531.2719814477194,540.157470703125,1135072
2023-10-19,544.3561027018229,565.2515894960165,544.0631875702738,549.2382202148438,781442
2023-10-20,541.9150018195639,548.6523473022697,533.3224875838184,534.2012329101562,746611
2023-10-23,536.3494086554263,541.2315260828308,528.0498090288387,539.5715942382812,443374
2023-10-24,541.9150811737237,552.2651471738909,537.6187936286551,549.3358764648438,629052
2023-10-25,547.9688635907427,554.8038278845784,538.0093322719218,547.4806518554688,454917
2023-10-26,540.9386242810186,554.1203416597077,537.2282268640273,547.3829956054688,529331
2023-10-27,552.5581805680738,552.5581805680738,543.4773927292965,546.9925537109375,511354
2023-10-30,552.3626677468486,554.5108109067019,538.0092334470887,538.9856567382812,452202
2023-10-31,541.8174596924372,556.0732198933802,538.2046805851348,551.9722290039062,667099
2023-11-01,554.8601747196207,562.1043153825452,547.5181644866967,559.265380859375,445529
2023-11-02,571.6978719801223,589.514495693773,568.369470058547,582.1724853515625,813473
2023-11-03,582.5639869870945,588.6333937739802,577.4735746007673,585.1092529296875,528271
2023-11-06,587.3607406657835,588.9270120744559,576.9840581471244,579.235595703125,417768
2023-11-07,582.4660068498747,587.752276862229,579.1376057681082,586.4796142578125,341351
2023-11-08,584.2281153287614,588.6333207120622,580.116578354463,587.3607177734375,383482
2023-11-09,582.5639133744972,593.0385247678947,579.8229086475744,590.7869873046875,564152
2023-11-10,586.8712561256007,595.1921997070312,584.7175881899342,595.1921997070312,505316
2023-11-13,601.7510188157157,606.5477617746592,594.6048092752452,599.5973510742188,524322
2023-11-14,601.0658257247323,613.3025078445355,598.9121577217621,608.2120361328125,794139
2023-11-15,612.7151943738431,619.3719377510447,610.1699285461833,614.5751342773438,690093
2023-11-16,611.931949652249,616.0434866204,607.0372770114554,612.3235473632812,554636
2023-11-17,606.0583089230789,616.239251351933,605.0793744491283,615.4561157226562,806307
2023-11-20,610.9530501076574,617.1203857877406,609.4846482313377,616.4351196289062,390260
2023-11-21,621.6233653928037,623.0917670433379,611.1487550024433,612.519287109375,470788
2023-11-22,609.3867474968887,623.9728959552177,606.4499438944941,619.959228515625,464199
2023-11-23,617.2181029036473,618.686504417296,611.1486980306842,616.5328369140625,309203
2023-11-24,614.8686880769379,620.0570883258837,614.8686880769379,618.980224609375,352307
2023-11-27,618.686555234294,621.8191573372621,613.4002854511969,615.358154296875,415192
2023-11-28,614.5750360671634,616.6308342628408,604.1004254970468,606.6456909179688,439705
2023-11-29,604.3942021819822,618.2950246960298,602.2405342680213,615.9456176757812,429042
2023-11-30,606.1563420499559,614.2814876256364,604.6879400875042,609.8762817382812,837686
2023-12-01,613.4003898563572,626.9097349904565,613.3025202971813,624.07080078125,626510
2023-12-04,623.5811827618749,625.4411819320436,614.8686431217953,617.3159790039062,420353
2023-12-05,617.3161152171247,631.7064653291065,615.1625069651939,629.7485961914062,502726
2023-12-06,631.7063609198115,637.5799673621145,629.161155361246,635.3284301757812,486686
2023-12-07,629.5526118543802,634.3494137283232,628.7694763799057,632.9788818359375,383876
2023-12-08,634.1537623549531,639.0484348951262,631.6085565338312,635.9158325195312,499127
2023-12-11,635.3284553355901,648.9356680322209,633.9579232116788,645.3135986328125,606273
2023-12-12,647.3693117577939,653.8303146972213,646.4883066406545,649.4251098632812,508644
2023-12-13,655.8860086545684,660.6828108265823,653.4386728013797,655.0049438476562,506124
2023-12-14,665.6754337973896,675.7584468006135,663.6196953280765,667.8291015625,846486
2023-12-15,674.7795863620058,682.0237260713042,672.7238476671797,680.0658569335938,1167716
2023-12-18,675.0731941505461,678.8910625259463,660.3891769365746,662.3470458984375,502027
2023-12-19,666.556513912881,672.1363926709529,660.4871081634947,662.5428466796875,566461
2023-12-20,663.9134623226633,665.0881958007812,658.2356535527579,665.0881958007812,452913
2023-12-21,656.473308582333,668.2205200195312,654.1239021445376,668.2205200195312,469636
2023-12-22,665.6754447414854,670.4722475813019,661.2702395924608,669.1995849609375,336136
2023-12-27,672.430220331554,675.3670242175568,668.1228840656453,670.4723510742188,286536
2023-12-28,673.5069103469314,674.3879752631407,669.8848408850076,671.451171875,285259
2023-12-29,670.5701325448633,675.0732073453966,666.3607261444658,667.3396606445312,309269
2024-01-02,668.4164399238075,668.71010831306,644.922012792922,650.30615234375,525651
2024-01-03,634.251596155495,644.2366788344476,626.9095884507288,631.8042602539062,518819
2024-01-04,634.4473437609324,636.894679695436,621.7211969015141,632.783203125,503762
2024-01-05,626.4201108705967,632.3915864715701,621.6233086833546,630.6295166015625,410860
2024-01-08,636.3074021424516,642.3768077743093,630.6295941962949,639.6358032226562,367262
2024-01-09,641.3980348024935,642.9643064408219,632.587622400672,640.7127685546875,369450
2024-01-10,642.6704592197283,645.0199257731541,633.8600492685058,637.6779174804688,386963
2024-01-11,645.4115353011443,650.1104091798733,634.6432552772382,635.2306518554688,416929
2024-01-12,642.7683409380038,645.3136063773256,632.4895291335619,635.6221313476562,487801
2024-01-15,637.6780127791687,638.1674800718301,634.54541015625,634.54541015625,214493
2024-01-16,632.4895541342374,640.0273617053284,630.6296144409943,638.5589599609375,380117
2024-01-17,632.3916921903749,638.8526360436352,628.18228575571,635.9158325195312,439569
2024-01-18,646.9778179285066,661.7597045898438,644.5304817428934,661.7597045898438,684534
2024-01-19,673.898510631624,675.9542491114862,663.9133671235403,671.8427124023438,677776
2024-01-22,687.1141818475387,697.4908641370363,685.2541823100707,692.59619140625,770968
2024-01-23,690.3446500660345,696.0224584523294,682.9047117069045,692.20458984375,602106
2024-01-24,743.9901840235951,762.4920690786857,730.6766993671504,759.4573364257812,1667776
2024-01-25,764.8414738825243,797.2442400291831,761.4152033073119,794.698974609375,1095341
2024-01-26,773.3583361565538,783.7350190457192,762.3942566560946,780.4066772460938,779116
2024-01-29,779.5255530898328,790.0980340476829,776.4908799512704,787.8464965820312,457734
2024-01-30,793.7199815695594,796.8525835283988,779.5254330914737,784.4201049804688,469156
2024-01-31,776.1971573579286,784.9096382036716,770.8130178270674,781.385498046875,721653
2024-02-01,780.6023903661142,803.3136228550397,780.6023903661142,795.38427734375,495606
2024-02-02,798.9085003814955,803.803173364471,793.2306916711292,801.5516357421875,480183
2024-02-05,807.4846032193362,812.7801912168201,802.2869985337314,811.4072875976562,421775
2024-02-06,818.8604111023083,822.2927601308808,810.8188956928549,817.68359375,435173
2024-02-07,820.7237872980974,839.1603946974172,819.5469698352849,833.570556640625,654929
2024-02-08,838.6701245295957,843.3773348927956,829.4517901827826,838.572021484375,463608
2024-02-09,839.4546080534084,859.1660766601562,836.1203017895311,859.1660766601562,575188
2024-02-12,859.3622242775397,863.1868661831576,850.8303722341474,860.6370849609375,465049
2024-02-13,841.6120531948898,845.4366350406359,802.2871013493665,834.2570190429688,727655
2024-02-14,832.5898688652483,846.025076600118,829.4517089785352,836.9048461914062,505322
2024-02-15,846.7115241555566,856.0279004029821,836.1202274846746,844.1617431640625,546556
2024-02-16,859.4602633680328,860.3428315345199,843.8675673504754,857.6950073242188,608120
2024-02-19,845.4366842695903,849.1632830078967,842.886962890625,842.886962890625,242086
2024-02-20,835.7280956981745,839.8469271384614,817.7818228391661,821.5083618164062,509991
2024-02-21,826.9019475320099,827.2941800891388,809.6420989220412,817.8797607421875,437814
2024-02-22,854.262700972698,864.755895306989,842.9849816103734,859.8525390625,940793
2024-02-23,857.3027655245295,864.1674638485675,845.8289006404104,848.2805786132812,405777
2024-02-26,843.4752704114205,856.0279095848225,842.0042636197331,852.98779296875,286040
2024-02-27,861.1272805497425,868.3842707295124,853.6742040316664,862.2060546875,371102
2024-02-28,854.1646310616565,860.0486583709215,846.7115537454224,852.5955810546875,357552
2024-02-29,854.5568833682111,856.8124150931108,841.5139088940597,853.6742553710938,729779
2024-03-01,863.9713665921684,877.1123852134918,856.5182890745184,876.7200927734375,456792
2024-03-04,892.410729568612,901.0406235537968,887.8996663063656,895.5488891601562,524208
2024-03-05,893.39148865255,898.8832235868406,876.7200777775848,882.11376953125,480872
2024-03-06,885.546111149956,896.9218733532355,881.1330906624977,894.5682983398438,481039
2024-03-07,897.314181163427,931.2453819953068,891.0378613092954,930.8531494140625,602723
2024-03-08,936.0506064319181,939.875247833576,905.5517578125,905.5517578125,576094
2024-03-11,882.604028196103,893.7837031620869,862.9906053473007,867.4036254882812,713102
2024-03-12,868.2862008505467,877.0141375762018,854.949038208189,875.0527954101562,600454
2024-03-13,884.7615528514427,887.9977557827145,861.225444470675,861.9119262695312,534861
2024-03-14,869.9533837593746,873.1896465523052,860.2447749468394,863.9713134765625,587839
2024-03-15,863.1867435673329,865.6384214007692,841.1216430664062,841.1216430664062,2713321
2024-03-18,851.2225775130024,862.9906315800024,844.8482148933774,853.9684448242188,474446
2024-03-19,848.28062324645,853.8704612897943,838.5719540208823,852.7916870117188,362603
2024-03-20,859.0680528382289,871.718736462606,851.6149749521223,857.5970458984375,336510
2024-03-21,893.3914309627457,905.9440098987129,888.9784107219858,905.4536743164062,657108
2024-03-22,894.8624400173466,896.6276361471191,873.8760530983343,888.5861206054688,471160
2024-03-25,888.3899812389487,897.902443108209,883.7808150573626,895.3527221679688,358516
2024-03-26,889.2725974119259,896.8237773277041,882.996337890625,882.996337890625,437821
2024-03-27,883.0943958586638,888.095794924691,873.8760628425692,877.8968505859375,381771
2024-03-28,880.7408194402677,885.4480892912417,873.0915957155689,874.9548950195312,532794
2024-04-02,900.0600534195155,901.1388276983494,873.1896973174036,873.48388671875,590869
2024-04-03,877.4065447830445,887.5074462890625,872.4050856918096,887.5074462890625,389366
2024-04-04,890.4494764946926,898.9813281634684,880.7408073792889,883.8789672851562,413590
2024-04-05,869.8553454686165,893.0972646410602,867.2075212847195,888.1939086914062,475214
2024-04-08,881.7214709001037,900.2561809200377,881.6234277201676,896.039306640625,307245
2024-04-09,896.0393538433676,901.6291920688818,875.543300301624,881.9176635742188,383216
2024-04-10,895.7451367288974,900.6484929407801,870.934106412433,895.6470336914062,437885
2024-04-11,888.9784769663613,900.6484886370461,880.9369608462155,891.5281982421875,366552
2024-04-12,907.1208522996299,916.3391854435451,882.407926298329,889.9591064453125,509980
2024-04-15,896.9218927372399,912.8087788065163,889.6649614698376,893.29345703125,606551
2024-04-16,881.2311352326235,896.6276853731315,873.7780578953257,895.7451171875,527766
2024-04-17,842.0043081790059,873.8761236855726,829.1575387939126,835.9241943359375,1271289
2024-04-18,853.18399270745,854.6549995914283,816.11463120228,824.0580444335938,762238
2024-04-19,814.4474187332878,825.0386555548826,802.3851751349322,805.1310424804688,834780
2024-04-22,805.13103471776,809.6420981808322,794.3436517921872,797.4818115234375,526653
2024-04-23,807.2885843065978,819.8411643251811,804.4446137417696,818.1740112304688,389817
2024-04-24,843.3772328774195,843.3772328774195,816.9971536278066,818.664306640625,477145
2024-04-25,813.2705941730926,824.0579771075987,799.4431545355749,817.5855712890625,515076
2024-04-26,830.4102670543977,847.6081128217965,827.2655061178082,843.9719848632812,498526
2024-04-29,844.1684805011147,844.9546556811028,828.2481781857374,833.0635986328125,326342
2024-04-30,836.2084030264884,837.5841946680234,818.2243224449763,818.3226318359375,510511
2024-05-02,793.8525632825564,808.3970154038034,790.1181858432442,797.3904418945312,624535
2024-05-03,802.893709896165,822.3518318729036,801.7144170530512,821.4674072265625,434464
2024-05-06,826.4793184104559,833.0636484011918,818.2243285741116,831.9826049804688,210766
2024-05-07,836.6014633510556,844.8564531522517,829.0343993635133,839.451416015625,417265
2024-05-08,832.3756852550619,838.7634561572554,825.693106153647,830.4102172851562,368284
2024-05-09,831.491284569796,837.7808067006075,829.2310081726172,833.26025390625,331311
2024-05-10,836.2084489621442,855.7648210787597,833.8498631880558,849.5736083984375,433877
2024-05-13,854.5855172154301,855.1751936420422,832.1791925746882,838.2721557617188,327567
2024-05-14,838.3703752348856,838.6652434283247,822.7449401795874,826.1845092773438,407049
2024-05-15,832.867132381883,837.9773615915832,825.6931855977501,836.3067016601562,386501
2024-05-16,849.0822054273904,851.6372899234149,844.0702858462171,844.2667846679688,387981
2024-05-17,831.4912667343041,841.9082837911827,827.9534480999391,838.2721557617188,492332
2024-05-20,835.0291309110577,849.7701416015625,831.8843699674849,849.7701416015625,209691
2024-05-21,849.377040100818,849.377040100818,828.7396247426799,838.9600830078125,327438
2024-05-22,842.2030409815247,846.9201522019594,837.2893709641296,839.3530883789062,270000
2024-05-23,853.2097568673698,876.7953752466677,853.0131980512765,861.2681884765625,574762
2024-05-24,851.0477190250567,866.673214995069,845.6426815485697,865.29736328125,393663
2024-05-27,867.0662757535922,868.7369357031332,859.7940794751912,867.361083984375,168545
2024-05-28,870.8988215246146,882.8881874773734,869.0316030634526,880.5296020507812,399600
2024-05-29,887.507072434911,889.9639074931201,866.8696579459549,873.1591796875,469059
2024-05-30,868.1472207953673,874.3384328650502,862.7421839123974,865.7886352539062,277618
2024-05-31,868.7368715360639,886.3278344431814,854.9785952900177,855.7647705078125,1325837
2024-06-03,869.719666671103,881.0211086673942,859.7940763886309,865.29736328125,359176
2024-06-04,869.6213605162768,871.7833273807507,857.7302428550475,857.8285522460938,328135
2024-06-05,867.7541995953154,927.7992283720635,863.3318961998693,927.307861328125,792315
2024-06-06,948.4365891140606,955.2174779189784,932.3197869980498,940.9678344726562,610760
2024-06-07,947.0608003306259,953.5468209609107,933.793890874868,942.3436889648438,458224
2024-06-10,941.459142748138,947.2572971605141,926.1285168170016,946.7659301757812,444357
2024-06-11,949.6158763544515,952.8588866406634,934.3834989670603,942.6384887695312,432167
2024-06-12,945.2918929403363,976.4445138872288,941.9996979319183,968.5826416015625,490161
2024-06-13,965.929363102723,975.6583946255655,948.3383988618727,949.8125,572537
2024-06-14,960.8191374233197,964.3569561755334,934.2853168377306,936.5455932617188,698205
2024-06-17,947.7487442879473,963.2759303222373,945.1935997624778,952.6624145507812,452520
2024-06-18,960.9174378856369,968.2879439953876,952.2693893797958,966.8138427734375,483986
2024-06-19,964.8483196126323,968.6810065642948,948.7315164912382,949.8125,314222
2024-06-20,955.7089419309971,972.2188633274719,954.4313995575869,971.8258056640625,521044
2024-06-21,966.4206095650952,967.010225954246,940.4764087786723,946.7659301757812,1168876
2024-06-24,946.3728734540764,950.6969271903218,925.8337081788981,932.1232299804688,504340
2024-06-25,913.9426449393846,934.6783089126837,905.1962881081874,933.7938842773438,455077
2024-06-26,942.3437813003417,947.4539507915522,926.325166995413,930.256103515625,419672
2024-06-27,934.580136680603,954.6279364757473,933.7939613904921,943.4247436523438,341799
2024-06-28,952.6624754902514,962.9811837022651,944.2109261087563,947.55224609375,507661
2024-07-01,955.0209665092921,956.003700588841,930.9439815603456,937.8231201171875,349534
2024-07-02,942.44195044317,951.7779238834307,932.8111687852714,949.2228393554688,355717
2024-07-03,958.1657198622505,976.346300187842,956.5933693401358,968.7792358398438,494730
2024-07-04,972.0222702607933,975.8549572273296,963.5707810285968,967.2069091796875,197960
2024-07-05,975.6582996028983,982.2426293748623,971.0394378236804,975.8548583984375,315286
2024-07-08,980.7685374939585,993.3475207681574,975.8548674664337,980.6702880859375,432188
2024-07-09,979.0979475215324,982.1444591446815,965.7327880859375,965.7327880859375,431994
2024-07-10,969.8602636755182,984.6995239257812,961.0156571731908,984.6995239257812,357082
2024-07-11,992.9544998732453,1004.1576319614887,970.842983931721,972.022216796875,470171
2024-07-12,964.1603331014974,991.3820777361321,956.2002114488723,984.8960571289062,552726
2024-07-15,981.2598359800514,996.6887707854157,972.1204223632812,972.1204223632812,461973
2024-07-16,969.9585238081119,974.5773859177493,957.9691561984129,960.9173583984375,466608
2024-07-17,929.6665330420317,929.6665330420317,850.0650645680311,855.8632202148438,1400700
2024-07-18,858.7129592228022,864.4128044399394,821.1725083382697,824.0224609375,1069933
2024-07-19,833.3584979185504,842.2031046181576,815.1779174804688,815.1779174804688,1044177
2024-07-22,814.1951585665372,844.9547222650609,809.3797377399983,835.8153076171875,685837
2024-07-23,843.9719282240237,855.5681771669762,833.1618544671267,846.0357055664062,561522
2024-07-24,841.3186231803651,845.2495595063685,814.2934359390911,817.2416381835938,601576
2024-07-25,791.3956630719728,803.7781472240092,771.15136705158,785.7940673828125,998743
2024-07-26,781.371784207263,816.2588414215664,781.371784207263,806.333251953125,790645
2024-07-29,813.6386482775148,819.5459955009451,792.8644411528658,793.8489990234375,492204
2024-07-30,817.6753872497659,818.1676662306508,791.5846012628679,793.2583618164062,547232
2024-07-31,881.1793438229121,881.6716227859416,832.4437264829857,837.3665161132812,1105524
2024-08-01,853.6117311787926,854.0055783905593,814.5247690705306,817.0846557617188,648403
2024-08-02,763.0324864204846,778.0469966371458,717.3489690028932,725.7177124023438,1713472
2024-08-05,669.499456083487,738.320085973836,646.8546215394866,734.4802856445312,1518118
2024-08-06,765.3953914521251,772.09037364304,746.4918663716331,768.0536499023438,1179917
2024-08-07,771.7950628066538,792.5692131770916,765.1000201367498,783.7081909179688,948049
2024-08-08,765.6907249618788,784.8896048672348,759.4880219340627,782.0343627929688,595077
2024-08-09,796.9012285783241,797.1965839447245,765.0015269688197,771.8934326171875,612174
2024-08-12,776.1270685561242,781.4437058560331,769.1367307105515,772.4841918945312,403033
2024-08-13,782.7236016571258,782.7236016571258,769.6289924152285,777.3085327148438,455306
2024-08-14,782.7235661758782,795.4243877018291,775.831660561751,786.9571533203125,448328
2024-08-15,790.206193655389,820.1367796384371,788.1386459790743,819.1522216796875,500366
2024-08-16,827.0286546311937,828.603923269623,812.2602857984938,819.6444702148438,443019
2024-08-19,813.6386724917884,823.9765304404509,810.8818622980289,816.5923461914062,353441
2024-08-20,832.0498942186401,841.5016865341446,815.4109010250024,819.742919921875,390916
2024-08-21,822.302814576636,833.625231039062,819.6444960843194,830.2777099609375,332581
2024-08-22,832.3453225128952,834.9051491690426,819.5460690468603,820.1367797851562,317571
2024-08-23,808.2236747206606,815.3124441455315,798.2796030067632,806.1560668945312,540922
2024-08-26,798.968716151143,802.0208215288342,778.9822032924466,784.692626953125,377665
2024-08-27,779.6715027439606,787.1541194925705,772.1888259026994,781.9359741210938,436447
2024-08-28,787.6463748065452,795.1289913301475,783.0189403360268,787.0556640625,389155
2024-08-29,784.6926918446945,811.1773249289589,781.739017973259,810.2911987304688,559815
2024-08-30,795.1289805306553,806.2545334978093,793.4552800810433,799.4610595703125,641364
2024-09-02,797.7872458434841,807.0421140418439,790.1077063239115,806.0575561523438,182640
2024-09-03,801.528627868008,806.2545542484103,767.069098551367,770.7119750976562,514171
2024-09-04,720.8933479809167,736.646275289573,712.2292499796854,725.0285034179688,1185615
2024-09-05,719.5149895073483,723.8470688354793,702.7775031554875,708.8817749023438,698249
2024-09-06,704.3527644528364,711.9338124105913,668.2194765421361,670.4839477539062,1113759
2024-09-09,685.9415498121482,690.8643396628273,658.3739266483456,666.053466796875,767948
2024-09-10,672.8469402777662,673.0438037975127,660.6383974210038,662.115234375,653475
2024-09-11,671.4685261945833,694.1133591894153,668.6132840842624,687.3198852539062,818521
2024-09-12,714.9859981477333,719.6134325496384,708.684803205652,711.2446899414062,819829
2024-09-13,713.804566178075,724.1424254123782,711.2447393571182,722.6655883789062,496764
2024-09-16,722.370213518474,725.8161665036856,703.5651197435853,708.7833251953125,440629
2024-09-17,707.4048779700413,718.6288624926375,704.3527724013841,714.7890625,494319
2024-09-18,713.115300114406,713.115300114406,699.1345654225537,703.9589233398438,635339
2024-09-19,709.8662590746845,738.4184387045956,708.1924985950915,736.3508911132812,709115
2024-09-20,722.6654058241692,728.2773971522305,697.6576143376129,705.632568359375,2547445
2024-09-23,708.8817072713749,719.2195655024159,700.0206859304827,707.2079467773438,493855
2024-09-24,723.5516397407102,725.5207555815148,707.4048658090538,716.3643188476562,474072
2024-09-25,714.7890037069516,728.7697372855885,714.1982930302012,723.6500244140625,441515
2024-09-26,760.0787580060446,761.457163210473,740.5845220860775,748.067138671875,896153
2024-09-27,758.1096106959579,758.2080424524959,741.5690493902121,745.605712890625,776015
2024-09-30,741.5691026879933,747.9687297317421,733.9879940176377,734.08642578125,776566
2024-10-01,742.3567120694843,751.0208102183435,721.5825628642814,730.3450927734375,626233
2024-10-02,732.9049701409392,746.2949343723009,727.8836884846919,745.7042236328125,465920
2024-10-03,742.3567075383716,747.6733446002419,733.7910412020912,743.439697265625,417685
2024-10-04,740.5845280399565,758.700358901136,735.8586617323726,745.8026733398438,495298
2024-10-07,745.3104112949985,747.279527308988,721.9763745106935,736.0555419921875,545578
2024-10-08,728.6713273451297,745.1134574126835,725.4222980725352,740.4860229492188,439895
2024-10-09,739.4030476225315,755.6482543945312,733.2987760896743,755.6482543945312,436981
2024-10-10,758.1097285047955,758.2081602766294,739.2062011780926,750.823974609375,456604
2024-10-11,756.1405096273118,760.2756650578659,744.0304587963416,758.798828125,409738
2024-10-14,760.0787384341462,784.2988400000402,757.6173435557972,779.7698974609375,538932
2024-10-15,783.412772514229,792.1753022100687,654.731036483147,657.7831420898438,2204929
2024-10-16,631.4955129816959,648.0360750421648,619.7792489720117,624.111328125,2201941
2024-10-17,626.9664426483364,632.9722817401473,615.1517481508453,624.4066162109375,1590232
2024-10-18,633.3661876855609,658.4724182039106,630.0187263387073,654.2388305664062,1326510
2024-10-21,662.8043907713885,665.462709121814,645.6730592621085,647.4452514648438,714227
2024-10-22,652.9588502489092,668.8102093474183,650.3989635006194,656.5032348632812,805759
2024-10-23,656.503233675124,662.1152260482636,645.1808171702095,648.6267700195312,614372
2024-10-24,655.1248582577996,659.35844525813,649.0205871888217,651.088134765625,543282
2024-10-25,649.4143988989994,657.7831414626083,643.4086194492334,653.8449096679688,553318
2024-10-28,657.3893657833236,657.4877975428439,640.8488039764101,645.3777465820312,564123
2024-10-29,646.8777679261192,651.2199158617243,643.9172289424756,646.5817260742188,445808
2024-10-30,645.2001291045549,650.8251653244067,625.6605834960938,625.6605834960938,888147
2024-10-31,621.7131660159165,625.0684675127391,606.5157089759336,613.0289306640625,868544
2024-11-01,611.8446730643115,620.2328661627738,608.4893717320006,618.8512573242188,619349
2024-11-04,618.6539956283515,620.331586223178,608.390769583009,610.0684204101562,435317
2024-11-05,608.0947248760539,617.5684256178614,604.8381440105776,615.7921142578125,439737
2024-11-06,615.7921311212652,626.8448224442652,601.9762820255958,602.7657470703125,791766
2024-11-07,603.1604250767405,620.6276153146886,597.7327708364484,616.4828491210938,720778
2024-11-08,621.713206259742,628.818512092032,605.8250039704773,613.3250122070312,636754
2024-11-11,625.6605886754826,626.6474350298604,614.1144742827988,619.0487060546875,542999
2024-11-12,616.5816221134689,634.5422387401368,614.9039711776444,622.00927734375,709924
2024-11-13,617.1737468299683,621.219792873307,610.9565664835036,619.4434814453125,717996
2024-11-14,644.4106136650777,663.5554553768441,630.298724064664,662.7659301757812,1320906
2024-11-15,648.7528442823981,653.0949322817833,626.6474609375,626.6474609375,1145914
2024-11-18,621.713244105929,624.2790207029598,605.1342363095692,621.3184814453125,696044
2024-11-19,626.5486926677345,627.9302412440571,610.6604322976732,616.4828491210938,626017
2024-11-20,624.8710924113005,624.8710924113005,605.1341663100739,608.3907470703125,548116
2024-11-21,605.3315269901393,624.0816061473728,597.7327986536393,623.1934204101562,745654
2024-11-22,632.8644657383936,638.7855430293794,624.2788916200018,633.6539306640625,686726
2024-11-25,640.0684656838721,650.5290722698145,636.2198013759453,643.4237670898438,1138869
2024-11-26,641.1540247360535,642.1408709923097,630.3973764499359,631.5816040039062,530129
2024-11-27,627.4369129874491,633.3579912356457,617.0750260531048,619.4434814453125,441708
2024-11-28,653.2922208232692,653.6869834182033,630.7921382552753,634.4434814453125,581311
2024-11-29,633.1605580993808,654.2790928826373,630.1013586810918,649.7396240234375,852351
2024-12-02,640.8580311502503,655.3646240234375,635.4303763322409,655.3646240234375,681019
2024-12-03,663.0621367844068,674.4108706673536,653.4897144192821,668.9832153320312,830912
2024-12-04,671.0554376028713,681.8120856220781,665.3317415050742,674.5093994140625,740826
2024-12-05,672.338405485938,683.9831803569585,661.877858280109,670.2660522460938,774846
2024-12-06,666.3186167985945,669.6738579935607,661.4830459590958,668.68701171875,519724
2024-12-09,668.5884539568866,674.6081930656345,659.5094547865788,666.121337890625,588633
2024-12-10,663.7527665650434,673.6212291082782,660.1014836098988,661.4830322265625,608574
2024-12-11,663.1607486799337,673.1278727442482,661.9765210108267,669.3778686523438,515977
2024-12-12,670.2659662998395,677.0751690950044,665.3317351878447,674.31201171875,526406
2024-12-13,673.0291996903954,682.009477235565,672.7331578367024,678.6542358398438,761756
2024-12-16,674.509508620861,682.2068984284456,671.2529275752279,678.9503173828125,732844
2024-12-17,675.0028629426719,704.5095911320695,675.0028629426719,694.147705078125,1079398
2024-12-18,696.910897874812,712.5030580119898,693.1608938264761,707.8648681640625,844527
2024-12-19,688.720085098045,691.5819033459787,676.3845058423294,681.7134399414062,962825
2024-12-20,674.8055217901075,677.86478161317,660.397589179301,677.0752563476562,1459747
2024-12-23,671.4502397109115,680.6278981601083,669.3778263628236,674.8054809570312,527957
2024-12-24,681.022655684639,681.7134601899417,676.6805677970489,679.4437255859375,116531
2024-12-27,672.1409881353131,686.4502594277951,671.0554813026038,675.8910522460938,532668
2024-12-30,675.8910750348896,675.9897355748923,659.7067711413365,663.0620727539062,433466
2024-12-31,659.6080182503845,670.3646055944153,659.6080182503845,669.7725219726562,166093
2025-01-02,666.1212556258491,682.009457037479,661.8778285624,680.9239501953125,446335
2025-01-03,680.924010165902,682.3056192069943,668.5884302715922,678.9503173828125,442214
2025-01-06,694.5424449410125,738.1610653973182,692.3713709374974,737.9636840820312,1120484
2025-01-07,737.0756337460074,742.0098659702213,720.7926674061015,728.6874389648438,836999
2025-01-08,729.1807582945504,734.6084129678605,708.7530277503555,714.7727661132812,569713
2025-01-09,707.9635571060512,724.2465209960938,703.7200698458221,724.2465209960938,385785
2025-01-10,720.5952147487404,724.641260679202,708.4570167250349,715.7596435546875,607599
2025-01-13,705.2990946661909,706.7793641833723,690.0029763219825,702.1411743164062,589104
2025-01-14,705.1016897326228,717.2398873204645,697.7990029328773,703.3253784179688,711884
2025-01-15,697.2069192387656,712.0096139147479,696.2200729270335,703.3253784179688,855094
2025-01-16,730.2662816227851,737.5689685319408,719.5096325708189,735.5952758789062,968229
2025-01-17,724.9373042203987,739.4439576039251,721.1873001389148,729.3781127929688,942715
2025-01-20,732.9307981547975,738.6544949536656,725.3320691929782,738.1610717773438,434335
2025-01-21,736.8781250268339,739.9373243840736,717.9306645148247,722.7662353515625,612520
2025-01-22,728.5886829792636,742.9966765172435,724.3452555179258,738.259765625,712118
2025-01-23,718.4240727506992,724.7399128678072,697.9963432510226,705.89111328125,976826
2025-01-24,702.9306083335989,713.88463841686,689.4108019600162,691.4832153320312,815267
2025-01-27,638.489644255698,649.1475737207652,610.3645208224872,643.0291137695312,2074064
2025-01-28,651.0224478760072,651.1211084027323,630.1012964637932,638.0947265625,1246359
2025-01-29,705.5951509021578,712.6017360000055,671.9437139520605,673.5226440429688,1619804
2025-01-30,686.1541648369927,707.0753167510366,679.0488600053137,697.4042358398438,1215506
2025-01-31,703.6214263038294,720.2004324367545,702.9306218332243,713.19384765625,938233
2025-02-03,685.8581612315087,702.3385060730313,682.502859803061,700.5621948242188,1009983
2025-02-04,703.4240603074384,707.6674875302248,693.4569363493363,703.0293579101562,673080
2025-02-05,693.1608507411484,699.7726726272525,684.4765552966041,696.8121337890625,589980
2025-02-06,700.6608401826874,705.89111328125,696.1213715082328,705.89111328125,730446
2025-02-07,704.9042805222156,706.877973067557,691.8778976764991,693.7529296875,676631
2025-02-10,700.5967459528495,711.3766423547212,698.5198419827557,709.1019897460938,705973
2025-02-11,708.3108222291004,718.6951611102,707.717395218195,715.6292724609375,560372
2025-02-12,716.1237362864501,717.8050222061834,699.8054901227696,710.486572265625,699310
2025-02-13,719.9808776919696,730.3652172740653,710.9811408659548,729.7718505859375,775991
2025-02-14,732.0464598256985,736.6946998156386,721.2665028509123,724.1345825195312,759158
2025-02-17,718.0027988284403,722.2554204128477,710.6842888550303,719.782958984375,445320
2025-02-18,719.8819230457921,722.651067886156,706.9261884140278,708.310791015625,678430
2025-02-19,705.6406186200185,713.0580042397103,702.0802976677019,709.5965576171875,683919
2025-02-20,701.7835175308107,715.2337456408358,699.7066738102186,702.0802612304688,665740
2025-02-21,702.8713810909101,710.2887657365236,695.0583784523981,702.2779541015625,748403
2025-02-24,701.882373571093,707.8162810939776,694.6627981574826,705.6405029296875,569212
2025-02-25,688.3333649675866,697.333101772459,680.5203615361818,690.113525390625,896194
2025-02-26,694.1683344357367,708.0141192256904,690.7068882382483,706.6295166015625,667549
2025-02-27,701.2890167830824,707.2229248998068,689.6190095594246,691.399169921875,768323
2025-02-28,667.5646184780929,678.9379416077197,662.6196953782552,671.1249389648438,1972948
2025-03-03,671.5206512892494,690.608045063342,668.9493150612599,682.6961669921875,882978
2025-03-04,665.5866734333601,672.5095660247918,650.455220270369,653.224365234375,1074324
2025-03-05,666.2789626653024,676.0698743633938,665.2899780273438,665.2899780273438,915005
2025-03-06,670.4326925201758,673.3007116768509,650.8507489152253,662.6196899414062,755847
2025-03-07,663.410932905614,669.7404592091569,655.4990552076035,658.663818359375,746863
2025-03-10,662.7186436436616,665.5867235067304,621.6757773352971,631.9612426757812,1198808
2025-03-11,634.631493735752,642.3455623192124,617.3242614946646,625.038330078125,1041466
2025-03-12,632.7523628616234,646.8948311916186,627.0162640016823,638.3895874023438,806867
2025-03-13,632.4557117464738,644.6202114088272,631.1700437169761,635.3237915039062,763405
2025-03-14,637.7962119565508,653.1254737197341,637.1039106430666,648.4772338867188,630478
2025-03-17,645.3124505352644,658.4659336230342,642.8399890389608,654.0155029296875,616812
2025-03-18,657.6748919763016,667.4658656410855,652.5321589439185,658.5650024414062,631607
2025-03-19,658.7626542927077,668.0591341912047,654.015540023131,665.685546875,642781
2025-03-20,668.5536092878717,679.2346312098454,661.8285258823943,665.0921630859375,749026
2025-03-21,659.2570919008328,663.5097738529579,648.8727538893078,653.422119140625,1709687
2025-03-24,660.5429784838536,669.5427161061704,658.4660741659666,667.1691284179688,646957
2025-03-25,665.586658386318,673.4985354548032,660.7406095367382,667.2679443359375,542626
2025-03-26,667.2679239170731,667.2679239170731,649.0705830712758,649.960693359375,576726
2025-03-27,642.8400536919382,646.3015001348948,633.6425080732207,635.4226684570312,770223
2025-03-28,628.0051576465171,632.8512058427771,616.4340269212528,618.7086791992188,848638
2025-03-31,609.807920335838,610.7969050009061,595.9621350248851,599.32470703125,957426
2025-04-01,605.5552689851139,613.7638292345774,600.6103458995539,612.873779296875,678551
2025-04-02,608.2255015841114,613.5660423285173,604.2695633624261,609.5111694335938,678930
2025-04-03,592.3029418196044,592.9951827969483,569.4573597707466,572.325439453125,1145270
2025-04-04,563.7213258641274,579.9407004376351,538.7988972796715,557.8862915039062,1994082
2025-04-07,510.3161092862216,589.6326949338954,502.79981946975334,543.9415893554688,2619138
2025-04-08,562.3366379550661,577.7648344414304,556.5016648403852,567.4793701171875,1369655
2025-04-09,538.9966081057288,560.0619680563776,536.4252722855856,548.1941528320312,1414276
2025-04-10,616.1374791591772,622.565879824562,570.4463731264912,571.237548828125,1491684
2025-04-11,584.3910851112533,588.5447725733246,565.6003757554296,570.9408569335938,1068286
2025-04-14,591.4127923480535,594.083062847609,583.5009155273438,583.5009155273438,856536
2025-04-15,590.028210148397,602.4894527893251,589.6326525113903,598.7313232421875,933990
2025-04-16,559.765368099412,576.4792345075864,553.1391582065862,567.67724609375,1525857
2025-04-17,564.2156981509767,574.6000361537554,554.5236614209488,557.985107421875,867525
2025-04-22,548.7876544472043,556.6995323394669,542.8537460280073,554.9193115234375,842884
2025-04-23,561.6444199538499,580.3361940562494,557.3917375695917,574.501220703125,1142744
2025-04-24,573.5123035683465,590.4239193234289,564.9081238272458,585.1823120117188,782453
2025-04-25,591.4720167393219,593.9521911968408,574.8052564950221,584.2299194335938,850860
2025-04-28,589.4878344009124,592.2656174815547,578.9718591333761,579.86474609375,589427
2025-04-29,580.3607788085938,587.8013016138322,576.6901087811169,580.3607788085938,627763
2025-04-30,580.3607895486856,586.710060013773,568.3567700878745,577.880615234375,1065018
2025-05-02,590.2814358106449,604.4680195526756,584.3290179705375,604.0712280273438,903094
2025-05-05,603.7736284872881,605.6585852416628,597.9204532652635,601.9879150390625,344613
2025-05-06,601.0951117782521,601.9879382612402,590.3807095733168,596.72998046875,446975
2025-05-07,596.2339317914226,604.269672708258,596.0355057271888,599.9046020507812,553348
2025-05-08,617.2657726557068,632.0475746923194,611.2141112216426,625.4999389648438,868808
2025-05-09,628.1785550584598,632.6428687717683,620.1427540438261,621.8292846679688,728278
2025-05-12,634.9245695552735,662.9009455115278,634.2301086970973,661.6112670898438,931633
2025-05-13,668.4565016227742,678.2780151367188,656.6509094087434,678.2780151367188,718446
2025-05-14,681.3534553463718,683.5360207885785,666.3732271518633,681.155029296875,679128
2025-05-15,677.5835605898276,680.0637346769059,672.821638452862,676.7899169921875,582910
2025-05-16,666.670791683659,672.6232094665487,660.023913049207,663.099365234375,689718
2025-05-19,654.7660420453337,659.2303559683701,650.0041193043215,657.1470336914062,531935
2025-05-20,662.5041226332047,663.9922271586842,653.4763127324143,654.7659912109375,411683
2025-05-21,650.6985100949946,660.4207805912193,650.6985100949946,659.4287109375,412545
2025-05-22,649.011951824811,655.9564391039338,643.654751703324,651.59130859375,502578
2025-05-23,650.8969082831732,656.5517177036729,627.583270249588,637.5039672851562,689460
2025-05-26,653.5755826745707,656.7502181960173,647.9207726131089,648.8136596679688,328640
2025-05-27,650.1032258686158,665.2818793177929,649.1111562242105,660.8175659179688,501399
2025-05-28,657.543770704369,664.0914669121977,653.8731007842249,655.5596313476562,642977
2025-05-29,670.043926757901,682.6431640176554,651.7898193175948,660.222412109375,570462
2025-05-30,651.789747102207,658.2381996991086,647.9206513236161,648.71435546875,1073415
2025-06-02,632.841333468923,642.762031215411,631.4524115639612,641.0755004882812,455237
2025-06-03,638.5952962166933,650.1032808445166,630.063460222638,647.9207153320312,652773
2025-06-04,653.7738927274426,659.5278845289308,645.9365183513826,647.2262573242188,491742
2025-06-05,652.8810388397013,659.6271611733393,646.0357943086324,653.77392578125,506472
2025-06-06,652.6826370445257,662.3056640625,651.7897501526336,662.3056640625,375875
2025-06-09,652.7818870337128,680.0638048048786,651.9882433542325,674.7066040039062,629370
2025-06-10,669.1510793547982,682.147169499871,665.281982918653,679.07177734375,565806
2025-06-11,683.4368229981915,690.2820674217121,680.5597967216287,684.7265014648438,699041
2025-06-12,675.103409895201,679.865332197168,668.4565310012903,671.2343139648438,597943
2025-06-13,659.4287110695051,667.5636943418577,655.0635803718154,659.3294677734375,795606
2025-06-16,660.5200010276807,666.7700280925355,653.3770870030767,664.785888671875,559446
2025-06-17,654.3691742871371,665.6787935090853,651.98824324908,660.7184448242188,671356
2025-06-18,661.6113361275399,665.1827629835086,655.6589176668373,659.7263793945312,577865
2025-06-19,653.7739509494513,656.5517340784642,647.9207153320312,647.9207153320312,404576
2025-06-20,655.5596765354144,663.0994429413158,635.4206727868235,645.2421875,1504077
2025-06-23,651.7898058603789,666.0756340448941,647.7223442299519,663.3970336914062,507238
2025-06-24,687.5043406111178,691.7702284498491,669.0518673779391,685.9170532226562,746884
2025-06-25,694.448876707051,703.2783223599239,688.6948838388485,688.9924926757812,724321
2025-06-26,686.0161731895472,687.4050949406783,666.4723886833217,672.0280151367188,635770
2025-06-27,681.5519606370193,682.3456043761511,673.9130109767119,677.087646484375,569491
2025-06-30,679.5677191208126,679.6669018666569,669.0518049139924,672.2263793945312,621961
2025-07-01,670.2422188845277,672.524027478094,658.2382005626889,662.9009399414062,472955
2025-07-02,660.8175782706052,673.4168751002967,649.0119856121752,672.2263793945312,545479
2025-07-03,673.6153644721112,675.5003212293788,658.03985718926,671.7304077148438,537338
2025-07-04,664.7859356114914,666.1748575244756,648.4167842352384,654.1708374023438,517279
2025-07-07,654.5675764575509,670.6391177202441,652.3850110056319,666.2739868164062,615991
2025-07-08,666.4723823971323,675.8970441235685,660.2223556782471,673.51611328125,645323
2025-07-09,669.6470739442099,677.8812406691493,666.8692907847416,674.4089965820312,479499
2025-07-10,675.5995093304178,688.0995641372234,674.012221928362,684.5281372070312,632659
2025-07-11,679.7661799825132,682.3455370178522,671.6311962194081,678.4765014648438,449981
2025-07-14,675.7979468964745,681.8495483398438,670.9367807493435,681.8495483398438,605828
2025-07-15,694.4488259829807,702.9310102472606,691.0757646077533,700.5004272460938,656049
2025-07-16,664.1906781524858,667.1668873152304,620.8372192382812,620.8372192382812,2374677
2025-07-17,636.8095954095317,647.7223626366384,627.2856894988319,645.0437622070312,1172305
2025-07-18,640.2818507160506,646.631060883003,626.5912395146247,628.4761962890625,721304
2025-07-21,627.8808959914594,629.3690004434368,617.6625303136476,619.150634765625,536600
2025-07-22,611.1149262360176,612.6030307641897,596.9283418443357,597.622802734375,932310
2025-07-23,599.2100718274949,610.6188728639455,598.2180021721513,601.7894287109375,914129
2025-07-24,604.1704419801354,616.3728870724641,604.0712592314603,611.0157470703125,804124
2025-07-25,606.3529314350496,609.3291401359241,598.0195228521527,600.1029052734375,932117
2025-07-28,616.7144550351188,631.5355202553261,613.9293051224644,624.970458984375,854784
2025-07-29,629.5461087569498,629.5461087569498,617.3112413552059,619.6985473632812,629988
2025-07-30,619.6985901122074,625.0699986450581,615.9187392651025,624.1747436523438,386563
2025-07-31,632.9280830151624,635.414834921329,607.7621658671005,609.8510131835938,908134
2025-08-01,603.5843800911132,605.3748292309397,587.4702164092485,591.846923828125,928237
2025-08-04,597.0194098518228,602.1918659596598,594.9305018233437,599.207763671875,462036
2025-08-05,602.490191942045,604.0816886870452,589.1611790337589,593.9357299804688,534786
2025-08-06,594.1347646876457,596.6215166415632,584.6851072627588,589.7581176757812,468137
2025-08-07,601.0976361902241,612.138850668703,596.8204352135366,607.4637451171875,686487
2025-08-08,610.5473723692309,614.7251281006086,605.1760241817929,613.6309814453125,409452
2025-08-11,618.6044186407156,626.4625181124042,614.9240137356819,623.6773681640625,413446
2025-08-12,621.3895734364078,631.2370744782613,616.913420041461,630.5408325195312,382600
2025-08-13,632.5302163844152,643.1734655905857,631.336563370049,637.2052612304688,448361
2025-08-14,642.8751103314474,643.0740626323781,635.7132524799729,639.4931640625,400595
2025-08-15,631.535539536142,636.4095368541618,625.4678284469072,633.3259887695312,565821
2025-08-18,630.8392759706483,635.9122258983921,626.462568051705,635.3154296875,284389
2025-08-19,638.5979031767455,644.0687574874497,637.3048043001953,638.8963012695312,393250
2025-08-20,635.2158980868586,648.7438652126883,629.9439960598172,634.8180541992188,488569
2025-08-21,636.6084884751773,637.2052846484362,629.2476785424965,631.1376342773438,284632
2025-08-22,626.661470524091,647.4507404182273,625.1694194037956,642.775634765625,427800
2025-08-25,644.0687587401219,645.4613641247877,637.702649426961,643.2730102539062,270960
2025-08-26,645.5607858018675,652.0263406673715,643.8697823870078,647.1522827148438,695402
2025-08-27,649.0422084630669,657.5966102209601,646.6549024920809,656.701416015625,547870
2025-08-28,656.6018933927594,659.8844542001766,648.5448421840531,650.8326416015625,496045
2025-08-29,652.0263079174854,654.0157093146402,633.2264404296875,633.2264404296875,575674
2025-09-01,623.2794688039767,635.4148301574302,622.6826726356577,632.7291259765625,258864
2025-09-02,626.6614788762688,628.949278482204,608.5579128997223,613.9293212890625,660378
2025-09-03,627.1587838454492,630.4412839738284,621.986328125,621.986328125,539238
2025-09-04,625.5672972534047,646.8538558995692,624.7714881205507,644.1681518554688,570773
2025-09-05,656.5024637327573,662.7690660169548,649.639004599957,656.701416015625,897446
2025-09-08,663.6643754218746,673.7108290585353,660.5807665635392,673.0145263671875,514335
2025-09-09,676.3965351828987,680.0769402372669,670.4283304606967,679.57958984375,498214
2025-09-10,687.5371051586801,688.4322993215192,675.6006972938131,676.5953979492188,548022
2025-09-11,676.5954330998578,685.5477394636004,670.5277223596268,682.3646850585938,502503
2025-09-12,684.3541430068424,688.4323919580971,677.8885878766905,686.1445922851562,440502
2025-09-15,694.3011021305402,728.120926589621,691.5159522586058,725.5347290039062,872481
2025-09-16,742.0467293268711,752.0931822086756,729.0161743164062,729.0161743164062,966169
2025-09-17,728.6182682032178,737.670020356279,725.6341660808838,733.0944213867188,659534
2025-09-18,747.1197316807693,793.4728244624666,743.1409285601969,789.7924194335938,1556266
2025-09-19,782.5310526214082,790.2897059369743,779.2485524546355,789.4939575195312,1502030
2025-09-22,808.492758436001,819.0366228257894,802.6240604309288,806.5033569335938,908050
2025-09-23,799.3415236750018,824.7063936015473,791.7818220207968,815.4556884765625,715673
2025-09-24,815.6546096046371,822.6175148085792,803.3202961015395,803.7182006835938,770642
2025-09-25,803.5192633492334,812.0737263289094,797.1532148998754,807.3986206054688,537450
2025-09-26,802.3256407510959,810.6811517532401,797.4516432596107,808.4927978515625,488597
2025-09-29,816.549889009191,823.9106383038824,812.7699775016358,821.12548828125,531762
2025-09-30,820.6281218698383,826.0989760156373,816.9477169385032,823.711669921875,571504
2025-10-01,813.6652016488631,840.124216928798,807.796443024656,836.9412231445312,788894
2025-10-02,855.3432461829561,883.6922191148095,855.044787372193,872.9494018554688,965416
2025-10-03,864.5938945623174,879.1165010683949,859.8193431570121,875.4360961914062,656013
2025-10-06,884.3883640300584,900.3035751570811,881.7027207217432,892.544921875,801624
2025-10-07,885.1842019876945,891.2518521428203,870.1641845703125,870.1641845703125,622890
2025-10-08,845.495622601237,859.3219870672842,808.2937909220967,847.2860717773438,1055860
2025-10-09,846.2913926524001,860.0182509686457,831.5698335782856,845.2966918945312,728171
2025-10-10,840.6215903264949,843.1083422334029,809.48746859435,809.5869750976562,944511
2025-10-13,818.837642022841,839.9253093564697,818.6386897371843,839.5274047851562,777896
2025-10-14,830.2768049041196,843.4068681599841,821.3244973267193,842.1137084960938,706297
2025-10-15,870.9599770352944,888.7651452482907,850.369719497629,868.373779296875,1192298
2025-10-16,879.0170910502108,895.7280520046786,869.3684813460178,872.75048828125,703225
2025-10-17,855.0447898494289,881.205469656272,850.4691904195785,871.0595092773438,859995
2025-10-20,879.3154508698901,896.7227137547578,872.5514980055416,894.2359619140625,530812
2025-10-21,885.2836690895754,889.6603766821203,879.2160187883669,885.084716796875,450669
2025-10-22,872.0541359051725,887.6709493969809,865.4890747070312,865.4890747070312,537993
2025-10-23,867.3790360158297,886.4773021621908,849.5738686753143,882.995849609375,746164
2025-10-24,895.2307004643832,897.8168982032599,884.885788085441,889.660400390625,500510
2025-10-27,895.2306679992554,909.3554306811421,893.7386168859232,903.2877197265625,523496
2025-10-28,900.896215506035,910.9604617333604,896.9103898680145,904.1845703125,409524
2025-10-29,900.7966360959807,925.1101979464755,899.1026479572463,916.14208984375,694357
2025-10-30,921.7221516927084,935.2739341359934,920.3270884328683,934.1778564453125,626353
2025-10-31,926.7044126005923,931.18846620995,910.9604143137325,914.8465576171875,560900
2025-11-03,913.7505220762151,927.6012904134253,912.1562161580476,923.2168579101562,424633
2025-11-04,905.9782047944512,922.8182820904765,900.1987696229227,914.7470092773438,512236
2025-11-05,879.7714210080076,910.0636604925417,875.2873669984232,903.3873901367188,663558
2025-11-06,897.9068766128605,909.3661257093146,888.0419943168032,892.12744140625,481131
2025-11-07,895.8143164451409,897.7076079598378,867.7142333984375,867.7142333984375,767828
2025-11-10,887.8426728180448,896.1132489644718,880.7678565428915,883.5579223632812,451225
2025-11-11,886.8462538977095,904.2842420361476,878.5756774015398,883.7572631835938,416396
2025-11-12,884.9529305905475,896.8107864275277,881.8639399870689,888.6398315429688,559670
2025-11-13,897.0100901724514,908.5689604293283,871.6004512153072,878.3763427734375,581571
2025-11-14,863.8281256516382,873.6930080703469,838.3188038980027,871.0025634765625,667623
2025-11-17,876.1841207296189,880.7678567675251,861.2372743820687,873.29443359375,471563
2025-11-18,868.9099992314196,874.3905095476729,854.0627742289297,862.5326538085938,593874
2025-11-19,858.0486128315852,892.0278137952434,854.2620905380326,883.458251953125,569198
2025-11-20,905.5795836281881,911.4587008421508,886.6469116210938,886.6469116210938,673609
2025-11-21,836.2262020126763,856.2549508214041,819.2864436387114,831.0446166992188,976903
2025-11-24,841.00923181626,860.5397536304149,834.1336580816817,855.7567749023438,1336682
2025-11-25,864.9241916105215,871.6004619353454,838.6177172155549,857.25146484375,511733
2025-11-26,871.8993764318645,906.0778198242188,871.3015269012893,906.0778198242188,684564
2025-11-27,898.0065165031413,901.3944317592147,893.0242345216756,894.0206909179688,243660
2025-11-28,892.8249288272265,902.4905680106705,888.440496367044,900.19873046875,477234
2025-12-01,906.7753639534816,927.9998740448815,898.1061807277338,923.4161987304688,646367
2025-12-02,926.7044270929807,951.5162151136635,921.9214486653071,935.7721557617188,584118
2025-12-03,958.591081695751,964.5698202510259,939.5587882890086,959.9861450195312,590665
2025-12-04,971.5450055701833,973.63753971617,952.4130302197959,953.90771484375,471505
2025-12-05,957.196013056549,965.3669678671586,948.2279052734375,948.2279052734375,359247
2025-12-08,946.832871167179,971.5449774029884,946.0357182212891,959.7868041992188,407357
2025-12-09,960.5839569970217,962.3775663297149,945.0392616885189,949.5233154296875,333490
2025-12-10,960.6836028498446,962.3775909146684,940.9537780484575,942.6477661132812,380308
2025-12-11,941.7509251845914,950.3204867693488,927.7009141845336,937.5658569335938,465132
2025-12-12,948.6265168832823,950.4201262850431,918.533520675521,922.0211181640625,564160
2025-12-15,920.1278832640927,928.6973841551423,915.2452224747835,927.700927734375,526973
2025-12-16,910.7611378415157,918.8324102497619,905.0813242710713,905.3802490234375,641634
2025-12-17,920.2274848361856,921.1243199231849,869.1092837112795,870.9028930664062,761812
2025-12-18,864.9241363853691,893.6220679173308,863.3298305075988,889.53662109375,747507
2025-12-19,884.9529285663876,901.1952169829675,882.8603943970592,898.4050903320312,1248215
2025-12-22,903.7859717777797,912.4551547844062,890.0348853632375,892.824951171875,375622
2025-12-23,891.8284958760387,900.1987541313631,891.7288745615906,899.9994506835938,258272
2025-12-24,893.8214181936092,897.7076226002614,893.5224934282222,895.8143310546875,59585
2025-12-29,904.8820511047163,908.2700272618766,896.3125502161909,903.586669921875,380628
2025-12-30,905.1810653623937,920.4268369148595,903.6863806843309,915.1456298828125,402093
2025-12-31,906.6757001623837,918.1349487304688,905.8784863895064,918.1349487304688,156048
2026-01-02,916.1420921055977,995.1610770864812,915.9427886501588,982.8049926757812,798878
2026-01-05,1003.8301458392074,1052.058657243551,1003.8301458392074,1049.4677734375,958224
2026-01-06,1041.2969320658576,1060.4288461817312,1033.3252809112864,1057.240234375,619124
2026-01-07,1049.2686971948433,1053.4537658504894,1034.3218496564552,1048.072998046875,583922
2026-01-08,1039.104851742311,1054.8487909276475,1006.0224240775582,1009.410400390625,685827
2026-01-09,1021.9657695747338,1080.9560677904374,1017.3820939686362,1077.767333984375,757403
2026-01-12,1086.137511799437,1090.5219444314982,1068.5999029089407,1082.55029296875,612483
2026-01-13,1096.1021086191097,1103.675153405655,1086.1375439952997,1098.69287109375,614398
2026-01-14,1094.1091798635541,1096.6999423007085,1074.7779004455188,1080.3580322265625,613298
2026-01-15,1145.9248758879276,1167.0497032057199,1123.2056209978339,1145.3270263671875,1388174
2026-01-16,1145.9249618948593,1179.6052398647842,1145.9249618948593,1163.06396484375,785053
2026-01-19,1118.8213293321558,1148.3164153608948,1115.4333531393568,1116.4298095703125,523734
2026-01-20,1116.0311986019738,1140.145395488096,1103.6751145756166,1135.9603271484375,840465
2026-01-21,1139.9461080945891,1155.0921965400494,1121.4120436017186,1150.7078857421875,692161
2026-01-22,1170.8363818916312,1192.3598178609816,1163.2633368554577,1172.2314453125,836141
2026-01-23,1169.8398340457038,1181.3987041601733,1145.7256373993491,1174.02490234375,640326
2026-01-26,1172.8292271560645,1181.9965777276732,1154.2951617426602,1173.82568359375,573863
2026-01-27,1191.3632377008537,1224.0470560067804,1176.0177849396841,1213.2852783203125,824986
2026-01-28,1295.393378830347,1304.361486837634,1181.1994945317756,1190.1676025390625,1266005
2026-01-29,1220.6590614062827,1248.559839952712,1169.042572440292,1187.7760009765625,981839
2026-01-30,1187.7760120182422,1226.4385684470874,1179.2065114268673,1211.2923583984375,952826
2026-02-02,1174.4234805254637,1223.4492080463485,1161.0709405309963,1220.4598388671875,636167
2026-02-03,1231.4209091010682,1242.9797794014303,1171.2349161937027,1186.1817626953125,654207
2026-02-04,1186.978900690427,1193.7548533545523,1135.3625284278653,1136.5582275390625,665068
2026-02-05,1138.1524434811047,1167.2490431406698,1113.6396405397418,1145.5262451171875,724517
2026-02-06,1138.351818724258,1189.5697021484375,1132.970929822355,1189.5697021484375,545398
2026-02-09,1197.3525090169715,1202.3414778045421,1174.8023944573508,1202.1419677734375,456425
2026-02-10,1193.361301111955,1209.7251426445919,1183.1838537860797,1190.367919921875,459476
2026-02-11,1182.7847709485884,1221.2995864891072,1174.0041369658488,1205.1353759765625,530632
2026-02-12,1222.2973734293976,1222.2973734293976,1174.004130396559,1177.1971435546875,558696
2026-02-13,1187.973191666411,1207.9290662846977,1171.2103300676456,1187.773681640625,708101
2026-02-16,1193.3613191357217,1195.3569066259154,1181.5873042231824,1192.363525390625,195717
2026-02-17,1183.3833706269418,1204.7361809326856,1162.2301921489486,1196.55419921875,414808
2026-02-18,1196.554218415486,1242.0537109375,1196.554218415486,1242.0537109375,523222
2026-02-19,1241.85404383868,1243.6501212612764,1212.7185158345005,1235.4681396484375,517781
2026-02-20,1239.2598630646396,1259.2157384763086,1225.889402178622,1252.829833984375,565504
2026-02-23,1229.8804965122433,1262.408546937411,1220.1021912831259,1246.44384765625,479494
2026-02-24,1262.2091165670977,1281.9654818946335,1248.6391456819906,1260.6126708984375,690480
2026-02-25,1261.4108132254144,1309.903687039068,1261.4108132254144,1285.5574951171875,514749
2026-02-26,1282.164956668705,1301.4224245826479,1208.128709836715,1229.6810302734375,676958
2026-02-27,1232.0757686150575,1237.064737354508,1198.9489431045104,1230.6788330078125,1010698
2026-03-02,1190.1684681105783,1228.6832836132733,1177.396659021136,1207.7296142578125,871267
2026-03-03,1183.9820280894764,1184.7803118022553,1141.476039105367,1159.23681640625,941945
2026-03-04,1168.4164462421616,1208.12868502271,1165.0239232336087,1197.1529541015625,714587
2026-03-05,1195.9556001169358,1217.3084113650136,1180.3900415121402,1183.3834228515625,778081
2026-03-06,1183.383314190892,1189.968728172735,1110.34486493593,1144.4693603515625,857271
2026-03-09,1069.6349299802928,1145.068115234375,1057.8609146798865,1145.068115234375,689086
2026-03-10,1185.7781555450956,1205.7340311961373,1169.6138231871525,1197.3525390625,800815
2026-03-11,1185.7780723961064,1208.1286759182065,1171.4098185746855,1196.1551513671875,562904
2026-03-12,1192.1640308433648,1199.547607212168,1156.043823721211,1177.7957763671875,619989
2026-03-13,1164.8244019759627,1204.736150395211,1157.640214179904,1176.9974365234375,478619
2026-03-16,1190.7671256470558,1206.7318261838327,1172.0085537959433,1194.75830078125,549339
2026-03-17,1187.1750846574153,1203.7384369962865,1176.5983731798606,1191.166259765625,571376
2026-03-18,1222.8959526286767,1229.0823467416888,1174.40320244444,1188.372314453125,910032
2026-03-19,1172.4076327478117,1175.2015039122034,1138.8817877800727,1166.021728515625,1057331
2026-03-20,1177.39657835233,1187.3745154570106,1125.7108154296875,1125.7108154296875,2685518
2026-03-23,1105.7549516394586,1201.9422905951178,1095.3779943936042,1172.8067626953125,1225355
2026-03-24,1187.3745911899082,1217.1088943787606,1159.2368554804289,1198.948974609375,885694
2026-03-25,1203.5387692871298,1235.069149142979,1179.3922093225813,1208.9268798828125,812993
2026-03-26,1191.3657629750223,1193.5608605515624,1155.4451872069312,1163.22802734375,677339
2026-03-27,1154.447316449709,1160.4340786784887,1127.3073763996363,1143.8707275390625,641843
2026-03-30,1133.8928222995814,1152.8509032225384,1093.78144116094,1109.546630859375,735589
2026-03-31,1098.5709154161332,1124.3140428084075,1077.8167567587184,1116.730712890625,874917
2026-04-01,1156.4429809003539,1187.3745878096818,1140.8774224287627,1184.9798583984375,741501
2026-04-02,1134.491427951389,1171.4097945601852,1124.1143491930432,1158.4384765625,647486
2026-04-07,1120.921446351046,1137.2852870906715,1097.7725598556526,1111.3426513671875,747131
2026-04-08,1192.3635368942578,1217.707522624427,1179.7913599449441,1209.9246826171875,1502989
2026-04-09,1204.3370899182066,1232.0758056640625,1191.365770805583,1232.0758056640625,844542
2026-04-10,1241.6545037062854,1277.3754450588244,1235.8672515302428,1267.197998046875,707430
2026-04-13,1254.22675862927,1262.80776062087,1243.8496791459645,1257.0206298828125,483128
2026-04-14,1277.1760141427426,1295.9345855708625,1265.8011409065846,1281.36669921875,821987
2026-04-15,1287.153877072218,1304.3158800461185,1216.310524148088,1227.2862548828125,1032893
2026-04-16,1260.0139688499075,1265.2024475168037,1196.753822113869,1219.902587890625,733046
2026-04-17,1198.350241707069,1245.246545920418,1198.350241707069,1241.25537109375,915611
2026-04-20,1225.2906806915162,1246.0448386614103,1218.3061246940888,1242.253173828125,501921
2026-04-21,1262.0095891123494,1265.801132297952,1228.284111497859,1234.2708740234375,425954
2026-04-22,1247.8407644105062,1257.4195594747441,1237.064665638609,1247.0426025390625,441390
2026-04-23,1218.1065944937682,1237.2641847632556,1202.9400572128513,1221.0999755859375,545907
2026-04-24,1217.199951171875,1262.4000244140625,1214.0,1249.5999755859375,718417
2026-04-27,1246.0,1255.199951171875,1206.0,1212.5999755859375,531691
2026-04-28,1206.800048828125,1214.5999755859375,1167.4000244140625,1171.800048828125,616331
2026-04-29,1189.4000244140625,1194.5999755859375,1176.4000244140625,1192.5999755859375,418252
2026-04-30,1182.0,1222.4000244140625,1179.0,1222.4000244140625,672103
2026-05-04,1228.800048828125,1230.0,1180.0,1187.4000244140625,653592
2026-05-05,1184.199951171875,1232.0,1183.4000244140625,1229.0,500191
2026-05-06,1248.800048828125,1306.199951171875,1248.0,1305.0,966744
2026-05-07,1316.0,1332.5999755859375,1292.5999755859375,1300.0,702028
2026-05-08,1300.0,1329.199951171875,1286.4000244140625,1319.4000244140625,580961
2026-05-11,1325.0,1344.4000244140625,1291.800048828125,1305.5999755859375,624911
2026-05-12,1300.0,1307.4000244140625,1263.800048828125,1265.800048828125,564914
2026-05-13,1299.5999755859375,1327.0,1292.199951171875,1327.0,538129
2026-05-14,1342.0,1371.5999755859375,1330.199951171875,1367.0,464468
2026-05-15,1338.199951171875,1339.4000244140625,1279.4000244140625,1306.5999755859375,774845
2026-05-18,1284.800048828125,1313.199951171875,1259.4000244140625,1264.4000244140625,534327
2026-05-19,1254.0,1279.800048828125,1243.199951171875,1249.0,562705
2026-05-20,1274.0,1336.800048828125,1269.199951171875,1333.0,722132
2026-05-21,1321.199951171875,1361.199951171875,1318.800048828125,1345.199951171875,644698
2026-05-22,1375.0,1412.5999755859375,1369.5999755859375,1409.0,680229
2026-05-25,1433.800048828125,1437.0,1411.199951171875,1430.5999755859375,323447
2026-05-26,1426.0,1428.4000244140625,1388.800048828125,1389.800048828125,600828
2026-05-27,1397.199951171875,1431.199951171875,1359.4000244140625,1376.4000244140625,626063
2026-05-28,1378.4000244140625,1395.0,1358.800048828125,1391.0,390747
2026-05-29,1385.0,1420.5999755859375,1376.0,1384.800048828125,1216681
2026-06-01,1387.0,1394.4000244140625,1360.5999755859375,1394.0,501411
2026-06-02,1405.0,1465.199951171875,1401.0,1461.800048828125,606205
2026-06-03,1496.0,1496.0,1454.5999755859375,1485.199951171875,785035
2026-06-04,1480.0,1499.0,1437.5999755859375,1498.0,756688
2026-06-05,1468.0,1475.0,1444.800048828125,1462.199951171875,665378
2026-06-08,1400.5999755859375,1532.5999755859375,1399.0,1514.5999755859375,840744
2026-06-09,1527.199951171875,1582.4000244140625,1508.4000244140625,1508.4000244140625,955464
2026-06-10,1500.199951171875,1511.4000244140625,1494.199951171875,1499.800048828125,107592
