Price,Open,High,Low,Close,Volume
Ticker,,,,,,
,,,,,,
1988-07-01,124.21011352539062,124.21011352539062,124.21011352539062,124.21011352539062,0
1988-07-04,124.21011352539062,124.21011352539062,124.21011352539062,124.21011352539062,0
1988-07-05,126.18172454833984,126.18172454833984,126.18172454833984,126.18172454833984,0
1988-07-06,129.63197326660156,129.63197326660156,129.63197326660156,129.63197326660156,0
1988-07-07,128.64627075195312,128.64627075195312,128.64627075195312,128.64627075195312,0
1988-07-08,130.6177520751953,130.6177520751953,130.6177520751953,130.6177520751953,0
1988-07-11,130.6177520751953,130.6177520751953,130.6177520751953,130.6177520751953,0
1988-07-12,128.15328979492188,128.15328979492188,128.15328979492188,128.15328979492188,0
1988-07-13,128.15328979492188,128.15328979492188,128.15328979492188,128.15328979492188,0
1988-07-14,127.16757202148438,127.16757202148438,127.16757202148438,127.16757202148438,0
1988-07-15,127.16757202148438,127.16757202148438,127.16757202148438,127.16757202148438,0
1988-07-18,128.15328979492188,128.15328979492188,128.15328979492188,128.15328979492188,0
1988-07-19,127.16757202148438,127.16757202148438,127.16757202148438,127.16757202148438,0
1988-07-20,130.6177520751953,130.6177520751953,130.6177520751953,130.6177520751953,0
1988-07-21,129.13912963867188,129.13912963867188,129.13912963867188,129.13912963867188,0
1988-07-22,126.67459106445312,126.67459106445312,126.67459106445312,126.67459106445312,0
1988-07-25,127.16757202148438,127.16757202148438,127.16757202148438,127.16757202148438,0
1988-07-26,126.67459106445312,126.67459106445312,126.67459106445312,126.67459106445312,0
1988-07-27,127.16757202148438,127.16757202148438,127.16757202148438,127.16757202148438,0
1988-07-28,126.92111206054688,126.92111206054688,126.92111206054688,126.92111206054688,0
1988-07-29,127.90682220458984,127.90682220458984,127.90682220458984,127.90682220458984,0
1988-08-01,128.15328979492188,128.15328979492188,128.15328979492188,128.15328979492188,0
1988-08-02,127.66045379638672,127.66045379638672,127.66045379638672,127.66045379638672,0
1988-08-03,127.90682220458984,127.90682220458984,127.90682220458984,127.90682220458984,0
1988-08-04,127.66045379638672,127.66045379638672,127.66045379638672,127.66045379638672,0
1988-08-05,127.16757202148438,127.16757202148438,127.16757202148438,127.16757202148438,0
1988-08-08,126.67459106445312,126.67459106445312,126.67459106445312,126.67459106445312,0
1988-08-09,128.15328979492188,128.15328979492188,128.15328979492188,128.15328979492188,0
1988-08-10,125.93529510498047,125.93529510498047,125.93529510498047,125.93529510498047,0
1988-08-11,127.66045379638672,127.66045379638672,127.66045379638672,127.66045379638672,0
1988-08-12,127.66045379638672,127.66045379638672,127.66045379638672,127.66045379638672,0
1988-08-15,121.74567413330078,121.74567413330078,121.74567413330078,121.74567413330078,0
1988-08-16,121.74567413330078,121.74567413330078,121.74567413330078,121.74567413330078,0
1988-08-17,121.74567413330078,121.74567413330078,121.74567413330078,121.74567413330078,0
1988-08-18,121.74567413330078,121.74567413330078,121.74567413330078,121.74567413330078,0
1988-08-19,123.22433471679688,123.22433471679688,123.22433471679688,123.22433471679688,0
1988-08-22,122.97786712646484,122.97786712646484,122.97786712646484,122.97786712646484,0
1988-08-23,122.23851776123047,122.23851776123047,122.23851776123047,122.23851776123047,0
1988-08-24,121.25273895263672,121.25273895263672,121.25273895263672,121.25273895263672,0
1988-08-25,118.5418472290039,118.5418472290039,118.5418472290039,118.5418472290039,0
1988-08-26,117.80250549316406,117.80250549316406,117.80250549316406,117.80250549316406,0
1988-08-29,117.80250549316406,117.80250549316406,117.80250549316406,117.80250549316406,0
1988-08-30,117.5560531616211,117.5560531616211,117.5560531616211,117.5560531616211,0
1988-08-31,117.5560531616211,117.5560531616211,117.5560531616211,117.5560531616211,0
1988-09-01,117.3095703125,117.3095703125,117.3095703125,117.3095703125,0
1988-09-02,119.52764129638672,119.52764129638672,119.52764129638672,119.52764129638672,0
1988-09-05,121.00631713867188,121.00631713867188,121.00631713867188,121.00631713867188,0
1988-09-06,121.00631713867188,121.00631713867188,121.00631713867188,121.00631713867188,0
1988-09-07,117.80250549316406,117.80250549316406,117.80250549316406,117.80250549316406,0
1988-09-08,117.06315612792969,117.06315612792969,117.06315612792969,117.06315612792969,0
1988-09-09,116.57022094726562,116.57022094726562,116.57022094726562,116.57022094726562,0
1988-09-12,117.5560531616211,117.5560531616211,117.5560531616211,117.5560531616211,0
1988-09-13,118.5418472290039,118.5418472290039,118.5418472290039,118.5418472290039,0
1988-09-14,118.5418472290039,118.5418472290039,118.5418472290039,118.5418472290039,0
1988-09-15,121.25273895263672,121.25273895263672,121.25273895263672,121.25273895263672,0
1988-09-16,121.74567413330078,121.74567413330078,121.74567413330078,121.74567413330078,0
1988-09-19,121.25273895263672,121.25273895263672,121.25273895263672,121.25273895263672,0
1988-09-20,121.49923706054688,121.49923706054688,121.49923706054688,121.49923706054688,0
1988-09-21,122.48503875732422,122.48503875732422,122.48503875732422,122.48503875732422,0
1988-09-22,122.23851776123047,122.23851776123047,122.23851776123047,122.23851776123047,0
1988-09-23,121.74567413330078,121.74567413330078,121.74567413330078,121.74567413330078,0
1988-09-26,121.74567413330078,121.74567413330078,121.74567413330078,121.74567413330078,0
1988-09-27,122.23851776123047,122.23851776123047,122.23851776123047,122.23851776123047,0
1988-09-28,119.28121185302734,119.28121185302734,119.28121185302734,119.28121185302734,0
1988-09-29,121.25273895263672,121.25273895263672,121.25273895263672,121.25273895263672,0
1988-09-30,119.52764129638672,119.52764129638672,119.52764129638672,119.52764129638672,0
1988-10-03,116.81671905517578,116.81671905517578,116.81671905517578,116.81671905517578,0
1988-10-04,116.81671905517578,116.81671905517578,116.81671905517578,116.81671905517578,0
1988-10-05,117.5560531616211,117.5560531616211,117.5560531616211,117.5560531616211,0
1988-10-06,119.28121185302734,119.28121185302734,119.28121185302734,119.28121185302734,0
1988-10-07,118.5418472290039,118.5418472290039,118.5418472290039,118.5418472290039,0
1988-10-10,118.04895782470703,118.04895782470703,118.04895782470703,118.04895782470703,0
1988-10-11,117.3095703125,117.3095703125,117.3095703125,117.3095703125,0
1988-10-12,115.58441925048828,115.58441925048828,115.58441925048828,115.58441925048828,0
1988-10-13,116.07735443115234,116.07735443115234,116.07735443115234,116.07735443115234,0
1988-10-14,119.28121185302734,119.28121185302734,119.28121185302734,119.28121185302734,0
1988-10-17,121.25273895263672,121.25273895263672,121.25273895263672,121.25273895263672,0
1988-10-18,121.74567413330078,121.74567413330078,121.74567413330078,121.74567413330078,0
1988-10-19,121.25273895263672,121.25273895263672,121.25273895263672,121.25273895263672,0
1988-10-20,120.51339721679688,120.51339721679688,120.51339721679688,120.51339721679688,0
1988-10-21,119.77408599853516,119.77408599853516,119.77408599853516,119.77408599853516,0
1988-10-24,119.03475189208984,119.03475189208984,119.03475189208984,119.03475189208984,0
1988-10-25,119.77408599853516,119.77408599853516,119.77408599853516,119.77408599853516,0
1988-10-26,120.26692199707031,120.26692199707031,120.26692199707031,120.26692199707031,0
1988-10-27,120.26692199707031,120.26692199707031,120.26692199707031,120.26692199707031,0
1988-10-28,120.7598648071289,120.7598648071289,120.7598648071289,120.7598648071289,0
1988-10-31,120.0205307006836,120.0205307006836,120.0205307006836,120.0205307006836,0
1988-11-01,120.26692199707031,120.26692199707031,120.26692199707031,120.26692199707031,0
1988-11-02,120.51339721679688,120.51339721679688,120.51339721679688,120.51339721679688,0
1988-11-03,120.7598648071289,120.7598648071289,120.7598648071289,120.7598648071289,0
1988-11-04,121.74567413330078,121.74567413330078,121.74567413330078,121.74567413330078,0
1988-11-07,121.25273895263672,121.25273895263672,121.25273895263672,121.25273895263672,0
1988-11-08,123.22433471679688,123.22433471679688,123.22433471679688,123.22433471679688,0
1988-11-09,122.73147583007812,122.73147583007812,122.73147583007812,122.73147583007812,0
1988-11-10,123.96368408203125,123.96368408203125,123.96368408203125,123.96368408203125,0
1988-11-11,121.74567413330078,121.74567413330078,121.74567413330078,121.74567413330078,0
1988-11-14,121.49923706054688,121.49923706054688,121.49923706054688,121.49923706054688,0
1988-11-15,121.00631713867188,121.00631713867188,121.00631713867188,121.00631713867188,0
1988-11-16,120.7598648071289,120.7598648071289,120.7598648071289,120.7598648071289,0
1988-11-17,121.99213409423828,121.99213409423828,121.99213409423828,121.99213409423828,0
1988-11-18,121.74567413330078,121.74567413330078,121.74567413330078,121.74567413330078,0
1988-11-21,119.77408599853516,119.77408599853516,119.77408599853516,119.77408599853516,0
1988-11-22,121.00631713867188,121.00631713867188,121.00631713867188,121.00631713867188,0
1988-11-23,121.74567413330078,121.74567413330078,121.74567413330078,121.74567413330078,0
1988-11-24,123.22433471679688,123.22433471679688,123.22433471679688,123.22433471679688,0
1988-11-25,121.99213409423828,121.99213409423828,121.99213409423828,121.99213409423828,0
1988-11-28,121.25273895263672,121.25273895263672,121.25273895263672,121.25273895263672,0
1988-11-29,120.7598648071289,120.7598648071289,120.7598648071289,120.7598648071289,0
1988-11-30,121.00631713867188,121.00631713867188,121.00631713867188,121.00631713867188,0
1988-12-01,120.51339721679688,120.51339721679688,120.51339721679688,120.51339721679688,0
1988-12-02,119.77408599853516,119.77408599853516,119.77408599853516,119.77408599853516,0
1988-12-05,120.0205307006836,120.0205307006836,120.0205307006836,120.0205307006836,0
1988-12-06,120.7598648071289,120.7598648071289,120.7598648071289,120.7598648071289,0
1988-12-07,121.00631713867188,121.00631713867188,121.00631713867188,121.00631713867188,0
1988-12-08,120.26692199707031,120.26692199707031,120.26692199707031,120.26692199707031,0
1988-12-09,122.23851776123047,122.23851776123047,122.23851776123047,122.23851776123047,0
1988-12-12,123.4708251953125,123.4708251953125,123.4708251953125,123.4708251953125,0
1988-12-13,124.70307159423828,124.70307159423828,124.70307159423828,124.70307159423828,0
1988-12-14,127.66045379638672,127.66045379638672,127.66045379638672,127.66045379638672,0
1988-12-15,126.67459106445312,126.67459106445312,126.67459106445312,126.67459106445312,0
1988-12-16,127.90682220458984,127.90682220458984,127.90682220458984,127.90682220458984,0
1988-12-19,126.42819213867188,126.42819213867188,126.42819213867188,126.42819213867188,0
1988-12-20,126.18172454833984,126.18172454833984,126.18172454833984,126.18172454833984,0
1988-12-21,125.19598388671875,125.19598388671875,125.19598388671875,125.19598388671875,0
1988-12-22,122.97786712646484,122.97786712646484,122.97786712646484,122.97786712646484,0
1988-12-23,123.22433471679688,123.22433471679688,123.22433471679688,123.22433471679688,0
1988-12-26,123.22433471679688,123.22433471679688,123.22433471679688,123.22433471679688,0
1988-12-27,123.22433471679688,123.22433471679688,123.22433471679688,123.22433471679688,0
1988-12-28,123.96368408203125,123.96368408203125,123.96368408203125,123.96368408203125,0
1988-12-29,123.96368408203125,123.96368408203125,123.96368408203125,123.96368408203125,0
1988-12-30,122.73147583007812,122.73147583007812,122.73147583007812,122.73147583007812,0
1989-01-02,122.73147583007812,122.73147583007812,122.73147583007812,122.73147583007812,0
1989-01-03,124.21011352539062,124.21011352539062,124.21011352539062,124.21011352539062,0
1989-01-04,123.22433471679688,123.22433471679688,123.22433471679688,123.22433471679688,0
1989-01-05,122.73147583007812,122.73147583007812,122.73147583007812,122.73147583007812,0
1989-01-06,123.71727752685547,123.71727752685547,123.71727752685547,123.71727752685547,0
1989-01-09,124.70307159423828,124.70307159423828,124.70307159423828,124.70307159423828,0
1989-01-10,124.70307159423828,124.70307159423828,124.70307159423828,124.70307159423828,0
1989-01-11,125.19598388671875,125.19598388671875,125.19598388671875,125.19598388671875,0
1989-01-12,126.67459106445312,126.67459106445312,126.67459106445312,126.67459106445312,0
1989-01-13,126.42819213867188,126.42819213867188,126.42819213867188,126.42819213867188,0
1989-01-16,127.90682220458984,127.90682220458984,127.90682220458984,127.90682220458984,0
1989-01-17,126.67459106445312,126.67459106445312,126.67459106445312,126.67459106445312,0
1989-01-18,127.66045379638672,127.66045379638672,127.66045379638672,127.66045379638672,0
1989-01-19,130.6177520751953,130.6177520751953,130.6177520751953,130.6177520751953,0
1989-01-20,132.5894012451172,132.5894012451172,132.5894012451172,132.5894012451172,0
1989-01-23,132.3430633544922,132.3430633544922,132.3430633544922,132.3430633544922,0
1989-01-24,131.6035614013672,131.6035614013672,131.6035614013672,131.6035614013672,0
1989-01-25,131.11068725585938,131.11068725585938,131.11068725585938,131.11068725585938,0
1989-01-26,132.3430633544922,132.3430633544922,132.3430633544922,132.3430633544922,0
1989-01-27,134.068115234375,134.068115234375,134.068115234375,134.068115234375,0
1989-01-30,136.53262329101562,136.53262329101562,136.53262329101562,136.53262329101562,0
1989-01-31,138.75071716308594,138.75071716308594,138.75071716308594,138.75071716308594,0
1989-02-01,137.27198791503906,137.27198791503906,137.27198791503906,137.27198791503906,0
1989-02-02,135.30035400390625,135.30035400390625,135.30035400390625,135.30035400390625,0
1989-02-03,136.03973388671875,136.03973388671875,136.03973388671875,136.03973388671875,0
1989-02-06,133.8217010498047,133.8217010498047,133.8217010498047,133.8217010498047,0
1989-02-07,135.05397033691406,135.05397033691406,135.05397033691406,135.05397033691406,0
1989-02-08,135.54672241210938,135.54672241210938,135.54672241210938,135.54672241210938,0
1989-02-09,135.30035400390625,135.30035400390625,135.30035400390625,135.30035400390625,0
1989-02-10,134.80743408203125,134.80743408203125,134.80743408203125,134.80743408203125,0
1989-02-13,134.31460571289062,134.31460571289062,134.31460571289062,134.31460571289062,0
1989-02-14,135.54672241210938,135.54672241210938,135.54672241210938,135.54672241210938,0
1989-02-15,135.54672241210938,135.54672241210938,135.54672241210938,135.54672241210938,0
1989-02-16,133.8217010498047,133.8217010498047,133.8217010498047,133.8217010498047,0
1989-02-17,134.068115234375,134.068115234375,134.068115234375,134.068115234375,0
1989-02-20,135.05397033691406,135.05397033691406,135.05397033691406,135.05397033691406,0
1989-02-21,135.05397033691406,135.05397033691406,135.05397033691406,135.05397033691406,0
1989-02-22,134.068115234375,134.068115234375,134.068115234375,134.068115234375,0
1989-02-23,133.3288116455078,133.3288116455078,133.3288116455078,133.3288116455078,0
1989-02-24,134.31460571289062,134.31460571289062,134.31460571289062,134.31460571289062,0
1989-02-27,128.8927001953125,128.8927001953125,128.8927001953125,128.8927001953125,0
1989-02-28,127.41394805908203,127.41394805908203,127.41394805908203,127.41394805908203,0
1989-03-01,127.90682220458984,127.90682220458984,127.90682220458984,127.90682220458984,0
1989-03-02,129.13912963867188,129.13912963867188,129.13912963867188,129.13912963867188,0
1989-03-03,130.12498474121094,130.12498474121094,130.12498474121094,130.12498474121094,0
1989-03-06,132.5894012451172,132.5894012451172,132.5894012451172,132.5894012451172,0
1989-03-07,136.03973388671875,136.03973388671875,136.03973388671875,136.03973388671875,0
1989-03-08,135.30035400390625,135.30035400390625,135.30035400390625,135.30035400390625,0
1989-03-09,136.03973388671875,136.03973388671875,136.03973388671875,136.03973388671875,0
1989-03-10,133.3288116455078,133.3288116455078,133.3288116455078,133.3288116455078,0
1989-03-13,135.79327392578125,135.79327392578125,135.79327392578125,135.79327392578125,0
1989-03-14,137.51841735839844,137.51841735839844,137.51841735839844,137.51841735839844,0
1989-03-15,141.4615478515625,141.4615478515625,141.4615478515625,141.4615478515625,0
1989-03-16,144.4190216064453,144.4190216064453,144.4190216064453,144.4190216064453,0
1989-03-17,144.66539001464844,144.66539001464844,144.66539001464844,144.66539001464844,0
1989-03-20,142.4473876953125,142.4473876953125,142.4473876953125,142.4473876953125,0
1989-03-21,142.94027709960938,142.94027709960938,142.94027709960938,142.94027709960938,0
1989-03-22,141.95443725585938,141.95443725585938,141.95443725585938,141.95443725585938,0
1989-03-23,142.69384765625,142.69384765625,142.69384765625,142.69384765625,0
1989-03-24,142.69384765625,142.69384765625,142.69384765625,142.69384765625,0
1989-03-27,142.69384765625,142.69384765625,142.69384765625,142.69384765625,0
1989-03-28,143.18666076660156,143.18666076660156,143.18666076660156,143.18666076660156,0
1989-03-29,142.4473876953125,142.4473876953125,142.4473876953125,142.4473876953125,0
1989-03-30,138.99703979492188,138.99703979492188,138.99703979492188,138.99703979492188,0
1989-03-31,141.21517944335938,141.21517944335938,141.21517944335938,141.21517944335938,0
1989-04-03,140.9687042236328,140.9687042236328,140.9687042236328,140.9687042236328,0
1989-04-04,139.98291015625,139.98291015625,139.98291015625,139.98291015625,0
1989-04-05,140.22940063476562,140.22940063476562,140.22940063476562,140.22940063476562,0
1989-04-06,137.76486206054688,137.76486206054688,137.76486206054688,137.76486206054688,0
1989-04-07,136.77902221679688,136.77902221679688,136.77902221679688,136.77902221679688,0
1989-04-10,135.54672241210938,135.54672241210938,135.54672241210938,135.54672241210938,0
1989-04-11,135.54672241210938,135.54672241210938,135.54672241210938,135.54672241210938,0
1989-04-12,135.30035400390625,135.30035400390625,135.30035400390625,135.30035400390625,0
1989-04-13,132.3430633544922,132.3430633544922,132.3430633544922,132.3430633544922,0
1989-04-14,135.30035400390625,135.30035400390625,135.30035400390625,135.30035400390625,0
1989-04-17,137.0255584716797,137.0255584716797,137.0255584716797,137.0255584716797,0
1989-04-18,137.51841735839844,137.51841735839844,137.51841735839844,137.51841735839844,0
1989-04-19,139.7364044189453,139.7364044189453,139.7364044189453,139.7364044189453,0
1989-04-20,139.24359130859375,139.24359130859375,139.24359130859375,139.24359130859375,0
1989-04-21,139.48997497558594,139.48997497558594,139.48997497558594,139.48997497558594,0
1989-04-24,139.7364044189453,139.7364044189453,139.7364044189453,139.7364044189453,0
1989-04-25,139.98291015625,139.98291015625,139.98291015625,139.98291015625,0
1989-04-26,140.22940063476562,140.22940063476562,140.22940063476562,140.22940063476562,0
1989-04-27,142.94027709960938,142.94027709960938,142.94027709960938,142.94027709960938,0
1989-04-28,142.94027709960938,142.94027709960938,142.94027709960938,142.94027709960938,0
1989-05-01,142.94027709960938,142.94027709960938,142.94027709960938,142.94027709960938,0
1989-05-02,141.70803833007812,141.70803833007812,141.70803833007812,141.70803833007812,0
1989-05-03,140.9687042236328,140.9687042236328,140.9687042236328,140.9687042236328,0
1989-05-04,139.24359130859375,139.24359130859375,139.24359130859375,139.24359130859375,0
1989-05-05,139.98291015625,139.98291015625,139.98291015625,139.98291015625,0
1989-05-08,138.99703979492188,138.99703979492188,138.99703979492188,138.99703979492188,0
1989-05-09,138.75071716308594,138.75071716308594,138.75071716308594,138.75071716308594,0
1989-05-10,137.27198791503906,137.27198791503906,137.27198791503906,137.27198791503906,4996280
1989-05-11,137.27198791503906,137.27198791503906,137.27198791503906,137.27198791503906,1579432
1989-05-12,138.99703979492188,138.99703979492188,138.99703979492188,138.99703979492188,1961076
1989-05-15,139.48997497558594,139.48997497558594,139.48997497558594,139.48997497558594,2196708
1989-05-16,138.75071716308594,138.75071716308594,138.75071716308594,138.75071716308594,2054376
1989-05-17,140.47584533691406,140.47584533691406,140.47584533691406,140.47584533691406,2888512
1989-05-18,141.4615478515625,141.4615478515625,141.4615478515625,141.4615478515625,2144420
1989-05-19,142.20095825195312,142.20095825195312,142.20095825195312,142.20095825195312,2670412
1989-05-22,140.9687042236328,140.9687042236328,140.9687042236328,140.9687042236328,2089020
1989-05-23,140.72222900390625,140.72222900390625,140.72222900390625,140.72222900390625,1985836
1989-05-24,140.9687042236328,140.9687042236328,140.9687042236328,140.9687042236328,1686672
1989-05-25,141.4615478515625,141.4615478515625,141.4615478515625,141.4615478515625,2059484
1989-05-26,141.95443725585938,141.95443725585938,141.95443725585938,141.95443725585938,2193564
1989-05-29,141.95443725585938,141.95443725585938,141.95443725585938,141.95443725585938,0
1989-05-30,142.4473876953125,142.4473876953125,142.4473876953125,142.4473876953125,2490664
1989-05-31,142.69384765625,142.69384765625,142.69384765625,142.69384765625,2896448
1989-06-01,142.94027709960938,142.94027709960938,142.94027709960938,142.94027709960938,2924216
1989-06-02,141.70803833007812,141.70803833007812,141.70803833007812,141.70803833007812,1665508
1989-06-05,140.72222900390625,140.72222900390625,140.72222900390625,140.72222900390625,1918996
1989-06-06,141.95443725585938,141.95443725585938,141.95443725585938,141.95443725585938,2202224
1989-06-07,141.70803833007812,141.70803833007812,141.70803833007812,141.70803833007812,1938148
1989-06-08,142.69384765625,142.69384765625,142.69384765625,142.69384765625,3544152
1989-06-09,142.69384765625,142.69384765625,142.69384765625,142.69384765625,2710160
1989-06-12,145.6511688232422,145.6511688232422,145.6511688232422,145.6511688232422,3988080
1989-06-13,145.40478515625,145.40478515625,145.40478515625,145.40478515625,3708392
1989-06-14,145.40478515625,145.40478515625,145.40478515625,145.40478515625,2148460
1989-06-15,145.6511688232422,145.6511688232422,145.6511688232422,145.6511688232422,3145816
1989-06-16,144.911865234375,144.911865234375,144.911865234375,144.911865234375,2926852
1989-06-19,144.911865234375,144.911865234375,144.911865234375,144.911865234375,2013792
1989-06-20,143.926025390625,143.926025390625,143.926025390625,143.926025390625,2847904
1989-06-21,144.66539001464844,144.66539001464844,144.66539001464844,144.66539001464844,2051400
1989-06-22,144.911865234375,144.911865234375,144.911865234375,144.911865234375,1551204
1989-06-23,144.4190216064453,144.4190216064453,144.4190216064453,144.4190216064453,3363804
1989-06-26,145.89772033691406,145.89772033691406,145.89772033691406,145.89772033691406,2699840
1989-06-27,147.86924743652344,147.86924743652344,147.86924743652344,147.86924743652344,4553444
1989-06-28,148.85504150390625,148.85504150390625,148.85504150390625,148.85504150390625,4906096
1989-06-29,146.39053344726562,146.39053344726562,146.39053344726562,146.39053344726562,2879304
1989-06-30,146.1440887451172,146.1440887451172,146.1440887451172,146.1440887451172,2695472
1989-07-03,147.622802734375,147.622802734375,147.622802734375,147.622802734375,3373624
1989-07-04,147.622802734375,147.622802734375,147.622802734375,147.622802734375,2059864
1989-07-05,145.40478515625,145.40478515625,145.40478515625,145.40478515625,1714456
1989-07-06,144.4190216064453,144.4190216064453,144.4190216064453,144.4190216064453,1861772
1989-07-07,146.39053344726562,146.39053344726562,146.39053344726562,146.39053344726562,1701508
1989-07-10,145.89772033691406,145.89772033691406,145.89772033691406,145.89772033691406,1929780
1989-07-11,148.36212158203125,148.36212158203125,148.36212158203125,148.36212158203125,3564404
1989-07-12,148.11575317382812,148.11575317382812,148.11575317382812,148.11575317382812,3003416
1989-07-13,147.622802734375,147.622802734375,147.622802734375,147.622802734375,2684816
1989-07-14,148.36212158203125,148.36212158203125,148.36212158203125,148.36212158203125,3726032
1989-07-17,150.08724975585938,150.08724975585938,150.08724975585938,150.08724975585938,3082516
1989-07-18,150.333740234375,150.333740234375,150.333740234375,150.333740234375,2534380
1989-07-19,152.0588836669922,152.0588836669922,152.0588836669922,152.0588836669922,3113392
1989-07-20,152.30535888671875,152.30535888671875,152.30535888671875,152.30535888671875,2704668
1989-07-21,151.5659637451172,151.5659637451172,151.5659637451172,151.5659637451172,2665860
1989-07-24,150.58026123046875,150.58026123046875,150.58026123046875,150.58026123046875,2075576
1989-07-25,149.5943145751953,149.5943145751953,149.5943145751953,149.5943145751953,3345420
1989-07-26,148.11575317382812,148.11575317382812,148.11575317382812,148.11575317382812,2093768
1989-07-27,148.36212158203125,148.36212158203125,148.36212158203125,148.36212158203125,2258076
1989-07-28,148.85504150390625,148.85504150390625,148.85504150390625,148.85504150390625,2374188
1989-07-31,147.37637329101562,147.37637329101562,147.37637329101562,147.37637329101562,2543368
1989-08-01,146.1440887451172,146.1440887451172,146.1440887451172,146.1440887451172,2268856
1989-08-02,146.1440887451172,146.1440887451172,146.1440887451172,146.1440887451172,2077752
1989-08-03,144.911865234375,144.911865234375,144.911865234375,144.911865234375,2755116
1989-08-04,147.37637329101562,147.37637329101562,147.37637329101562,147.37637329101562,3030216
1989-08-07,148.36212158203125,148.36212158203125,148.36212158203125,148.36212158203125,2574804
1989-08-08,147.12989807128906,147.12989807128906,147.12989807128906,147.12989807128906,3106756
1989-08-09,146.63690185546875,146.63690185546875,146.63690185546875,146.63690185546875,2432768
1989-08-10,145.89772033691406,145.89772033691406,145.89772033691406,145.89772033691406,4037952
1989-08-11,148.11575317382812,148.11575317382812,148.11575317382812,148.11575317382812,3657016
1989-08-14,145.15826416015625,145.15826416015625,145.15826416015625,145.15826416015625,2874512
1989-08-15,145.15826416015625,145.15826416015625,145.15826416015625,145.15826416015625,1902444
1989-08-16,145.6511688232422,145.6511688232422,145.6511688232422,145.6511688232422,2210732
1989-08-17,145.15826416015625,145.15826416015625,145.15826416015625,145.15826416015625,2254924
1989-08-18,145.15826416015625,145.15826416015625,145.15826416015625,145.15826416015625,2599356
1989-08-21,144.66539001464844,144.66539001464844,144.66539001464844,144.66539001464844,2394328
1989-08-22,143.6795196533203,143.6795196533203,143.6795196533203,143.6795196533203,2361912
1989-08-23,145.15826416015625,145.15826416015625,145.15826416015625,145.15826416015625,1780328
1989-08-24,148.11575317382812,148.11575317382812,148.11575317382812,148.11575317382812,4395236
1989-08-25,150.58026123046875,150.58026123046875,150.58026123046875,150.58026123046875,3523468
1989-08-28,150.58026123046875,150.58026123046875,150.58026123046875,150.58026123046875,0
1989-08-29,149.10142517089844,149.10142517089844,149.10142517089844,149.10142517089844,2554912
1989-08-30,149.10142517089844,149.10142517089844,149.10142517089844,149.10142517089844,2141732
1989-08-31,149.5943145751953,149.5943145751953,149.5943145751953,149.5943145751953,2041708
1989-09-01,150.58026123046875,150.58026123046875,150.58026123046875,150.58026123046875,3751356
1989-09-04,150.58026123046875,150.58026123046875,150.58026123046875,150.58026123046875,3139012
1989-09-05,152.79827880859375,152.79827880859375,152.79827880859375,152.79827880859375,3030168
1989-09-06,151.07310485839844,151.07310485839844,151.07310485839844,151.07310485839844,3087828
1989-09-07,152.55184936523438,152.55184936523438,152.55184936523438,152.55184936523438,3670632
1989-09-08,157.23431396484375,157.23431396484375,157.23431396484375,157.23431396484375,8016892
1989-09-11,156.24847412109375,156.24847412109375,156.24847412109375,156.24847412109375,3526212
1989-09-12,156.74124145507812,156.74124145507812,156.74124145507812,156.74124145507812,3019848
1989-09-13,160.19178771972656,160.19178771972656,160.19178771972656,160.19178771972656,4562132
1989-09-14,157.7271728515625,157.7271728515625,157.7271728515625,157.7271728515625,4794672
1989-09-15,155.26266479492188,155.26266479492188,155.26266479492188,155.26266479492188,3880624
1989-09-18,156.98777770996094,156.98777770996094,156.98777770996094,156.98777770996094,2342020
1989-09-19,156.0020751953125,156.0020751953125,156.0020751953125,156.0020751953125,2913008
1989-09-20,155.26266479492188,155.26266479492188,155.26266479492188,155.26266479492188,2345416
1989-09-21,155.75555419921875,155.75555419921875,155.75555419921875,155.75555419921875,1799820
1989-09-22,154.27699279785156,154.27699279785156,154.27699279785156,154.27699279785156,2249836
1989-09-25,152.0588836669922,152.0588836669922,152.0588836669922,152.0588836669922,2241108
1989-09-26,150.82656860351562,150.82656860351562,150.82656860351562,150.82656860351562,4015232
1989-09-27,150.333740234375,150.333740234375,150.333740234375,150.333740234375,2689552
1989-09-28,146.8833465576172,146.8833465576172,146.8833465576172,146.8833465576172,3411060
1989-09-29,147.12989807128906,147.12989807128906,147.12989807128906,147.12989807128906,4151924
1989-10-02,148.85504150390625,148.85504150390625,148.85504150390625,148.85504150390625,3563948
1989-10-03,151.31961059570312,151.31961059570312,151.31961059570312,151.31961059570312,2491920
1989-10-04,150.82656860351562,150.82656860351562,150.82656860351562,150.82656860351562,3117132
1989-10-05,148.85504150390625,148.85504150390625,148.85504150390625,148.85504150390625,2802724
1989-10-06,148.60858154296875,148.60858154296875,148.60858154296875,148.60858154296875,3134980
1989-10-09,148.85504150390625,148.85504150390625,148.85504150390625,148.85504150390625,2573104
1989-10-10,148.85504150390625,148.85504150390625,148.85504150390625,148.85504150390625,5065208
1989-10-11,151.07310485839844,151.07310485839844,151.07310485839844,151.07310485839844,3608848
1989-10-12,151.5659637451172,151.5659637451172,151.5659637451172,151.5659637451172,3010952
1989-10-13,151.81246948242188,151.81246948242188,151.81246948242188,151.81246948242188,4570824
1989-10-16,147.37637329101562,147.37637329101562,147.37637329101562,147.37637329101562,12312936
1989-10-17,143.926025390625,143.926025390625,143.926025390625,143.926025390625,4853268
1989-10-18,146.63690185546875,146.63690185546875,146.63690185546875,146.63690185546875,3488704
1989-10-19,147.37637329101562,147.37637329101562,147.37637329101562,147.37637329101562,2179616
1989-10-20,147.37637329101562,147.37637329101562,147.37637329101562,147.37637329101562,2568088
1989-10-23,147.622802734375,147.622802734375,147.622802734375,147.622802734375,1995416
1989-10-24,144.911865234375,144.911865234375,144.911865234375,144.911865234375,1995408
1989-10-25,145.40478515625,145.40478515625,145.40478515625,145.40478515625,2754036
1989-10-26,142.4473876953125,142.4473876953125,142.4473876953125,142.4473876953125,2322612
1989-10-27,140.9687042236328,140.9687042236328,140.9687042236328,140.9687042236328,4050572
1989-10-30,143.926025390625,143.926025390625,143.926025390625,143.926025390625,2336752
1989-10-31,145.89772033691406,145.89772033691406,145.89772033691406,145.89772033691406,1707288
1989-11-01,146.39053344726562,146.39053344726562,146.39053344726562,146.39053344726562,2725064
1989-11-02,146.39053344726562,146.39053344726562,146.39053344726562,146.39053344726562,1971508
1989-11-03,146.8833465576172,146.8833465576172,146.8833465576172,146.8833465576172,1680088
1989-11-06,146.8833465576172,146.8833465576172,146.8833465576172,146.8833465576172,2464520
1989-11-07,147.12989807128906,147.12989807128906,147.12989807128906,147.12989807128906,2345056
1989-11-08,148.11575317382812,148.11575317382812,148.11575317382812,148.11575317382812,2507792
1989-11-09,146.39053344726562,146.39053344726562,146.39053344726562,146.39053344726562,2854272
1989-11-10,148.36212158203125,148.36212158203125,148.36212158203125,148.36212158203125,4152640
1989-11-13,144.911865234375,144.911865234375,144.911865234375,144.911865234375,2589172
1989-11-14,145.6511688232422,145.6511688232422,145.6511688232422,145.6511688232422,2378732
1989-11-15,145.15826416015625,145.15826416015625,145.15826416015625,145.15826416015625,1191228
1989-11-16,145.6511688232422,145.6511688232422,145.6511688232422,145.6511688232422,2672908
1989-11-17,147.37637329101562,147.37637329101562,147.37637329101562,147.37637329101562,2447940
1989-11-20,146.8833465576172,146.8833465576172,146.8833465576172,146.8833465576172,2838784
1989-11-21,148.11575317382812,148.11575317382812,148.11575317382812,148.11575317382812,1911688
1989-11-22,149.34791564941406,149.34791564941406,149.34791564941406,149.34791564941406,2794744
1989-11-23,152.55184936523438,152.55184936523438,152.55184936523438,152.55184936523438,4152380
1989-11-24,152.30535888671875,152.30535888671875,152.30535888671875,152.30535888671875,3813116
1989-11-27,153.291015625,153.291015625,153.291015625,153.291015625,2766436
1989-11-28,153.0446319580078,153.0446319580078,153.0446319580078,153.0446319580078,3133904
1989-11-29,152.55184936523438,152.55184936523438,152.55184936523438,152.55184936523438,3137128
1989-11-30,152.55184936523438,152.55184936523438,152.55184936523438,152.55184936523438,3149264
1989-12-01,154.03050231933594,154.03050231933594,154.03050231933594,154.03050231933594,3260376
1989-12-04,153.78399658203125,153.78399658203125,153.78399658203125,153.78399658203125,3149940
1989-12-05,155.75555419921875,155.75555419921875,155.75555419921875,155.75555419921875,3987928
1989-12-06,156.98777770996094,156.98777770996094,156.98777770996094,156.98777770996094,3792056
1989-12-07,159.2059326171875,159.2059326171875,159.2059326171875,159.2059326171875,4904960
1989-12-08,163.8884735107422,163.8884735107422,163.8884735107422,163.8884735107422,8648108
1989-12-11,162.163330078125,162.163330078125,162.163330078125,162.163330078125,3321732
1989-12-12,164.13494873046875,164.13494873046875,164.13494873046875,164.13494873046875,4155248
1989-12-13,168.07803344726562,168.07803344726562,168.07803344726562,168.07803344726562,5125652
1989-12-14,163.14907836914062,163.14907836914062,163.14907836914062,163.14907836914062,4568732
1989-12-15,162.40977478027344,162.40977478027344,162.40977478027344,162.40977478027344,3303500
1989-12-18,161.42396545410156,161.42396545410156,161.42396545410156,161.42396545410156,2597700
1989-12-19,161.1774139404297,161.1774139404297,161.1774139404297,161.1774139404297,1863236
1989-12-20,163.64190673828125,163.64190673828125,163.64190673828125,163.64190673828125,2415868
1989-12-21,161.67030334472656,161.67030334472656,161.67030334472656,161.67030334472656,2171912
1989-12-22,161.1774139404297,161.1774139404297,161.1774139404297,161.1774139404297,1996988
1989-12-25,161.1774139404297,161.1774139404297,161.1774139404297,161.1774139404297,0
1989-12-26,161.1774139404297,161.1774139404297,161.1774139404297,161.1774139404297,0
1989-12-27,164.62770080566406,164.62770080566406,164.62770080566406,164.62770080566406,1267716
1989-12-28,165.12062072753906,165.12062072753906,165.12062072753906,165.12062072753906,2290456
1989-12-29,166.59927368164062,166.59927368164062,166.59927368164062,166.59927368164062,1727008
1990-01-01,166.59927368164062,166.59927368164062,166.59927368164062,166.59927368164062,0
1990-01-02,167.09234619140625,167.09234619140625,167.09234619140625,167.09234619140625,2423580
1990-01-03,167.09234619140625,167.09234619140625,167.09234619140625,167.09234619140625,4348332
1990-01-04,167.09234619140625,167.09234619140625,167.09234619140625,167.09234619140625,5819644
1990-01-05,167.09234619140625,167.09234619140625,167.09234619140625,167.09234619140625,3524564
1990-01-08,166.10650634765625,166.10650634765625,166.10650634765625,166.10650634765625,3460312
1990-01-09,165.6135711669922,165.6135711669922,165.6135711669922,165.6135711669922,2826052
1990-01-10,163.14907836914062,163.14907836914062,163.14907836914062,163.14907836914062,2949828
1990-01-11,165.6135711669922,165.6135711669922,165.6135711669922,165.6135711669922,4841264
1990-01-12,163.14907836914062,163.14907836914062,163.14907836914062,163.14907836914062,3551324
1990-01-15,162.163330078125,162.163330078125,162.163330078125,162.163330078125,2565884
1990-01-16,162.163330078125,162.163330078125,162.163330078125,162.163330078125,2813344
1990-01-17,163.64190673828125,163.64190673828125,163.64190673828125,163.64190673828125,2210664
1990-01-18,161.1774139404297,161.1774139404297,161.1774139404297,161.1774139404297,2707080
1990-01-19,161.67030334472656,161.67030334472656,161.67030334472656,161.67030334472656,2049028
1990-01-22,158.2201385498047,158.2201385498047,158.2201385498047,158.2201385498047,2493988
1990-01-23,156.74124145507812,156.74124145507812,156.74124145507812,156.74124145507812,2433796
1990-01-24,155.26266479492188,155.26266479492188,155.26266479492188,155.26266479492188,2987492
1990-01-25,158.7130889892578,158.7130889892578,158.7130889892578,158.7130889892578,2524480
1990-01-26,163.64190673828125,163.64190673828125,163.64190673828125,163.64190673828125,4743916
1990-01-29,164.62770080566406,164.62770080566406,164.62770080566406,164.62770080566406,3934236
1990-01-30,164.62770080566406,164.62770080566406,164.62770080566406,164.62770080566406,2942924
1990-01-31,168.07803344726562,168.07803344726562,168.07803344726562,168.07803344726562,3630164
1990-02-01,170.04966735839844,170.04966735839844,170.04966735839844,170.04966735839844,4619576
1990-02-02,171.52830505371094,171.52830505371094,171.52830505371094,171.52830505371094,4518292
1990-02-05,171.035400390625,171.035400390625,171.035400390625,171.035400390625,3099520
1990-02-06,169.5567169189453,169.5567169189453,169.5567169189453,169.5567169189453,2614696
1990-02-07,168.07803344726562,168.07803344726562,168.07803344726562,168.07803344726562,2640328
1990-02-08,169.06370544433594,169.06370544433594,169.06370544433594,169.06370544433594,3799040
1990-02-09,168.32449340820312,168.32449340820312,168.32449340820312,168.32449340820312,2623824
1990-02-12,166.35293579101562,166.35293579101562,166.35293579101562,166.35293579101562,2794464
1990-02-13,167.09234619140625,167.09234619140625,167.09234619140625,167.09234619140625,2878028
1990-02-14,169.06370544433594,169.06370544433594,169.06370544433594,169.06370544433594,2362080
1990-02-15,170.78892517089844,170.78892517089844,170.78892517089844,170.78892517089844,2549184
1990-02-16,171.77484130859375,171.77484130859375,171.77484130859375,171.77484130859375,5502468
1990-02-19,170.78892517089844,170.78892517089844,170.78892517089844,170.78892517089844,2940808
1990-02-20,169.5567169189453,169.5567169189453,169.5567169189453,169.5567169189453,2924548
1990-02-21,167.09234619140625,167.09234619140625,167.09234619140625,167.09234619140625,4183480
1990-02-22,168.07803344726562,168.07803344726562,168.07803344726562,168.07803344726562,2576020
1990-02-23,165.6135711669922,165.6135711669922,165.6135711669922,165.6135711669922,2654640
1990-02-26,164.38124084472656,164.38124084472656,164.38124084472656,164.38124084472656,3808008
1990-02-27,165.85997009277344,165.85997009277344,165.85997009277344,165.85997009277344,2454412
1990-02-28,166.10650634765625,166.10650634765625,166.10650634765625,166.10650634765625,3201916
1990-03-01,165.6135711669922,165.6135711669922,165.6135711669922,165.6135711669922,1853024
1990-03-02,167.585205078125,167.585205078125,167.585205078125,167.585205078125,2437384
1990-03-05,166.59927368164062,166.59927368164062,166.59927368164062,166.59927368164062,3087152
1990-03-06,165.12062072753906,165.12062072753906,165.12062072753906,165.12062072753906,2497684
1990-03-07,167.09234619140625,167.09234619140625,167.09234619140625,167.09234619140625,3146708
1990-03-08,168.07803344726562,168.07803344726562,168.07803344726562,168.07803344726562,3408840
1990-03-09,165.6135711669922,165.6135711669922,165.6135711669922,165.6135711669922,3459652
1990-03-12,164.13494873046875,164.13494873046875,164.13494873046875,164.13494873046875,2962936
1990-03-13,163.14907836914062,163.14907836914062,163.14907836914062,163.14907836914062,2861628
1990-03-14,164.13494873046875,164.13494873046875,164.13494873046875,164.13494873046875,3233140
1990-03-15,165.12062072753906,165.12062072753906,165.12062072753906,165.12062072753906,3477020
1990-03-16,167.585205078125,167.585205078125,167.585205078125,167.585205078125,2817404
1990-03-19,164.87417602539062,164.87417602539062,164.87417602539062,164.87417602539062,3525080
1990-03-20,164.62770080566406,164.62770080566406,164.62770080566406,164.62770080566406,3319672
1990-03-21,163.64190673828125,163.64190673828125,163.64190673828125,163.64190673828125,2915780
1990-03-22,164.62770080566406,164.62770080566406,164.62770080566406,164.62770080566406,3421360
1990-03-23,166.10650634765625,166.10650634765625,166.10650634765625,166.10650634765625,4101884
1990-03-26,166.59927368164062,166.59927368164062,166.59927368164062,166.59927368164062,3860912
1990-03-27,165.3671417236328,165.3671417236328,165.3671417236328,165.3671417236328,2931108
1990-03-28,166.10650634765625,166.10650634765625,166.10650634765625,166.10650634765625,3382124
1990-03-29,164.62770080566406,164.62770080566406,164.62770080566406,164.62770080566406,2765176
1990-03-30,161.9168243408203,161.9168243408203,161.9168243408203,161.9168243408203,2434040
1990-04-02,159.4523468017578,159.4523468017578,159.4523468017578,159.4523468017578,4303700
1990-04-03,159.9451904296875,159.9451904296875,159.9451904296875,159.9451904296875,4875800
1990-04-04,158.4666290283203,158.4666290283203,158.4666290283203,158.4666290283203,4090356
1990-04-05,156.98777770996094,156.98777770996094,156.98777770996094,156.98777770996094,4648488
1990-04-06,156.24847412109375,156.24847412109375,156.24847412109375,156.24847412109375,4193672
1990-04-09,156.98777770996094,156.98777770996094,156.98777770996094,156.98777770996094,1498020
1990-04-10,156.24847412109375,156.24847412109375,156.24847412109375,156.24847412109375,2133132
1990-04-11,155.01632690429688,155.01632690429688,155.01632690429688,155.01632690429688,2289116
1990-04-12,156.24847412109375,156.24847412109375,156.24847412109375,156.24847412109375,2510188
1990-04-13,156.24847412109375,156.24847412109375,156.24847412109375,156.24847412109375,0
1990-04-16,156.24847412109375,156.24847412109375,156.24847412109375,156.24847412109375,0
1990-04-17,157.23431396484375,157.23431396484375,157.23431396484375,157.23431396484375,2381832
1990-04-18,156.24847412109375,156.24847412109375,156.24847412109375,156.24847412109375,1657380
1990-04-19,155.26266479492188,155.26266479492188,155.26266479492188,155.26266479492188,2592040
1990-04-20,156.0020751953125,156.0020751953125,156.0020751953125,156.0020751953125,1895392
1990-04-23,155.01632690429688,155.01632690429688,155.01632690429688,155.01632690429688,1666668
1990-04-24,155.75555419921875,155.75555419921875,155.75555419921875,155.75555419921875,2365180
1990-04-25,154.27699279785156,154.27699279785156,154.27699279785156,154.27699279785156,1894432
1990-04-26,153.291015625,153.291015625,153.291015625,153.291015625,2155992
1990-04-27,150.82656860351562,150.82656860351562,150.82656860351562,150.82656860351562,3026928
1990-04-30,149.84083557128906,149.84083557128906,149.84083557128906,149.84083557128906,2815172
1990-05-01,150.333740234375,150.333740234375,150.333740234375,150.333740234375,1384716
1990-05-02,151.81246948242188,151.81246948242188,151.81246948242188,151.81246948242188,2873544
1990-05-03,154.03050231933594,154.03050231933594,154.03050231933594,154.03050231933594,1806912
1990-05-04,157.7271728515625,157.7271728515625,157.7271728515625,157.7271728515625,2667180
1990-05-07,157.7271728515625,157.7271728515625,157.7271728515625,157.7271728515625,0
1990-05-08,157.7271728515625,157.7271728515625,157.7271728515625,157.7271728515625,1902584
1990-05-09,155.75555419921875,155.75555419921875,155.75555419921875,155.75555419921875,2909564
1990-05-10,152.79827880859375,152.79827880859375,152.79827880859375,152.79827880859375,3009608
1990-05-11,152.0588836669922,152.0588836669922,152.0588836669922,152.0588836669922,3541308
1990-05-14,157.23431396484375,157.23431396484375,157.23431396484375,157.23431396484375,3369396
1990-05-15,156.74124145507812,156.74124145507812,156.74124145507812,156.74124145507812,2769736
1990-05-16,159.6988525390625,159.6988525390625,159.6988525390625,159.6988525390625,2535352
1990-05-17,162.65623474121094,162.65623474121094,162.65623474121094,162.65623474121094,4998620
1990-05-18,158.7130889892578,158.7130889892578,158.7130889892578,158.7130889892578,4035536
1990-05-21,156.0020751953125,156.0020751953125,156.0020751953125,156.0020751953125,4201292
1990-05-22,160.19178771972656,160.19178771972656,160.19178771972656,160.19178771972656,4435176
1990-05-23,159.2059326171875,159.2059326171875,159.2059326171875,159.2059326171875,4770500
1990-05-24,155.75555419921875,155.75555419921875,155.75555419921875,155.75555419921875,3593456
1990-05-25,156.24847412109375,156.24847412109375,156.24847412109375,156.24847412109375,2757064
1990-05-28,156.24847412109375,156.24847412109375,156.24847412109375,156.24847412109375,0
1990-05-29,157.7271728515625,157.7271728515625,157.7271728515625,157.7271728515625,2289792
1990-05-30,161.67030334472656,161.67030334472656,161.67030334472656,161.67030334472656,2723168
1990-05-31,162.40977478027344,162.40977478027344,162.40977478027344,162.40977478027344,3650008
1990-06-01,163.64190673828125,163.64190673828125,163.64190673828125,163.64190673828125,4468164
1990-06-04,163.64190673828125,163.64190673828125,163.64190673828125,163.64190673828125,2556108
1990-06-05,160.68460083007812,160.68460083007812,160.68460083007812,160.68460083007812,2521728
1990-06-06,157.23431396484375,157.23431396484375,157.23431396484375,157.23431396484375,2833240
1990-06-07,156.74124145507812,156.74124145507812,156.74124145507812,156.74124145507812,3342000
1990-06-08,156.98777770996094,156.98777770996094,156.98777770996094,156.98777770996094,3206636
1990-06-11,156.98777770996094,156.98777770996094,156.98777770996094,156.98777770996094,2155204
1990-06-12,158.7130889892578,158.7130889892578,158.7130889892578,158.7130889892578,3155240
1990-06-13,160.43817138671875,160.43817138671875,160.43817138671875,160.43817138671875,3355280
1990-06-14,160.68460083007812,160.68460083007812,160.68460083007812,160.68460083007812,3579120
1990-06-15,160.43817138671875,160.43817138671875,160.43817138671875,160.43817138671875,2755912
1990-06-18,159.2059326171875,159.2059326171875,159.2059326171875,159.2059326171875,2453992
1990-06-19,160.19178771972656,160.19178771972656,160.19178771972656,160.19178771972656,3135080
1990-06-20,160.19178771972656,160.19178771972656,160.19178771972656,160.19178771972656,2565208
1990-06-21,160.68460083007812,160.68460083007812,160.68460083007812,160.68460083007812,3511516
1990-06-22,159.9451904296875,159.9451904296875,159.9451904296875,159.9451904296875,2251080
1990-06-25,161.1774139404297,161.1774139404297,161.1774139404297,161.1774139404297,2955864
1990-06-26,161.1774139404297,161.1774139404297,161.1774139404297,161.1774139404297,2603488
1990-06-27,158.2201385498047,158.2201385498047,158.2201385498047,158.2201385498047,2993824
1990-06-28,156.0020751953125,156.0020751953125,156.0020751953125,156.0020751953125,2493736
1990-06-29,157.7271728515625,157.7271728515625,157.7271728515625,157.7271728515625,4099420
1990-07-02,157.23431396484375,157.23431396484375,157.23431396484375,157.23431396484375,2908716
1990-07-03,156.98777770996094,156.98777770996094,156.98777770996094,156.98777770996094,2785932
1990-07-04,156.74124145507812,156.74124145507812,156.74124145507812,156.74124145507812,2611336
1990-07-05,156.24847412109375,156.24847412109375,156.24847412109375,156.24847412109375,2992624
1990-07-06,157.48077392578125,157.48077392578125,157.48077392578125,157.48077392578125,4452404
1990-07-09,158.2201385498047,158.2201385498047,158.2201385498047,158.2201385498047,2285992
1990-07-10,156.24847412109375,156.24847412109375,156.24847412109375,156.24847412109375,2289100
1990-07-11,158.2201385498047,158.2201385498047,158.2201385498047,158.2201385498047,2858580
1990-07-12,161.67030334472656,161.67030334472656,161.67030334472656,161.67030334472656,4556432
1990-07-13,165.6135711669922,165.6135711669922,165.6135711669922,165.6135711669922,6387412
1990-07-16,165.6135711669922,165.6135711669922,165.6135711669922,165.6135711669922,3830648
1990-07-17,163.14907836914062,163.14907836914062,163.14907836914062,163.14907836914062,3738100
1990-07-18,162.163330078125,162.163330078125,162.163330078125,162.163330078125,2451596
1990-07-19,161.1774139404297,161.1774139404297,161.1774139404297,161.1774139404297,3164256
1990-07-20,164.87417602539062,164.87417602539062,164.87417602539062,164.87417602539062,4178200
1990-07-23,164.13494873046875,164.13494873046875,164.13494873046875,164.13494873046875,3645040
1990-07-24,167.585205078125,167.585205078125,167.585205078125,167.585205078125,3512552
1990-07-25,169.06370544433594,169.06370544433594,169.06370544433594,169.06370544433594,6302840
1990-07-26,166.8457794189453,166.8457794189453,166.8457794189453,166.8457794189453,3928808
1990-07-27,165.85997009277344,165.85997009277344,165.85997009277344,165.85997009277344,2854504
1990-07-30,163.8884735107422,163.8884735107422,163.8884735107422,163.8884735107422,2337352
1990-07-31,164.13494873046875,164.13494873046875,164.13494873046875,164.13494873046875,3677888
1990-08-01,167.585205078125,167.585205078125,167.585205078125,167.585205078125,3107364
1990-08-02,177.9359130859375,177.9359130859375,177.9359130859375,177.9359130859375,18397660
1990-08-03,179.9075469970703,179.9075469970703,179.9075469970703,179.9075469970703,13647000
1990-08-06,180.89334106445312,180.89334106445312,180.89334106445312,180.89334106445312,10499504
1990-08-07,178.428955078125,178.428955078125,178.428955078125,178.428955078125,15015908
1990-08-08,179.4147491455078,179.4147491455078,179.4147491455078,179.4147491455078,10495504
1990-08-09,176.95018005371094,176.95018005371094,176.95018005371094,176.95018005371094,6111892
1990-08-10,177.9359130859375,177.9359130859375,177.9359130859375,177.9359130859375,5638896
1990-08-13,176.95018005371094,176.95018005371094,176.95018005371094,176.95018005371094,4910476
1990-08-14,179.16822814941406,179.16822814941406,179.16822814941406,179.16822814941406,4321332
1990-08-15,176.95018005371094,176.95018005371094,176.95018005371094,176.95018005371094,3623600
1990-08-16,181.38626098632812,181.38626098632812,181.38626098632812,181.38626098632812,6288980
1990-08-17,185.3295440673828,185.3295440673828,185.3295440673828,185.3295440673828,12737548
1990-08-20,181.6327362060547,181.6327362060547,181.6327362060547,181.6327362060547,4633268
1990-08-21,180.89334106445312,180.89334106445312,180.89334106445312,180.89334106445312,1847376
1990-08-22,179.4147491455078,179.4147491455078,179.4147491455078,179.4147491455078,4795468
1990-08-23,176.95018005371094,176.95018005371094,176.95018005371094,176.95018005371094,6364680
1990-08-24,174.4856414794922,174.4856414794922,174.4856414794922,174.4856414794922,4600696
1990-08-27,174.4856414794922,174.4856414794922,174.4856414794922,174.4856414794922,0
1990-08-28,172.02133178710938,172.02133178710938,172.02133178710938,172.02133178710938,4771056
1990-08-29,173.0070343017578,173.0070343017578,173.0070343017578,173.0070343017578,3672596
1990-08-30,175.47142028808594,175.47142028808594,175.47142028808594,175.47142028808594,3170508
1990-08-31,179.4147491455078,179.4147491455078,179.4147491455078,179.4147491455078,3954864
1990-09-03,182.3721160888672,182.3721160888672,182.3721160888672,182.3721160888672,3561980
1990-09-04,181.879150390625,181.879150390625,181.879150390625,181.879150390625,4261220
1990-09-05,182.3721160888672,182.3721160888672,182.3721160888672,182.3721160888672,4383896
1990-09-06,182.86495971679688,182.86495971679688,182.86495971679688,182.86495971679688,4850908
1990-09-07,181.879150390625,181.879150390625,181.879150390625,181.879150390625,4061528
1990-09-10,180.89334106445312,180.89334106445312,180.89334106445312,180.89334106445312,2963688
1990-09-11,181.879150390625,181.879150390625,181.879150390625,181.879150390625,2461296
1990-09-12,182.61851501464844,182.61851501464844,182.61851501464844,182.61851501464844,3903016
1990-09-13,181.879150390625,181.879150390625,181.879150390625,181.879150390625,2583000
1990-09-14,180.64694213867188,180.64694213867188,180.64694213867188,180.64694213867188,2736304
1990-09-17,179.9075469970703,179.9075469970703,179.9075469970703,179.9075469970703,3066744
1990-09-18,180.40037536621094,180.40037536621094,180.40037536621094,180.40037536621094,3569448
1990-09-19,180.64694213867188,180.64694213867188,180.64694213867188,180.64694213867188,2604620
1990-09-20,180.89334106445312,180.89334106445312,180.89334106445312,180.89334106445312,4217384
1990-09-21,181.6327362060547,181.6327362060547,181.6327362060547,181.6327362060547,3573816
1990-09-24,179.4147491455078,179.4147491455078,179.4147491455078,179.4147491455078,3208656
1990-09-25,177.44308471679688,177.44308471679688,177.44308471679688,177.44308471679688,3849820
1990-09-26,173.9928436279297,173.9928436279297,173.9928436279297,173.9928436279297,3473228
1990-09-27,172.02133178710938,172.02133178710938,172.02133178710938,172.02133178710938,3692108
1990-09-28,170.04966735839844,170.04966735839844,170.04966735839844,170.04966735839844,3923420
1990-10-01,171.035400390625,171.035400390625,171.035400390625,171.035400390625,2289028
1990-10-02,170.04966735839844,170.04966735839844,170.04966735839844,170.04966735839844,3152608
1990-10-03,171.035400390625,171.035400390625,171.035400390625,171.035400390625,2660564
1990-10-04,173.49993896484375,173.49993896484375,173.49993896484375,173.49993896484375,2754336
1990-10-05,176.95018005371094,176.95018005371094,176.95018005371094,176.95018005371094,3013444
1990-10-08,176.70379638671875,176.70379638671875,176.70379638671875,176.70379638671875,4987152
1990-10-09,176.21090698242188,176.21090698242188,176.21090698242188,176.21090698242188,3952312
1990-10-10,176.95018005371094,176.95018005371094,176.95018005371094,176.95018005371094,2757768
1990-10-11,174.4856414794922,174.4856414794922,174.4856414794922,174.4856414794922,2213112
1990-10-12,172.02133178710938,172.02133178710938,172.02133178710938,172.02133178710938,2418736
1990-10-15,169.06370544433594,169.06370544433594,169.06370544433594,169.06370544433594,2416920
1990-10-16,167.09234619140625,167.09234619140625,167.09234619140625,167.09234619140625,2084112
1990-10-17,166.59927368164062,166.59927368164062,166.59927368164062,166.59927368164062,3346688
1990-10-18,166.59927368164062,166.59927368164062,166.59927368164062,166.59927368164062,2712792
1990-10-19,166.10650634765625,166.10650634765625,166.10650634765625,166.10650634765625,2289152
1990-10-22,166.59927368164062,166.59927368164062,166.59927368164062,166.59927368164062,2162560
1990-10-23,167.585205078125,167.585205078125,167.585205078125,167.585205078125,3120228
1990-10-24,166.8457794189453,166.8457794189453,166.8457794189453,166.8457794189453,1745100
1990-10-25,168.07803344726562,168.07803344726562,168.07803344726562,168.07803344726562,2376860
1990-10-26,167.3387908935547,167.3387908935547,167.3387908935547,167.3387908935547,2681144
1990-10-29,166.59927368164062,166.59927368164062,166.59927368164062,166.59927368164062,1849712
1990-10-30,165.12062072753906,165.12062072753906,165.12062072753906,165.12062072753906,1969376
1990-10-31,164.62770080566406,164.62770080566406,164.62770080566406,164.62770080566406,1745420
1990-11-01,164.62770080566406,164.62770080566406,164.62770080566406,164.62770080566406,3185680
1990-11-02,165.12062072753906,165.12062072753906,165.12062072753906,165.12062072753906,2602044
1990-11-05,167.585205078125,167.585205078125,167.585205078125,167.585205078125,2621672
1990-11-06,166.8457794189453,166.8457794189453,166.8457794189453,166.8457794189453,2540632
1990-11-07,166.59927368164062,166.59927368164062,166.59927368164062,166.59927368164062,2925056
1990-11-08,164.62770080566406,164.62770080566406,164.62770080566406,164.62770080566406,2523164
1990-11-09,166.10650634765625,166.10650634765625,166.10650634765625,166.10650634765625,2350684
1990-11-12,165.6135711669922,165.6135711669922,165.6135711669922,165.6135711669922,1293908
1990-11-13,164.38124084472656,164.38124084472656,164.38124084472656,164.38124084472656,2213552
1990-11-14,162.163330078125,162.163330078125,162.163330078125,162.163330078125,1941740
1990-11-15,161.67030334472656,161.67030334472656,161.67030334472656,161.67030334472656,3498040
1990-11-16,160.19178771972656,160.19178771972656,160.19178771972656,160.19178771972656,2838664
1990-11-19,160.19178771972656,160.19178771972656,160.19178771972656,160.19178771972656,2566352
1990-11-20,162.65623474121094,162.65623474121094,162.65623474121094,162.65623474121094,4677004
1990-11-21,162.65623474121094,162.65623474121094,162.65623474121094,162.65623474121094,2158332
1990-11-22,163.64190673828125,163.64190673828125,163.64190673828125,163.64190673828125,2068140
1990-11-23,165.12062072753906,165.12062072753906,165.12062072753906,165.12062072753906,2561908
1990-11-26,167.09234619140625,167.09234619140625,167.09234619140625,167.09234619140625,2774208
1990-11-27,169.5567169189453,169.5567169189453,169.5567169189453,169.5567169189453,3189588
1990-11-28,168.57089233398438,168.57089233398438,168.57089233398438,168.57089233398438,2616364
1990-11-29,170.04966735839844,170.04966735839844,170.04966735839844,170.04966735839844,2182540
1990-11-30,171.035400390625,171.035400390625,171.035400390625,171.035400390625,2542352
1990-12-03,170.04966735839844,170.04966735839844,170.04966735839844,170.04966735839844,2708944
1990-12-04,168.81736755371094,168.81736755371094,168.81736755371094,168.81736755371094,2871116
1990-12-05,167.09234619140625,167.09234619140625,167.09234619140625,167.09234619140625,1584000
1990-12-06,162.65623474121094,162.65623474121094,162.65623474121094,162.65623474121094,2794916
1990-12-07,163.14907836914062,163.14907836914062,163.14907836914062,163.14907836914062,2750420
1990-12-10,161.42396545410156,161.42396545410156,161.42396545410156,161.42396545410156,1768520
1990-12-11,159.6988525390625,159.6988525390625,159.6988525390625,159.6988525390625,3921244
1990-12-12,159.2059326171875,159.2059326171875,159.2059326171875,159.2059326171875,1571736
1990-12-13,157.9737548828125,157.9737548828125,157.9737548828125,157.9737548828125,2396724
1990-12-14,160.68460083007812,160.68460083007812,160.68460083007812,160.68460083007812,2405000
1990-12-17,161.1774139404297,161.1774139404297,161.1774139404297,161.1774139404297,980708
1990-12-18,163.64190673828125,163.64190673828125,163.64190673828125,163.64190673828125,2167524
1990-12-19,164.38124084472656,164.38124084472656,164.38124084472656,164.38124084472656,2498400
1990-12-20,163.64190673828125,163.64190673828125,163.64190673828125,163.64190673828125,2287136
1990-12-21,165.12062072753906,165.12062072753906,165.12062072753906,165.12062072753906,1949240
1990-12-24,167.09234619140625,167.09234619140625,167.09234619140625,167.09234619140625,1053520
1990-12-25,167.09234619140625,167.09234619140625,167.09234619140625,167.09234619140625,0
1990-12-26,167.09234619140625,167.09234619140625,167.09234619140625,167.09234619140625,0
1990-12-27,167.09234619140625,167.09234619140625,167.09234619140625,167.09234619140625,1520864
1990-12-28,165.6135711669922,165.6135711669922,165.6135711669922,165.6135711669922,803876
1990-12-31,164.62770080566406,164.62770080566406,164.62770080566406,164.62770080566406,370300
1991-01-01,164.62770080566406,164.62770080566406,164.62770080566406,164.62770080566406,0
1991-01-02,165.12062072753906,165.12062072753906,165.12062072753906,165.12062072753906,1200516
1991-01-03,161.67030334472656,161.67030334472656,161.67030334472656,161.67030334472656,1428528
1991-01-04,159.2059326171875,159.2059326171875,159.2059326171875,159.2059326171875,1651372
1991-01-07,160.19178771972656,160.19178771972656,160.19178771972656,160.19178771972656,2409080
1991-01-08,159.2059326171875,159.2059326171875,159.2059326171875,159.2059326171875,1718468
1991-01-09,157.23431396484375,157.23431396484375,157.23431396484375,157.23431396484375,2383068
1991-01-10,156.24847412109375,156.24847412109375,156.24847412109375,156.24847412109375,3429760
1991-01-11,158.2201385498047,158.2201385498047,158.2201385498047,158.2201385498047,2162940
1991-01-14,160.19178771972656,160.19178771972656,160.19178771972656,160.19178771972656,18794196
1991-01-15,159.2059326171875,159.2059326171875,159.2059326171875,159.2059326171875,10651484
1991-01-16,156.74124145507812,156.74124145507812,156.74124145507812,156.74124145507812,10807652
1991-01-17,152.30535888671875,152.30535888671875,152.30535888671875,152.30535888671875,68228480
1991-01-18,149.84083557128906,149.84083557128906,149.84083557128906,149.84083557128906,52771988
1991-01-21,145.89772033691406,145.89772033691406,145.89772033691406,145.89772033691406,28525560
1991-01-22,148.36212158203125,148.36212158203125,148.36212158203125,148.36212158203125,49656864
1991-01-23,147.37637329101562,147.37637329101562,147.37637329101562,147.37637329101562,29697008
1991-01-24,147.37637329101562,147.37637329101562,147.37637329101562,147.37637329101562,25709288
1991-01-25,147.12989807128906,147.12989807128906,147.12989807128906,147.12989807128906,16888012
1991-01-28,147.86924743652344,147.86924743652344,147.86924743652344,147.86924743652344,34326452
1991-01-29,147.86924743652344,147.86924743652344,147.86924743652344,147.86924743652344,14609280
1991-01-30,148.36212158203125,148.36212158203125,148.36212158203125,148.36212158203125,33784924
1991-01-31,150.333740234375,150.333740234375,150.333740234375,150.333740234375,43310864
1991-02-01,149.34791564941406,149.34791564941406,149.34791564941406,149.34791564941406,34586240
1991-02-04,148.85504150390625,148.85504150390625,148.85504150390625,148.85504150390625,48678704
1991-02-05,150.333740234375,150.333740234375,150.333740234375,150.333740234375,47616876
1991-02-06,152.30535888671875,152.30535888671875,152.30535888671875,152.30535888671875,31187292
1991-02-07,158.2201385498047,158.2201385498047,158.2201385498047,158.2201385498047,53333516
1991-02-08,155.75555419921875,155.75555419921875,155.75555419921875,155.75555419921875,19513900
1991-02-11,156.74124145507812,156.74124145507812,156.74124145507812,156.74124145507812,19464552
1991-02-12,154.76986694335938,154.76986694335938,154.76986694335938,154.76986694335938,29160384
1991-02-13,152.30535888671875,152.30535888671875,152.30535888671875,152.30535888671875,23369804
1991-02-14,151.81246948242188,151.81246948242188,151.81246948242188,151.81246948242188,36239196
1991-02-15,151.07310485839844,151.07310485839844,151.07310485839844,151.07310485839844,57906604
1991-02-18,153.78399658203125,153.78399658203125,153.78399658203125,153.78399658203125,43308344
1991-02-19,156.74124145507812,156.74124145507812,156.74124145507812,156.74124145507812,46241452
1991-02-20,157.23431396484375,157.23431396484375,157.23431396484375,157.23431396484375,30755512
1991-02-21,159.2059326171875,159.2059326171875,159.2059326171875,159.2059326171875,36461976
1991-02-22,159.6988525390625,159.6988525390625,159.6988525390625,159.6988525390625,40571544
1991-02-25,158.2201385498047,158.2201385498047,158.2201385498047,158.2201385498047,25153888
1991-02-26,157.7271728515625,157.7271728515625,157.7271728515625,157.7271728515625,30719916
1991-02-27,161.1774139404297,161.1774139404297,161.1774139404297,161.1774139404297,24190884
1991-02-28,163.8884735107422,163.8884735107422,163.8884735107422,163.8884735107422,42445024
1991-03-01,164.13494873046875,164.13494873046875,164.13494873046875,164.13494873046875,27938952
1991-03-04,164.13494873046875,164.13494873046875,164.13494873046875,164.13494873046875,40531832
1991-03-05,165.3671417236328,165.3671417236328,165.3671417236328,165.3671417236328,44501740
1991-03-06,165.12062072753906,165.12062072753906,165.12062072753906,165.12062072753906,82430496
1991-03-07,165.12062072753906,165.12062072753906,165.12062072753906,165.12062072753906,38267764
1991-03-08,169.5567169189453,169.5567169189453,169.5567169189453,169.5567169189453,56255804
1991-03-11,169.5567169189453,169.5567169189453,169.5567169189453,169.5567169189453,23869072
1991-03-12,171.035400390625,171.035400390625,171.035400390625,171.035400390625,38718960
1991-03-13,166.10650634765625,166.10650634765625,166.10650634765625,166.10650634765625,55720136
1991-03-14,166.59927368164062,166.59927368164062,166.59927368164062,166.59927368164062,26168212
1991-03-15,164.13494873046875,164.13494873046875,164.13494873046875,164.13494873046875,48341412
1991-03-18,164.13494873046875,164.13494873046875,164.13494873046875,164.13494873046875,8958040
1991-03-19,164.13494873046875,164.13494873046875,164.13494873046875,164.13494873046875,39812768
1991-03-20,164.87417602539062,164.87417602539062,164.87417602539062,164.87417602539062,36111856
1991-03-21,167.09234619140625,167.09234619140625,167.09234619140625,167.09234619140625,41329124
1991-03-22,163.8884735107422,163.8884735107422,163.8884735107422,163.8884735107422,27592108
1991-03-25,164.13494873046875,164.13494873046875,164.13494873046875,164.13494873046875,24159980
1991-03-26,163.14907836914062,163.14907836914062,163.14907836914062,163.14907836914062,80961848
1991-03-27,165.3671417236328,165.3671417236328,165.3671417236328,165.3671417236328,27309792
1991-03-28,164.62770080566406,164.62770080566406,164.62770080566406,164.62770080566406,48706368
1991-03-29,164.62770080566406,164.62770080566406,164.62770080566406,164.62770080566406,0
1991-04-01,164.62770080566406,164.62770080566406,164.62770080566406,164.62770080566406,0
1991-04-02,164.13494873046875,164.13494873046875,164.13494873046875,164.13494873046875,17145876
1991-04-03,163.14907836914062,163.14907836914062,163.14907836914062,163.14907836914062,50598000
1991-04-04,163.14907836914062,163.14907836914062,163.14907836914062,163.14907836914062,50100260
1991-04-05,165.12062072753906,165.12062072753906,165.12062072753906,165.12062072753906,69569904
1991-04-08,164.62770080566406,164.62770080566406,164.62770080566406,164.62770080566406,15483696
1991-04-09,164.13494873046875,164.13494873046875,164.13494873046875,164.13494873046875,17478272
1991-04-10,164.38124084472656,164.38124084472656,164.38124084472656,164.38124084472656,22947516
1991-04-11,168.32449340820312,168.32449340820312,168.32449340820312,168.32449340820312,58243260
1991-04-12,172.02133178710938,172.02133178710938,172.02133178710938,172.02133178710938,40513744
1991-04-15,174.97857666015625,174.97857666015625,174.97857666015625,174.97857666015625,44520192
1991-04-16,173.74635314941406,173.74635314941406,173.74635314941406,173.74635314941406,24163120
1991-04-17,175.96441650390625,175.96441650390625,175.96441650390625,175.96441650390625,28511720
1991-04-18,173.9928436279297,173.9928436279297,173.9928436279297,173.9928436279297,20161032
1991-04-19,172.76046752929688,172.76046752929688,172.76046752929688,172.76046752929688,20815048
1991-04-22,172.02133178710938,172.02133178710938,172.02133178710938,172.02133178710938,16546152
1991-04-23,174.4856414794922,174.4856414794922,174.4856414794922,174.4856414794922,25721736
1991-04-24,172.2676544189453,172.2676544189453,172.2676544189453,172.2676544189453,35945388
1991-04-25,170.54254150390625,170.54254150390625,170.54254150390625,170.54254150390625,17063056
1991-04-26,170.54254150390625,170.54254150390625,170.54254150390625,170.54254150390625,14622572
1991-04-29,172.51417541503906,172.51417541503906,172.51417541503906,172.51417541503906,15845056
1991-04-30,169.5567169189453,169.5567169189453,169.5567169189453,169.5567169189453,18908668
1991-05-01,173.0070343017578,173.0070343017578,173.0070343017578,173.0070343017578,15643844
1991-05-02,175.96441650390625,175.96441650390625,175.96441650390625,175.96441650390625,27639916
1991-05-03,174.97857666015625,174.97857666015625,174.97857666015625,174.97857666015625,23317104
1991-05-06,174.97857666015625,174.97857666015625,174.97857666015625,174.97857666015625,0
1991-05-07,174.4856414794922,174.4856414794922,174.4856414794922,174.4856414794922,16404528
1991-05-08,169.06370544433594,169.06370544433594,169.06370544433594,169.06370544433594,38167612
1991-05-09,170.54254150390625,170.54254150390625,170.54254150390625,170.54254150390625,28837712
1991-05-10,169.5567169189453,169.5567169189453,169.5567169189453,169.5567169189453,18095524
1991-05-13,164.62770080566406,164.62770080566406,164.62770080566406,164.62770080566406,22021668
1991-05-14,162.65623474121094,162.65623474121094,162.65623474121094,162.65623474121094,24092524
1991-05-15,160.43817138671875,160.43817138671875,160.43817138671875,160.43817138671875,18754576
1991-05-16,160.19178771972656,160.19178771972656,160.19178771972656,160.19178771972656,30343600
1991-05-17,158.7130889892578,158.7130889892578,158.7130889892578,158.7130889892578,40686640
1991-05-20,158.2201385498047,158.2201385498047,158.2201385498047,158.2201385498047,24561232
1991-05-21,161.67030334472656,161.67030334472656,161.67030334472656,161.67030334472656,25554072
1991-05-22,160.19178771972656,160.19178771972656,160.19178771972656,160.19178771972656,40969624
1991-05-23,158.7130889892578,158.7130889892578,158.7130889892578,158.7130889892578,15934656
1991-05-24,157.7271728515625,157.7271728515625,157.7271728515625,157.7271728515625,34845940
1991-05-27,157.7271728515625,157.7271728515625,157.7271728515625,157.7271728515625,0
1991-05-28,158.2201385498047,158.2201385498047,158.2201385498047,158.2201385498047,18538620
1991-05-29,159.6988525390625,159.6988525390625,159.6988525390625,159.6988525390625,25611524
1991-05-30,162.65623474121094,162.65623474121094,162.65623474121094,162.65623474121094,24240024
1991-05-31,164.13494873046875,164.13494873046875,164.13494873046875,164.13494873046875,29259856
1991-06-03,166.59927368164062,166.59927368164062,166.59927368164062,166.59927368164062,25332976
1991-06-04,166.59927368164062,166.59927368164062,166.59927368164062,166.59927368164062,29398428
1991-06-05,165.12062072753906,165.12062072753906,165.12062072753906,165.12062072753906,16113644
1991-06-06,165.6135711669922,165.6135711669922,165.6135711669922,165.6135711669922,21160464
1991-06-07,165.6135711669922,165.6135711669922,165.6135711669922,165.6135711669922,11638736
1991-06-10,165.12062072753906,165.12062072753906,165.12062072753906,165.12062072753906,17211568
1991-06-11,167.09234619140625,167.09234619140625,167.09234619140625,167.09234619140625,18339504
1991-06-12,164.62770080566406,164.62770080566406,164.62770080566406,164.62770080566406,25470712
1991-06-13,163.14907836914062,163.14907836914062,163.14907836914062,163.14907836914062,24175652
1991-06-14,164.62770080566406,164.62770080566406,164.62770080566406,164.62770080566406,14398992
1991-06-17,167.585205078125,167.585205078125,167.585205078125,167.585205078125,7942904
1991-06-18,166.35293579101562,166.35293579101562,166.35293579101562,166.35293579101562,14052316
1991-06-19,163.64190673828125,163.64190673828125,163.64190673828125,163.64190673828125,17033000
1991-06-20,163.64190673828125,163.64190673828125,163.64190673828125,163.64190673828125,11653116
1991-06-21,164.62770080566406,164.62770080566406,164.62770080566406,164.62770080566406,14505204
1991-06-24,163.14907836914062,163.14907836914062,163.14907836914062,163.14907836914062,11726412
1991-06-25,163.64190673828125,163.64190673828125,163.64190673828125,163.64190673828125,11353348
1991-06-26,161.67030334472656,161.67030334472656,161.67030334472656,161.67030334472656,19563992
1991-06-27,162.40977478027344,162.40977478027344,162.40977478027344,162.40977478027344,30725296
1991-06-28,161.42396545410156,161.42396545410156,161.42396545410156,161.42396545410156,23241768
1991-07-01,162.40977478027344,162.40977478027344,162.40977478027344,162.40977478027344,14347416
1991-07-02,164.38124084472656,164.38124084472656,164.38124084472656,164.38124084472656,17814612
1991-07-03,161.67030334472656,161.67030334472656,161.67030334472656,161.67030334472656,31251324
1991-07-04,164.13494873046875,164.13494873046875,164.13494873046875,164.13494873046875,26064768
1991-07-05,166.35293579101562,166.35293579101562,166.35293579101562,166.35293579101562,39076376
1991-07-08,164.62770080566406,164.62770080566406,164.62770080566406,164.62770080566406,17256828
1991-07-09,167.09234619140625,167.09234619140625,167.09234619140625,167.09234619140625,31434632
1991-07-10,169.06370544433594,169.06370544433594,169.06370544433594,169.06370544433594,36845536
1991-07-11,170.04966735839844,170.04966735839844,170.04966735839844,170.04966735839844,37058904
1991-07-12,170.54254150390625,170.54254150390625,170.54254150390625,170.54254150390625,34699328
1991-07-15,172.76046752929688,172.76046752929688,172.76046752929688,172.76046752929688,29905180
1991-07-16,172.02133178710938,172.02133178710938,172.02133178710938,172.02133178710938,30907164
1991-07-17,174.97857666015625,174.97857666015625,174.97857666015625,174.97857666015625,35679116
1991-07-18,174.73216247558594,174.73216247558594,174.73216247558594,174.73216247558594,74393824
1991-07-19,171.035400390625,171.035400390625,171.035400390625,171.035400390625,24924932
1991-07-22,171.77484130859375,171.77484130859375,171.77484130859375,171.77484130859375,19136912
1991-07-23,171.2817840576172,171.2817840576172,171.2817840576172,171.2817840576172,25839928
1991-07-24,170.29608154296875,170.29608154296875,170.29608154296875,170.29608154296875,10493568
1991-07-25,169.5567169189453,169.5567169189453,169.5567169189453,169.5567169189453,39533060
1991-07-26,169.06370544433594,169.06370544433594,169.06370544433594,169.06370544433594,21750972
1991-07-29,171.035400390625,171.035400390625,171.035400390625,171.035400390625,31187440
1991-07-30,170.54254150390625,170.54254150390625,170.54254150390625,170.54254150390625,11972152
1991-07-31,169.5567169189453,169.5567169189453,169.5567169189453,169.5567169189453,21872076
1991-08-01,170.29608154296875,170.29608154296875,170.29608154296875,170.29608154296875,15317280
1991-08-02,170.78892517089844,170.78892517089844,170.78892517089844,170.78892517089844,23272624
1991-08-05,169.06370544433594,169.06370544433594,169.06370544433594,169.06370544433594,12797292
1991-08-06,167.83164978027344,167.83164978027344,167.83164978027344,167.83164978027344,9507356
1991-08-07,169.3102569580078,169.3102569580078,169.3102569580078,169.3102569580078,16187136
1991-08-08,168.57089233398438,168.57089233398438,168.57089233398438,168.57089233398438,23376736
1991-08-09,165.3671417236328,165.3671417236328,165.3671417236328,165.3671417236328,26710172
1991-08-12,165.6135711669922,165.6135711669922,165.6135711669922,165.6135711669922,0
1991-08-13,166.10650634765625,166.10650634765625,166.10650634765625,166.10650634765625,0
1991-08-14,165.6135711669922,165.6135711669922,165.6135711669922,165.6135711669922,0
1991-08-15,163.14907836914062,163.14907836914062,163.14907836914062,163.14907836914062,0
1991-08-16,163.64190673828125,163.64190673828125,163.64190673828125,163.64190673828125,0
1991-08-19,163.8884735107422,163.8884735107422,163.8884735107422,163.8884735107422,0
1991-08-20,167.09234619140625,167.09234619140625,167.09234619140625,167.09234619140625,0
1991-08-21,167.09234619140625,167.09234619140625,167.09234619140625,167.09234619140625,0
1991-08-22,166.10650634765625,166.10650634765625,166.10650634765625,166.10650634765625,0
1991-08-23,171.035400390625,171.035400390625,171.035400390625,171.035400390625,0
1991-08-26,171.035400390625,171.035400390625,171.035400390625,171.035400390625,0
1991-08-27,170.54254150390625,170.54254150390625,170.54254150390625,170.54254150390625,0
1991-08-28,169.5567169189453,169.5567169189453,169.5567169189453,169.5567169189453,0
1991-08-29,172.2676544189453,172.2676544189453,172.2676544189453,172.2676544189453,14019264
1991-08-30,173.74635314941406,173.74635314941406,173.74635314941406,173.74635314941406,16476644
1991-09-02,174.4856414794922,174.4856414794922,174.4856414794922,174.4856414794922,0
1991-09-03,172.2676544189453,172.2676544189453,172.2676544189453,172.2676544189453,17119712
1991-09-04,171.52830505371094,171.52830505371094,171.52830505371094,171.52830505371094,12411636
1991-09-05,171.52830505371094,171.52830505371094,171.52830505371094,171.52830505371094,10898040
1991-09-06,170.54254150390625,170.54254150390625,170.54254150390625,170.54254150390625,10629768
1991-09-09,169.5567169189453,169.5567169189453,169.5567169189453,169.5567169189453,7499880
1991-09-10,169.06370544433594,169.06370544433594,169.06370544433594,169.06370544433594,20047480
1991-09-11,168.81736755371094,168.81736755371094,168.81736755371094,168.81736755371094,3463192
1991-09-12,168.57089233398438,168.57089233398438,168.57089233398438,168.57089233398438,9735800
1991-09-13,166.10650634765625,166.10650634765625,166.10650634765625,166.10650634765625,22310392
1991-09-16,163.64190673828125,163.64190673828125,163.64190673828125,163.64190673828125,14518260
1991-09-17,161.67030334472656,161.67030334472656,161.67030334472656,161.67030334472656,30877008
1991-09-18,162.40977478027344,162.40977478027344,162.40977478027344,162.40977478027344,43725132
1991-09-19,163.8884735107422,163.8884735107422,163.8884735107422,163.8884735107422,12993912
1991-09-20,163.14907836914062,163.14907836914062,163.14907836914062,163.14907836914062,28678564
1991-09-23,162.163330078125,162.163330078125,162.163330078125,162.163330078125,6619452
1991-09-24,162.163330078125,162.163330078125,162.163330078125,162.163330078125,21358392
1991-09-25,162.65623474121094,162.65623474121094,162.65623474121094,162.65623474121094,44739116
1991-09-26,165.6135711669922,165.6135711669922,165.6135711669922,165.6135711669922,26965740
1991-09-27,165.85997009277344,165.85997009277344,165.85997009277344,165.85997009277344,10420696
1991-09-30,166.59927368164062,166.59927368164062,166.59927368164062,166.59927368164062,13514364
1991-10-01,168.57089233398438,168.57089233398438,168.57089233398438,168.57089233398438,21606008
1991-10-02,165.6135711669922,165.6135711669922,165.6135711669922,165.6135711669922,9253592
1991-10-03,165.6135711669922,165.6135711669922,165.6135711669922,165.6135711669922,9979112
1991-10-04,167.09234619140625,167.09234619140625,167.09234619140625,167.09234619140625,38249740
1991-10-07,167.09234619140625,167.09234619140625,167.09234619140625,167.09234619140625,6129428
1991-10-08,168.07803344726562,168.07803344726562,168.07803344726562,168.07803344726562,29300616
1991-10-09,167.83164978027344,167.83164978027344,167.83164978027344,167.83164978027344,13441192
1991-10-10,167.09234619140625,167.09234619140625,167.09234619140625,167.09234619140625,18711016
1991-10-11,168.07803344726562,168.07803344726562,168.07803344726562,168.07803344726562,14709480
1991-10-14,168.57089233398438,168.57089233398438,168.57089233398438,168.57089233398438,4545864
1991-10-15,171.035400390625,171.035400390625,171.035400390625,171.035400390625,20086584
1991-10-16,173.49993896484375,173.49993896484375,173.49993896484375,173.49993896484375,18013992
1991-10-17,174.4856414794922,174.4856414794922,174.4856414794922,174.4856414794922,21029556
1991-10-18,173.49993896484375,173.49993896484375,173.49993896484375,173.49993896484375,11052428
1991-10-21,171.52830505371094,171.52830505371094,171.52830505371094,171.52830505371094,6090284
1991-10-22,170.29608154296875,170.29608154296875,170.29608154296875,170.29608154296875,4470760
1991-10-23,171.035400390625,171.035400390625,171.035400390625,171.035400390625,8303656
1991-10-24,165.85997009277344,165.85997009277344,165.85997009277344,165.85997009277344,13345656
1991-10-25,163.14907836914062,163.14907836914062,163.14907836914062,163.14907836914062,8966480
1991-10-28,166.10650634765625,166.10650634765625,166.10650634765625,166.10650634765625,10836168
1991-10-29,165.12062072753906,165.12062072753906,165.12062072753906,165.12062072753906,23946924
1991-10-30,163.64190673828125,163.64190673828125,163.64190673828125,163.64190673828125,30238164
1991-10-31,161.42396545410156,161.42396545410156,161.42396545410156,161.42396545410156,23706864
1991-11-01,161.67030334472656,161.67030334472656,161.67030334472656,161.67030334472656,10306228
1991-11-04,160.19178771972656,160.19178771972656,160.19178771972656,160.19178771972656,8880572
1991-11-05,162.65623474121094,162.65623474121094,162.65623474121094,162.65623474121094,7884284
1991-11-06,162.65623474121094,162.65623474121094,162.65623474121094,162.65623474121094,15702352
1991-11-07,160.19178771972656,160.19178771972656,160.19178771972656,160.19178771972656,25116028
1991-11-08,163.8884735107422,163.8884735107422,163.8884735107422,163.8884735107422,40232200
1991-11-11,161.9168243408203,161.9168243408203,161.9168243408203,161.9168243408203,12824944
1991-11-12,163.39547729492188,163.39547729492188,163.39547729492188,163.39547729492188,13163764
1991-11-13,159.4523468017578,159.4523468017578,159.4523468017578,159.4523468017578,20843940
1991-11-14,158.7130889892578,158.7130889892578,158.7130889892578,158.7130889892578,21406060
1991-11-15,159.6988525390625,159.6988525390625,159.6988525390625,159.6988525390625,37702748
1991-11-18,156.74124145507812,156.74124145507812,156.74124145507812,156.74124145507812,25616712
1991-11-19,154.76986694335938,154.76986694335938,154.76986694335938,154.76986694335938,26214160
1991-11-20,155.01632690429688,155.01632690429688,155.01632690429688,155.01632690429688,27679900
1991-11-21,154.76986694335938,154.76986694335938,154.76986694335938,154.76986694335938,29072124
1991-11-22,153.291015625,153.291015625,153.291015625,153.291015625,16423792
1991-11-25,154.76986694335938,154.76986694335938,154.76986694335938,154.76986694335938,9522296
1991-11-26,152.55184936523438,152.55184936523438,152.55184936523438,152.55184936523438,18625512
1991-11-27,151.07310485839844,151.07310485839844,151.07310485839844,151.07310485839844,36004612
1991-11-28,149.84083557128906,149.84083557128906,149.84083557128906,149.84083557128906,19437676
1991-11-29,148.85504150390625,148.85504150390625,148.85504150390625,148.85504150390625,26893980
1991-12-02,149.84083557128906,149.84083557128906,149.84083557128906,149.84083557128906,10597472
1991-12-03,148.36212158203125,148.36212158203125,148.36212158203125,148.36212158203125,22713288
1991-12-04,147.86924743652344,147.86924743652344,147.86924743652344,147.86924743652344,16709484
1991-12-05,146.39053344726562,146.39053344726562,146.39053344726562,146.39053344726562,22373204
1991-12-06,143.4331817626953,143.4331817626953,143.4331817626953,143.4331817626953,17509152
1991-12-09,143.926025390625,143.926025390625,143.926025390625,143.926025390625,18214348
1991-12-10,141.95443725585938,141.95443725585938,141.95443725585938,141.95443725585938,26166476
1991-12-11,139.98291015625,139.98291015625,139.98291015625,139.98291015625,53834180
1991-12-12,141.95443725585938,141.95443725585938,141.95443725585938,141.95443725585938,29660700
1991-12-13,146.63690185546875,146.63690185546875,146.63690185546875,146.63690185546875,22693100
1991-12-16,147.37637329101562,147.37637329101562,147.37637329101562,147.37637329101562,7183816
1991-12-17,147.86924743652344,147.86924743652344,147.86924743652344,147.86924743652344,9868756
1991-12-18,145.89772033691406,145.89772033691406,145.89772033691406,145.89772033691406,4069984
1991-12-19,143.4331817626953,143.4331817626953,143.4331817626953,143.4331817626953,25934624
1991-12-20,137.51841735839844,137.51841735839844,137.51841735839844,137.51841735839844,34058776
1991-12-23,136.03973388671875,136.03973388671875,136.03973388671875,136.03973388671875,36949612
1991-12-24,137.51841735839844,137.51841735839844,137.51841735839844,137.51841735839844,10861528
1991-12-25,137.51841735839844,137.51841735839844,137.51841735839844,137.51841735839844,0
1991-12-26,137.51841735839844,137.51841735839844,137.51841735839844,137.51841735839844,0
1991-12-27,136.53262329101562,136.53262329101562,136.53262329101562,136.53262329101562,7574380
1991-12-30,137.51841735839844,137.51841735839844,137.51841735839844,137.51841735839844,15205360
1991-12-31,144.4190216064453,144.4190216064453,144.4190216064453,144.4190216064453,22960348
1992-01-01,144.4190216064453,144.4190216064453,144.4190216064453,144.4190216064453,0
1992-01-02,143.4331817626953,143.4331817626953,143.4331817626953,143.4331817626953,28542976
1992-01-03,143.18666076660156,143.18666076660156,143.18666076660156,143.18666076660156,20658868
1992-01-06,137.0255584716797,137.0255584716797,137.0255584716797,137.0255584716797,22819228
1992-01-07,136.03973388671875,136.03973388671875,136.03973388671875,136.03973388671875,25143320
1992-01-08,135.05397033691406,135.05397033691406,135.05397033691406,135.05397033691406,38515436
1992-01-09,139.7364044189453,139.7364044189453,139.7364044189453,139.7364044189453,32390560
1992-01-10,138.99703979492188,138.99703979492188,138.99703979492188,138.99703979492188,18421168
1992-01-13,140.9687042236328,140.9687042236328,140.9687042236328,140.9687042236328,21027948
1992-01-14,144.911865234375,144.911865234375,144.911865234375,144.911865234375,25496320
1992-01-15,145.6511688232422,145.6511688232422,145.6511688232422,145.6511688232422,28081048
1992-01-16,143.926025390625,143.926025390625,143.926025390625,143.926025390625,40762920
1992-01-17,139.98291015625,139.98291015625,139.98291015625,139.98291015625,36580808
1992-01-20,143.6795196533203,143.6795196533203,143.6795196533203,143.6795196533203,19507448
1992-01-21,144.4190216064453,144.4190216064453,144.4190216064453,144.4190216064453,25879964
1992-01-22,140.9687042236328,140.9687042236328,140.9687042236328,140.9687042236328,13750720
1992-01-23,142.20095825195312,142.20095825195312,142.20095825195312,142.20095825195312,6833368
1992-01-24,140.47584533691406,140.47584533691406,140.47584533691406,140.47584533691406,15027848
1992-01-27,141.4615478515625,141.4615478515625,141.4615478515625,141.4615478515625,9162764
1992-01-28,142.94027709960938,142.94027709960938,142.94027709960938,142.94027709960938,13451436
1992-01-29,142.4473876953125,142.4473876953125,142.4473876953125,142.4473876953125,27062936
1992-01-30,141.4615478515625,141.4615478515625,141.4615478515625,141.4615478515625,16551520
1992-01-31,141.4615478515625,141.4615478515625,141.4615478515625,141.4615478515625,26876984
1992-02-03,140.9687042236328,140.9687042236328,140.9687042236328,140.9687042236328,18792752
1992-02-04,139.98291015625,139.98291015625,139.98291015625,139.98291015625,20966712
1992-02-05,137.27198791503906,137.27198791503906,137.27198791503906,137.27198791503906,29532212
1992-02-06,136.03973388671875,136.03973388671875,136.03973388671875,136.03973388671875,34332080
1992-02-07,135.54672241210938,135.54672241210938,135.54672241210938,135.54672241210938,13296568
1992-02-10,140.47584533691406,140.47584533691406,140.47584533691406,140.47584533691406,23368304
1992-02-11,140.72222900390625,140.72222900390625,140.72222900390625,140.72222900390625,36960660
1992-02-12,139.98291015625,139.98291015625,139.98291015625,139.98291015625,27332848
1992-02-13,135.05397033691406,135.05397033691406,135.05397033691406,135.05397033691406,98665944
1992-02-14,132.0965118408203,132.0965118408203,132.0965118408203,132.0965118408203,179695472
1992-02-17,129.63197326660156,129.63197326660156,129.63197326660156,129.63197326660156,105096448
1992-02-18,130.6177520751953,130.6177520751953,130.6177520751953,130.6177520751953,71764408
1992-02-19,123.71727752685547,123.71727752685547,123.71727752685547,123.71727752685547,76091328
1992-02-20,125.19598388671875,125.19598388671875,125.19598388671875,125.19598388671875,0
1992-02-21,127.41394805908203,127.41394805908203,127.41394805908203,127.41394805908203,0
1992-02-24,127.16757202148438,127.16757202148438,127.16757202148438,127.16757202148438,0
1992-02-25,127.66045379638672,127.66045379638672,127.66045379638672,127.66045379638672,36774060
1992-02-26,130.37139892578125,130.37139892578125,130.37139892578125,130.37139892578125,93977032
1992-02-27,131.6035614013672,131.6035614013672,131.6035614013672,131.6035614013672,66749124
1992-02-28,131.11068725585938,131.11068725585938,131.11068725585938,131.11068725585938,47204328
1992-03-02,131.11068725585938,131.11068725585938,131.11068725585938,131.11068725585938,38182112
1992-03-03,132.0965118408203,132.0965118408203,132.0965118408203,132.0965118408203,30013212
1992-03-04,132.83587646484375,132.83587646484375,132.83587646484375,132.83587646484375,72969688
1992-03-05,130.6177520751953,130.6177520751953,130.6177520751953,130.6177520751953,36476016
1992-03-06,129.13912963867188,129.13912963867188,129.13912963867188,129.13912963867188,42980076
1992-03-09,130.37139892578125,130.37139892578125,130.37139892578125,130.37139892578125,20611496
1992-03-10,132.3430633544922,132.3430633544922,132.3430633544922,132.3430633544922,44322108
1992-03-11,129.63197326660156,129.63197326660156,129.63197326660156,129.63197326660156,50718860
1992-03-12,128.64627075195312,128.64627075195312,128.64627075195312,128.64627075195312,62186112
1992-03-13,129.63197326660156,129.63197326660156,129.63197326660156,129.63197326660156,32206964
1992-03-16,131.3571014404297,131.3571014404297,131.3571014404297,131.3571014404297,30355364
1992-03-17,131.3571014404297,131.3571014404297,131.3571014404297,131.3571014404297,21389020
1992-03-18,130.6177520751953,130.6177520751953,130.6177520751953,130.6177520751953,30813420
1992-03-19,130.12498474121094,130.12498474121094,130.12498474121094,130.12498474121094,21301948
1992-03-20,129.13912963867188,129.13912963867188,129.13912963867188,129.13912963867188,20034008
1992-03-23,127.16757202148438,127.16757202148438,127.16757202148438,127.16757202148438,23197060
1992-03-24,125.6888427734375,125.6888427734375,125.6888427734375,125.6888427734375,51782428
1992-03-25,124.45662689208984,124.45662689208984,124.45662689208984,124.45662689208984,19388140
1992-03-26,125.19598388671875,125.19598388671875,125.19598388671875,125.19598388671875,51694300
1992-03-27,125.6888427734375,125.6888427734375,125.6888427734375,125.6888427734375,29189136
1992-03-30,126.18172454833984,126.18172454833984,126.18172454833984,126.18172454833984,14206568
1992-03-31,125.6888427734375,125.6888427734375,125.6888427734375,125.6888427734375,22628884
1992-04-01,122.73147583007812,122.73147583007812,122.73147583007812,122.73147583007812,50296944
1992-04-02,121.25273895263672,121.25273895263672,121.25273895263672,121.25273895263672,168129728
1992-04-03,119.52764129638672,119.52764129638672,119.52764129638672,119.52764129638672,27891632
1992-04-06,125.44239807128906,125.44239807128906,125.44239807128906,125.44239807128906,77850040
1992-04-07,124.21011352539062,124.21011352539062,124.21011352539062,124.21011352539062,51532032
1992-04-08,121.00631713867188,121.00631713867188,121.00631713867188,121.00631713867188,19797588
1992-04-09,122.23851776123047,122.23851776123047,122.23851776123047,122.23851776123047,33897416
1992-04-10,123.22433471679688,123.22433471679688,123.22433471679688,123.22433471679688,42188828
1992-04-13,123.71727752685547,123.71727752685547,123.71727752685547,123.71727752685547,26156848
1992-04-14,124.21011352539062,124.21011352539062,124.21011352539062,124.21011352539062,21383676
1992-04-15,126.67459106445312,126.67459106445312,126.67459106445312,126.67459106445312,41399452
1992-04-16,127.66045379638672,127.66045379638672,127.66045379638672,127.66045379638672,38573240
1992-04-17,127.66045379638672,127.66045379638672,127.66045379638672,127.66045379638672,0
1992-04-20,127.66045379638672,127.66045379638672,127.66045379638672,127.66045379638672,0
1992-04-21,126.67459106445312,126.67459106445312,126.67459106445312,126.67459106445312,26607864
1992-04-22,125.19598388671875,125.19598388671875,125.19598388671875,125.19598388671875,21865164
1992-04-23,122.97786712646484,122.97786712646484,122.97786712646484,122.97786712646484,22734648
1992-04-24,121.74567413330078,121.74567413330078,121.74567413330078,121.74567413330078,36195452
1992-04-27,126.18172454833984,126.18172454833984,126.18172454833984,126.18172454833984,25333520
1992-04-28,129.87843322753906,129.87843322753906,129.87843322753906,129.87843322753906,73259800
1992-04-29,131.11068725585938,131.11068725585938,131.11068725585938,131.11068725585938,88120560
1992-04-30,132.0965118408203,132.0965118408203,132.0965118408203,132.0965118408203,87342392
1992-05-01,133.08233642578125,133.08233642578125,133.08233642578125,133.08233642578125,63757568
1992-05-04,133.08233642578125,133.08233642578125,133.08233642578125,133.08233642578125,0
1992-05-05,129.87843322753906,129.87843322753906,129.87843322753906,129.87843322753906,17508656
1992-05-06,129.13912963867188,129.13912963867188,129.13912963867188,129.13912963867188,25583652
1992-05-07,127.90682220458984,127.90682220458984,127.90682220458984,127.90682220458984,66309772
1992-05-08,123.96368408203125,123.96368408203125,123.96368408203125,123.96368408203125,81147352
1992-05-11,124.21011352539062,124.21011352539062,124.21011352539062,124.21011352539062,28885880
1992-05-12,126.67459106445312,126.67459106445312,126.67459106445312,126.67459106445312,45565124
1992-05-13,125.44239807128906,125.44239807128906,125.44239807128906,125.44239807128906,22111820
1992-05-14,124.70307159423828,124.70307159423828,124.70307159423828,124.70307159423828,30947260
1992-05-15,123.4708251953125,123.4708251953125,123.4708251953125,123.4708251953125,20229208
1992-05-18,126.67459106445312,126.67459106445312,126.67459106445312,126.67459106445312,46672460
1992-05-19,126.18172454833984,126.18172454833984,126.18172454833984,126.18172454833984,38667376
1992-05-20,128.64627075195312,128.64627075195312,128.64627075195312,128.64627075195312,71798080
1992-05-21,127.66045379638672,127.66045379638672,127.66045379638672,127.66045379638672,12874872
1992-05-22,129.13912963867188,129.13912963867188,129.13912963867188,129.13912963867188,31374640
1992-05-25,129.13912963867188,129.13912963867188,129.13912963867188,129.13912963867188,0
1992-05-26,134.068115234375,134.068115234375,134.068115234375,134.068115234375,51359916
1992-05-27,135.05397033691406,135.05397033691406,135.05397033691406,135.05397033691406,68367464
1992-05-28,134.068115234375,134.068115234375,134.068115234375,134.068115234375,36098608
1992-05-29,134.80743408203125,134.80743408203125,134.80743408203125,134.80743408203125,33821092
1992-06-01,134.068115234375,134.068115234375,134.068115234375,134.068115234375,34393196
1992-06-02,133.3288116455078,133.3288116455078,133.3288116455078,133.3288116455078,28290572
1992-06-03,132.0965118408203,132.0965118408203,132.0965118408203,132.0965118408203,18160208
1992-06-04,133.57530212402344,133.57530212402344,133.57530212402344,133.57530212402344,27167136
1992-06-05,135.79327392578125,135.79327392578125,135.79327392578125,135.79327392578125,60163776
1992-06-08,135.30035400390625,135.30035400390625,135.30035400390625,135.30035400390625,33385604
1992-06-09,135.30035400390625,135.30035400390625,135.30035400390625,135.30035400390625,31818232
1992-06-10,134.068115234375,134.068115234375,134.068115234375,134.068115234375,23057028
1992-06-11,133.57530212402344,133.57530212402344,133.57530212402344,133.57530212402344,22969524
1992-06-12,128.64627075195312,128.64627075195312,128.64627075195312,128.64627075195312,19832020
1992-06-15,127.90682220458984,127.90682220458984,127.90682220458984,127.90682220458984,12760008
1992-06-16,127.16757202148438,127.16757202148438,127.16757202148438,127.16757202148438,14469300
1992-06-17,124.94950866699219,124.94950866699219,124.94950866699219,124.94950866699219,14466872
1992-06-18,122.48503875732422,122.48503875732422,122.48503875732422,122.48503875732422,16863000
1992-06-19,123.71727752685547,123.71727752685547,123.71727752685547,123.71727752685547,21121324
1992-06-22,120.7598648071289,120.7598648071289,120.7598648071289,120.7598648071289,8392612
1992-06-23,120.26692199707031,120.26692199707031,120.26692199707031,120.26692199707031,26240252
1992-06-24,117.3095703125,117.3095703125,117.3095703125,117.3095703125,22607288
1992-06-25,119.77408599853516,119.77408599853516,119.77408599853516,119.77408599853516,14537520
1992-06-26,103.01560974121094,103.01560974121094,103.01560974121094,103.01560974121094,304980832
1992-06-29,98.57947540283203,98.57947540283203,98.57947540283203,98.57947540283203,97384208
1992-06-30,100.30467224121094,100.30467224121094,100.30467224121094,100.30467224121094,115378744
1992-07-01,103.01560974121094,103.01560974121094,103.01560974121094,103.01560974121094,60747732
1992-07-02,104.0013427734375,104.0013427734375,104.0013427734375,104.0013427734375,34883196
1992-07-03,103.01560974121094,103.01560974121094,103.01560974121094,103.01560974121094,50235916
1992-07-06,103.50851440429688,103.50851440429688,103.50851440429688,103.50851440429688,22420268
1992-07-07,105.48006439208984,105.48006439208984,105.48006439208984,105.48006439208984,46170668
1992-07-08,104.0013427734375,104.0013427734375,104.0013427734375,104.0013427734375,19897476
1992-07-09,103.26199340820312,103.26199340820312,103.26199340820312,103.26199340820312,43215720
1992-07-10,100.30467224121094,100.30467224121094,100.30467224121094,100.30467224121094,60633432
1992-07-13,99.07239532470703,99.07239532470703,99.07239532470703,99.07239532470703,31163432
1992-07-14,102.27621459960938,102.27621459960938,102.27621459960938,102.27621459960938,20850824
1992-07-15,103.75492858886719,103.75492858886719,103.75492858886719,103.75492858886719,27428960
1992-07-16,102.02978515625,102.02978515625,102.02978515625,102.02978515625,27364952
1992-07-17,98.33299255371094,98.33299255371094,98.33299255371094,98.33299255371094,25694836
1992-07-20,98.57947540283203,98.57947540283203,98.57947540283203,98.57947540283203,28174024
1992-07-21,100.0582046508789,100.0582046508789,100.0582046508789,100.0582046508789,22015572
1992-07-22,99.56527709960938,99.56527709960938,99.56527709960938,99.56527709960938,25231276
1992-07-23,102.02978515625,102.02978515625,102.02978515625,102.02978515625,42145948
1992-07-24,102.02978515625,102.02978515625,102.02978515625,102.02978515625,44321132
1992-07-27,101.04399108886719,101.04399108886719,101.04399108886719,101.04399108886719,17896256
1992-07-28,102.5226821899414,102.5226821899414,102.5226821899414,102.5226821899414,22675584
1992-07-29,106.71228790283203,106.71228790283203,106.71228790283203,106.71228790283203,48774548
1992-07-30,105.48006439208984,105.48006439208984,105.48006439208984,105.48006439208984,35937840
1992-07-31,104.74071502685547,104.74071502685547,104.74071502685547,104.74071502685547,40591704
1992-08-03,104.74071502685547,104.74071502685547,104.74071502685547,104.74071502685547,19259224
1992-08-04,104.0013427734375,104.0013427734375,104.0013427734375,104.0013427734375,27218164
1992-08-05,101.7833023071289,101.7833023071289,101.7833023071289,101.7833023071289,57010804
1992-08-06,96.8543472290039,96.8543472290039,96.8543472290039,96.8543472290039,154177984
1992-08-07,91.43247985839844,91.43247985839844,91.43247985839844,91.43247985839844,167710464
1992-08-10,92.41826629638672,92.41826629638672,92.41826629638672,92.41826629638672,56168200
1992-08-11,93.40406036376953,93.40406036376953,93.40406036376953,93.40406036376953,60268508
1992-08-12,93.15760040283203,93.15760040283203,93.15760040283203,93.15760040283203,30424464
1992-08-13,92.41826629638672,92.41826629638672,92.41826629638672,92.41826629638672,29044888
1992-08-14,92.41826629638672,92.41826629638672,92.41826629638672,92.41826629638672,22346688
1992-08-17,94.38980865478516,94.38980865478516,94.38980865478516,94.38980865478516,15946388
1992-08-18,93.40406036376953,93.40406036376953,93.40406036376953,93.40406036376953,17397072
1992-08-19,94.88275146484375,94.88275146484375,94.88275146484375,94.88275146484375,13672300
1992-08-20,95.12922668457031,95.12922668457031,95.12922668457031,95.12922668457031,32938032
1992-08-21,93.65052032470703,93.65052032470703,93.65052032470703,93.65052032470703,32806060
1992-08-24,91.1860580444336,91.1860580444336,91.1860580444336,91.1860580444336,16181652
1992-08-25,90.69313049316406,90.69313049316406,90.69313049316406,90.69313049316406,26098228
1992-08-26,91.43247985839844,91.43247985839844,91.43247985839844,91.43247985839844,16264948
1992-08-27,94.88275146484375,94.88275146484375,94.88275146484375,94.88275146484375,18755640
1992-08-28,95.37564849853516,95.37564849853516,95.37564849853516,95.37564849853516,22442436
1992-08-31,95.37564849853516,95.37564849853516,95.37564849853516,95.37564849853516,0
1992-09-01,96.36144256591797,96.36144256591797,96.36144256591797,96.36144256591797,30106640
1992-09-02,96.36144256591797,96.36144256591797,96.36144256591797,96.36144256591797,25242100
1992-09-03,99.07239532470703,99.07239532470703,99.07239532470703,99.07239532470703,27415800
1992-09-04,96.60791778564453,96.60791778564453,96.60791778564453,96.60791778564453,19738204
1992-09-07,96.1150131225586,96.1150131225586,96.1150131225586,96.1150131225586,5928416
1992-09-08,95.12922668457031,95.12922668457031,95.12922668457031,95.12922668457031,27568992
1992-09-09,94.63629150390625,94.63629150390625,94.63629150390625,94.63629150390625,17039140
1992-09-10,94.63629150390625,94.63629150390625,94.63629150390625,94.63629150390625,20297996
1992-09-11,97.34725952148438,97.34725952148438,97.34725952148438,97.34725952148438,30687044
1992-09-14,100.79752349853516,100.79752349853516,100.79752349853516,100.79752349853516,20984676
1992-09-15,99.81169891357422,99.81169891357422,99.81169891357422,99.81169891357422,21334868
1992-09-16,103.75492858886719,103.75492858886719,103.75492858886719,103.75492858886719,53893832
1992-09-17,104.4942855834961,104.4942855834961,104.4942855834961,104.4942855834961,77606312
1992-09-18,105.72653198242188,105.72653198242188,105.72653198242188,105.72653198242188,74213728
1992-09-21,107.6980972290039,107.6980972290039,107.6980972290039,107.6980972290039,30508248
1992-09-22,107.94449615478516,107.94449615478516,107.94449615478516,107.94449615478516,38124368
1992-09-23,108.93031311035156,108.93031311035156,108.93031311035156,108.93031311035156,26963836
1992-09-24,110.16259002685547,110.16259002685547,110.16259002685547,110.16259002685547,18157864
1992-09-25,109.17682647705078,109.17682647705078,109.17682647705078,109.17682647705078,21323384
1992-09-28,107.20521545410156,107.20521545410156,107.20521545410156,107.20521545410156,29876668
1992-09-29,105.2336196899414,105.2336196899414,105.2336196899414,105.2336196899414,18837636
1992-09-30,105.72653198242188,105.72653198242188,105.72653198242188,105.72653198242188,31158212
1992-10-01,107.6980972290039,107.6980972290039,107.6980972290039,107.6980972290039,41655784
1992-10-02,108.68392181396484,108.68392181396484,108.68392181396484,108.68392181396484,21262524
1992-10-05,104.0013427734375,104.0013427734375,104.0013427734375,104.0013427734375,21703616
1992-10-06,106.21940612792969,106.21940612792969,106.21940612792969,106.21940612792969,29221676
1992-10-07,107.4516372680664,107.4516372680664,107.4516372680664,107.4516372680664,24776244
1992-10-08,107.4516372680664,107.4516372680664,107.4516372680664,107.4516372680664,22912236
1992-10-09,105.72653198242188,105.72653198242188,105.72653198242188,105.72653198242188,29462708
1992-10-12,107.20521545410156,107.20521545410156,107.20521545410156,107.20521545410156,7004212
1992-10-13,107.94449615478516,107.94449615478516,107.94449615478516,107.94449615478516,47198144
1992-10-14,107.4516372680664,107.4516372680664,107.4516372680664,107.4516372680664,13050788
1992-10-15,107.94449615478516,107.94449615478516,107.94449615478516,107.94449615478516,15263580
1992-10-16,109.66969299316406,109.66969299316406,109.66969299316406,109.66969299316406,24708408
1992-10-19,113.36646270751953,113.36646270751953,113.36646270751953,113.36646270751953,24749000
1992-10-20,116.57022094726562,116.57022094726562,116.57022094726562,116.57022094726562,27842948
1992-10-21,115.0915756225586,115.0915756225586,115.0915756225586,115.0915756225586,30303272
1992-10-22,114.59866333007812,114.59866333007812,114.59866333007812,114.59866333007812,17605136
1992-10-23,115.83087158203125,115.83087158203125,115.83087158203125,115.83087158203125,8025364
1992-10-26,115.83087158203125,115.83087158203125,115.83087158203125,115.83087158203125,20243896
1992-10-27,116.07735443115234,116.07735443115234,116.07735443115234,116.07735443115234,13747864
1992-10-28,115.83087158203125,115.83087158203125,115.83087158203125,115.83087158203125,5573504
1992-10-29,114.10578155517578,114.10578155517578,114.10578155517578,114.10578155517578,28862144
1992-10-30,115.0915756225586,115.0915756225586,115.0915756225586,115.0915756225586,29410212
1992-11-02,115.58441925048828,115.58441925048828,115.58441925048828,115.58441925048828,26096612
1992-11-03,114.3521728515625,114.3521728515625,114.3521728515625,114.3521728515625,22843040
1992-11-04,109.91614532470703,109.91614532470703,109.91614532470703,109.91614532470703,17505556
1992-11-05,110.90193939208984,110.90193939208984,110.90193939208984,110.90193939208984,43565208
1992-11-06,111.14839935302734,111.14839935302734,111.14839935302734,111.14839935302734,31425416
1992-11-09,112.380615234375,112.380615234375,112.380615234375,112.380615234375,17392140
1992-11-10,116.57022094726562,116.57022094726562,116.57022094726562,116.57022094726562,17028656
1992-11-11,116.32377624511719,116.32377624511719,116.32377624511719,116.32377624511719,18529344
1992-11-12,117.3095703125,117.3095703125,117.3095703125,117.3095703125,17728940
1992-11-13,114.59866333007812,114.59866333007812,114.59866333007812,114.59866333007812,26471372
1992-11-16,113.1199722290039,113.1199722290039,113.1199722290039,113.1199722290039,23184932
1992-11-17,112.13416290283203,112.13416290283203,112.13416290283203,112.13416290283203,18653024
1992-11-18,113.1199722290039,113.1199722290039,113.1199722290039,113.1199722290039,35768908
1992-11-19,113.1199722290039,113.1199722290039,113.1199722290039,113.1199722290039,17461228
1992-11-20,114.3521728515625,114.3521728515625,114.3521728515625,114.3521728515625,14453016
1992-11-23,114.59866333007812,114.59866333007812,114.59866333007812,114.59866333007812,15311968
1992-11-24,113.85932922363281,113.85932922363281,113.85932922363281,113.85932922363281,15002180
1992-11-25,112.13416290283203,112.13416290283203,112.13416290283203,112.13416290283203,10775484
1992-11-26,113.36646270751953,113.36646270751953,113.36646270751953,113.36646270751953,7293036
1992-11-27,114.10578155517578,114.10578155517578,114.10578155517578,114.10578155517578,20808352
1992-11-30,115.0915756225586,115.0915756225586,115.0915756225586,115.0915756225586,13430016
1992-12-01,116.81671905517578,116.81671905517578,116.81671905517578,116.81671905517578,17694764
1992-12-02,115.0915756225586,115.0915756225586,115.0915756225586,115.0915756225586,11923048
1992-12-03,113.1199722290039,113.1199722290039,113.1199722290039,113.1199722290039,37819876
1992-12-04,112.6270980834961,112.6270980834961,112.6270980834961,112.6270980834961,13954700
1992-12-07,112.380615234375,112.380615234375,112.380615234375,112.380615234375,9226240
1992-12-08,110.40901184082031,110.40901184082031,110.40901184082031,110.40901184082031,27670204
1992-12-09,109.66969299316406,109.66969299316406,109.66969299316406,109.66969299316406,58196528
1992-12-10,109.17682647705078,109.17682647705078,109.17682647705078,109.17682647705078,40016416
1992-12-11,109.4231948852539,109.4231948852539,109.4231948852539,109.4231948852539,19807348
1992-12-14,110.40901184082031,110.40901184082031,110.40901184082031,110.40901184082031,13324164
1992-12-15,110.40901184082031,110.40901184082031,110.40901184082031,110.40901184082031,17384792
1992-12-16,109.91614532470703,109.91614532470703,109.91614532470703,109.91614532470703,10663848
1992-12-17,109.91614532470703,109.91614532470703,109.91614532470703,109.91614532470703,22960608
1992-12-18,112.87355041503906,112.87355041503906,112.87355041503906,112.87355041503906,39290328
1992-12-21,112.87355041503906,112.87355041503906,112.87355041503906,112.87355041503906,15720552
1992-12-22,115.58441925048828,115.58441925048828,115.58441925048828,115.58441925048828,16218100
1992-12-23,117.06315612792969,117.06315612792969,117.06315612792969,117.06315612792969,19386540
1992-12-24,119.03475189208984,119.03475189208984,119.03475189208984,119.03475189208984,16172564
1992-12-25,119.03475189208984,119.03475189208984,119.03475189208984,119.03475189208984,0
1992-12-28,119.03475189208984,119.03475189208984,119.03475189208984,119.03475189208984,0
1992-12-29,120.7598648071289,120.7598648071289,120.7598648071289,120.7598648071289,7971128
1992-12-30,120.26692199707031,120.26692199707031,120.26692199707031,120.26692199707031,6497952
1992-12-31,122.48503875732422,122.48503875732422,122.48503875732422,122.48503875732422,4386180
1993-01-01,122.48503875732422,122.48503875732422,122.48503875732422,122.48503875732422,0
1993-01-04,121.25273895263672,121.25273895263672,121.25273895263672,121.25273895263672,11914872
1993-01-05,116.57022094726562,116.57022094726562,116.57022094726562,116.57022094726562,18649280
1993-01-06,117.3095703125,117.3095703125,117.3095703125,117.3095703125,12724360
1993-01-07,116.32377624511719,116.32377624511719,116.32377624511719,116.32377624511719,21092388
1993-01-08,116.57022094726562,116.57022094726562,116.57022094726562,116.57022094726562,23338568
1993-01-11,116.32377624511719,116.32377624511719,116.32377624511719,116.32377624511719,22663568
1993-01-12,116.81671905517578,116.81671905517578,116.81671905517578,116.81671905517578,11766108
1993-01-13,117.06315612792969,117.06315612792969,117.06315612792969,117.06315612792969,19809108
1993-01-14,114.59866333007812,114.59866333007812,114.59866333007812,114.59866333007812,24224184
1993-01-15,112.6270980834961,112.6270980834961,112.6270980834961,112.6270980834961,36742788
1993-01-18,113.61285400390625,113.61285400390625,113.61285400390625,113.61285400390625,12836908
1993-01-19,113.36646270751953,113.36646270751953,113.36646270751953,113.36646270751953,13063084
1993-01-20,113.61285400390625,113.61285400390625,113.61285400390625,113.61285400390625,34283436
1993-01-21,113.85932922363281,113.85932922363281,113.85932922363281,113.85932922363281,44431336
1993-01-22,113.85932922363281,113.85932922363281,113.85932922363281,113.85932922363281,15103892
1993-01-25,114.10578155517578,114.10578155517578,114.10578155517578,114.10578155517578,23016360
1993-01-26,119.03475189208984,119.03475189208984,119.03475189208984,119.03475189208984,44139692
1993-01-27,119.03475189208984,119.03475189208984,119.03475189208984,119.03475189208984,47528832
1993-01-28,117.06315612792969,117.06315612792969,117.06315612792969,117.06315612792969,30037480
1993-01-29,121.00631713867188,121.00631713867188,121.00631713867188,121.00631713867188,41129728
1993-02-01,125.19598388671875,125.19598388671875,125.19598388671875,125.19598388671875,41784584
1993-02-02,126.67459106445312,126.67459106445312,126.67459106445312,126.67459106445312,36588488
1993-02-03,130.86428833007812,130.86428833007812,130.86428833007812,130.86428833007812,44086876
1993-02-04,132.3430633544922,132.3430633544922,132.3430633544922,132.3430633544922,33078576
1993-02-05,131.6035614013672,131.6035614013672,131.6035614013672,131.6035614013672,25680196
1993-02-08,131.85012817382812,131.85012817382812,131.85012817382812,131.85012817382812,25769288
1993-02-09,133.57530212402344,133.57530212402344,133.57530212402344,133.57530212402344,37592916
1993-02-10,131.11068725585938,131.11068725585938,131.11068725585938,131.11068725585938,47241316
1993-02-11,136.77902221679688,136.77902221679688,136.77902221679688,136.77902221679688,49735804
1993-02-12,134.80743408203125,134.80743408203125,134.80743408203125,134.80743408203125,27594796
1993-02-15,131.61367797851562,131.61367797851562,131.61367797851562,131.61367797851562,13611684
1993-02-16,129.14906311035156,129.14906311035156,129.14906311035156,129.14906311035156,23432056
1993-02-17,128.65614318847656,128.65614318847656,128.65614318847656,128.65614318847656,17817876
1993-02-18,129.3955535888672,129.3955535888672,129.3955535888672,129.3955535888672,20536600
1993-02-19,130.87435913085938,130.87435913085938,130.87435913085938,130.87435913085938,20315444
1993-02-22,133.09255981445312,133.09255981445312,133.09255981445312,133.09255981445312,17340136
1993-02-23,136.05020141601562,136.05020141601562,136.05020141601562,136.05020141601562,28365136
1993-02-24,135.80369567871094,135.80369567871094,135.80369567871094,135.80369567871094,20223908
1993-02-25,135.80369567871094,135.80369567871094,135.80369567871094,135.80369567871094,22484816
1993-02-26,136.2967071533203,136.2967071533203,136.2967071533203,136.2967071533203,20326888
1993-03-01,135.55718994140625,135.55718994140625,135.55718994140625,135.55718994140625,13899324
1993-03-02,139.2542266845703,139.2542266845703,139.2542266845703,139.2542266845703,0
1993-03-03,142.45828247070312,142.45828247070312,142.45828247070312,142.45828247070312,27997288
1993-03-04,141.9653778076172,141.9653778076172,141.9653778076172,141.9653778076172,31591680
1993-03-05,142.95120239257812,142.95120239257812,142.95120239257812,142.95120239257812,19660636
1993-03-08,142.95120239257812,142.95120239257812,142.95120239257812,142.95120239257812,17351848
1993-03-09,141.71888732910156,141.71888732910156,141.71888732910156,141.71888732910156,21478680
1993-03-10,141.9653778076172,141.9653778076172,141.9653778076172,141.9653778076172,21995132
1993-03-11,140.97950744628906,140.97950744628906,140.97950744628906,140.97950744628906,25830484
1993-03-12,138.26837158203125,138.26837158203125,138.26837158203125,138.26837158203125,21020184
1993-03-15,140.97950744628906,140.97950744628906,140.97950744628906,140.97950744628906,9213564
1993-03-16,145.41592407226562,145.41592407226562,145.41592407226562,145.41592407226562,13471636
1993-03-17,150.09878540039062,150.09878540039062,150.09878540039062,150.09878540039062,61973112
1993-03-18,147.6341552734375,147.6341552734375,147.6341552734375,147.6341552734375,26315968
1993-03-19,147.6341552734375,147.6341552734375,147.6341552734375,147.6341552734375,44971460
1993-03-22,148.1271514892578,148.1271514892578,148.1271514892578,148.1271514892578,36786476
1993-03-23,147.88059997558594,147.88059997558594,147.88059997558594,147.88059997558594,38647972
1993-03-24,147.3876953125,147.3876953125,147.3876953125,147.3876953125,25145332
1993-03-25,147.3876953125,147.3876953125,147.3876953125,147.3876953125,21827464
1993-03-26,150.09878540039062,150.09878540039062,150.09878540039062,150.09878540039062,30535772
1993-03-29,152.070556640625,152.070556640625,152.070556640625,152.070556640625,12599368
1993-03-30,153.30279541015625,153.30279541015625,153.30279541015625,153.30279541015625,33727024
1993-03-31,149.60585021972656,149.60585021972656,149.60585021972656,149.60585021972656,22905744
1993-04-01,146.64817810058594,146.64817810058594,146.64817810058594,146.64817810058594,27849304
1993-04-02,147.88059997558594,147.88059997558594,147.88059997558594,147.88059997558594,32506444
1993-04-05,148.62002563476562,148.62002563476562,148.62002563476562,148.62002563476562,9175588
1993-04-06,151.08468627929688,151.08468627929688,151.08468627929688,151.08468627929688,27883596
1993-04-07,150.83810424804688,150.83810424804688,150.83810424804688,150.83810424804688,18790376
1993-04-08,150.34532165527344,150.34532165527344,150.34532165527344,150.34532165527344,8755936
1993-04-09,150.34532165527344,150.34532165527344,150.34532165527344,150.34532165527344,0
1993-04-12,150.34532165527344,150.34532165527344,150.34532165527344,150.34532165527344,0
1993-04-13,150.09878540039062,150.09878540039062,150.09878540039062,150.09878540039062,17199156
1993-04-14,148.37350463867188,148.37350463867188,148.37350463867188,148.37350463867188,16172548
1993-04-15,148.37350463867188,148.37350463867188,148.37350463867188,148.37350463867188,12682140
1993-04-16,150.34532165527344,150.34532165527344,150.34532165527344,150.34532165527344,7674748
1993-04-19,149.60585021972656,149.60585021972656,149.60585021972656,149.60585021972656,8666580
1993-04-20,148.86643981933594,148.86643981933594,148.86643981933594,148.86643981933594,13183152
1993-04-21,148.86643981933594,148.86643981933594,148.86643981933594,148.86643981933594,15293632
1993-04-22,147.88059997558594,147.88059997558594,147.88059997558594,147.88059997558594,22421356
1993-04-23,142.7047576904297,142.7047576904297,142.7047576904297,142.7047576904297,19793364
1993-04-26,139.7471466064453,139.7471466064453,139.7471466064453,139.7471466064453,15508788
1993-04-27,139.99368286132812,139.99368286132812,139.99368286132812,139.99368286132812,15475788
1993-04-28,138.7613525390625,138.7613525390625,138.7613525390625,138.7613525390625,16087964
1993-04-29,140.73304748535156,140.73304748535156,140.73304748535156,140.73304748535156,34761820
1993-04-30,144.18362426757812,144.18362426757812,144.18362426757812,144.18362426757812,10190152
1993-05-03,144.18362426757812,144.18362426757812,144.18362426757812,144.18362426757812,0
1993-05-04,144.92300415039062,144.92300415039062,144.92300415039062,144.92300415039062,10954956
1993-05-05,145.90892028808594,145.90892028808594,145.90892028808594,145.90892028808594,25749988
1993-05-06,150.83810424804688,150.83810424804688,150.83810424804688,150.83810424804688,25951420
1993-05-07,151.08468627929688,151.08468627929688,151.08468627929688,151.08468627929688,22625704
1993-05-10,153.31329345703125,153.31329345703125,153.31329345703125,153.31329345703125,12272680
1993-05-11,152.32748413085938,152.32748413085938,152.32748413085938,152.32748413085938,24503448
1993-05-12,156.0247344970703,156.0247344970703,156.0247344970703,156.0247344970703,30341048
1993-05-13,160.2150421142578,160.2150421142578,160.2150421142578,160.2150421142578,48220448
1993-05-14,157.9967041015625,157.9967041015625,157.9967041015625,157.9967041015625,41975716
1993-05-17,156.0247344970703,156.0247344970703,156.0247344970703,156.0247344970703,11465340
1993-05-18,155.28524780273438,155.28524780273438,155.28524780273438,155.28524780273438,13150860
1993-05-19,151.58799743652344,151.58799743652344,151.58799743652344,151.58799743652344,23842112
1993-05-20,151.58799743652344,151.58799743652344,151.58799743652344,151.58799743652344,18660148
1993-05-21,151.58799743652344,151.58799743652344,151.58799743652344,151.58799743652344,29794404
1993-05-24,151.34152221679688,151.34152221679688,151.34152221679688,151.34152221679688,14464600
1993-05-25,151.09498596191406,151.09498596191406,151.09498596191406,151.09498596191406,18492992
1993-05-26,153.80638122558594,153.80638122558594,153.80638122558594,153.80638122558594,21950200
1993-05-27,153.06687927246094,153.06687927246094,153.06687927246094,153.06687927246094,14048736
1993-05-28,151.58799743652344,151.58799743652344,151.58799743652344,151.58799743652344,23296952
1993-05-31,151.58799743652344,151.58799743652344,151.58799743652344,151.58799743652344,0
1993-06-01,150.1090850830078,150.1090850830078,150.1090850830078,150.1090850830078,18104852
1993-06-02,151.09498596191406,151.09498596191406,151.09498596191406,151.09498596191406,10382028
1993-06-03,151.83450317382812,151.83450317382812,151.83450317382812,151.83450317382812,16945900
1993-06-04,151.58799743652344,151.58799743652344,151.58799743652344,151.58799743652344,10516672
1993-06-07,152.0809783935547,152.0809783935547,152.0809783935547,152.0809783935547,7093144
1993-06-08,151.83450317382812,151.83450317382812,151.83450317382812,151.83450317382812,9630092
1993-06-09,152.82049560546875,152.82049560546875,152.82049560546875,152.82049560546875,12261908
1993-06-10,155.038818359375,155.038818359375,155.038818359375,155.038818359375,24162328
1993-06-11,154.7923583984375,154.7923583984375,154.7923583984375,154.7923583984375,26666956
1993-06-14,152.82049560546875,152.82049560546875,152.82049560546875,152.82049560546875,27989076
1993-06-15,151.58799743652344,151.58799743652344,151.58799743652344,151.58799743652344,22272664
1993-06-16,152.57408142089844,152.57408142089844,152.57408142089844,152.57408142089844,24786420
1993-06-17,152.82049560546875,152.82049560546875,152.82049560546875,152.82049560546875,11082556
1993-06-18,152.32748413085938,152.32748413085938,152.32748413085938,152.32748413085938,18535132
1993-06-21,154.05287170410156,154.05287170410156,154.05287170410156,154.05287170410156,13402084
1993-06-22,154.5458526611328,154.5458526611328,154.5458526611328,154.5458526611328,19714396
1993-06-23,153.55995178222656,153.55995178222656,153.55995178222656,153.55995178222656,14648444
1993-06-24,150.1090850830078,150.1090850830078,150.1090850830078,150.1090850830078,27612548
1993-06-25,150.6021270751953,150.6021270751953,150.6021270751953,150.6021270751953,6518036
1993-06-28,149.61611938476562,149.61611938476562,149.61611938476562,149.61611938476562,6712128
1993-06-29,149.86260986328125,149.86260986328125,149.86260986328125,149.86260986328125,9665596
1993-06-30,152.0809783935547,152.0809783935547,152.0809783935547,152.0809783935547,531696
1993-07-01,150.6021270751953,150.6021270751953,150.6021270751953,150.6021270751953,0
1993-07-02,145.91891479492188,145.91891479492188,145.91891479492188,145.91891479492188,0
1993-07-05,144.68646240234375,144.68646240234375,144.68646240234375,144.68646240234375,0
1993-07-06,144.9329376220703,144.9329376220703,144.9329376220703,144.9329376220703,0
1993-07-07,144.68646240234375,144.68646240234375,144.68646240234375,144.68646240234375,0
1993-07-08,144.43995666503906,144.43995666503906,144.43995666503906,144.43995666503906,5270032
1993-07-09,146.65823364257812,146.65823364257812,146.65823364257812,146.65823364257812,0
1993-07-12,147.39781188964844,147.39781188964844,147.39781188964844,147.39781188964844,61164
1993-07-13,147.39781188964844,147.39781188964844,147.39781188964844,147.39781188964844,10023284
1993-07-14,147.15130615234375,147.15130615234375,147.15130615234375,147.15130615234375,1204832
1993-07-15,144.19349670410156,144.19349670410156,144.19349670410156,144.19349670410156,1788844
1993-07-16,143.94699096679688,143.94699096679688,143.94699096679688,143.94699096679688,24343680
1993-07-19,140.74269104003906,140.74269104003906,140.74269104003906,140.74269104003906,10793240
1993-07-20,141.23568725585938,141.23568725585938,141.23568725585938,141.23568725585938,18827492
1993-07-21,141.7285919189453,141.7285919189453,141.7285919189453,141.7285919189453,0
1993-07-22,142.96099853515625,142.96099853515625,142.96099853515625,142.96099853515625,6600816
1993-07-23,144.9329376220703,144.9329376220703,144.9329376220703,144.9329376220703,0
1993-07-26,145.1793670654297,145.1793670654297,145.1793670654297,145.1793670654297,0
1993-07-27,147.64427185058594,147.64427185058594,147.64427185058594,147.64427185058594,617976
1993-07-28,147.39781188964844,147.39781188964844,147.39781188964844,147.39781188964844,16136560
1993-07-29,151.34152221679688,151.34152221679688,151.34152221679688,151.34152221679688,21639336
1993-07-30,152.0809783935547,152.0809783935547,152.0809783935547,152.0809783935547,0
1993-08-02,153.06687927246094,153.06687927246094,153.06687927246094,153.06687927246094,0
1993-08-03,151.09498596191406,151.09498596191406,151.09498596191406,151.09498596191406,10142004
1993-08-04,149.61611938476562,149.61611938476562,149.61611938476562,149.61611938476562,0
1993-08-05,150.8484344482422,150.8484344482422,150.8484344482422,150.8484344482422,12337184
1993-08-06,152.32748413085938,152.32748413085938,152.32748413085938,152.32748413085938,0
1993-08-09,153.06687927246094,153.06687927246094,153.06687927246094,153.06687927246094,5825332
1993-08-10,152.32748413085938,152.32748413085938,152.32748413085938,152.32748413085938,12972780
1993-08-11,150.6021270751953,150.6021270751953,150.6021270751953,150.6021270751953,19114548
1993-08-12,151.09498596191406,151.09498596191406,151.09498596191406,151.09498596191406,0
1993-08-13,150.6021270751953,150.6021270751953,150.6021270751953,150.6021270751953,13820880
1993-08-16,149.62640380859375,149.62640380859375,149.62640380859375,149.62640380859375,13181048
1993-08-17,148.6404266357422,148.6404266357422,148.6404266357422,148.6404266357422,8719772
1993-08-18,148.8868865966797,148.8868865966797,148.8868865966797,148.8868865966797,110776
1993-08-19,148.8868865966797,148.8868865966797,148.8868865966797,148.8868865966797,6000
1993-08-20,147.16139221191406,147.16139221191406,147.16139221191406,147.16139221191406,757848
1993-08-23,147.16139221191406,147.16139221191406,147.16139221191406,147.16139221191406,25328
1993-08-24,150.61245727539062,150.61245727539062,150.61245727539062,150.61245727539062,32008020
1993-08-25,156.52847290039062,156.52847290039062,156.52847290039062,156.52847290039062,355200
1993-08-26,158.2539520263672,158.2539520263672,158.2539520263672,158.2539520263672,6025288
1993-08-27,157.76101684570312,157.76101684570312,157.76101684570312,157.76101684570312,13253112
1993-08-30,157.76101684570312,157.76101684570312,157.76101684570312,157.76101684570312,0
1993-08-31,156.03549194335938,156.03549194335938,156.03549194335938,156.03549194335938,0
1993-09-01,153.81690979003906,153.81690979003906,153.81690979003906,153.81690979003906,0
1993-09-02,154.3099365234375,154.3099365234375,154.3099365234375,154.3099365234375,0
1993-09-03,152.33792114257812,152.33792114257812,152.33792114257812,152.33792114257812,0
1993-09-06,151.3518829345703,151.3518829345703,151.3518829345703,151.3518829345703,0
1993-09-07,151.3518829345703,151.3518829345703,151.3518829345703,151.3518829345703,0
1993-09-08,147.65440368652344,147.65440368652344,147.65440368652344,147.65440368652344,0
1993-09-09,147.65440368652344,147.65440368652344,147.65440368652344,147.65440368652344,0
1993-09-10,147.65440368652344,147.65440368652344,147.65440368652344,147.65440368652344,0
1993-09-13,148.3938751220703,148.3938751220703,148.3938751220703,148.3938751220703,0
1993-09-14,149.8729248046875,149.8729248046875,149.8729248046875,149.8729248046875,0
1993-09-15,147.90086364746094,147.90086364746094,147.90086364746094,147.90086364746094,0
1993-09-16,149.62640380859375,149.62640380859375,149.62640380859375,149.62640380859375,0
1993-09-17,146.17535400390625,146.17535400390625,146.17535400390625,146.17535400390625,0
1993-09-20,145.68234252929688,145.68234252929688,145.68234252929688,145.68234252929688,0
1993-09-21,148.3938751220703,148.3938751220703,148.3938751220703,148.3938751220703,0
1993-09-22,149.13333129882812,149.13333129882812,149.13333129882812,149.13333129882812,0
1993-09-23,148.6404266357422,148.6404266357422,148.6404266357422,148.6404266357422,0
1993-09-24,148.8868865966797,148.8868865966797,148.8868865966797,148.8868865966797,3731472
1993-09-27,154.3099365234375,154.3099365234375,154.3099365234375,154.3099365234375,18456892
1993-09-28,154.556396484375,154.556396484375,154.556396484375,154.556396484375,13578436
1993-09-29,155.7888641357422,155.7888641357422,155.7888641357422,155.7888641357422,20654468
1993-09-30,159.9794921875,159.9794921875,159.9794921875,159.9794921875,36087336
1993-10-01,162.44444274902344,162.44444274902344,162.44444274902344,162.44444274902344,41164364
1993-10-04,161.9514617919922,161.9514617919922,161.9514617919922,161.9514617919922,20375664
1993-10-05,158.2539520263672,158.2539520263672,158.2539520263672,158.2539520263672,16744408
1993-10-06,160.9654083251953,160.9654083251953,160.9654083251953,160.9654083251953,19836356
1993-10-07,160.472412109375,160.472412109375,160.472412109375,160.472412109375,8411484
1993-10-08,159.2399444580078,159.2399444580078,159.2399444580078,159.2399444580078,8461176
1993-10-11,158.99339294433594,158.99339294433594,158.99339294433594,158.99339294433594,7028736
1993-10-12,159.9794921875,159.9794921875,159.9794921875,159.9794921875,12783520
1993-10-13,159.48651123046875,159.48651123046875,159.48651123046875,159.48651123046875,20097908
1993-10-14,160.22596740722656,160.22596740722656,160.22596740722656,160.22596740722656,18928040
1993-10-15,160.9654083251953,160.9654083251953,160.9654083251953,160.9654083251953,36349628
1993-10-18,162.1980743408203,162.1980743408203,162.1980743408203,162.1980743408203,26437248
1993-10-19,164.41635131835938,164.41635131835938,164.41635131835938,164.41635131835938,36200996
1993-10-20,167.37454223632812,167.37454223632812,167.37454223632812,167.37454223632812,23119980
1993-10-21,169.593017578125,169.593017578125,169.593017578125,169.593017578125,41945216
1993-10-22,169.593017578125,169.593017578125,169.593017578125,169.593017578125,31491860
1993-10-25,167.37454223632812,167.37454223632812,167.37454223632812,167.37454223632812,13270824
1993-10-26,166.14199829101562,166.14199829101562,166.14199829101562,166.14199829101562,9033160
1993-10-27,165.64895629882812,165.64895629882812,165.64895629882812,165.64895629882812,20751264
1993-10-28,170.3325653076172,170.3325653076172,170.3325653076172,170.3325653076172,39238524
1993-10-29,172.30447387695312,172.30447387695312,172.30447387695312,172.30447387695312,26867596
1993-11-01,173.7834930419922,173.7834930419922,173.7834930419922,173.7834930419922,20379476
1993-11-02,173.7834930419922,173.7834930419922,173.7834930419922,173.7834930419922,33471436
1993-11-03,171.07203674316406,171.07203674316406,171.07203674316406,171.07203674316406,22546296
1993-11-04,175.75552368164062,175.75552368164062,175.75552368164062,175.75552368164062,70837488
1993-11-05,172.7974853515625,172.7974853515625,172.7974853515625,172.7974853515625,53005412
1993-11-08,173.53709411621094,173.53709411621094,173.53709411621094,173.53709411621094,19535016
1993-11-09,177.48101806640625,177.48101806640625,177.48101806640625,177.48101806640625,37144540
1993-11-10,176.24850463867188,176.24850463867188,176.24850463867188,176.24850463867188,20875856
1993-11-11,177.23455810546875,177.23455810546875,177.23455810546875,177.23455810546875,30145636
1993-11-12,176.00205993652344,176.00205993652344,176.00205993652344,176.00205993652344,18019980
1993-11-15,173.54733276367188,173.54733276367188,173.54733276367188,173.54733276367188,12269344
1993-11-16,168.37034606933594,168.37034606933594,168.37034606933594,168.37034606933594,21682728
1993-11-17,169.3563995361328,169.3563995361328,169.3563995361328,169.3563995361328,13267804
1993-11-18,169.60304260253906,169.60304260253906,169.60304260253906,169.60304260253906,26156428
1993-11-19,168.1239013671875,168.1239013671875,168.1239013671875,168.1239013671875,21846008
1993-11-22,167.13784790039062,167.13784790039062,167.13784790039062,167.13784790039062,34725860
1993-11-23,169.3563995361328,169.3563995361328,169.3563995361328,169.3563995361328,23104728
1993-11-24,169.1099090576172,169.1099090576172,169.1099090576172,169.1099090576172,8652636
1993-11-25,168.61688232421875,168.61688232421875,168.61688232421875,168.61688232421875,26186688
1993-11-26,163.9331512451172,163.9331512451172,163.9331512451172,163.9331512451172,44621244
1993-11-29,162.94699096679688,162.94699096679688,162.94699096679688,162.94699096679688,40974696
1993-11-30,164.4260711669922,164.4260711669922,164.4260711669922,164.4260711669922,20121068
1993-12-01,166.39828491210938,166.39828491210938,166.39828491210938,166.39828491210938,51168124
1993-12-02,165.41224670410156,165.41224670410156,165.41224670410156,165.41224670410156,24400424
1993-12-03,163.68670654296875,163.68670654296875,163.68670654296875,163.68670654296875,21891532
1993-12-06,161.46795654296875,161.46795654296875,161.46795654296875,161.46795654296875,18783056
1993-12-07,162.70057678222656,162.70057678222656,162.70057678222656,162.70057678222656,21099988
1993-12-08,162.70057678222656,162.70057678222656,162.70057678222656,162.70057678222656,26290396
1993-12-09,158.01675415039062,158.01675415039062,158.01675415039062,158.01675415039062,38818688
1993-12-10,155.30506896972656,155.30506896972656,155.30506896972656,155.30506896972656,34886132
1993-12-13,159.7422637939453,159.7422637939453,159.7422637939453,159.7422637939453,31270572
1993-12-14,160.9748992919922,160.9748992919922,160.9748992919922,160.9748992919922,29995916
1993-12-15,164.17967224121094,164.17967224121094,164.17967224121094,164.17967224121094,38538820
1993-12-16,168.8634033203125,168.8634033203125,168.8634033203125,168.8634033203125,71088448
1993-12-17,171.57513427734375,171.57513427734375,171.57513427734375,171.57513427734375,35899792
1993-12-20,176.01242065429688,176.01242065429688,176.01242065429688,176.01242065429688,29089912
1993-12-21,175.51930236816406,175.51930236816406,175.51930236816406,175.51930236816406,31053208
1993-12-22,175.02647399902344,175.02647399902344,175.02647399902344,175.02647399902344,23078576
1993-12-23,177.49151611328125,177.49151611328125,177.49151611328125,177.49151611328125,13708384
1993-12-24,177.98451232910156,177.98451232910156,177.98451232910156,177.98451232910156,4661148
1993-12-27,177.98451232910156,177.98451232910156,177.98451232910156,177.98451232910156,0
1993-12-28,177.98451232910156,177.98451232910156,177.98451232910156,177.98451232910156,0
1993-12-29,178.97061157226562,178.97061157226562,178.97061157226562,178.97061157226562,12229652
1993-12-30,179.71006774902344,179.71006774902344,179.71006774902344,179.71006774902344,26858424
1993-12-31,177.7379913330078,177.7379913330078,177.7379913330078,177.7379913330078,7202248
1994-01-03,177.7379913330078,177.7379913330078,177.7379913330078,177.7379913330078,0
1994-01-04,174.04026794433594,174.04026794433594,174.04026794433594,174.04026794433594,26087732
1994-01-05,175.02647399902344,175.02647399902344,175.02647399902344,175.02647399902344,15036972
1994-01-06,182.9148712158203,182.9148712158203,182.9148712158203,182.9148712158203,28598560
1994-01-07,183.6543731689453,183.6543731689453,183.6543731689453,183.6543731689453,26777084
1994-01-10,181.4357147216797,181.4357147216797,181.4357147216797,181.4357147216797,15829788
1994-01-11,180.20318603515625,180.20318603515625,180.20318603515625,180.20318603515625,30958736
1994-01-12,178.72409057617188,178.72409057617188,178.72409057617188,178.72409057617188,34773396
1994-01-13,176.99842834472656,176.99842834472656,176.99842834472656,176.99842834472656,15425988
1994-01-14,180.6962127685547,180.6962127685547,180.6962127685547,180.6962127685547,31449176
1994-01-17,180.20318603515625,180.20318603515625,180.20318603515625,180.20318603515625,18237316
1994-01-18,180.20318603515625,180.20318603515625,180.20318603515625,180.20318603515625,15225500
1994-01-19,181.6822509765625,181.6822509765625,181.6822509765625,181.6822509765625,20348364
1994-01-20,183.40786743164062,183.40786743164062,183.40786743164062,183.40786743164062,28708716
1994-01-21,186.61257934570312,186.61257934570312,186.61257934570312,186.61257934570312,28307476
1994-01-24,184.64044189453125,184.64044189453125,184.64044189453125,184.64044189453125,54099488
1994-01-25,181.6822509765625,181.6822509765625,181.6822509765625,181.6822509765625,46685464
1994-01-26,181.92886352539062,181.92886352539062,181.92886352539062,181.92886352539062,31586156
1994-01-27,179.9567108154297,179.9567108154297,179.9567108154297,179.9567108154297,81055768
1994-01-28,180.9426727294922,180.9426727294922,180.9426727294922,180.9426727294922,40587384
1994-01-31,186.61257934570312,186.61257934570312,186.61257934570312,186.61257934570312,16450160
1994-02-01,185.133544921875,185.133544921875,185.133544921875,185.133544921875,29393424
1994-02-02,188.09169006347656,188.09169006347656,188.09169006347656,188.09169006347656,61911484
1994-02-03,188.584716796875,188.584716796875,188.584716796875,188.584716796875,47578056
1994-02-04,188.09169006347656,188.09169006347656,188.09169006347656,188.09169006347656,37900972
1994-02-07,186.3660430908203,186.3660430908203,186.3660430908203,186.3660430908203,31337304
1994-02-08,189.81727600097656,189.81727600097656,189.81727600097656,189.81727600097656,30838432
1994-02-09,192.52899169921875,192.52899169921875,192.52899169921875,192.52899169921875,36628812
1994-02-10,190.31033325195312,190.31033325195312,190.31033325195312,190.31033325195312,71165008
1994-02-11,184.88697814941406,184.88697814941406,184.88697814941406,184.88697814941406,46339036
1994-02-14,182.43218994140625,182.43218994140625,182.43218994140625,182.43218994140625,31665948
1994-02-15,180.7063751220703,180.7063751220703,180.7063751220703,180.7063751220703,19314512
1994-02-16,180.45985412597656,180.45985412597656,180.45985412597656,180.45985412597656,29968700
1994-02-17,180.45985412597656,180.45985412597656,180.45985412597656,180.45985412597656,21473048
1994-02-18,177.9945068359375,177.9945068359375,177.9945068359375,177.9945068359375,16422608
1994-02-21,179.2271270751953,179.2271270751953,179.2271270751953,179.2271270751953,23587656
1994-02-22,180.45985412597656,180.45985412597656,180.45985412597656,180.45985412597656,15483300
1994-02-23,181.9390411376953,181.9390411376953,181.9390411376953,181.9390411376953,37490916
1994-02-24,177.2549591064453,177.2549591064453,177.2549591064453,177.2549591064453,17193028
1994-02-25,179.47372436523438,179.47372436523438,179.47372436523438,179.47372436523438,28987280
1994-02-28,181.1993408203125,181.1993408203125,181.1993408203125,181.1993408203125,20727172
1994-03-01,177.00827026367188,177.00827026367188,177.00827026367188,177.00827026367188,23628000
1994-03-02,173.8035125732422,173.8035125732422,173.8035125732422,173.8035125732422,37748616
1994-03-03,175.52923583984375,175.52923583984375,175.52923583984375,175.52923583984375,29093384
1994-03-04,178.9806365966797,178.9806365966797,178.9806365966797,178.9806365966797,21678892
1994-03-07,180.9528350830078,180.9528350830078,180.9528350830078,180.9528350830078,44664536
1994-03-08,178.9806365966797,178.9806365966797,178.9806365966797,178.9806365966797,31025092
1994-03-09,174.29661560058594,174.29661560058594,174.29661560058594,174.29661560058594,32070724
1994-03-10,173.55706787109375,173.55706787109375,173.55706787109375,173.55706787109375,13465820
1994-03-11,173.06390380859375,173.06390380859375,173.06390380859375,173.06390380859375,33410980
1994-03-14,177.00827026367188,177.00827026367188,177.00827026367188,177.00827026367188,17779968
1994-03-15,177.9945068359375,177.9945068359375,177.9945068359375,177.9945068359375,16995112
1994-03-16,177.74803161621094,177.74803161621094,177.74803161621094,177.74803161621094,16441492
1994-03-17,181.9390411376953,181.9390411376953,181.9390411376953,181.9390411376953,30559764
1994-03-18,181.1993408203125,181.1993408203125,181.1993408203125,181.1993408203125,30700384
1994-03-21,182.92507934570312,182.92507934570312,182.92507934570312,182.92507934570312,24724820
1994-03-22,186.13002014160156,186.13002014160156,186.13002014160156,186.13002014160156,16963196
1994-03-23,186.13002014160156,186.13002014160156,186.13002014160156,186.13002014160156,26169380
1994-03-24,183.41818237304688,183.41818237304688,183.41818237304688,183.41818237304688,12763148
1994-03-25,183.91111755371094,183.91111755371094,183.91111755371094,183.91111755371094,22775084
1994-03-28,180.45985412597656,180.45985412597656,180.45985412597656,180.45985412597656,27039692
1994-03-29,175.77572631835938,175.77572631835938,175.77572631835938,175.77572631835938,35509516
1994-03-30,172.0777587890625,172.0777587890625,172.0777587890625,172.0777587890625,27050864
1994-03-31,172.0777587890625,172.0777587890625,172.0777587890625,172.0777587890625,18521052
1994-04-01,172.0777587890625,172.0777587890625,172.0777587890625,172.0777587890625,0
1994-04-04,172.0777587890625,172.0777587890625,172.0777587890625,172.0777587890625,0
1994-04-05,172.57078552246094,172.57078552246094,172.57078552246094,172.57078552246094,34804792
1994-04-06,176.022216796875,176.022216796875,176.022216796875,176.022216796875,32573096
1994-04-07,182.92507934570312,182.92507934570312,182.92507934570312,182.92507934570312,37855360
1994-04-08,183.91111755371094,183.91111755371094,183.91111755371094,183.91111755371094,21066320
1994-04-11,184.40419006347656,184.40419006347656,184.40419006347656,184.40419006347656,26161368
1994-04-12,183.91111755371094,183.91111755371094,183.91111755371094,183.91111755371094,27758948
1994-04-13,183.171630859375,183.171630859375,183.171630859375,183.171630859375,19089256
1994-04-14,185.63690185546875,185.63690185546875,185.63690185546875,185.63690185546875,26107888
1994-04-15,192.2931671142578,192.2931671142578,192.2931671142578,192.2931671142578,42150516
1994-04-18,190.32095336914062,190.32095336914062,190.32095336914062,190.32095336914062,10397212
1994-04-19,190.32095336914062,190.32095336914062,190.32095336914062,190.32095336914062,28587908
1994-04-20,187.36257934570312,187.36257934570312,187.36257934570312,187.36257934570312,22960884
1994-04-21,185.63690185546875,185.63690185546875,185.63690185546875,185.63690185546875,47865468
1994-04-22,190.074462890625,190.074462890625,190.074462890625,190.074462890625,43831448
1994-04-25,191.30715942382812,191.30715942382812,191.30715942382812,191.30715942382812,37452988
1994-04-26,192.2931671142578,192.2931671142578,192.2931671142578,192.2931671142578,51158156
1994-04-27,196.73077392578125,196.73077392578125,196.73077392578125,196.73077392578125,25314576
1994-04-28,192.786376953125,192.786376953125,192.786376953125,192.786376953125,35856620
1994-04-29,190.32095336914062,190.32095336914062,190.32095336914062,190.32095336914062,38293620
1994-05-02,190.32095336914062,190.32095336914062,190.32095336914062,190.32095336914062,0
1994-05-03,188.34873962402344,188.34873962402344,188.34873962402344,188.34873962402344,26811000
1994-05-04,188.84181213378906,188.84181213378906,188.84181213378906,188.84181213378906,27392612
1994-05-05,196.97732543945312,196.97732543945312,196.97732543945312,196.97732543945312,47034224
1994-05-06,198.7030029296875,198.7030029296875,198.7030029296875,198.7030029296875,69278344
1994-05-09,201.9079132080078,201.9079132080078,201.9079132080078,201.9079132080078,32101704
1994-05-10,201.4148712158203,201.4148712158203,201.4148712158203,201.4148712158203,24635448
1994-05-11,199.68917846679688,199.68917846679688,199.68917846679688,199.68917846679688,13323088
1994-05-12,199.196044921875,199.196044921875,199.196044921875,199.196044921875,39592616
1994-05-13,200.18222045898438,200.18222045898438,200.18222045898438,200.18222045898438,28516632
1994-05-16,197.97555541992188,197.97555541992188,197.97555541992188,197.97555541992188,24875312
1994-05-17,198.22215270996094,198.22215270996094,198.22215270996094,198.22215270996094,10455556
1994-05-18,194.2774658203125,194.2774658203125,194.2774658203125,194.2774658203125,38131300
1994-05-19,193.78436279296875,193.78436279296875,193.78436279296875,193.78436279296875,14542760
1994-05-20,194.52394104003906,194.52394104003906,194.52394104003906,194.52394104003906,26712552
1994-05-23,196.00328063964844,196.00328063964844,196.00328063964844,196.00328063964844,11964532
1994-05-24,197.4825439453125,197.4825439453125,197.4825439453125,197.4825439453125,22570668
1994-05-25,194.2774658203125,194.2774658203125,194.2774658203125,194.2774658203125,30337984
1994-05-26,194.52394104003906,194.52394104003906,194.52394104003906,194.52394104003906,22743376
1994-05-27,190.33265686035156,190.33265686035156,190.33265686035156,190.33265686035156,25552100
1994-05-30,190.33265686035156,190.33265686035156,190.33265686035156,190.33265686035156,0
1994-05-31,190.08619689941406,190.08619689941406,190.08619689941406,190.08619689941406,33014404
1994-06-01,189.3465576171875,189.3465576171875,189.3465576171875,189.3465576171875,25484484
1994-06-02,189.3465576171875,189.3465576171875,189.3465576171875,189.3465576171875,20025056
1994-06-03,189.59303283691406,189.59303283691406,189.59303283691406,189.59303283691406,28284268
1994-06-06,188.85348510742188,188.85348510742188,188.85348510742188,188.85348510742188,26345740
1994-06-07,187.37423706054688,187.37423706054688,187.37423706054688,187.37423706054688,15383320
1994-06-08,185.89491271972656,185.89491271972656,185.89491271972656,185.89491271972656,37738260
1994-06-09,185.89491271972656,185.89491271972656,185.89491271972656,185.89491271972656,32688832
1994-06-10,191.81201171875,191.81201171875,191.81201171875,191.81201171875,30170508
1994-06-13,192.79818725585938,192.79818725585938,192.79818725585938,192.79818725585938,23055844
1994-06-14,200.1945037841797,200.1945037841797,200.1945037841797,200.1945037841797,61325688
1994-06-15,199.70143127441406,199.70143127441406,199.70143127441406,199.70143127441406,52496056
1994-06-16,201.42726135253906,201.42726135253906,201.42726135253906,201.42726135253906,49322536
1994-06-17,202.9065399169922,202.9065399169922,202.9065399169922,202.9065399169922,38282644
1994-06-20,199.2083282470703,199.2083282470703,199.2083282470703,199.2083282470703,27903168
1994-06-21,196.49635314941406,196.49635314941406,196.49635314941406,196.49635314941406,43832256
1994-06-22,198.46865844726562,198.46865844726562,198.46865844726562,198.46865844726562,47960392
1994-06-23,199.454833984375,199.454833984375,199.454833984375,199.454833984375,55178828
1994-06-24,195.26364135742188,195.26364135742188,195.26364135742188,195.26364135742188,32864832
1994-06-27,194.77052307128906,194.77052307128906,194.77052307128906,194.77052307128906,25179988
1994-06-28,194.77052307128906,194.77052307128906,194.77052307128906,194.77052307128906,29511440
1994-06-29,195.01708984375,195.01708984375,195.01708984375,195.01708984375,28837036
1994-06-30,192.0585479736328,192.0585479736328,192.0585479736328,192.0585479736328,27396948
1994-07-01,193.29116821289062,193.29116821289062,193.29116821289062,193.29116821289062,11742740
1994-07-04,194.2774658203125,194.2774658203125,194.2774658203125,194.2774658203125,16815500
1994-07-05,192.30503845214844,192.30503845214844,192.30503845214844,192.30503845214844,22691924
1994-07-06,190.08619689941406,190.08619689941406,190.08619689941406,190.08619689941406,14293320
1994-07-07,190.5792236328125,190.5792236328125,190.5792236328125,190.5792236328125,22328736
1994-07-08,189.83966064453125,189.83966064453125,189.83966064453125,189.83966064453125,33228308
1994-07-11,187.37423706054688,187.37423706054688,187.37423706054688,187.37423706054688,28225720
1994-07-12,189.59303283691406,189.59303283691406,189.59303283691406,189.59303283691406,51327832
1994-07-13,195.01708984375,195.01708984375,195.01708984375,195.01708984375,52022052
1994-07-14,198.22215270996094,198.22215270996094,198.22215270996094,198.22215270996094,43284376
1994-07-15,197.23599243164062,197.23599243164062,197.23599243164062,197.23599243164062,30062348
1994-07-18,198.46865844726562,198.46865844726562,198.46865844726562,198.46865844726562,25822752
1994-07-19,200.93417358398438,200.93417358398438,200.93417358398438,200.93417358398438,45597232
1994-07-20,199.9480438232422,199.9480438232422,199.9480438232422,199.9480438232422,48660524
1994-07-21,201.18069458007812,201.18069458007812,201.18069458007812,201.18069458007812,21713724
1994-07-22,203.39967346191406,203.39967346191406,203.39967346191406,203.39967346191406,39914344
1994-07-25,203.6461639404297,203.6461639404297,203.6461639404297,203.6461639404297,18395492
1994-07-26,203.15310668945312,203.15310668945312,203.15310668945312,203.15310668945312,46761640
1994-07-27,202.9065399169922,202.9065399169922,202.9065399169922,202.9065399169922,38914980
1994-07-28,201.42726135253906,201.42726135253906,201.42726135253906,201.42726135253906,41937732
1994-07-29,203.39967346191406,203.39967346191406,203.39967346191406,203.39967346191406,58777632
1994-08-01,202.9065399169922,202.9065399169922,202.9065399169922,202.9065399169922,68069816
1994-08-02,206.35812377929688,206.35812377929688,206.35812377929688,206.35812377929688,89481360
1994-08-03,202.4133758544922,202.4133758544922,202.4133758544922,202.4133758544922,43099228
1994-08-04,199.2083282470703,199.2083282470703,199.2083282470703,199.2083282470703,34023840
1994-08-05,201.6737823486328,201.6737823486328,201.6737823486328,201.6737823486328,36555256
1994-08-08,199.96031188964844,199.96031188964844,199.96031188964844,199.96031188964844,54193356
1994-08-09,201.43954467773438,201.43954467773438,201.43954467773438,201.43954467773438,49087344
1994-08-10,202.67230224609375,202.67230224609375,202.67230224609375,202.67230224609375,42020764
1994-08-11,201.43954467773438,201.43954467773438,201.43954467773438,201.43954467773438,37350632
1994-08-12,202.17921447753906,202.17921447753906,202.17921447753906,202.17921447753906,32498664
1994-08-15,203.16552734375,203.16552734375,203.16552734375,203.16552734375,8299040
1994-08-16,203.6586456298828,203.6586456298828,203.6586456298828,203.6586456298828,20704372
1994-08-17,202.67230224609375,202.67230224609375,202.67230224609375,202.67230224609375,48500148
1994-08-18,201.19305419921875,201.19305419921875,201.19305419921875,201.19305419921875,31902700
1994-08-19,201.9326629638672,201.9326629638672,201.9326629638672,201.9326629638672,16244284
1994-08-22,199.96031188964844,199.96031188964844,199.96031188964844,199.96031188964844,15089200
1994-08-23,200.20675659179688,200.20675659179688,200.20675659179688,200.20675659179688,21013368
1994-08-24,203.16552734375,203.16552734375,203.16552734375,203.16552734375,33568652
1994-08-25,203.412109375,203.412109375,203.412109375,203.412109375,21973696
1994-08-26,204.1516876220703,204.1516876220703,204.1516876220703,204.1516876220703,19153980
1994-08-29,204.1516876220703,204.1516876220703,204.1516876220703,204.1516876220703,0
1994-08-30,204.3982696533203,204.3982696533203,204.3982696533203,204.3982696533203,22151948
1994-08-31,204.1516876220703,204.1516876220703,204.1516876220703,204.1516876220703,39772572
1994-09-01,201.68601989746094,201.68601989746094,201.68601989746094,201.68601989746094,18522504
1994-09-02,205.6310272216797,205.6310272216797,205.6310272216797,205.6310272216797,30849388
1994-09-05,208.09674072265625,208.09674072265625,208.09674072265625,208.09674072265625,16297164
1994-09-06,206.12413024902344,206.12413024902344,206.12413024902344,206.12413024902344,35346476
1994-09-07,208.09674072265625,208.09674072265625,208.09674072265625,208.09674072265625,29718864
1994-09-08,207.11032104492188,207.11032104492188,207.11032104492188,207.11032104492188,24340084
1994-09-09,206.12413024902344,206.12413024902344,206.12413024902344,206.12413024902344,35890920
1994-09-12,204.3982696533203,204.3982696533203,204.3982696533203,204.3982696533203,37308620
1994-09-13,205.38446044921875,205.38446044921875,205.38446044921875,205.38446044921875,28740160
1994-09-14,205.87765502929688,205.87765502929688,205.87765502929688,205.87765502929688,55385280
1994-09-15,207.35704040527344,207.35704040527344,207.35704040527344,207.35704040527344,37298292
1994-09-16,203.90516662597656,203.90516662597656,203.90516662597656,203.90516662597656,40882620
1994-09-19,205.6310272216797,205.6310272216797,205.6310272216797,205.6310272216797,16251764
1994-09-20,202.17921447753906,202.17921447753906,202.17921447753906,202.17921447753906,37835536
1994-09-21,200.20675659179688,200.20675659179688,200.20675659179688,200.20675659179688,29776752
1994-09-22,198.23431396484375,198.23431396484375,198.23431396484375,198.23431396484375,36722472
1994-09-23,196.26173400878906,196.26173400878906,196.26173400878906,196.26173400878906,32705980
1994-09-26,197.7411346435547,197.7411346435547,197.7411346435547,197.7411346435547,30039456
1994-09-27,196.75498962402344,196.75498962402344,196.75498962402344,196.75498962402344,23932968
1994-09-28,196.26173400878906,196.26173400878906,196.26173400878906,196.26173400878906,34713480
1994-09-29,193.79620361328125,193.79620361328125,193.79620361328125,193.79620361328125,13193608
1994-09-30,197.00149536132812,197.00149536132812,197.00149536132812,197.00149536132812,46226328
1994-10-03,197.00149536132812,197.00149536132812,197.00149536132812,197.00149536132812,23795648
1994-10-04,199.46702575683594,199.46702575683594,199.46702575683594,199.46702575683594,35435384
1994-10-05,198.48085021972656,198.48085021972656,198.48085021972656,198.48085021972656,29388660
1994-10-06,200.4533233642578,200.4533233642578,200.4533233642578,200.4533233642578,42481372
1994-10-07,204.89138793945312,204.89138793945312,204.89138793945312,204.89138793945312,82654064
1994-10-10,206.37071228027344,206.37071228027344,206.37071228027344,206.37071228027344,21893652
1994-10-11,207.35704040527344,207.35704040527344,207.35704040527344,207.35704040527344,48900288
1994-10-12,207.35704040527344,207.35704040527344,207.35704040527344,207.35704040527344,35286000
1994-10-13,208.58978271484375,208.58978271484375,208.58978271484375,208.58978271484375,42846432
1994-10-14,208.34326171875,208.34326171875,208.34326171875,208.34326171875,17186700
1994-10-17,207.85015869140625,207.85015869140625,207.85015869140625,207.85015869140625,17220488
1994-10-18,204.1516876220703,204.1516876220703,204.1516876220703,204.1516876220703,26599092
1994-10-19,200.94654846191406,200.94654846191406,200.94654846191406,200.94654846191406,35070260
1994-10-20,198.7274169921875,198.7274169921875,198.7274169921875,198.7274169921875,29058336
1994-10-21,201.19305419921875,201.19305419921875,201.19305419921875,201.19305419921875,23084312
1994-10-24,202.42568969726562,202.42568969726562,202.42568969726562,202.42568969726562,14070212
1994-10-25,202.67230224609375,202.67230224609375,202.67230224609375,202.67230224609375,19176592
1994-10-26,203.90516662597656,203.90516662597656,203.90516662597656,203.90516662597656,33415248
1994-10-27,204.89138793945312,204.89138793945312,204.89138793945312,204.89138793945312,28889252
1994-10-28,211.30191040039062,211.30191040039062,211.30191040039062,211.30191040039062,30729656
1994-10-31,214.50723266601562,214.50723266601562,214.50723266601562,214.50723266601562,25440284
1994-11-01,210.06912231445312,210.06912231445312,210.06912231445312,210.06912231445312,39563660
1994-11-02,208.83631896972656,208.83631896972656,208.83631896972656,208.83631896972656,28906568
1994-11-03,211.79502868652344,211.79502868652344,211.79502868652344,211.79502868652344,39483208
1994-11-04,210.80882263183594,210.80882263183594,210.80882263183594,210.80882263183594,25279496
1994-11-07,205.1499786376953,205.1499786376953,205.1499786376953,205.1499786376953,18426372
1994-11-08,205.39646911621094,205.39646911621094,205.39646911621094,205.39646911621094,27655364
1994-11-09,209.09519958496094,209.09519958496094,209.09519958496094,209.09519958496094,24202160
1994-11-10,208.35545349121094,208.35545349121094,208.35545349121094,208.35545349121094,26168488
1994-11-11,204.4102325439453,204.4102325439453,204.4102325439453,204.4102325439453,27437812
1994-11-14,206.38278198242188,206.38278198242188,206.38278198242188,206.38278198242188,38160864
1994-11-15,210.82115173339844,210.82115173339844,210.82115173339844,210.82115173339844,35851972
1994-11-16,210.82115173339844,210.82115173339844,210.82115173339844,210.82115173339844,38834428
1994-11-17,210.5746307373047,210.5746307373047,210.5746307373047,210.5746307373047,18674584
1994-11-18,209.83482360839844,209.83482360839844,209.83482360839844,209.83482360839844,24790548
1994-11-21,208.35545349121094,208.35545349121094,208.35545349121094,208.35545349121094,16875908
1994-11-22,203.67056274414062,203.67056274414062,203.67056274414062,203.67056274414062,39443760
1994-11-23,202.43753051757812,202.43753051757812,202.43753051757812,202.43753051757812,44801424
1994-11-24,204.9033660888672,204.9033660888672,204.9033660888672,204.9033660888672,29544480
1994-11-25,205.64303588867188,205.64303588867188,205.64303588867188,205.64303588867188,47054852
1994-11-28,206.38278198242188,206.38278198242188,206.38278198242188,206.38278198242188,25148176
1994-11-29,208.35545349121094,208.35545349121094,208.35545349121094,208.35545349121094,32789460
1994-11-30,209.3416748046875,209.3416748046875,209.3416748046875,209.3416748046875,26783980
1994-12-01,207.1224365234375,207.1224365234375,207.1224365234375,207.1224365234375,28639292
1994-12-02,205.64303588867188,205.64303588867188,205.64303588867188,205.64303588867188,25236812
1994-12-05,204.1636199951172,204.1636199951172,204.1636199951172,204.1636199951172,23720360
1994-12-06,202.43753051757812,202.43753051757812,202.43753051757812,202.43753051757812,22263336
1994-12-07,200.71165466308594,200.71165466308594,200.71165466308594,200.71165466308594,15639528
1994-12-08,200.71165466308594,200.71165466308594,200.71165466308594,200.71165466308594,30139264
1994-12-09,198.492431640625,198.492431640625,198.492431640625,198.492431640625,41898352
1994-12-12,197.999267578125,197.999267578125,197.999267578125,197.999267578125,36046648
1994-12-13,198.9855194091797,198.9855194091797,198.9855194091797,198.9855194091797,28113500
1994-12-14,203.42401123046875,203.42401123046875,203.42401123046875,203.42401123046875,48083396
1994-12-15,204.4102325439453,204.4102325439453,204.4102325439453,204.4102325439453,31830860
1994-12-16,207.86231994628906,207.86231994628906,207.86231994628906,207.86231994628906,82184584
1994-12-19,209.58828735351562,209.58828735351562,209.58828735351562,209.58828735351562,37956080
1994-12-20,210.5746307373047,210.5746307373047,210.5746307373047,210.5746307373047,34671964
1994-12-21,211.8074188232422,211.8074188232422,211.8074188232422,211.8074188232422,19105496
1994-12-22,213.0402374267578,213.0402374267578,213.0402374267578,213.0402374267578,29323096
1994-12-23,212.05406188964844,212.05406188964844,212.05406188964844,212.05406188964844,18738896
1994-12-26,212.05406188964844,212.05406188964844,212.05406188964844,212.05406188964844,0
1994-12-27,212.05406188964844,212.05406188964844,212.05406188964844,212.05406188964844,0
1994-12-28,212.54725646972656,212.54725646972656,212.54725646972656,212.54725646972656,19069612
1994-12-29,210.5746307373047,210.5746307373047,210.5746307373047,210.5746307373047,13455068
1994-12-30,209.83482360839844,209.83482360839844,209.83482360839844,209.83482360839844,4144100
1995-01-02,209.83482360839844,209.83482360839844,209.83482360839844,209.83482360839844,0
1995-01-03,209.83482360839844,209.83482360839844,209.83482360839844,209.83482360839844,21793524
1995-01-04,208.35545349121094,208.35545349121094,208.35545349121094,208.35545349121094,16895188
1995-01-05,209.3416748046875,209.3416748046875,209.3416748046875,209.3416748046875,25581952
1995-01-06,212.54725646972656,212.54725646972656,212.54725646972656,212.54725646972656,14468000
1995-01-09,210.08140563964844,210.08140563964844,210.08140563964844,210.08140563964844,12170632
1995-01-10,209.58828735351562,209.58828735351562,209.58828735351562,209.58828735351562,12064876
1995-01-11,204.4102325439453,204.4102325439453,204.4102325439453,204.4102325439453,31613992
1995-01-12,204.65670776367188,204.65670776367188,204.65670776367188,204.65670776367188,38500688
1995-01-13,205.64303588867188,205.64303588867188,205.64303588867188,205.64303588867188,26503592
1995-01-16,208.35545349121094,208.35545349121094,208.35545349121094,208.35545349121094,17038756
1995-01-17,209.3416748046875,209.3416748046875,209.3416748046875,209.3416748046875,35040816
1995-01-18,207.36917114257812,207.36917114257812,207.36917114257812,207.36917114257812,63560400
1995-01-19,206.62937927246094,206.62937927246094,206.62937927246094,206.62937927246094,28858820
1995-01-20,203.91709899902344,203.91709899902344,203.91709899902344,203.91709899902344,28441132
1995-01-23,201.20481872558594,201.20481872558594,201.20481872558594,201.20481872558594,20952828
1995-01-24,201.9444580078125,201.9444580078125,201.9444580078125,201.9444580078125,28948580
1995-01-25,202.1910400390625,202.1910400390625,202.1910400390625,202.1910400390625,33637316
1995-01-26,202.9307861328125,202.9307861328125,202.9307861328125,202.9307861328125,48607200
1995-01-27,203.67056274414062,203.67056274414062,203.67056274414062,203.67056274414062,36984964
1995-01-30,201.9444580078125,201.9444580078125,201.9444580078125,201.9444580078125,20236760
1995-01-31,201.9444580078125,201.9444580078125,201.9444580078125,201.9444580078125,53831384
1995-02-01,202.6841583251953,202.6841583251953,202.6841583251953,202.6841583251953,21451684
1995-02-02,206.38278198242188,206.38278198242188,206.38278198242188,206.38278198242188,51027308
1995-02-03,207.86231994628906,207.86231994628906,207.86231994628906,207.86231994628906,28127268
1995-02-06,206.38278198242188,206.38278198242188,206.38278198242188,206.38278198242188,32736984
1995-02-07,206.62937927246094,206.62937927246094,206.62937927246094,206.62937927246094,38019432
1995-02-08,206.8759002685547,206.8759002685547,206.8759002685547,206.8759002685547,12797120
1995-02-09,207.86231994628906,207.86231994628906,207.86231994628906,207.86231994628906,30197768
1995-02-10,209.83482360839844,209.83482360839844,209.83482360839844,209.83482360839844,24208244
1995-02-13,210.08140563964844,210.08140563964844,210.08140563964844,210.08140563964844,28381808
1995-02-14,206.62937927246094,206.62937927246094,206.62937927246094,206.62937927246094,51615800
1995-02-15,205.8896942138672,205.8896942138672,205.8896942138672,205.8896942138672,40127828
1995-02-16,203.1774139404297,203.1774139404297,203.1774139404297,203.1774139404297,38066452
1995-02-17,203.91709899902344,203.91709899902344,203.91709899902344,203.91709899902344,24710908
1995-02-20,202.20570373535156,202.20570373535156,202.20570373535156,202.20570373535156,26232528
1995-02-21,202.6988525390625,202.6988525390625,202.6988525390625,202.6988525390625,26121100
1995-02-22,202.45223999023438,202.45223999023438,202.45223999023438,202.45223999023438,57874192
1995-02-23,202.9454345703125,202.9454345703125,202.9454345703125,202.9454345703125,26918656
1995-02-24,199.2466278076172,199.2466278076172,199.2466278076172,199.2466278076172,24459700
1995-02-27,198.26028442382812,198.26028442382812,198.26028442382812,198.26028442382812,44213332
1995-02-28,195.30116271972656,195.30116271972656,195.30116271972656,195.30116271972656,39816648
1995-03-01,196.78073120117188,196.78073120117188,196.78073120117188,196.78073120117188,50032248
1995-03-02,194.56138610839844,194.56138610839844,194.56138610839844,194.56138610839844,62257312
1995-03-03,197.02732849121094,197.02732849121094,197.02732849121094,197.02732849121094,33515936
1995-03-06,195.54779052734375,195.54779052734375,195.54779052734375,195.54779052734375,25819880
1995-03-07,196.28744506835938,196.28744506835938,196.28744506835938,196.28744506835938,40528424
1995-03-08,195.30116271972656,195.30116271972656,195.30116271972656,195.30116271972656,28375920
1995-03-09,196.04087829589844,196.04087829589844,196.04087829589844,196.04087829589844,26622936
1995-03-10,198.99998474121094,198.99998474121094,198.99998474121094,198.99998474121094,19612188
1995-03-13,198.26028442382812,198.26028442382812,198.26028442382812,198.26028442382812,11302488
1995-03-14,199.98646545410156,199.98646545410156,199.98646545410156,199.98646545410156,23212380
1995-03-15,198.99998474121094,198.99998474121094,198.99998474121094,198.99998474121094,40166852
1995-03-16,202.9454345703125,202.9454345703125,202.9454345703125,202.9454345703125,70768816
1995-03-17,202.20570373535156,202.20570373535156,202.20570373535156,202.20570373535156,28028544
1995-03-20,205.9046630859375,205.9046630859375,205.9046630859375,205.9046630859375,61008600
1995-03-21,207.63079833984375,207.63079833984375,207.63079833984375,207.63079833984375,43608472
1995-03-22,207.63079833984375,207.63079833984375,207.63079833984375,207.63079833984375,32042140
1995-03-23,209.11036682128906,209.11036682128906,209.11036682128906,209.11036682128906,80531128
1995-03-24,210.0966339111328,210.0966339111328,210.0966339111328,210.0966339111328,32996664
1995-03-27,210.0966339111328,210.0966339111328,210.0966339111328,210.0966339111328,19224268
1995-03-28,210.0966339111328,210.0966339111328,210.0966339111328,210.0966339111328,14276720
1995-03-29,211.82284545898438,211.82284545898438,211.82284545898438,211.82284545898438,65275008
1995-03-30,214.78199768066406,214.78199768066406,214.78199768066406,214.78199768066406,40997628
1995-03-31,211.57614135742188,211.57614135742188,211.57614135742188,211.57614135742188,26002592
1995-04-03,212.06951344925955,215.52180785424747,210.9598473905134,212.5626983642578,0
1995-04-04,212.68594158474113,216.01493893128492,212.06946059464045,215.27516174316406,0
1995-04-05,214.22748391148065,217.00114965989465,208.8636065476486,213.54885864257812,0
1995-04-06,213.54899204596097,215.52173100250565,210.58988361114396,211.82284545898438,0
1995-04-07,209.60358887426815,215.52180785424747,209.60358887426815,212.5626983642578,0
1995-04-10,213.0557799733013,215.52170335262193,212.06941062157307,215.0285186767578,0
1995-04-11,216.0149597798642,217.0013294592243,214.04222042114398,214.78199768066406,0
1995-04-12,214.53517213159677,218.48064656160315,214.041987827846,217.49427795410156,0
1995-04-13,216.50807270435018,217.4944420560784,214.04214932502956,215.0285186767578,0
1995-04-14,215.0285186767578,215.0285186767578,215.0285186767578,215.0285186767578,0
1995-04-17,215.0285186767578,215.0285186767578,215.0285186767578,215.0285186767578,0
1995-04-18,213.54885864257812,216.0147807978042,213.05567421153293,213.54885864257812,0
1995-04-19,213.11792473424623,215.768295690554,213.0557799733013,215.0285186767578,0
1995-04-20,215.0285118223582,218.9739891035024,214.04214250207215,218.48080444335938,0
1995-04-21,217.98767163684593,223.90588896635307,215.02856297209237,223.13552856445312,0
1995-04-24,221.93310426013304,224.3990276408012,220.9467349078658,224.15243530273438,0
1995-04-25,225.63199515891284,226.8649568810927,221.9331099923733,222.9194793701172,0
1995-04-26,222.4263858168072,224.39912538059264,220.94683114396813,222.64239501953125,0
1995-04-27,223.1660679896139,223.4126603299339,219.9603675654537,220.45355224609375,0
1995-04-28,221.43994188361992,222.42631133521735,220.45357243202253,220.70016479492188,0
1995-05-01,219.4671865480136,224.76892195338695,219.4671865480136,222.9194793701172,0
1995-05-02,222.9193773666148,226.37166860901814,219.4670861242115,225.3852996826172,0
1995-05-03,225.0312809303003,226.37175040409483,223.90582719707854,225.2620849609375,0
1995-05-04,225.87855001212725,227.85128844018078,225.38536540511387,226.37173461914062,0
1995-05-05,224.39908814011957,228.3445666129129,223.9059033310204,224.89227294921875,0
1995-05-08,224.64566040039062,224.64566040039062,224.64566040039062,224.64566040039062,0
1995-05-09,225.87861479888093,228.83772328969596,224.39906055347342,228.0979461669922,0
1995-05-10,230.317184661308,230.317184661308,225.3853391653485,229.57740783691406,0
1995-05-11,230.8104499215002,232.78318880971815,229.33089575533674,231.3036346435547,0
1995-05-12,231.79682176782148,232.29000649498704,226.8649744961657,227.60475158691406,0
1995-05-15,224.90683275305707,227.54258011362475,224.90683275305707,226.87969970703125,0
1995-05-16,227.8660888671875,227.8660888671875,227.8660888671875,227.8660888671875,0
1995-05-17,227.86613318401834,230.33221687648606,226.3864829685377,226.87969970703125,0
1995-05-18,226.3865193211755,230.33225386272105,219.4814838734708,222.68739318847656,0
1995-05-19,220.96116933790594,225.4001214004978,219.48151865037534,220.22134399414062,0
1995-05-22,221.7009665164249,226.63313484826972,220.46792443346368,222.19418334960938,0
1995-05-23,222.4407958984375,222.4407958984375,222.4407958984375,222.4407958984375,0
1995-05-24,222.44081350473257,224.90689791165866,221.94759662334735,224.41368103027344,0
1995-05-25,224.5370435651002,225.89339034116614,220.96122024638086,221.45443725585938,0
1995-05-26,221.20771228465264,221.4543206595519,218.98823691055915,219.97467041015625,0
1995-05-29,219.97467041015625,219.97467041015625,219.97467041015625,219.97467041015625,0
1995-05-30,219.48146057128906,221.45432763260402,218.98824380596034,219.48146057128906,0
1995-05-31,219.2348243687575,222.56403711226505,218.00178261190285,218.74160766601562,0
1995-06-01,221.70099468167126,222.44082002543658,218.74169330661002,220.22134399414062,0
1995-06-02,220.46786766180688,220.9610843679854,218.4950008370927,219.72804260253906,0
1995-06-05,218.49503809582396,219.97468846667604,218.00182130553992,219.23486328125,0
1995-06-06,219.4814536603577,220.96110390975338,218.4950201607606,219.97467041015625,0
1995-06-07,219.97467733661782,221.08441505860748,218.00181027530286,219.48146057128906,0
1995-06-08,218.74160919018198,224.55269480433196,218.4950008370927,219.72804260253906,0
1995-06-09,219.97477679973204,220.46799378807225,217.01547486969082,218.5878448486328,0
1995-06-12,216.02895414440383,219.481471676392,216.02895414440383,219.23486328125,0
1995-06-13,219.48143158983063,220.96108169043623,218.24838983932597,220.46786499023438,0
1995-06-14,221.20769117972495,230.08559182907845,218.4949993146447,218.74160766601562,0
1995-06-15,218.741669580836,222.93401274078437,218.741669580836,222.4407958984375,0
1995-06-16,224.30608147630335,224.53690050772107,220.96107946723566,223.92037963867188,0
1995-06-19,224.90688795081127,227.8661891080588,224.1670626614994,226.8028106689453,0
1995-06-20,227.12635803222656,227.12635803222656,227.12635803222656,227.12635803222656,0
1995-06-21,225.89330959849298,227.8661769312309,221.94757493301714,222.19418334960938,0
1995-06-22,222.4406019960131,224.90668405805314,218.494870696749,220.96095275878906,0
1995-06-23,221.94765426533792,222.93408828429497,218.95776697399225,221.45443725585938,0
1995-06-26,221.94751778034248,226.38646813594934,218.00178413091416,219.72804260253906,0
1995-06-27,218.24841865796722,220.46789410194654,217.5085935099741,219.48146057128906,0
1995-06-28,219.72804528313713,220.71447870752834,217.50857007825698,218.98822021484375,0
1995-06-29,218.00179124620226,223.4271751912435,218.00179124620226,221.94752502441406,0
1995-06-30,221.2077496832404,222.9340085993861,220.96114126664816,222.19418334960938,0
1995-07-03,221.94752502441406,222.68735010782876,220.46787485758463,221.94752502441406,0
1995-07-04,220.2213282627342,223.42723785670458,219.48150297181795,222.93402099609375,0
1995-07-05,224.4136686651026,224.9068855193116,221.94758439405751,223.67384338378906,0
1995-07-06,223.92052230325203,224.90695632220908,221.45443725585938,221.45443725585938,0
1995-07-07,224.4136434205821,227.86616101166797,221.9475594269493,227.6195526123047,0
1995-07-10,224.4136434205821,227.86616101166797,221.9475594269493,227.6195526123047,0
1995-07-11,226.87979940219972,227.86623331264406,226.87979940219972,227.37301635742188,0
1995-07-12,227.86616101166797,229.34581140784763,225.89329381676177,227.6195526123047,0
1995-07-13,227.8660888671875,229.3457387948965,226.87965558204814,227.8660888671875,0
1995-07-14,227.3728773993864,228.52897434594,224.90679413041258,226.38644409179688,0
1995-07-17,225.40001078420735,227.95881300421192,225.40001078420735,226.38644409179688,0
1995-07-18,224.41364355254592,227.61955274615372,219.6205690816584,224.9068603515625,0
1995-07-19,223.6737712910522,225.40002972438995,222.44072955295377,223.92037963867188,0
1995-07-20,222.44077635647957,225.40007715057908,221.947559557463,224.9068603515625,0
1995-07-21,225.89336549175536,228.35945026786624,224.41371462608885,227.37301635742188,0
1995-07-24,227.37305578692207,236.74417956122036,225.89340466466442,228.8527069091797,0
1995-07-25,230.33231301369074,230.82552995804554,229.09927065280374,229.83909606933594,0
1995-07-26,230.33229178812965,232.30515938374532,229.83907488922574,231.3187255859375,0
1995-07-27,232.30513659937526,236.25087140361092,231.31870289831633,234.5246124267578,0
1995-07-28,236.25080721233374,237.3299596081927,233.69200466691947,235.26437377929688,0
1995-07-31,235.75760709446362,236.25082384570726,233.29152333824538,233.5381317138672,0
1995-08-01,233.29151916503906,233.29151916503906,233.29151916503906,233.29151916503906,0
1995-08-02,235.75762939453125,235.75762939453125,235.75762939453125,235.75762939453125,0
1995-08-03,235.26437618174452,235.75759290329952,230.33220896619432,231.81185913085938,28983372
1995-08-04,232.3051328811402,233.50758976359973,231.31869919586995,231.5653076171875,13287904
1995-08-07,231.31864240930435,232.3050758524144,229.34577552308428,231.81185913085938,20253516
1995-08-08,231.50410932375152,236.7440405969509,231.50410932375152,233.5381317138672,27778352
1995-08-09,233.2915069132231,235.75759049581532,233.2915069132231,235.26437377929688,32085308
1995-08-10,235.01778222114555,239.21012461123945,231.81187333460318,238.96351623535156,13744492
1995-08-11,237.42278750308665,240.68985283313526,236.00429217347383,239.9500274658203,12822524
1995-08-14,236.76349375982704,239.7230374318249,234.79046464516182,235.28372192382812,46477832
1995-08-15,240.21636613573915,240.21636613573915,231.83098990512812,237.01019287109375,34625548
1995-08-16,234.66719680278135,237.11769306605203,231.83096688871726,233.1104736328125,51883308
1995-08-17,231.83098644143922,236.2703032030838,231.83098644143922,233.80401611328125,11310576
1995-08-18,234.29724946151447,237.19563324399593,233.9430970542827,236.27027893066406,46032096
1995-08-21,236.76354012454942,241.69611387714423,235.283767998771,239.47645568847656,13253476
1995-08-22,239.72297822617992,241.6960068535559,238.24320675564795,239.22972106933594,7375048
1995-08-23,239.2298178455147,241.20284727104473,237.2567884199847,237.7500457763672,17568860
1995-08-24,240.70957946777344,240.70957946777344,240.70957946777344,240.70957946777344,0
1995-08-25,240.21641732047124,241.2029323813356,239.2299022596069,239.72315979003906,7884860
1995-08-28,239.47645568847656,239.47645568847656,239.47645568847656,239.47645568847656,0
1995-08-29,238.73654089771188,240.70957016132934,236.27025431819007,238.98316955566406,17354268
1995-08-30,243.17587669657476,243.17587669657476,237.4570537968558,237.7500457763672,13402592
1995-08-31,238.24333011217354,248.60173576922458,235.77704305097092,238.73658752441406,16132016
1995-09-01,238.48991553926516,242.68260278245805,236.76351490971516,242.43597412109375,25431868
1995-09-04,242.18945773490606,245.14900304327557,239.72316997793143,244.90237426757812,12565964
1995-09-05,244.16242528560772,246.13545498488537,244.16242528560772,245.39556884765625,11965944
1995-09-06,246.62866726727552,248.1084392708792,241.44946525466275,245.14889526367188,28147228
1995-09-07,243.66916253314756,246.1354496033211,240.21636063490456,242.68264770507812,23481284
1995-09-08,241.94276609021384,245.1489393411545,240.21636510893808,241.4495086669922,13241164
1995-09-11,240.70955668028236,243.1758431216787,240.70955668028236,242.92921447753906,5595388
1995-09-12,241.6961328770087,244.3932580344693,240.21636063490456,242.68264770507812,15876780
1995-09-13,242.18935125646456,246.38203860000826,242.18935125646456,245.14889526367188,13916632
1995-09-14,245.14889871616555,246.6286707406092,243.66912669172189,244.16238403320312,12759808
1995-09-15,244.65568180926832,246.62871150127856,244.16242438626577,245.64219665527344,19683128
1995-09-18,244.16238403320312,246.6286707406092,243.66912669172189,244.16238403320312,17242656
1995-09-19,244.16242438626577,246.62871150127856,243.6691669632632,245.64219665527344,11761472
1995-09-20,246.13536890315623,246.30504650777198,243.66908264160156,243.66908264160156,17391732
1995-09-21,243.17590511911283,247.36859313840787,241.6961328770087,242.68264770507812,10727944
1995-09-22,241.20274969671192,245.02549266225284,238.73646391249196,239.22972106933594,43430912
1995-09-25,238.24328190582372,240.21631115556139,234.7904807187828,235.037109375,21311512
1995-09-26,234.7904807187828,236.76350996852045,234.7904807187828,235.037109375,12648116
1995-09-27,233.31075239689875,235.77703942012178,230.84446537367572,231.3377227783203,14079728
1995-09-28,232.3241915045465,234.2972207317613,230.35116227733167,231.16799926757812,25327420
1995-09-29,231.33762583457295,235.28368341810508,230.84436863663143,233.23370361328125,19555240
1995-10-02,233.31075690018503,234.79052914268092,233.31075690018503,234.29727172851562,8941804
1995-10-03,234.7904807187828,240.21631115556139,233.80396609391394,235.037109375,18975644
1995-10-04,237.01019287109375,237.75007900908884,234.7905344571085,237.01019287109375,9217672
1995-10-05,237.74994959880397,240.21623538302393,235.037035236162,239.22972106933594,15603192
1995-10-06,236.27027893066406,239.22982313438845,234.79050682880188,236.27027893066406,15430788
1995-10-09,235.5303805258638,236.0236378672792,230.35117844100185,231.091064453125,23870360
1995-10-10,231.33763192370046,234.89795608967663,224.43203097075417,226.40505981445312,24009056
1995-10-11,228.22432601659872,229.36474316512746,224.7557478614696,226.1585693359375,20753620
1995-10-12,227.8849565235842,230.3512439318481,225.91192659697307,229.8579864501953,25228136
1995-10-13,232.81749499225413,233.55738109922103,229.13385507684927,231.3377227783203,15614028
1995-10-16,232.81749499225413,233.55738109922103,230.38179570847927,231.3377227783203,12678288
1995-10-17,231.33759016149185,235.28364713652795,230.59770447867257,234.79039001464844,15826692
1995-10-18,234.29722840304203,239.22980163257975,234.29722840304203,237.9966583251953,43928144
1995-10-19,238.73656488285323,238.73656488285323,235.7770206900906,236.51690673828125,18780884
1995-10-20,236.51687101627982,237.75001424368483,231.8309267521408,233.5573272705078,20796736
1995-10-23,231.83090209960938,233.8039310536486,230.59775900333486,231.83090209960938,12409692
1995-10-24,232.55503219635014,235.77699534365163,230.84442221930743,235.037109375,22958952
1995-10-25,235.77697920249443,236.27023648116074,234.2972073664955,235.28372192382812,13423852
1995-10-26,234.79044553066822,234.91375984029568,230.84438762258975,231.83090209960938,25320764
1995-10-27,228.3782080528276,231.09112413120891,226.40517817764118,227.39169311523438,12434008
1995-10-30,227.39156945959314,231.09099846381648,227.39156945959314,227.88482666015625,8536536
1995-10-31,228.3781542260716,230.84444098877216,227.8848968735315,229.61129760742188,23172540
1995-11-01,229.550112670329,233.3107028321349,228.3781298335697,232.32418823242188,13393876
1995-11-02,233.31080291148393,235.283832957247,229.11811406423737,232.2009735107422,21734152
1995-11-03,230.10455495996197,233.06409907520265,228.3781542260716,229.61129760742188,13715388
1995-11-06,229.36469315974188,231.8309801829649,229.36469315974188,231.3377227783203,19090884
1995-11-07,230.3512079690311,236.5169255270887,226.89840613651884,231.3377227783203,24758152
1995-11-08,231.46101786234212,231.69185592601943,228.87141670351994,231.15322875976562,22260828
1995-11-09,233.80403267893783,234.79054758475613,229.36471560275547,234.0664520263672,16853492
1995-11-10,233.80401611328125,234.79053094920226,231.83098644143922,233.80401611328125,8305672
1995-11-13,233.8237168278367,237.2768096923828,232.8371188665378,237.2768096923828,9950968
1995-11-14,236.16683741308893,241.71644978049832,236.16683741308893,240.97650146484375,15250472
1995-11-15,242.70306467997804,243.68966250388038,237.5234261044907,242.08644104003906,23227728
1995-11-16,241.71648682140912,244.1829815848929,239.74329101062213,240.72988891601562,16431596
1995-11-17,240.48322911165198,242.70307430345184,239.2499817828743,241.7164764404297,14897404
1995-11-20,244.67626953125,246.15616632276968,241.0840603362829,244.67626953125,18734160
1995-11-21,244.46014823714492,246.15610374825647,241.71641450229595,245.90945434570312,17426416
1995-11-22,248.12939212996645,250.59588708155658,244.52238413191353,247.63609313964844,30612856
1995-11-23,250.10259292239235,250.10259292239235,247.6360979231577,248.62269592285156,17919256
1995-11-24,249.3625946044922,251.58243966031853,246.64945064737108,249.3625946044922,30115240
1995-11-27,249.115986871061,251.0891828066734,247.63608991935175,250.1025848388672,20619892
1995-11-28,247.63604985079758,249.11594656305334,247.63604985079758,248.1293487548828,698524
1995-11-29,247.6360169057771,252.07570645189662,247.6360169057771,250.59580993652344,24561148
1995-11-30,253.80226135253906,253.80226135253906,253.80226135253906,253.80226135253906,0
1995-12-01,253.06231672014508,259.9685008021763,250.59582240513393,258.9819030761719,31648312
1995-12-04,262.43508438974055,262.43508438974055,261.448486328125,261.448486328125,0
1995-12-05,262.43492992504224,262.92822866550284,253.0622538562907,255.52874755859375,348691840
1995-12-06,255.52873933895953,258.48853168651505,253.0622457159966,258.24188232421875,16932484
1995-12-07,258.3653691007063,260.4618899955569,253.80235303544322,260.2152404785156,31713992
1995-12-08,260.46161240183244,260.95491091016925,259.10504150390625,259.10504150390625,35675588
1995-12-11,259.22857666015625,259.22857666015625,259.22857666015625,259.22857666015625,0
1995-12-12,259.10515130426467,263.91481379872744,259.10515130426467,263.17486572265625,37645152
1995-12-13,263.9149956204998,266.1348413780554,261.94179939156146,264.4082946777344,25304484
1995-12-14,267.36812704763105,268.72469964796494,267.36812704763105,267.6147766113281,0
1995-12-15,263.17486572265625,268.8478009725354,262.43491764658506,263.17486572265625,64089240
1995-12-18,263.4217525822388,267.368145879351,258.48876096084854,259.9686584472656,24997920
1995-12-19,258.7974749488293,263.91497044204976,254.04899023860864,256.0221862792969,18001956
1995-12-20,259.968598744077,261.4484958906277,256.14553111548764,260.2922058105469,28983028
1995-12-21,260.0918455284935,263.9149120108943,259.9685208032547,262.9283142089844,17352680
1995-12-22,263.9147033691406,264.90130039108135,261.94150932525923,263.9147033691406,45519908
1995-12-25,263.9147033691406,263.9147033691406,263.9147033691406,263.9147033691406,0
1995-12-26,263.9147033691406,263.9147033691406,263.9147033691406,263.9147033691406,0
1995-12-27,265.8880591673009,270.3277484669405,263.42156511194565,268.35455322265625,12767748
1995-12-28,268.5399555275251,270.32768153792375,265.39469464854557,267.3678894042969,8583376
1995-12-29,267.3680565000798,270.3278504834755,264.9015615139167,265.6415100097656,5513324
1996-01-01,265.88824462890625,265.88824462890625,265.88824462890625,265.88824462890625,0
1996-01-02,265.88814824564275,267.6146946628223,262.92835438762074,264.90155029296875,17058576
1996-01-03,265.39469464854557,282.41349941690027,264.40809727066994,267.3678894042969,16607824
1996-01-04,265.3948492693058,271.59167679089853,263.91495234029475,264.90155029296875,25799172
1996-01-05,264.6551116575678,266.3816594503012,262.92856386483436,266.135009765625,23440664
1996-01-08,267.8613299560547,272.3010205078125,266.3814331054688,271.3144226074219,15374968
1996-01-09,270.32781662356075,272.3010123653386,268.354620881783,270.4511413574219,24303880
1996-01-10,265.88790990708026,271.2214594391569,261.4482230997264,263.4214172363281,26846756
1996-01-11,265.5950035108584,267.36791628673603,255.03544782332568,256.7619934082031,62945904
1996-01-12,256.2688371781614,260.4618787874287,256.2688371781614,259.47528076171875,43305224
1996-01-15,257.50194252043616,259.9684362227392,255.03544881813315,255.52874755859375,19166916
1996-01-16,253.06225807883524,258.98184306313544,253.06225807883524,257.74859619140625,13759608
1996-01-17,257.9953258316714,257.9953258316714,253.55563571219707,257.00872802734375,16921320
1996-01-18,260.2151616776657,263.42160442819625,258.6888978188364,259.72186279296875,4814424
1996-01-19,259.47528076171875,263.42167286455856,258.4886827360088,259.47528076171875,22435128
1996-01-22,262.18842390644755,262.18842390644755,255.52888726912482,256.0221862792969,23877508
1996-01-23,256.51540505990346,258.48860048344113,252.569014212828,253.80226135253906,23435956
1996-01-24,254.0489814780372,256.5154764438434,253.06238349171474,255.77552795410156,46605808
1996-01-25,255.5288888030201,258.9819818949528,253.0623937373539,257.1321105957031,24053620
1996-01-26,255.6520712464962,258.98183773161696,254.04885034625286,256.7619934082031,13875912
1996-01-29,256.5154866845889,260.4618787874287,255.8524957017357,259.47528076171875,10303448
1996-01-30,259.96867590239555,261.44857348817766,258.1651711540974,260.46197509765625,46955336
1996-01-31,261.9416451409093,261.9416451409093,259.47515130719074,260.9550476074219,21399908
1996-02-01,262.4348201680273,263.91471577047855,259.96832749727514,263.4214172363281,15890900
1996-02-02,262.6815518593876,267.86118809323466,260.70835710363633,267.3678894042969,20203660
1996-02-05,264.90155672071586,268.8173583090472,263.9149587441024,264.6549072265625,30420796
1996-02-06,264.9013128387794,265.64126064000504,261.94152163387685,263.4214172363281,25030096
1996-02-07,264.16164876646917,264.90159736245363,260.9552048505363,261.9418029785156,26713556
1996-02-08,262.43508438974055,263.42168245135616,258.9819911740861,261.448486328125,26323680
1996-02-09,261.94177387904057,265.88816595254775,259.96857784228695,265.3948669433594,41138344
1996-02-12,266.38140589162845,269.3411992904243,264.6548597423308,268.847900390625,28482172
1996-02-13,268.60129913301637,272.3010415453169,262.9283607674889,264.6549072265625,90051048
1996-02-14,265.3948285284412,267.3680242795821,263.42163277730043,266.8747253417969,42863328
1996-02-15,266.6278577083059,266.8745069753811,261.94152163387685,263.4214172363281,62245756
1996-02-16,261.2017517089844,268.10793589014736,259.9685045337767,261.2017517089844,42002008
1996-02-19,260.9761240975769,263.93615575085755,255.05606079101562,255.05606079101562,23060788
1996-02-20,257.02935791015625,257.02935791015625,257.02935791015625,257.02935791015625,0
1996-02-21,257.02944445428045,259.0027991141982,253.08273513444507,258.50946044921875,15891448
1996-02-22,259.74273681640625,259.74273681640625,259.74273681640625,259.74273681640625,0
1996-02-23,260.23614501953125,261.8394956760497,259.0027983606709,260.23614501953125,27061756
1996-02-26,259.0026329807117,261.46932472338517,257.52261793510763,257.769287109375,22481396
1996-02-27,258.2628923161946,258.75623117448725,256.5362063121704,257.2762145996094,18064864
1996-02-28,259.00265958674237,263.10329414230887,259.00265958674237,260.97601318359375,35845944
1996-02-29,260.97611154989625,267.3895131569825,258.07822913804046,265.80194091796875,82801040
1996-03-01,266.0328102041822,269.8561839252437,265.1388749799597,268.8695068359375,35110224
1996-03-04,269.609619140625,269.609619140625,269.609619140625,269.609619140625,0
1996-03-05,269.3627615807007,270.842776754221,266.40273123366,266.78851318359375,29880704
1996-03-06,267.20496704337114,268.8695028308579,265.90947160703195,266.8961486816406,15708624
1996-03-07,266.4028010115545,270.34950917468865,266.15613175135866,269.8561706542969,17053644
1996-03-08,269.70224842318163,271.8295299451888,259.3727320665754,264.92279052734375,24366844
1996-03-11,261.4693734428284,268.37611160924274,258.0160043596212,262.2093811035156,18315464
1996-03-12,261.3460388327139,265.4160809664937,261.2227042225993,262.2093811035156,20978196
1996-03-13,262.14815765891194,271.3361030077412,261.34600103336527,270.34942626953125,78134096
1996-03-14,269.60951465291714,272.3228766485092,267.5128258381415,268.8695068359375,67159216
1996-03-15,272.3228497949661,273.8028652829822,257.5226949148049,272.56951904296875,35029560
1996-03-18,276.269701733158,277.4418630478845,275.5296936035156,275.5296936035156,46596
1996-03-19,276.269561023247,283.66963855065535,273.80286851411086,283.1763000488281,38766840
1996-03-20,283.29963965449775,285.3963283241218,277.74958141137523,278.242919921875,53304744
1996-03-21,279.72294441420166,280.70962146680904,276.7629132563794,277.00958251953125,25696056
1996-03-22,277.04019221626356,279.7229615049059,272.81622171466137,274.4501647949219,40499616
1996-03-25,274.2961120605469,274.2961120605469,274.2961120605469,274.2961120605469,30740984
1996-03-26,274.1116233152256,281.202880859375,265.4160524602522,281.202880859375,67090856
1996-03-27,280.70965480804443,287.12305641174316,277.07176452036947,284.16302490234375,42348512
1996-03-28,284.90307843243636,286.6297637562693,277.7496678051284,279.7230224609375,58164156
1996-03-29,279.2296781132506,283.1763873445333,273.8029529202369,282.9297180175781,34659024
1996-04-01,281.6961719280741,294.5229678477412,280.7094953188689,283.6695251464844,28846760
1996-04-02,284.34854842359954,295.0165150383814,281.20303272889197,282.9297180175781,59283684
1996-04-03,282.6829528808594,285.1496453143747,281.61931221287233,282.6829528808594,20304900
1996-04-04,283.1763562709868,285.22667438230854,279.2296474727849,284.6563720703125,42925936
1996-04-05,284.6563720703125,284.6563720703125,284.6563720703125,284.6563720703125,0
1996-04-08,284.6563720703125,284.6563720703125,284.6563720703125,284.6563720703125,0
1996-04-09,285.1496233258929,286.2596348353795,280.2162388392857,284.9029541015625,42174516
1996-04-10,284.40963284548354,289.58968686955563,284.162963606242,288.47967529296875,80908400
1996-04-11,288.2330631236643,292.05643708893325,288.10972847962336,290.91583251953125,36835132
1996-04-12,291.56298215012595,296.0030275635796,291.56298215012595,294.70849609375,34200660
1996-04-15,292.5497737350528,295.2631358860524,292.5497737350528,294.2764587402344,15693640
1996-04-16,296.00320635346753,296.00320635346753,293.5365129671886,295.2168273925781,33516500
1996-04-17,297.4831120594756,297.4831120594756,288.6030191621778,288.9572448730469,44578484
1996-04-18,287.6164031377853,289.5897575332418,286.1363873411929,286.383056640625,18793472
1996-04-19,286.9995261478343,290.57622845049315,284.65616946678193,290.3295593261719,30335544
1996-04-22,289.5896780535401,291.06969344393303,288.60300112661156,290.57635498046875,12973412
1996-04-23,290.14516560078073,291.06969344393303,288.60300112661156,290.57635498046875,22948776
1996-04-24,292.54974417312155,293.0430826961791,288.60303598866125,289.09637451171875,76012496
1996-04-25,289.09630068136494,293.04300785790235,288.10962388723055,291.8096618652344,39307600
1996-04-26,291.56301882449475,293.53637258980433,291.56301882449475,293.2897033691406,8710648
1996-04-29,293.0432601007039,294.52327656585896,292.0565824572672,294.0299377441406,15554880
1996-04-30,293.6597202227849,297.4830933126238,292.7963779121762,295.75640869140625,19774956
1996-05-01,295.1091077148008,295.509704280544,292.05633544921875,292.05633544921875,40104304
1996-05-02,290.0831042167468,293.5364745050414,287.1230725410657,288.60308837890625,21280168
1996-05-03,285.6429400886457,291.1772190575261,285.1496016774391,287.1229553222656,17644224
1996-05-06,287.1229553222656,287.1229553222656,287.1229553222656,287.1229553222656,0
1996-05-07,282.18951812905044,288.60291626834703,280.2161648554207,280.7095031738281,19065548
1996-05-08,277.5028991699219,277.7495684136285,277.5028991699219,277.5028991699219,81600
1996-05-09,278.1194770021891,280.7095031738281,277.2561349449761,280.7095031738281,45658288
1996-05-10,281.20281863170237,281.20281863170237,277.2561124052925,277.74945068359375,25983004
1996-05-13,276.29024594647666,279.7438740208076,273.32999331133584,274.81011962890625,15762456
1996-05-14,276.29053940007714,280.73092306900696,275.7971634368627,279.7441711425781,35253552
1996-05-15,281.10090119803743,286.1580038523242,279.2507416903715,285.91131591796875,17861884
1996-05-16,285.1712007681948,288.6248312273252,279.2506914096856,280.484130859375,29203836
1996-05-17,280.48405157741615,283.6909932401307,278.7572368359545,283.4443054199219,15511840
1996-05-20,282.7044159015927,285.1712956215019,269.3832654140831,280.97760009765625,19506564
1996-05-21,281.2243335826086,289.7350699936612,280.2375815349503,285.41802978515625,28595016
1996-05-22,282.7045478456234,285.41811680400195,282.2111716713727,283.93798828125,18665332
1996-05-23,283.6909484863281,283.6909484863281,283.6909484863281,283.6909484863281,0
1996-05-24,283.56772469975806,285.06363136648406,279.74406247022677,283.19769287109375,10847664
1996-05-27,283.19769287109375,283.19769287109375,283.19769287109375,283.19769287109375,0
1996-05-28,282.7042891313326,284.1844162995595,279.74403479487887,279.99072265625,20511848
1996-05-29,279.806117140611,280.97740237087675,276.4136781005859,277.5237731933594,9856824
1996-05-30,278.0174174774088,284.6779944711,274.3170969253581,275.550537109375,16905172
1996-05-31,275.797128150315,277.52394380063004,273.330248649865,274.0703125,16408776
1996-06-03,272.3435926309311,279.4975456982291,272.3435926309311,275.550537109375,23645560
1996-06-04,274.93355131022133,278.7572121853299,274.03954894709585,277.5237731933594,12775912
1996-06-05,277.7705200956214,277.7705200956214,273.82351448147404,277.03045654296875,23364616
1996-06-06,276.2902452930901,279.7438733592537,275.550182136055,278.0170593261719,20517216
1996-06-07,275.3037234406587,277.7706026829585,272.3434683498989,274.56365966796875,10608948
1996-06-10,276.7839499753464,277.7707020251693,274.4404138570168,276.5372619628906,9616104
1996-06-11,277.77062094032715,280.2375003447705,274.81036565499505,279.4974365234375,12061536
1996-06-12,278.26393515556947,283.69106864264614,277.61662036154536,283.19769287109375,22120676
1996-06-13,282.2110884310694,282.704464459795,279.74420828744115,281.71771240234375,22611536
1996-06-14,280.2374477894649,282.70432673127357,277.2771930592945,277.77056884765625,17759908
1996-06-17,276.2904195640639,277.77054681172854,274.8102923163992,276.0437316894531,21991692
1996-06-18,278.75712248320696,279.2504979212303,277.27699616913685,278.0170593261719,15342992
1996-06-19,276.2904319626456,278.26393504809306,274.31692887719817,275.3036804199219,31375244
1996-06-20,274.9337203251575,279.8674793260576,273.7002805749325,274.0703125,42692124
1996-06-21,273.82354081795614,277.27717106250697,273.82354081795614,276.0437316894531,40554664
1996-06-24,277.7705592767312,277.7705592767312,274.81030464856,275.3036804199219,13565296
1996-06-25,273.6999313025166,276.7835267430587,272.34314930867805,274.316650390625,20275384
1996-06-26,275.30380754929814,277.92462663875756,273.8236795517212,276.783935546875,49979528
1996-06-27,276.7839772933919,277.7707294406054,274.8104729989649,275.550537109375,35119612
1996-06-28,276.29030807130204,279.7439369221933,275.3035569710474,278.510498046875,43720816
1996-07-01,278.26415480698125,282.21116409502355,277.77077864597595,281.4710998535156,19246584
1996-07-02,282.704461654096,286.1580938209,281.50161668975085,285.41802978515625,20823060
1996-07-03,285.17119695966335,287.63807582609644,284.6778211863767,287.3913879394531,10117832
1996-07-04,287.14470478334476,293.0652141603209,286.15795322051537,292.57183837890625,27456932
1996-07-05,294.0518695553749,296.02537203561235,288.62473773472203,291.5849914550781,26952956
1996-07-08,290.1050696384997,294.29876537306984,288.6249417321808,293.8053894042969,25484308
1996-07-09,294.54536531200966,297.0122444184754,291.5851103842508,294.79205322265625,56087140
1996-07-10,295.532116954596,297.0122444184754,293.80530158006997,294.79205322265625,106575216
1996-07-11,294.54536531200966,297.5056202397686,293.5586136694234,294.79205322265625,11666768
1996-07-12,293.5586601435939,295.62491262853644,293.06528424419287,295.0387878417969,13717136
1996-07-15,295.03871728597966,296.51884463022367,292.0784625974916,292.57183837890625,12524420
1996-07-16,296.51873492379474,296.51873492379474,287.14459854517224,288.6247253417969,27825808
1996-07-17,291.0916341145833,294.29857584635414,288.1313802083333,292.3250732421875,15588504
1996-07-18,291.0915170064786,295.5318960794588,290.5981415539253,293.31170654296875,46682480
1996-07-19,292.94196757864444,293.55868751038895,289.48833596087513,289.8583679199219,17584812
1996-07-22,288.1313618820962,292.5717424590463,287.8846740722656,287.8846740722656,8116648
1996-07-23,287.8847326246359,293.0651776847193,287.6380447646319,291.0916748046875,27193180
1996-07-24,287.88477132265524,291.2308372329136,286.15795607050563,289.3648986816406,17686200
1996-07-25,286.6512996891846,291.09168126784664,286.6512996891846,288.8714904785156,14835032
1996-07-26,289.1182590645896,290.1050108020114,284.18450037748056,285.91131591796875,13781176
1996-07-29,285.17108365126427,289.85815163515184,283.6909569195103,285.6644592285156,8853620
1996-07-30,284.1844967532468,287.1447519277597,284.1844967532468,284.924560546875,12588924
1996-07-31,285.0478530163417,287.63807582609644,283.6910696398035,287.3913879394531,25971640
1996-08-01,287.33020537532707,289.61158657480485,285.41789239101297,289.3648986816406,21136912
1996-08-02,288.62473773472203,291.8316792651078,287.23735970936957,291.5849914550781,14526000
1996-08-05,289.1182135255545,294.54534722654614,285.6645829885598,294.0519714355469,6844616
1996-08-06,292.0782116436049,300.9589680787145,291.0914609285927,297.5053405761719,41815060
1996-08-07,297.9989823784007,300.7125492709192,295.03872758656223,299.232421875,32113604
1996-08-08,297.9989013671875,300.21909185750593,296.02539870912665,297.9989013671875,17399236
1996-08-09,298.4923110128712,303.6727560800367,297.366436290894,302.6860046386719,19156504
1996-08-12,300.98376783201536,303.45084789621217,297.5298557421398,302.7107238769531,13312044
1996-08-13,302.71059800436905,303.45072171587117,301.7237663890329,302.9573059082031,35547400
1996-08-14,301.47725922300214,304.93117217645715,300.98384308679425,303.6976318359375,16210528
1996-08-15,305.9179845519822,306.9048167602144,302.95748792728557,304.93115234375,13098636
1996-08-16,305.0545409282933,313.319261608518,304.00651343998356,310.3587646484375,28866680
1996-08-19,312.8257068083895,313.3191227497276,309.86521116036056,311.345458984375,17224388
1996-08-20,311.83901312847775,314.30609392854484,309.37193232841065,310.3587646484375,24030396
1996-08-21,310.6053316275912,313.07241130692074,305.9178802368651,309.6184997558594,32293184
1996-08-22,308.8783716129351,312.3322831165941,308.8783716129351,311.8388671875,21979796
1996-08-23,312.3323590973574,313.3191911956113,310.3586949008496,312.8257751464844,9578348
1996-08-26,312.8257751464844,312.8257751464844,312.8257751464844,312.8257751464844,0
1996-08-27,312.71817658354433,313.31916595629747,308.3850058624975,308.6317138671875,19566792
1996-08-28,308.8784218718775,312.8257499469175,308.3850058624975,308.6317138671875,19622660
1996-08-29,309.3718385949599,313.3191666791061,305.42451051081366,306.6580505371094,25806844
1996-08-30,306.90482755133837,313.31923713038566,304.43774694401253,306.1647033691406,27520616
1996-09-02,307.15147212936944,312.70240234857494,304.43768402220235,312.08563232421875,7074008
1996-09-03,314.3060361001827,315.7862843078759,305.42454685402373,310.11199951171875,28692196
1996-09-04,310.8520669203538,315.7862267127404,305.42449114872863,307.8915710449219,20311008
1996-09-05,309.26425670811585,314.30599003797136,305.9179180903332,309.1251220703125,8846112
1996-09-06,309.3717155911034,310.85196303412306,305.91780489072426,310.6052551269531,18088372
1996-09-09,310.8522362471944,315.29298247929717,305.9180737670802,312.5791931152344,16115608
1996-09-10,312.3324266849919,315.78633977629516,310.85217821729054,314.30609130859375,20332768
1996-09-11,312.33226684003426,319.24008948736514,311.83885093665344,318.7466735839844,22896324
1996-09-12,318.0688489797953,327.13488835515204,309.37190799197634,319.4869384765625,18866996
1996-09-13,318.25327578616634,326.14793068938906,312.33228460874926,323.43414306640625,15803964
1996-09-16,324.17425569823473,328.1215830126729,318.25326472657747,322.2005920410156,10402352
1996-09-17,322.6941432643581,328.1217205975507,317.26656593116553,319.4869384765625,25275368
1996-09-18,323.1874746512924,324.6677226267945,316.77306675744995,318.9934387207031,17476828
1996-09-19,318.0065497289132,323.1874167144114,317.266425873842,318.7466735839844,16621952
1996-09-20,317.26644125043975,322.6940164506806,312.33228197749355,317.7598571777344,51602040
1996-09-23,321.21384798164246,321.21384798164246,311.8389430482305,312.8257751464844,15857116
1996-09-24,316.52644524623054,320.72048232275887,311.83899204305175,313.5659484863281,36212208
1996-09-25,314.691853369466,320.7204190896208,312.08563857566946,315.53955078125,20163120
1996-09-26,314.5989414008426,320.72026052592713,313.31902374455956,319.7334289550781,24677224
1996-09-27,318.7466993455763,325.16110660794857,313.81253991298223,322.94073486328125,14036232
1996-09-30,323.4807657247036,327.135009765625,322.2008467224029,327.135009765625,29936400
1996-10-01,332.0689392089844,332.0689392089844,322.20062006458664,332.0689392089844,59076888
1996-10-02,323.1873302056266,340.70359008700024,323.1873302056266,338.23651123046875,31842240
1996-10-03,334.042724609375,339.9637182509001,332.0690600622,334.042724609375,27743444
1996-10-04,333.4260225386186,339.96378768643467,330.5888791725852,339.2236633300781,16002692
1996-10-07,345.14453125,348.3517356147248,332.56242181915655,345.14453125,36170408
1996-10-08,344.89782322194424,347.3649035025018,333.54925393137955,345.14453125,37019920
1996-10-09,346.1313270009248,346.39381564187244,338.48337893461786,339.7169189453125,30775168
1996-10-10,344.8977407301245,345.8845726063194,334.9060679836509,338.73004150390625,35536412
1996-10-11,338.97685378623027,346.1313870903065,335.76964920164437,343.664306640625,30744660
1996-10-14,341.937419000073,345.3913323233061,335.02959235360686,343.17095947265625,27245428
1996-10-15,343.9110529492473,343.9110529492473,335.0295623422366,337.49664306640625,43920292
1996-10-16,343.417466704145,344.40429850501897,332.06890099409424,332.56231689453125,74407184
1996-10-17,333.30271815901756,338.97700573685427,331.57576107011073,334.28955078125,35287644
1996-10-18,334.28917701400724,344.40420008232775,332.5622218560013,334.7825927734375,39637408
1996-10-21,334.7825927734375,334.7825927734375,334.7825927734375,334.7825927734375,0
1996-10-22,338.23651123046875,340.4568822013471,335.0293087169778,338.23651123046875,25475284
1996-10-23,339.47003173828125,342.4305262011151,336.8795990833016,339.47003173828125,44951980
1996-10-24,339.96364982946596,344.0343321387448,330.0953290796992,330.5887451171875,53509964
1996-10-25,333.34898509888745,341.443973287327,328.12173733536486,329.84869384765625,38946412
1996-10-28,330.2186760509211,339.9636425836154,327.38153389583283,329.1084899902344,20183888
1996-10-29,327.87488565682105,330.5886732732432,326.14792990091604,327.3814697265625,10178520
1996-10-30,327.1348432427672,330.58875561486275,323.6809308706716,324.1743469238281,31244872
1996-10-31,322.69400730796735,328.86170622440403,322.2005913946524,326.1479187011719,39982188
1996-11-01,326.14791213469607,328.95445601090836,315.7861781636997,318.7466735839844,27738304
1996-11-04,321.7536996915038,325.161234426237,313.81266327023786,315.04620361328125,17737180
1996-11-05,314.3060636259819,322.69413753750734,311.34556695132585,316.03302001953125,48078524
1996-11-06,313.5659484863281,319.2402339428077,312.33240816970215,313.5659484863281,40754372
1996-11-07,313.8126072447383,317.2665195886269,310.8521109499766,312.8257751464844,46027272
1996-11-08,313.31913627210514,319.73354378633724,311.3454724215722,318.2532958984375,95903232
1996-11-11,318.2780664137563,321.73224697948694,314.3304314814926,320.9920654296875,19056548
1996-11-12,317.29105792291983,325.18632530513867,317.29105792291983,324.69287109375,35472180
1996-11-13,325.18641924711824,325.18641924711824,320.74533006164927,321.73223876953125,16314792
1996-11-14,322.71904721467394,327.6535892210145,320.7452304121377,323.459228515625,27726640
1996-11-15,323.7060197061567,331.10783418114505,323.2125654078242,330.6143798828125,35654748
1996-11-18,327.160153266059,334.06851246021415,323.2125194408276,333.08160400390625,20100184
1996-11-19,331.10776949067855,341.47030773107235,326.1732274714434,338.50958251953125,23966792
1996-11-20,338.5096516689303,340.48346887982785,336.53583445803275,337.76947021484375,23842480
1996-11-21,338.50961519764587,339.9899779463236,332.8348913277145,334.5619812011719,20711196
1996-11-22,335.548951860306,343.93767565681367,334.5620431783639,343.6909484863281,21728604
1996-11-25,341.47039794921875,347.885304269074,338.01621762314284,341.47039794921875,40617260
1996-11-26,345.4178938472323,347.88516451756965,339.49644423842255,340.976806640625,44373760
1996-11-27,341.9639692382812,346.4050597478693,338.50978773082386,339.2499694824219,20840976
1996-11-28,339.49639892578125,346.40475588066636,336.53567451654476,339.49639892578125,24464700
1996-11-29,338.5096205275856,346.40488864484706,329.1339896383376,338.75634765625,52247780
1996-12-02,336.7823257110192,340.4832303891623,330.61415124744747,336.0421447753906,20594980
1996-12-03,338.5095591603974,346.4048258463542,332.5881091459298,339.7431945800781,22566312
1996-12-04,338.50957542034337,341.4703005697924,335.5488502708943,337.27593994140625,23353180
1996-12-05,336.0421371962998,340.9766766558637,332.58795957460507,336.7823181152344,31670820
1996-12-06,339.98996319806133,341.4703258825231,324.1994278971354,333.08160400390625,39628664
1996-12-09,327.15998102434355,339.49633023340624,325.679619119256,338.2626953125,14999388
1996-12-10,338.50958251953125,340.97685352914885,333.5750405002961,338.50958251953125,43081560
1996-12-11,329.3807067871094,340.4834272406074,327.16016269640977,329.3807067871094,65075984
1996-12-12,333.0816942358343,340.48350966329724,323.45933418013243,324.939697265625,29036836
1996-12-13,325.67973311477635,339.49644906510025,319.2648292806974,326.1731872558594,29335652
1996-12-16,329.62738037109375,329.62738037109375,329.62738037109375,329.62738037109375,33320624
1996-12-17,328.3939208984375,328.3939208984375,328.3939208984375,328.3939208984375,28600060
1996-12-18,332.0946960449219,332.0946960449219,332.0946960449219,332.0946960449219,48366388
1996-12-19,332.588238159001,338.0162361111508,327.4069673864943,337.0293273925781,36856768
1996-12-20,334.4388816459722,345.91170200490814,329.6276989148055,342.45751953125,53476476
1996-12-23,341.47039794921875,341.47039794921875,341.47039794921875,341.47039794921875,0
1996-12-24,341.9637756347656,342.4572298564608,339.00305030459447,341.9637756347656,3309044
1996-12-25,341.9637756347656,341.9637756347656,341.9637756347656,341.9637756347656,0
1996-12-26,341.9637756347656,341.9637756347656,341.9637756347656,341.9637756347656,0
1996-12-27,343.6909872590209,344.92462325061825,341.22371527582624,342.9508056640625,7391588
1996-12-30,343.444204383464,346.89838459996434,341.2236599585709,346.158203125,10126092
1996-12-31,344.43109814836504,347.39182392041397,344.1843710006943,345.66473388671875,7258552
1997-01-01,345.66473388671875,345.66473388671875,345.66473388671875,345.66473388671875,0
1997-01-02,339.99001457710347,346.6516476638827,336.53583445803275,337.76947021484375,17725456
1997-01-03,337.76923362519074,342.2103192389624,334.5617829041334,336.0421447753906,19213452
1997-01-06,337.276131414598,339.0032220655872,334.5621318201865,336.53594970703125,18773888
1997-01-07,336.5357268823719,348.8720805070923,335.05536444740545,341.2235412597656,37294140
1997-01-08,342.45751953125,344.43133808762605,335.05569994483966,342.45751953125,20711956
1997-01-09,342.950690594198,344.43105328741035,339.4965109767025,344.184326171875,15837076
1997-01-10,340.7301829628795,350.59926863884994,335.0554586991965,346.4049072265625,50185028
1997-01-13,346.405067092704,354.30033927715306,335.05561332755843,353.806884765625,43701488
1997-01-14,352.0796203613281,352.81980176362947,340.97689932680834,352.0796203613281,24082916
1997-01-15,348.6253356933594,355.0402392517652,345.4178839141565,348.6253356933594,33886084
1997-01-16,348.8722428254434,360.22169344069823,345.4180622034093,352.5731506347656,39363804
1997-01-17,350.8459846908259,353.0665288977299,338.75635511990436,352.0796203613281,24819300
1997-01-20,351.3394761751484,354.7936564184434,345.4180243294998,353.31329345703125,23609456
1997-01-21,353.31323039861013,357.7543184902128,351.339413469009,357.2608642578125,26261664
1997-01-22,352.8198731560914,361.702051781,351.83296441999045,358.4945983886719,49088860
1997-01-23,359.52764358028054,364.1690750898994,352.3261783390084,363.42889404296875,26720384
1997-01-24,350.8459300994873,364.6626474592421,350.3524759080675,355.2870178222656,54607656
1997-01-27,358.26366371712203,369.1038782706015,350.8460661101573,354.793701171875,21043668
1997-01-28,346.8984788882871,363.4292029889381,346.8984788882871,359.4815673828125,37287528
1997-01-29,356.52056884765625,356.52056884765625,356.52056884765625,356.52056884765625,40279192
1997-01-30,357.01416015625,357.01416015625,357.01416015625,357.01416015625,28977624
1997-01-31,362.935791015625,362.935791015625,362.935791015625,362.935791015625,34203080
1997-02-03,365.6496276855469,365.6496276855469,365.6496276855469,365.6496276855469,24633424
1997-02-04,369.3505554199219,369.3505554199219,369.3505554199219,369.3505554199219,46742548
1997-02-05,369.1037902832031,369.1037902832031,369.1037902832031,369.1037902832031,28754456
1997-02-06,365.89617919921875,365.89617919921875,365.89617919921875,365.89617919921875,36854268
1997-02-07,363.42889404296875,363.42889404296875,363.42889404296875,363.42889404296875,37625696
1997-02-10,355.7803649902344,355.7803649902344,355.7803649902344,355.7803649902344,44965744
1997-02-11,342.45751953125,342.45751953125,342.45751953125,342.45751953125,90664656
1997-02-12,345.66473388671875,345.66473388671875,345.66473388671875,345.66473388671875,102500096
1997-02-13,342.7037658691406,342.7037658691406,342.7037658691406,342.7037658691406,43295548
1997-02-14,339.2499694824219,339.2499694824219,339.2499694824219,339.2499694824219,108700544
1997-02-17,340.7561950683594,340.7561950683594,340.7561950683594,340.7561950683594,54094484
1997-02-18,338.7821044921875,338.7821044921875,338.7821044921875,338.7821044921875,41362532
1997-02-19,337.548583984375,337.548583984375,337.548583984375,337.548583984375,54996764
1997-02-20,337.7951354980469,337.7951354980469,337.7951354980469,337.7951354980469,31369316
1997-02-21,337.30169677734375,337.30169677734375,337.30169677734375,337.30169677734375,50330616
1997-02-24,332.8603820800781,332.8603820800781,332.8603820800781,332.8603820800781,32555176
1997-02-25,327.4319763183594,327.4319763183594,327.4319763183594,327.4319763183594,58876640
1997-02-26,334.3409423828125,334.3409423828125,334.3409423828125,334.3409423828125,45786076
1997-02-27,338.2886657714844,338.2886657714844,338.2886657714844,338.2886657714844,59296940
1997-02-28,335.3276062011719,335.3276062011719,335.3276062011719,335.3276062011719,54485524
1997-03-03,334.0942687988281,334.0942687988281,334.0942687988281,334.0942687988281,45376784
1997-03-04,339.2758483886719,339.2758483886719,339.2758483886719,339.2758483886719,37140180
1997-03-05,341.7430419921875,341.7430419921875,341.7430419921875,341.7430419921875,27367868
1997-03-06,346.1847839355469,346.1847839355469,346.1847839355469,346.1847839355469,25225132
1997-03-07,352.35321044921875,352.35321044921875,352.35321044921875,352.35321044921875,17988724
1997-03-10,353.83380126953125,353.83380126953125,353.83380126953125,353.83380126953125,23176192
1997-03-11,350.62591552734375,350.62591552734375,350.62591552734375,350.62591552734375,36828828
1997-03-12,346.677978515625,346.677978515625,346.677978515625,346.677978515625,45318740
1997-03-13,342.7300720214844,342.7300720214844,342.7300720214844,342.7300720214844,29552548
1997-03-14,343.7172546386719,343.7172546386719,343.7172546386719,343.7172546386719,36717364
1997-03-17,346.9248962402344,346.9248962402344,346.9248962402344,346.9248962402344,41079620
1997-03-18,350.1325988769531,350.1325988769531,350.1325988769531,350.1325988769531,42822092
1997-03-19,348.158447265625,348.158447265625,348.158447265625,348.158447265625,42965028
1997-03-20,348.158447265625,348.158447265625,348.158447265625,348.158447265625,30530672
1997-03-21,345.19769287109375,345.19769287109375,345.19769287109375,345.19769287109375,66768548
1997-03-24,347.1714782714844,347.1714782714844,347.1714782714844,347.1714782714844,28546536
1997-03-25,344.7040710449219,344.7040710449219,344.7040710449219,344.7040710449219,37132788
1997-03-26,347.6650695800781,347.6650695800781,347.6650695800781,347.6650695800781,35287128
1997-03-27,348.65185546875,348.65185546875,348.65185546875,348.65185546875,24646556
1997-03-28,348.65185546875,348.65185546875,348.65185546875,348.65185546875,0
1997-03-31,348.65185546875,348.65185546875,348.65185546875,348.65185546875,0
1997-04-01,348.158447265625,348.158447265625,348.158447265625,348.158447265625,28341352
1997-04-02,343.4705505371094,343.4705505371094,343.4705505371094,343.4705505371094,34164044
1997-04-03,337.30169677734375,337.30169677734375,337.30169677734375,337.30169677734375,32694624
1997-04-04,330.88629150390625,330.88629150390625,330.88629150390625,330.88629150390625,57685380
1997-04-07,334.8342590332031,334.8342590332031,334.8342590332031,334.8342590332031,26506492
1997-04-08,337.0551452636719,337.0551452636719,337.0551452636719,337.0551452636719,21457956
1997-04-09,342.2366638183594,342.2366638183594,342.2366638183594,342.2366638183594,18009172
1997-04-10,343.22369384765625,343.22369384765625,343.22369384765625,343.22369384765625,19277732
1997-04-11,339.2758483886719,339.2758483886719,339.2758483886719,339.2758483886719,21743604
1997-04-14,338.7821044921875,338.7821044921875,338.7821044921875,338.7821044921875,17347316
1997-04-15,342.7300720214844,342.7300720214844,342.7300720214844,342.7300720214844,25278528
1997-04-16,338.2886657714844,338.2886657714844,338.2886657714844,338.2886657714844,25151200
1997-04-17,337.0551452636719,337.0551452636719,337.0551452636719,337.0551452636719,40733068
1997-04-18,337.30169677734375,337.30169677734375,337.30169677734375,337.30169677734375,25111164
1997-04-21,341.2496643066406,341.2496643066406,341.2496643066406,341.2496643066406,20394692
1997-04-22,347.41827392578125,347.41827392578125,347.41827392578125,347.41827392578125,39141016
1997-04-23,353.0935974121094,353.0935974121094,353.0935974121094,353.0935974121094,27373476
1997-04-24,352.10638427734375,352.10638427734375,352.10638427734375,352.10638427734375,27070384
1997-04-25,351.1194152832031,351.1194152832031,351.1194152832031,351.1194152832031,42193496
1997-04-28,348.4053649902344,348.4053649902344,348.4053649902344,348.4053649902344,31457544
1997-04-29,348.4053649902344,348.4053649902344,348.4053649902344,348.4053649902344,51477320
1997-04-30,349.39227294921875,349.39227294921875,349.39227294921875,349.39227294921875,59672000
1997-05-01,348.65185546875,348.65185546875,348.65185546875,348.65185546875,38228144
1997-05-02,347.1714782714844,347.1714782714844,347.1714782714844,347.1714782714844,49790996
1997-05-05,347.1714782714844,347.1714782714844,347.1714782714844,347.1714782714844,0
1997-05-06,361.48291015625,361.48291015625,361.48291015625,361.48291015625,38661148
1997-05-07,359.5088195800781,359.5088195800781,359.5088195800781,359.5088195800781,41824772
1997-05-08,357.5348815917969,357.5348815917969,357.5348815917969,357.5348815917969,54322428
1997-05-09,362.2230224609375,362.2230224609375,362.2230224609375,362.2230224609375,213995232
1997-05-12,364.9633483886719,364.9633483886719,364.9633483886719,364.9633483886719,33365768
1997-05-13,366.4439392089844,366.4439392089844,366.4439392089844,366.4439392089844,274699648
1997-05-14,367.4308776855469,367.4308776855469,367.4308776855469,367.4308776855469,40669768
1997-05-15,357.5604553222656,357.5604553222656,357.5604553222656,357.5604553222656,1047582848
1997-05-16,357.3136901855469,357.3136901855469,357.3136901855469,357.3136901855469,44568476
1997-05-19,359.041050684137,359.28781429285465,354.35254211850224,354.8460693359375,14800008
1997-05-20,356.0799255371094,356.0799255371094,356.0799255371094,356.0799255371094,25487980
1997-05-21,357.80728745493303,359.2878693340569,355.3396509897266,358.7943420410156,21983820
1997-05-22,359.6430254774658,363.7294440018503,358.79417339124177,361.0150451660156,19270104
1997-05-23,361.97765480091306,365.2102530432104,361.2620340913919,362.9893798828125,21381396
1997-05-26,362.9893798828125,362.9893798828125,362.9893798828125,362.9893798828125,0
1997-05-27,363.23600326445234,365.7036391561945,361.75542172940703,364.9633483886719,21478352
1997-05-28,364.7165832519531,368.6648006619878,362.7424745469358,364.7165832519531,25230656
1997-05-29,365.08479255555784,365.70368969958764,361.2619444805643,363.2360534667969,22922456
1997-05-30,363.1748091654995,364.71659970069607,354.59929213119096,357.5604553222656,19633328
1997-06-02,357.3905676981491,362.7423719926314,356.98192586586106,358.3006286621094,24720656
1997-06-03,360.0972472538008,362.24901893797994,357.80727347416274,361.50872802734375,24456692
1997-06-04,361.0150451660156,361.0150451660156,361.0150451660156,361.0150451660156,0
1997-06-05,360.83048972393937,363.72947953082365,357.8071542196027,361.75537109375,21972172
1997-06-06,362.7425422592315,371.25588763878494,360.96585614206947,370.8857421875,27222780
1997-06-09,365.6691553460227,372.61308762682967,365.6691553460227,370.8857421875,28271772
1997-06-10,366.1971482339127,368.41802042670594,365.7036210799586,366.93743896484375,11620724
1997-06-11,367.6778123895515,367.78046991634335,362.7425397400273,365.4569396972656,20032924
1997-06-12,365.70380785641254,369.65202710452496,365.086898598895,367.67791748046875,31800844
1997-06-13,368.51671476715273,374.5870924543626,368.51671476715273,373.8468017578125,25131836
1997-06-16,373.60022695916825,376.56139124153947,371.6261174375874,374.83404541015625,14624132
1997-06-17,375.376932965279,378.04199300676385,366.6908626684407,367.67791748046875,28490140
1997-06-18,367.8011296641754,369.1583294046336,362.7424760861039,364.9633483886719,32319648
1997-06-19,365.2101253277689,367.35894466868666,356.820162989158,357.3136901855469,38665072
1997-06-20,356.82012231239287,360.0280487232235,350.77441484582744,350.8977966308594,58470240
1997-06-23,355.4649243246339,356.5240316799163,345.9625384292224,348.18341064453125,39219724
1997-06-24,348.4301804397637,350.89781627857224,343.98843592990835,349.17047119140625,49231844
1997-06-25,349.417226077294,352.7485343767597,347.3444059997917,352.6251525878906,41077156
1997-06-26,351.7073570705066,366.19731362552966,351.7073570705066,363.9764404296875,46048452
1997-06-27,363.97631392082644,369.7900788582582,363.97631392082644,368.1712951660156,29687800
1997-06-30,367.38178694317565,372.6131650256536,367.38178694317565,368.4181823730469,28178904
1997-07-01,369.1444631193927,373.60003347245475,368.1712350996714,373.10650634765625,28669268
1997-07-02,373.47655248079514,377.5481501788018,372.3049078307177,376.56109619140625,22810096
1997-07-03,373.6000362716558,391.36701289752057,373.6000362716558,387.9123229980469,30091848
1997-07-04,383.1694805646027,391.3669577851537,383.1694805646027,384.2108154296875,20256120
1997-07-07,383.47058349609375,389.39290910993304,381.4964749581473,388.6526184082031,23305844
1997-07-08,383.95617734864163,387.9122860966897,382.4834881996622,386.92523193359375,40079328
1997-07-09,386.6785797177791,388.4059250005005,384.457707211423,385.197998046875,40298016
1997-07-10,382.4835252239869,386.43174225855705,381.002943836023,383.22381591796875,38659524
1997-07-11,383.47056791165386,386.92525771265974,383.47056791165386,386.1849670410156,14536280
1997-07-14,386.9254008915849,389.88656467391843,384.4577644063069,389.6398010253906,9740624
1997-07-15,393.094482421875,393.094482421875,393.094482421875,393.094482421875,0
1997-07-16,393.8348689884334,399.26367044065495,392.35428677419117,399.01690673828125,23549144
1997-07-17,400.250535353621,400.7440625242173,392.35410062407976,398.0296630859375,23069496
1997-07-18,398.2764466908585,407.6534634035305,397.0228984586363,401.23760986328125,73390976
1997-07-21,401.2377800596446,401.2377800596446,397.2895608216653,399.01690673828125,29805748
1997-07-22,399.2637356981819,400.74431815441744,397.2896257565345,399.75726318359375,25169092
1997-07-23,399.2635986032376,410.3679632121039,399.2635986032376,407.40679931640625,23284456
1997-07-24,407.9131101482458,408.64056884318757,403.70529627261766,404.4455871582031,21404620
1997-07-25,407.9742465682885,407.9742465682885,400.74406148873123,402.7181701660156,12907624
1997-07-28,401.97805641792917,403.70540227116766,399.7571831780511,401.7312927246094,23047392
1997-07-29,405.92620849609375,407.1600267589998,402.718281012538,405.92620849609375,14635280
1997-07-30,406.1729771800924,412.09530491540363,405.6794498688165,411.8485412597656,21200004
1997-07-31,409.62766835902397,416.537050716887,409.62766835902397,411.8485412597656,21810292
1997-08-01,414.069521988465,414.069521988465,402.2248634333718,403.95220947265625,14239908
1997-08-04,406.27162102364696,407.1599640115334,402.22469172048454,405.67938232421875,17187376
1997-08-05,425.1736145019531,425.91390518303604,421.9656882172605,425.1736145019531,40738424
1997-08-06,424.9269422872375,441.21334077211424,424.9269422872375,439.9795227050781,55295944
1997-08-07,440.22635176668547,453.55158887173087,439.73282446649864,450.8371887207031,42457052
1997-08-08,448.1227358409337,451.57742653574263,441.7068816934313,442.2004089355469,28966324
1997-08-11,434.3306731748876,439.01947021484375,434.3306731748876,439.01947021484375,30557452
1997-08-12,440.25336014597036,450.12451171875,440.25336014597036,450.12451171875,22599596
1997-08-13,449.5076247509197,456.2812093823876,444.20188007227864,445.1889953613281,35039440
1997-08-14,445.43555714016145,447.65656545831183,432.84984333730927,433.5901794433594,36804136
1997-08-15,432.85006023140113,435.81140613948367,419.52400364502955,419.7707824707031,51705220
1997-08-18,419.5239312470849,419.5239312470849,409.65277992362405,413.3544616699219,23687736
1997-08-19,413.7247719548218,423.9660949707031,413.7247719548218,423.9660949707031,20124016
1997-08-20,428.9015655346707,440.7469482421875,428.9015655346707,440.7469482421875,23407352
1997-08-21,441.2404944703099,443.7082824707031,441.2404944703099,443.7082824707031,20693236
1997-08-22,440.2534459620561,441.7341189865922,431.8629654896851,432.6033020019531,22834820
1997-08-25,432.6033020019531,432.6033020019531,432.6033020019531,432.6033020019531,0
1997-08-26,433.59043373891086,436.7985587466547,425.10617578268744,427.9145202636719,16868460
1997-08-27,429.39505271541265,432.8499554384102,423.9659198649879,432.109619140625,17969872
1997-08-28,431.86293081803757,440.253410616788,431.86293081803757,434.3307189941406,36264548
1997-08-29,432.84994338768115,434.8241734601449,423.4723505434782,425.693359375,21396520
1997-09-01,425.94012638972356,435.31771897536055,425.4465688852163,433.0967102050781,16301900
1997-09-02,432.8500152689729,444.20184007078177,432.8500152689729,443.7082824707031,17404488
1997-09-03,436.611016878493,453.33275442159874,436.611016878493,451.8520812988281,27422504
1997-09-04,451.85194096420753,457.03429528438687,449.63093196984494,456.04718017578125,21500484
1997-09-05,456.04718017578125,459.9956406102036,454.07294995857006,456.04718017578125,18062480
1997-09-08,456.540879520935,456.540879520935,448.6439561994918,451.8520812988281,14033232
1997-09-09,449.6310279918127,450.6181433112239,441.7341054365229,444.9422302246094,32190852
1997-09-10,445.68244946096826,447.6566795803967,437.2919714533974,438.77264404296875,13196500
1997-09-11,438.64936645716836,439.7598711823764,430.5303369968849,432.35650634765625,23067948
1997-09-12,432.84985372767534,434.3305259753185,423.34887347196525,426.18682861328125,38210328
1997-09-15,428.901506139877,431.3692938622008,425.9401608730884,429.1482849121094,21335772
1997-09-16,429.39523764673226,438.2792770463198,426.4338911802031,437.5389404296875,29582640
1997-09-17,445.4357059071774,450.1245028114635,444.2018119849969,446.4228210449219,8188660
1997-09-18,443.2145285976412,450.12433193880713,442.7209712161294,448.3968811035156,23343228
1997-09-19,448.150153191535,455.5535147530692,448.150153191535,449.13726806640625,37853856
1997-09-22,452.29114437407713,454.0728796393378,447.65663242704284,452.3454284667969,18731448
1997-09-23,452.22214128289903,454.154920514806,440.7469273294721,442.22760009765625,14073952
1997-09-24,441.73410621764435,450.1245864474767,441.240548557066,449.8778076171875,16563200
1997-09-25,450.12455804423394,454.3592909396044,445.6825393793237,452.59234619140625,20219612
1997-09-26,455.5536614608163,469.37327415951927,451.6052006897583,469.1264953613281,38537868
1997-09-29,468.8795234293322,478.7506712910024,467.8924086431652,472.087646484375,25401544
1997-09-30,471.34748678039193,473.07493830262376,461.4763352247816,461.7231140136719,43416768
1997-10-01,461.6263878903905,463.59368961149687,458.0214353643887,462.2166748046875,54142168
1997-10-02,466.90555167926857,469.3733400073831,459.502186694925,460.2425231933594,28079928
1997-10-03,461.4761589679943,465.054450040206,455.5534702967473,460.4890441894531,43415480
1997-10-06,460.13365699491277,464.93101993841105,457.52765974830896,463.4503479003906,28178824
1997-10-07,463.2035692273872,468.8794787064655,459.995446478343,463.4503479003906,15882084
1997-10-08,463.943983700054,470.85378771260804,454.0728351106912,457.0341796875,24684648
1997-10-09,465.0279502371534,465.0279502371534,446.66959121237676,452.0987243652344,22052588
1997-10-10,451.6052309325373,456.04724959744755,450.6181156736684,452.59234619140625,19621364
1997-10-13,451.6050211588542,457.03415256076386,451.6050211588542,455.30670166015625,20666924
1997-10-14,455.0600650671757,458.51496794729525,454.07294995857006,456.04718017578125,29674108
1997-10-15,455.5535280646094,455.80030679053823,451.6050684497482,453.33251953125,28565180
1997-10-16,455.0599129074767,462.46327374653544,454.0727981289356,460.4890441894531,21514476
1997-10-17,462.4635771395311,462.9571348525936,456.5408845827815,459.99578857421875,12860028
1997-10-20,452.8390024384919,460.9827011199471,451.6051086988775,454.813232421875,18140172
1997-10-21,458.5149873466902,459.9956600722446,455.8004206831737,459.008544921875,13694632
1997-10-22,462.95709525515565,463.6974317614272,449.1374804714197,451.3584899902344,33464564
1997-10-23,446.91634328561105,459.10622619404234,425.94014826668393,438.77264404296875,38160336
1997-10-24,437.5386454436739,454.31959744038556,432.35629262116,436.7983093261719,51020236
1997-10-27,434.8242552937896,434.8242552937896,425.94021829573256,428.65478515625,10681144
1997-10-28,397.06701237605165,420.51099384014424,370.16812838040863,417.05609130859375,68410720
1997-10-29,421.00446902797074,439.26609312414297,416.5624523559288,427.42071533203125,40649604
1997-10-30,425.6933083360695,429.3949892781223,419.5238400993149,427.1739807128906,11660124
1997-10-31,426.18690654966565,436.5516141785516,423.96589777204724,426.4336853027344,25592792
1997-11-03,442.474478031579,444.4487088314968,430.3823143820824,440.9938049316406,29241652
1997-11-04,441.2403809837955,442.72105340320417,431.862788994207,435.8112487792969,27443308
1997-11-05,439.26611040818295,441.73389754530757,426.1868385814224,429.8885192871094,36308512
1997-11-06,429.8888595294505,431.6163118926572,418.04347189603277,420.5112609863281,26503860
1997-11-07,421.00463177668996,421.99174697429066,407.1850190102805,412.8609313964844,42891728
1997-11-10,410.6668668060579,413.62840671090925,408.1989168853484,409.4328918457031,21904988
1997-11-11,410.66656494140625,412.1473338053776,406.7178479708158,410.66656494140625,25764004
1997-11-12,410.2965438250199,425.4694902916412,405.7308379238092,406.718017578125,33546084
1997-11-13,409.9265435643943,412.1476988275367,405.73102806734755,409.67974853515625,34203556
1997-11-14,409.17806394259065,413.6282653808594,407.21159777948566,413.6282653808594,34681988
1997-11-17,417.5771836339746,431.8912951297018,411.16051296347615,431.397705078125,26145460
1997-11-18,430.9041225086559,436.82720323042435,428.436172207919,434.3592529296875,34928276
1997-11-19,432.8784752328554,436.8271956454698,426.461804562357,431.397705078125,81228784
1997-11-20,432.6317169050579,439.29518316657334,431.39774167144395,433.8656921386719,30540652
1997-11-21,433.86553746410925,436.3334870515047,430.4104080417557,433.1251525878906,43400604
1997-11-24,431.8911616301151,432.6315464786239,425.96808284204496,427.4488525390625,37111336
1997-11-25,427.38773257138814,430.6572843710488,412.14765896828163,417.8239440917969,37390312
1997-11-26,419.02026313320863,419.55136025306024,398.8205871582031,398.8205871582031,58992524
1997-11-27,399.53835379591055,409.186073190473,399.3142740785195,400.7950439453125,41050784
1997-11-28,401.28878433792676,404.25032518174913,398.32724349410444,399.8080139160156,32525220
1997-12-01,404.25032518174913,404.25032518174913,397.8336533534674,399.8080139160156,28945520
1997-12-02,398.8206841229218,403.01619874550204,394.9509256154464,400.7950439453125,32360340
1997-12-03,400.9185101012437,404.2502428721682,399.5611374908671,403.75665283203125,20720856
1997-12-04,405.9775992640407,415.60260009765625,403.69522852349735,415.60260009765625,32782084
1997-12-05,416.0965392851997,423.50039229739184,404.743964666505,421.5260314941406,44827000
1997-12-08,424.48733865489135,431.8911875849185,422.5129789402174,425.7213134765625,22520944
1997-12-09,424.24055364828195,426.46170837942475,417.08349951459945,418.3174743652344,25196880
1997-12-10,414.86239427605176,415.6027792747597,409.6796992850957,414.12200927734375,34778276
1997-12-11,408.692425349885,415.3558888066766,399.3142175218079,402.2757568359375,40335208
1997-12-12,405.0162262096267,405.2373535456916,399.80786403411713,400.7950439453125,19103268
1997-12-15,404.25023840804124,404.49703342538436,400.7951081652375,402.0290832519531,15812992
1997-12-16,401.5354349448209,404.4969747231478,400.0546650556575,403.0162048339844,34468528
1997-12-17,402.9549637851776,408.198874804628,402.9549637851776,405.2373352050781,32602712
1997-12-18,406.1012380715185,408.1989959102349,402.5227099937081,404.4970703125,37519804
1997-12-19,403.5098630862129,403.5098630862129,390.92331689820253,393.8848571777344,36936664
1997-12-22,394.8719163114049,399.80781526529745,391.91037693906935,394.3783264160156,19136544
1997-12-23,397.3398629335717,397.3398629335717,389.68921961000603,393.3911437988281,19190052
1997-12-24,393.637939453125,394.87191418495297,389.9360152576411,393.637939453125,6195672
1997-12-25,393.637939453125,393.637939453125,393.637939453125,393.637939453125,0
1997-12-26,393.637939453125,393.637939453125,393.637939453125,393.637939453125,0
1997-12-29,391.663680594308,399.8079159185753,391.663680594308,397.3399658203125,13130912
1997-12-30,397.8335832542348,402.27589373722253,394.37845287857766,396.10601806640625,14338240
1997-12-31,395.6123942947388,399.8079093933106,394.87200927734375,394.87200927734375,14571820
1998-01-01,394.87200927734375,394.87200927734375,394.87200927734375,394.87200927734375,0
1998-01-02,394.87186847346845,400.30135666497864,394.87186847346845,398.8205871582031,9905512
1998-01-05,399.80791721391324,403.75663738392717,394.87201700139576,397.83355712890625,33377608
1998-01-06,397.83359797857946,399.80795826631436,374.63486459769456,377.5964050292969,70788112
1998-01-07,376.1155608895505,386.97454033780525,374.14120098986785,384.01300048828125,95685808
1998-01-08,382.77895138897475,394.6251084919217,381.9151691002182,389.9360046386719,47114800
1998-01-09,390.6764651497103,393.391210011774,383.0258205384399,384.01300048828125,31297032
1998-01-12,385.98753831980684,385.98753831980684,377.5965048780719,381.2984313964844,29147904
1998-01-13,386.7276739559715,392.40395761965203,378.83023581519865,391.16998291015625,28705148
1998-01-14,390.42973244925525,401.28871362989196,390.42973244925525,396.10601806640625,42739488
1998-01-15,398.3270761394617,406.2245150715948,394.87194660665347,405.2373352050781,30109224
1998-01-16,402.769439042382,409.67969902595223,400.0546940488365,402.52264404296875,45992028
1998-01-19,399.3143271926615,402.02907230954605,397.5867621182804,397.83355712890625,12754104
1998-01-20,398.8206691099017,403.50977351156513,391.4168200546436,395.36553955078125,36459764
1998-01-21,397.8335641612995,402.27587443109064,392.1572788165663,400.5483093261719,34639220
1998-01-22,400.5482660374378,404.2501908621831,380.5578719838134,384.506591796875,36658236
1998-01-23,383.2726663993447,396.35280247092567,363.52906478186395,368.2181701660156,47674732
1998-01-26,370.1924175855173,375.1283164866576,367.4776731898902,371.6731872558594,33102024
1998-01-27,370.93290307570476,390.92329904984456,370.93290307570476,386.9745788574219,55651124
1998-01-28,386.97445606652843,391.4167648734146,384.50650672936945,386.7276611328125,56706444
1998-01-29,387.46813437238853,398.3271139344173,386.35755691718106,396.8463439941406,46422728
1998-01-30,396.3527836828451,409.1861241258762,393.2678460763472,408.1989440917969,29315124
1998-02-02,407.0783767832569,408.692425349885,399.3142175218079,402.2757568359375,39829672
1998-02-03,402.27571059718275,407.21160888671875,400.3013512813684,407.21160888671875,33348388
1998-02-04,405.97781055729564,407.21178566537253,401.53550016821885,404.74383544921875,21408060
1998-02-05,404.96588166713616,408.69247977508303,396.8463209410226,399.5610656738281,56453984
1998-02-06,397.3400135529347,404.7438647371509,397.3400135529347,404.2502746582031,24129400
1998-02-09,403.9698820020683,409.1861381062126,400.79510752984874,401.78228759765625,30359900
1998-02-10,402.029023775387,408.69248825785195,386.48093998296866,391.4168395996094,85266064
1998-02-11,392.6508145037696,399.31427898623457,385.4937600596405,391.4168395996094,77255224
1998-02-12,394.37842921821436,394.37842921821436,385.00021876121053,386.9745788574219,36631860
1998-02-13,386.9745927918632,393.8848533774322,385.9874127082105,392.4040832519531,27759096
1998-02-16,390.5813381965763,393.4196859938974,388.4834289550781,388.4834289550781,20996948
1998-02-17,390.21104067665163,394.9004839232401,388.2365382570354,392.6791687011719,33719376
1998-02-18,391.3840265852335,399.83688610226085,391.3840265852335,397.6155700683594,25161784
1998-02-19,398.35596093113907,403.29221819174796,395.8878323008346,397.8623352050781,22135140
1998-02-20,400.2691455605887,409.46244042157406,396.87498746105547,408.4751892089844,28745404
1998-02-23,403.2921911772734,405.5135067957529,391.9388002383783,397.3686828613281,38079376
1998-02-24,396.7270695553356,398.8496545128045,386.0153834517489,395.1474609375,52727840
1998-02-25,395.3014107229507,399.34321238326083,394.16014225962147,397.8623352050781,57262988
1998-02-26,397.86204029998964,411.1899250246791,396.62797689955545,409.2154235839844,39556876
1998-02-27,408.72194771778044,416.12633082860975,405.7601944734487,413.658203125,32457612
1998-03-02,412.42438212005936,434.39073161657956,409.70944004745576,425.0118408203125,44093384
1998-03-03,425.505466651695,430.44172496551977,419.4733734538954,425.0118408203125,36362472
1998-03-04,425.5052795410156,427.47978199828253,418.5945209405815,425.5052795410156,30255440
1998-03-05,425.25875358892404,426.98644440443326,420.56930708968457,424.0246887207031,28072928
1998-03-06,424.51819111630624,433.1566426797195,418.1010556691993,422.296875,25756644
1998-03-09,413.658203125,413.658203125,413.658203125,413.658203125,0
1998-03-10,418.59484244558735,418.59484244558735,401.3179326748379,413.9053955078125,36363900
1998-03-11,417.8543017534372,418.77243864693844,409.70947484389,413.16485595703125,30887336
1998-03-12,415.1393141729348,417.3853056258103,409.2158043393139,411.1903076171875,36092388
1998-03-13,409.70935914574596,413.5349585835526,402.3049731370879,404.7731018066406,40637012
1998-03-16,409.70927425504595,413.5348729001985,407.7347717285156,407.7347717285156,21162604
1998-03-17,400.82401467424705,433.40330650737553,400.82401467424705,401.564453125,21162604
1998-03-18,397.8624366273271,406.2540761095412,397.8624366273271,406.00726318359375,55583016
1998-03-19,409.0311269330416,431.9225394684646,406.7476257394455,428.9607849121094,30351404
1998-03-20,430.6884215639812,433.89698860142056,422.0499718477982,427.9734802246094,52658056
1998-03-23,452.1611712577832,473.3870777687927,446.73128819682734,460.79962158203125,77254192
1998-03-24,453.6419214418994,456.0725394133807,445.74391192822105,447.7184143066406,48069960
1998-03-25,444.2630844628251,444.2630844628251,431.42881757834346,441.30133056640625,50000040
1998-03-26,439.82057503762394,440.80782660897665,426.986304610039,435.624755859375,32705248
1998-03-27,432.1693093039773,442.53544921875005,429.9479936079546,434.390625,25821208
1998-03-30,431.92244717849155,441.3013346029388,430.44157021673675,432.9096984863281,22102024
1998-03-31,430.4415356841829,441.3012991991508,420.5690233978484,425.5052795410156,51625400
1998-04-01,425.5053898629426,434.3906532243497,420.0755066976382,426.98626708984375,61413524
1998-04-02,425.5053210490692,436.61189845464236,425.5053210490692,435.8714599609375,47801572
1998-04-03,437.3523043599435,444.26306311958143,431.1819840388382,434.14373779296875,50317532
1998-04-06,434.02032759242405,435.8714236725737,429.45429059472156,434.6373596191406,28887440
1998-04-07,432.90968331259364,464.99534969266045,428.9606782196623,442.7821960449219,62077884
1998-04-08,436.85864549628053,438.58633505474035,426.9861337336527,428.4670104980469,31385472
1998-04-09,428.4670190704003,439.3267822265625,426.4925166783708,439.3267822265625,18411852
1998-04-10,439.3267822265625,439.3267822265625,439.3267822265625,439.3267822265625,0
1998-04-13,439.3267822265625,439.3267822265625,439.3267822265625,439.3267822265625,0
1998-04-14,440.31417241889415,445.25042995722254,432.4161603575687,433.4034118652344,27562660
1998-04-15,434.3905754480829,435.8714524098378,429.94794456281846,432.9096984863281,26755116
1998-04-16,433.8970313080301,436.85878578794836,427.2330837282139,436.11834716796875,16977108
1998-04-17,443.2760631477369,444.2633149587564,435.871674565091,437.599365234375,19727736
1998-04-20,440.8076531552597,443.76940670389524,435.62458444514743,438.09271240234375,13443404
1998-04-21,437.35225182655313,459.8122150975556,437.35225182655313,455.1227722167969,39775376
1998-04-22,455.36977257613523,462.0337204674933,453.1484566123492,460.3060302734375,40670264
1998-04-23,456.6036542776954,465.24210179105717,449.4460834809099,452.4078369140625,39197456
1998-04-24,457.78857445001927,457.78857445001927,446.73134458781595,451.6676025390625,23111256
1998-04-27,446.7313618213356,451.66761996300784,439.3269746088273,440.0674133300781,20586944
1998-04-28,441.7949068029147,451.6674186867787,441.7949068029147,443.7694091796875,21006732
1998-04-29,443.76965119043984,473.8808288574219,442.535586531957,473.8808288574219,20883840
1998-04-30,456.6036113296759,468.9442494737212,454.13548370086687,466.22930908203125,35199208
1998-05-01,465.7356977432747,471.16557869205695,464.0080083504804,470.4251403808594,18930656
1998-05-04,470.4251403808594,470.4251403808594,470.4251403808594,470.4251403808594,0
1998-05-05,477.5828095050871,477.5828095050871,458.0845966105642,463.76129150390625,18553304
1998-05-06,462.0335171669408,468.94427490234375,458.3313255229749,468.94427490234375,20355196
1998-05-07,462.03349211305584,468.9442494737212,458.3313006698422,466.22930908203125,20355196
1998-05-08,463.0208926105399,469.4380265166561,461.04638987019644,468.4507751464844,24012484
1998-05-11,463.0464074681493,474.044013944246,463.0464074681493,471.9321594238281,34136260
1998-05-12,467.98318001609175,471.9324051639069,465.02126115523043,470.9450988769531,29473652
1998-05-13,473.4131424281565,478.5964980021874,470.69805141318795,477.36236572265625,34240320
1998-05-14,475.38781391669625,481.6818893345964,473.4132020208844,478.1029052734375,44344688
1998-05-15,476.37503132525666,477.85598997186366,473.65994047314376,475.6345520019531,71650272
1998-05-18,475.27302689633683,475.27302689633683,460.5779706226991,463.0462341308594,44141720
1998-05-19,459.0971954362014,468.9702534025713,459.0971954362014,461.8122863769531,27570020
1998-05-20,461.5653709493658,467.982857390373,458.3566277288622,459.09710693359375,29270520
1998-05-21,459.0971996044291,463.293249278233,456.13528218762633,458.1098937988281,20218976
1998-05-22,455.14820057930586,457.61646630912855,447.00292367089094,450.705322265625,23806924
1998-05-25,450.705322265625,450.705322265625,450.705322265625,450.705322265625,0
1998-05-26,449.0216669282957,461.56537141173726,449.0216669282957,458.60345458984375,44088588
1998-05-27,457.61636595423954,457.61636595423954,450.95204994519725,455.8885803222656,25322772
1998-05-28,454.40753443688806,456.38214621064964,449.2241785307639,452.18609619140625,28682652
1998-05-29,454.1606247067054,454.40745113317644,443.54708836845083,443.7939147949219,38892656
1998-06-01,442.8065839200406,443.7938895698066,434.90813872191285,438.36370849609375,33907868
1998-06-02,438.36370849609375,439.3510141458597,432.43987459749786,438.36370849609375,33576216
1998-06-03,436.88302811144433,443.79417205897,432.686976429018,435.6488952636719,31025752
1998-06-04,439.59795988794133,440.83209228515625,439.59795988794133,440.83209228515625,3021600
1998-06-05,439.7876420413653,454.1608596835001,439.7876420413653,453.1735534667969,44564948
1998-06-08,454.65420254195794,460.33120941408885,454.40737615621316,457.8629455566406,24155120
1998-06-09,456.25876794849665,456.25876794849665,446.0154685869264,448.9773864746094,33418288
1998-06-10,447.2496032714844,447.2496032714844,437.8701965803605,447.2496032714844,21007276
1998-06-11,442.80680970180504,446.75603431453015,431.6996154785156,431.6996154785156,22273880
1998-06-12,430.95918201605014,432.93379453387854,417.1368943912513,421.82659912109375,30366352
1998-06-15,428.7376165856848,428.7376165856848,412.6938946063702,423.55426025390625,22063636
1998-06-16,418.6177572557575,428.7376440762092,417.13679820886216,426.0225524902344,26280324
1998-06-17,428.7375149100167,432.43991141183034,426.26925057547436,431.9462585449219,30407516
1998-06-18,434.90834082713366,435.401993881421,420.5924022528012,424.0479736328125,29269540
1998-06-19,423.80110460412203,424.0479311065123,410.22564697265625,410.22564697265625,44900128
1998-06-22,406.77033002068015,419.8521428186753,406.27667670754823,419.6053161621094,20735788
1998-06-23,419.6050005206457,428.9844064146366,419.6050005206457,428.2439270019531,27404260
1998-06-24,429.9717887278353,443.79407355490696,427.0098705506057,439.3511962890625,50224724
1998-06-25,436.8827872140067,439.3510515485491,429.97164707728797,431.9462585449219,54261436
1998-06-26,431.9463734163926,438.85751539105485,421.5796604543992,437.3765563964844,23240844
1998-06-29,437.37655770832595,441.32578170569235,430.9590687126056,436.3892517089844,27355532
1998-06-30,431.9463507261647,436.389227476491,427.50347397583846,431.45269775390625,34791564
1998-07-01,434.4146014057274,445.2749664408706,432.6868160592274,442.80670166015625,28646700
1998-07-02,443.04056443772635,450.21136568509615,439.5978302001953,449.22406005859375,32978892
1998-07-03,445.76855631510415,453.4201760525173,439.35106879340276,444.28759765625,26273508
1998-07-06,440.8322456599351,444.28781757440265,435.07626341397963,440.3385925292969,33309844
1998-07-07,444.2875423946896,446.2621536942216,435.40179154679583,438.36370849609375,35887204
1998-07-08,437.12970188685824,439.1043137530891,429.9717338717714,435.40191650390625,25780828
1998-07-09,436.8827872140067,444.28758021763394,431.4526056780134,431.9462585449219,27685376
1998-07-10,427.99716455276155,430.7122561387364,425.0352464589708,426.0225524902344,41323024
1998-07-13,428.49079631564894,429.97175528909014,417.63043051041365,418.86456298828125,21263296
1998-07-14,416.6430623898355,422.5668974001175,416.6430623898355,420.0986328125,28181868
1998-07-15,425.03524881466103,429.2312994707872,422.5669837228221,424.2947692871094,48036612
1998-07-16,424.54159512206746,431.45273736824066,421.08602399898086,424.7884216308594,29807216
1998-07-17,423.62334597253795,428.98440973056165,422.56692143769936,425.5288391113281,20323564
1998-07-20,423.623407740607,427.99716624515406,423.623407740607,424.7884216308594,12651068
1998-07-21,417.13671730964234,427.7502550873433,415.4089320900166,418.370849609375,23111532
1998-07-22,417.1369054500437,422.07343687548797,414.66863973732154,414.91546630859375,27310524
1998-07-23,418.6177377897962,421.3328292495178,415.9026463300747,417.87725830078125,29096632
1998-07-24,414.6684019264861,416.149360504795,404.7953447377603,408.99139404296875,28959036
1998-07-27,404.54852061595733,412.2001399808717,404.54852061595733,406.76995849609375,18565140
1998-07-28,409.731875669609,410.96600782524035,400.10564485568443,406.76995849609375,19040084
1998-07-29,405.7827752114501,411.2129583347177,405.289122200244,406.27642822265625,20026472
1998-07-30,407.26375889505744,413.68124842916137,407.26375889505744,410.4725036621094,22637244
1998-07-31,409.238259741301,413.06406976903935,396.4032841643724,401.3398132324219,30825600
1998-08-03,401.3400599726924,401.3400599726924,396.156701264558,399.8591003417969,24328084
1998-08-04,399.85891595849847,405.7827517504762,395.90969209717997,400.8462219238281,41847432
1998-08-05,385.5431213378906,396.4034909530425,374.1890985584137,385.5431213378906,70481888
1998-08-06,389.98591441588644,391.960526640777,376.1636288416525,380.60650634765625,30930484
1998-08-07,383.568317090456,393.93502836317106,379.125440830721,393.6882019042969,45080176
1998-08-10,396.43336101892237,396.43336101892237,377.6731272471676,381.6226501464844,23480044
1998-08-11,380.1413896668632,413.71231758549527,361.87485535819576,392.483642578125,502178016
1998-08-12,404.5791524123185,409.022364580361,391.002670787744,391.99005126953125,286356800
1998-08-13,392.48368298918234,397.9142748292842,390.26207723641335,395.93951416015625,178121984
1998-08-14,395.10814531453485,426.5483215474971,395.10814531453485,421.6114196777344,189957088
1998-08-17,415.68712175396126,426.0546152893926,415.68712175396126,420.6240234375,60833076
1998-08-18,429.0167178014282,429.0167178014282,420.62398569253946,426.3014221191406,42400768
1998-08-19,427.04183811748004,427.04183811748004,419.8833333166668,421.85809326171875,87464744
1998-08-20,423.0923182273762,425.8076131518226,420.3770233029298,421.85809326171875,68001592
1998-08-21,419.6366038299413,422.10505444070566,404.8259001653551,408.7754211425781,49193808
1998-08-24,407.294359448154,411.9844157084661,404.33221865216746,410.2565002441406,52500516
1998-08-25,407.2943551199777,414.2060169038318,407.2943551199777,409.5159606933594,51238188
1998-08-26,404.8259920379145,406.5539078575885,396.4332580566406,396.4332580566406,63605408
1998-08-27,394.952142177484,397.42059306609326,382.11619755671575,385.0783386230469,54907188
1998-08-28,376.19197261736895,385.0783971673855,356.9380527589997,371.99560546875,60887164
1998-08-31,371.99560546875,371.99560546875,371.99560546875,371.99560546875,0
1998-09-01,365.5775146484375,370.2675705419691,353.4821073440665,365.5775146484375,61496344
1998-09-02,375.2044702246486,379.64768105625626,365.33066837663154,368.7864990234375,47873848
1998-09-03,364.5901445365502,368.53966539815127,359.9000885133989,363.849609375,47097512
1998-09-04,364.83713297738245,382.11629353788095,363.3560620721969,378.66046142578125,45984140
1998-09-07,380.141335715444,399.8889375707917,380.141335715444,398.4078674316406,18130476
1998-09-08,396.92685362617925,401.37006467423345,392.483642578125,392.483642578125,57458696
1998-09-09,396.43326444315136,400.38278638031846,391.0026717795465,393.9648132324219,35340524
1998-09-10,394.952197203105,402.3575509006632,381.12887030099637,385.57208251953125,37504392
1998-09-11,385.5719351269408,398.4078766292461,384.0908649535979,391.4962158203125,68108960
1998-09-14,390.0151739453364,405.8132569405906,390.0151739453364,403.09796142578125,42478516
1998-09-15,403.83855600461345,406.55385191906987,400.6295699238922,406.3070068359375,38892624
1998-09-16,406.3069530403527,412.7249243520472,402.8511223340556,405.8132629394531,37551292
1998-09-17,402.85125732421875,403.5917927237118,398.40804492726045,402.85125732421875,29864364
1998-09-18,392.4836244133449,409.5159326426033,387.546723477328,403.09796142578125,69874168
1998-09-21,403.09805523633526,410.0097181552681,399.933514258163,407.0475769042969,39534980
1998-09-22,414.6998161764706,422.5988602941177,407.0476171875,419.63671875,41807056
1998-09-23,419.6366588952734,435.68158997068093,418.1555883344666,433.95367431640625,76440192
1998-09-24,440.37156852974454,450.73906061396497,429.0166962470269,432.9662170410156,83472776
1998-09-25,428.5229510386056,437.1625266643839,425.06712078829423,430.4977111816406,35423376
1998-09-28,430.0041223261181,447.7769677953951,429.51043217419374,439.13739013671875,39194140
1998-09-29,431.97882015074316,444.81476223522236,431.97882015074316,440.3715515136719,47762500
1998-09-30,439.87792510986327,445.80220692952474,432.4725728352865,444.3211364746094,74146312
1998-10-01,424.0797334118424,431.4850838206639,420.37705820743173,422.5986633300781,84155776
1998-10-02,419.6366516470212,422.1051025390625,411.24391861408077,422.1051025390625,137348064
1998-10-05,419.6365293205808,429.5103300104768,414.6996289756328,416.9212341308594,40872976
1998-10-06,422.10485853907153,434.4471058647753,419.1427191809026,428.5228271484375,42491552
1998-10-07,435.43456788395076,439.3840877740546,417.1680383922204,421.85809326171875,46545172
1998-10-08,418.64912250735074,422.10495252804816,393.47093235655484,409.2690124511719,51765928
1998-10-09,413.71227135572605,420.1302421524139,406.8006104977545,412.231201171875,43669024
1998-10-12,415.9339958766721,424.5735744260392,415.19346057244064,418.6492919921875,41533156
1998-10-13,419.8835638786765,425.80784696691177,415.6871966911765,419.63671875,43575544
1998-10-14,417.6616495018181,430.9912766135783,417.16795960878994,428.5228271484375,43787572
1998-10-15,428.522908076269,431.9787379801099,417.4148833853519,421.85809326171875,48380432
1998-10-16,423.36881999914675,432.71931035227357,419.1428345568514,422.8208312988281,46338384
1998-10-19,420.62403053117436,422.59879123789347,407.29439576082024,407.7880859375,45028724
1998-10-20,404.3322829787796,412.2313263580964,397.42062002187737,410.9971008300781,70763968
1998-10-21,405.813221712639,413.71226252456387,398.90156100220474,402.3573913574219,60149984
1998-10-22,402.3575942051724,405.07289085318274,397.4206912087899,404.08551025390625,55849512
1998-10-23,400.62950377858016,404.3321794142417,396.92682814291857,403.5916442871094,76844128
1998-10-26,409.76285037675734,416.6745129132328,408.5286249238153,413.7123718261719,45498612
1998-10-27,418.1555067078868,434.44727969650575,416.9212814814763,428.2761535644531,51468748
1998-10-28,422.5987147539511,433.45989667519757,422.5987147539511,429.5103759765625,74938304
1998-10-29,432.7193503639915,444.3210671164773,428.0292946555398,434.447265625,92321376
1998-10-30,441.60579377786604,444.81477942298187,432.71937199139137,432.9662170410156,69897824
1998-11-02,432.9662987053727,446.29593389926674,432.9662987053727,441.85272216796875,89298912
1998-11-03,444.3211724519861,460.1192585836123,439.3842705358529,447.0364685058594,130302464
1998-11-04,453.9480852613262,456.66338104048583,451.72647962383195,453.2075500488281,108400480
1998-11-05,454.68858831560067,457.6507289560932,450.4922224082363,451.2327575683594,92066944
1998-11-06,454.1949977644955,457.89767437670605,447.77702496999717,450.7391662597656,84114704
1998-11-09,450.768601782528,469.03633263242233,438.42554039746426,439.9067077636719,84908048
1998-11-10,437.9319307841952,441.38798886253716,432.0072597927517,435.46331787109375,72732944
1998-11-11,436.6976485069396,441.88173591148774,434.4758967621332,437.438232421875,70948896
1998-11-12,436.9444472528684,446.8188980382439,434.47583455652443,444.1034240722656,74325040
1998-11-13,446.81892961393794,461.63060683870935,446.81892961393794,452.2498779296875,105493848
1998-11-16,452.49674504542816,458.17455472139375,450.2749934330938,455.21221923828125,87034512
1998-11-17,456.6933365885417,467.5552321614583,455.70589153645835,462.8648681640625,117602232
1998-11-18,460.6432779274455,465.58050491487796,460.6432779274455,462.3713073730469,115179456
1998-11-19,464.5928769617602,471.7518532805121,455.705871876413,460.6430969238281,148919760
1998-11-20,453.2371446426769,467.80195484633595,453.2371446426769,458.6680908203125,103895824
1998-11-23,462.04222504123294,470.0237494933662,458.17441127084436,466.3208312988281,76707952
1998-11-24,464.3461701787489,468.54281286510655,463.605586175274,463.8524475097656,46863288
1998-11-25,463.85229320464794,469.0363795044338,459.9025131667159,460.6430969238281,97196144
1998-11-26,459.16198794279677,474.71424882473025,459.16198794279677,472.2456359863281,61521700
1998-11-27,469.0365812379855,474.4675311260043,467.3085517281614,469.5303039550781,59113820
1998-11-30,470.2709137447296,472.73952746517443,459.16215200272813,466.5679931640625,80922712
1998-12-01,458.1745692613948,461.3837661366093,449.28756253003155,449.534423828125,114970992
1998-12-02,449.040606727862,449.040606727862,428.3042620521388,431.5134582519531,112196744
1998-12-03,422.3797098618351,426.5763522158101,415.9613156734028,425.0951843261719,138354336
1998-12-04,422.13283199290333,426.5763354875655,418.9236350245362,424.3545837402344,90327472
1998-12-07,423.6139297618345,431.5134902235937,423.6139297618345,424.8482360839844,71085808
1998-12-08,430.2793074447554,436.9445634981165,429.04500076820705,436.2039794921875,42368152
1998-12-09,435.9570903917927,442.3754847010716,429.53869608251375,437.68511962890625,68445136
1998-12-10,437.93200417773215,445.33784415818985,435.4633908509129,436.4508361816406,51263264
1998-12-11,424.8482360839844,435.9569929833332,424.6013748195544,424.8482360839844,75507664
1998-12-14,430.65944800793295,431.8838704870138,420.6516806572572,425.0951843261719,48030524
1998-12-15,419.9110562777673,426.57631113931916,416.20813691023847,422.3796691894531,89706512
1998-12-16,432.748046875,436.9446907979179,428.0132318251621,432.748046875,67921392
1998-12-17,434.9695662292927,444.84401722201216,431.3801936504206,438.6724853515625,63965188
1998-12-18,440.89423698203836,441.38795953185024,431.26664726070607,433.7352600097656,89697896
1998-12-21,431.51343047598783,442.6221858372118,431.51343047598783,439.65985107421875,29228232
1998-12-22,438.67248550788474,442.11865926255336,429.96420693322676,433.7352600097656,44076672
1998-12-23,434.1648538754736,448.79385737992175,433.3650256493139,445.3377990722656,60748900
1998-12-24,454.2246104405346,457.6806672591039,449.7811088166598,452.49658203125,16897768
1998-12-25,452.49658203125,452.49658203125,452.49658203125,452.49658203125,0
1998-12-28,452.49658203125,452.49658203125,452.49658203125,452.49658203125,0
1998-12-29,454.22480715981015,454.22480715981015,442.0199985450024,448.5469970703125,91827304
1998-12-30,442.8691360346122,449.28752931047615,441.8816909152485,443.1159973144531,65387292
1998-12-31,443.1159973144531,443.1159973144531,443.1159973144531,443.1159973144531,0
1999-01-01,443.1159973144531,443.1159973144531,443.1159973144531,443.1159973144531,0
1999-01-04,456.69348609969705,467.5553852285547,450.02822981607983,456.4466247558594,409600320
1999-01-05,452.2498779296875,452.2498779296875,452.2498779296875,452.2498779296875,0
1999-01-06,458.6680908203125,458.6680908203125,458.6680908203125,458.6680908203125,0
1999-01-07,454.71856689453125,454.71856689453125,454.71856689453125,454.71856689453125,0
1999-01-08,451.50927734375,451.50927734375,451.50927734375,451.50927734375,0
1999-01-11,446.81893381949084,448.54696284531207,436.9444822433695,438.91937255859375,71288960
1999-01-12,440.89416439942215,450.76861377006986,440.64730316515596,447.5594177246094,131286208
1999-01-13,441.63492886900025,441.63492886900025,430.52616878006506,436.2039794921875,129533608
1999-01-14,439.4132166474921,441.6349688664963,429.78562369847407,432.5010986328125,98608128
1999-01-15,430.27911988332215,441.8815975852821,429.53853620021835,439.9067077636719,78894504
1999-01-18,439.9068648127136,461.63066060593405,439.9068648127136,455.9528503417969,131285936
1999-01-19,454.22473612727555,455.2121812058131,443.60970153299684,444.1034240722656,69167856
1999-01-20,445.33771980669616,452.9904189829753,445.33771980669616,451.26239013671875,57943344
1999-01-21,451.26240714204704,451.26240714204704,441.14109494684794,442.1285400390625,87807568
1999-01-22,436.2037902937995,436.2037902937995,425.83561870786883,426.5762023925781,75201360
1999-01-25,434.47584239714735,436.69759386395094,422.6265012408615,430.52606201171875,48118716
1999-01-26,427.0698965778151,431.0196759681301,419.66406022097436,423.1201171875,73722000
1999-01-27,427.56376802170035,427.56376802170035,413.4926740394619,415.220703125,72641056
1999-01-28,408.8021132181706,418.1828380383943,408.8021132181706,412.75189208984375,55383716
1999-01-29,415.7144175434345,416.20814012959056,402.63076901029785,405.8399658203125,75425184
1999-02-01,410.28354008389874,419.4174095081492,407.81492672599325,416.7019348144531,60717884
1999-02-02,416.7019242849963,424.25093289432033,412.2584203530473,422.13287353515625,54469064
1999-02-03,420.89847542646993,433.48840049787754,420.89847542646993,427.07000732421875,88700064
1999-02-04,436.9443730312566,445.8313772285025,432.50087093263363,439.9067077636719,69258640
1999-02-05,436.94453191943984,443.8566488085609,431.0198603001932,441.14117431640625,53540456
1999-02-08,439.9069193055871,445.33786892664375,435.4634150701771,441.63494873046875,71102336
1999-02-09,443.3628310247418,443.3628310247418,432.00721285818383,434.7226867675781,42614024
1999-02-10,434.72272857947934,434.72272857947934,424.6014157618992,427.5637512207031,46817356
1999-02-11,429.0448283939085,432.00716322746825,425.83563232421875,425.83563232421875,65827924
1999-02-12,429.04472528959343,430.03216999681916,418.18283351011,421.39202880859375,47381284
1999-02-15,419.66417647919667,430.5260728115994,415.7143959946866,428.3043212890625,40431788
1999-02-16,429.78546755423827,433.48838657394737,421.145323174917,422.87335205078125,60178736
1999-02-17,416.20797380719864,425.0949768066406,409.5427215576172,414.726806640625,82202896
1999-02-18,414.23322008371207,414.48008135908975,405.09935289473873,409.04913330078125,56056328
1999-02-19,409.7897875460253,412.75212335961106,406.8274517324396,408.55548095703125,40309280
1999-02-22,412.2583281455867,418.1829987297149,412.2583281455867,415.7143859863281,56187784
1999-02-23,419.66415556703333,424.6013809266455,417.19554288722725,422.87335205078125,75759464
1999-02-24,421.63908555772565,436.4507630363343,419.1704726446242,435.46331787109375,64401268
1999-02-25,430.5260771139182,438.42563816188,430.0323545484206,432.99468994140625,66443320
1999-02-26,432.99470161292095,441.88170803143015,422.6265274579936,438.91937255859375,71281360
1999-03-01,440.22539686838786,440.22539686838786,423.6430859375,425.864990234375,53309648
1999-03-02,425.86508184093225,426.1119601492459,416.2368278167025,419.94000244140625,59233368
1999-03-03,420.927509321215,426.6057103267211,417.9649696661683,423.1494140625,71353584
1999-03-04,427.5931430994275,446.84964723439015,427.0993865831464,445.3683776855469,103226176
1999-03-05,446.8497930021367,463.63752003205127,446.8497930021367,462.15625,140141216
1999-03-08,457.7419617502425,463.6374163650735,454.99667644346664,458.4529724121094,61727664
1999-03-09,458.4529077345325,465.1186204479587,456.7247599940146,459.19354248046875,70578064
1999-03-10,456.4780901480412,459.93438720703125,452.2811580049819,459.93438720703125,62121892
1999-03-11,476.72200541746014,506.10052361770755,453.96475007589237,504.37237548828125,197571328
1999-03-12,486.35004854031183,493.26263806271226,477.4624334400828,481.65936279296875,145583008
1999-03-15,486.7205765562053,486.7205765562053,476.96888354379337,480.67205810546875,102295424
1999-03-16,482.4198123623241,482.89382942439727,476.4749952909441,478.6968994140625,59803444
1999-03-17,479.9315134328562,497.70675467111016,479.1908783812623,494.2504577636719,79069248
1999-03-18,496.96610979904,515.4819857229983,494.4973263425122,507.5818786621094,133059712
1999-03-19,509.55680273437497,511.0380725097656,492.2753220214843,493.756591796875,105753888
1999-03-22,493.75673638264897,497.2130335373275,486.3503853369092,495.2380065917969,83503552
1999-03-23,494.25029253626536,504.6191797922709,493.7565360002651,494.7440490722656,66647764
1999-03-24,494.7440564954603,496.71908266909486,487.8314648877393,493.2627868652344,59276984
1999-03-25,493.2627876802439,501.16289238783537,491.04088323123375,499.1878662109375,74902712
1999-03-26,499.1875456145093,513.50647620088,499.1875456145093,512.0252075195312,88920608
1999-03-29,530.788304745985,540.6634359970731,528.3195219332129,531.7758178710938,95730680
1999-03-30,535.7260290221885,538.1948125660696,528.3196783905453,532.7634887695312,109077560
1999-03-31,529.3071389186933,530.7884088970106,514.9881957949601,517.703857421875,117771504
1999-04-01,514.4942599141167,517.9505553262077,495.731513391337,498.4471740722656,142859648
1999-04-02,498.4471740722656,498.4471740722656,498.4471740722656,498.4471740722656,0
1999-04-05,498.4471740722656,498.4471740722656,498.4471740722656,498.4471740722656,0
1999-04-06,502.3972313391119,503.63162257090335,494.74400570200504,499.4346923828125,115881656
1999-04-07,498.6941364052855,505.60672839506174,497.7066232638889,499.92852783203125,100799216
1999-04-08,499.92856601261354,505.60676700930003,495.2378782327421,504.37237548828125,66008856
1999-04-09,500.17530874614795,517.9505418309075,498.9952235391489,515.7286376953125,62936828
1999-04-12,512.0256613895305,515.481958043076,504.37243308525103,512.7662963867188,43325780
1999-04-13,514.2473628573141,524.3693704795655,514.2473628573141,518.9380493164062,56273864
1999-04-14,514.7414003977187,517.9508192011577,508.569441160336,509.8038330078125,66745596
1999-04-15,513.0128724140443,530.7881018720863,511.5316032925408,529.5537109375,89002008
1999-04-16,555.4761962890625,563.8700588107639,551.03238671875,555.4761962890625,141563456
1999-04-19,583.8670654296875,585.1014566885241,572.263787596624,583.8670654296875,75245008
1999-04-20,567.8200830732073,581.3983894075666,549.5510890960693,553.0073852539062,80735704
1999-04-21,552.019392783859,553.9944174449819,531.775390007349,536.7129516601562,101132496
1999-04-22,536.7135041464977,558.9325544561503,536.7135041464977,541.89794921875,79454384
1999-04-23,552.267693218282,553.0073637120864,536.2196401708267,537.2071533203125,58406148
1999-04-26,541.1573142084283,551.8965218580937,539.6760441877847,541.89794921875,56428656
1999-04-27,550.7853607055501,559.6729774627889,550.5384824622935,554.7354125976562,56039404
1999-04-28,564.3634668810614,575.71986210264,562.8821979391164,572.75732421875,63569604
1999-04-29,572.7579185482579,583.6205687276214,572.7579185482579,577.4486083984375,99330872
1999-04-30,580.4111942359207,590.5332099584526,578.9299236423793,582.1393432617188,82591680
1999-05-03,582.1393432617188,582.1393432617188,582.1393432617188,582.1393432617188,0
1999-05-04,586.8297245312832,596.6011870230882,578.3124231024531,580.410888671875,80803024
1999-05-05,591.0266728515625,595.470482421875,553.0074131944444,555.4761962890625,57812928
1999-05-06,555.4760311255446,567.8199429283345,551.5259793486518,555.9697875976562,72136560
1999-05-07,554.9823992494346,562.8825045768286,550.5385900027754,559.4262084960938,54410096
1999-05-10,557.883755762099,573.7452053523681,553.7480617923243,562.6356811523438,50339652
1999-05-11,560.4131592439915,572.7570614299825,551.0317935826383,562.38818359375,61775904
1999-05-12,562.38877725623,562.38877725623,533.257137345679,539.9228515625,76174704
1999-05-13,542.9474535941114,552.0197467649722,528.3194356337391,549.5509643554688,71002704
1999-05-14,552.7603142493977,559.4260259442318,542.1445511798469,544.366455078125,44531388
1999-05-17,544.3971886246551,546.9796708593484,538.7186691968243,539.7062377929688,37727816
1999-05-18,542.668686950091,544.6438232083261,531.3116534652393,534.0274658203125,46105844
1999-05-19,533.2872736150568,546.1256709428267,525.8805059259588,543.1629638671875,106770768
1999-05-20,543.1626745922392,556.9886335818599,543.1626745922392,551.5570068359375,44236664
1999-05-21,552.0510029815821,565.3831828389191,550.5696496641002,562.173583984375,31682472
1999-05-24,563.901356143296,578.2210928579682,562.9137880940083,567.604736328125,24768984
1999-05-25,560.4453526504476,561.4329215537964,544.3973579710295,558.47021484375,64608084
1999-05-26,556.9886532129418,567.8519070876623,554.519731877778,565.8767700195312,46246916
1999-05-27,565.876981618866,574.2713172973308,556.001292585378,558.47021484375,39128276
1999-05-28,546.125380090015,554.0259280840841,543.1626745922392,551.5570068359375,51657720
1999-05-31,551.5570068359375,551.5570068359375,551.5570068359375,551.5570068359375,0
1999-06-01,547.112829683279,565.8766270911892,544.6439089717118,548.3472900390625,42385220
1999-06-02,556.3467532114481,556.3467532114481,544.3971971221407,554.519775390625,35884356
1999-06-03,556.4950100844937,562.3167473577702,553.5323037308939,555.7543334960938,32126320
1999-06-04,545.6317534546279,560.1983930264935,545.1379690623612,555.7543334960938,31184608
1999-06-07,556.988882244631,561.6798347103438,553.5323909541058,560.4453735351562,34108036
1999-06-08,561.4326662528641,562.9140189342701,555.2603634136726,558.9637451171875,27166680
1999-06-09,558.9638341426424,560.4451870599817,549.5819323328278,554.519775390625,29802792
1999-06-10,554.0701749125594,566.3703535216135,553.0905029341363,563.654541015625,70308560
1999-06-11,565.3829817219354,577.2338040462379,562.9140604043723,575.2586669921875,36583336
1999-06-14,572.1676400802228,572.1676400802228,563.4079110357496,568.8395385742188,49759120
1999-06-15,567.8815101126788,584.6405176400634,567.8815101126788,583.8998413085938,41301512
1999-06-16,584.3937852989216,599.4542081562238,584.3937852989216,588.09716796875,58816608
1999-06-17,587.8503195129679,590.0723492801316,579.2090926406647,582.9124755859375,28168500
1999-06-18,583.1594439143341,594.6063585758613,581.1843060856658,582.171875,64692180
1999-06-21,585.1341689294674,586.1217371470698,578.22119140625,578.22119140625,25582692
1999-06-22,575.2586354240904,576.2462038969214,565.8767349321953,573.7772827148438,15936224
1999-06-23,572.7895470348466,580.6900925111893,569.3330583889466,579.208740234375,45879348
1999-06-24,574.0982545237931,587.6032413344785,571.8021457691817,573.7772827148438,27566804
1999-06-25,573.2836303710938,576.7401208212209,567.852002520894,573.2836303710938,26997992
1999-06-28,574.271102559088,574.271102559088,563.4078486843675,565.8767700195312,25672416
1999-06-29,566.3705987293382,567.8519516466774,551.5570695559467,554.519775390625,67116976
1999-06-30,553.9649749556024,566.864612965177,553.5324313013618,561.4329833984375,55102428
1999-07-01,566.3702566297559,582.66512887804,566.3702566297559,581.1837768554688,75972368
1999-07-02,581.18410358219,589.5784364291716,576.2462607310244,583.1592407226562,38324536
1999-07-05,583.1593228318403,607.8485405639251,583.1593228318403,606.3671875,58851612
1999-07-06,607.8484876478041,610.8882267636222,600.441722972973,602.91064453125,68292864
1999-07-07,597.9732269822506,602.4172889499139,587.1099643946292,591.0602416992188,59055220
1999-07-08,594.4126848071618,604.3920472797595,593.0350071756463,600.4417724609375,51006128
1999-07-09,573.2835371674084,605.8732989702069,573.2835371674084,602.4168090820312,55562324
1999-07-12,606.8610285243125,627.1061889551479,605.8734597228082,621.674560546875,53712208
1999-07-13,624.6370969807746,628.0935868454903,610.3173532555236,611.7987060546875,44348700
1999-07-14,617.2305009401063,626.6124045543958,616.4898243389781,621.674560546875,64475852
1999-07-15,624.6372516795356,640.191459922939,617.2304858493434,634.512939453125,99417296
1999-07-16,634.1621946241214,645.1291235437933,627.1059983931248,628.0935668945312,47591540
1999-07-19,630.0683836325621,637.4751436282427,615.2548636412009,616.242431640625,37155368
1999-07-20,613.2798920545415,616.2425968470756,607.3544824694735,607.8482666015625,46151028
1999-07-21,612.4900103319343,612.4900103319343,584.146781652114,587.603271484375,102929456
1999-07-22,591.0598442039297,598.0715575935303,582.6655105769734,589.5784912109375,58058720
1999-07-23,587.6033144841011,599.9479219312461,587.6033144841011,591.5535888671875,64113376
1999-07-26,599.948251827343,599.948251827343,574.2714542182716,584.6409301757812,60631976
1999-07-27,584.6408073800934,592.5413588311758,579.7029627231669,581.6781005859375,58924976
1999-07-28,581.6779600918595,592.5412157132694,580.1966070525763,585.6282348632812,45862132
1999-07-29,585.1343660938496,594.5162673223587,577.7276019660794,580.6903076171875,44196972
1999-07-30,589.7764310598583,602.4163216604313,584.146318462533,595.9971313476562,61491476
1999-08-02,593.5288606932382,598.4667047921836,583.1593880854529,596.9853515625,43133948
1999-08-03,593.0353803515136,597.4794423191769,587.6037490577029,591.0602416992188,28567496
1999-08-04,593.0350762833436,601.9231956614453,592.0475074635546,596.9853515625,38757228
1999-08-05,595.5033474774427,601.9225377902179,588.5903732944543,595.9971313476562,46393140
1999-08-06,604.3920472797595,606.8609690415232,592.5412228232935,600.4417724609375,39758416
1999-08-09,605.3797298004076,614.7616342589783,602.41702312928,603.8983764648438,44570652
1999-08-10,606.3671562101404,622.1682547433036,603.4044502351722,604.8858032226562,80400240
1999-08-11,603.1573878624628,604.8856325268251,593.5285961610153,595.0099487304688,52557508
1999-08-12,603.4043795164024,608.3422222293026,598.9603210747922,605.3795166015625,36069832
1999-08-13,602.4169743814576,612.2926624860717,596.4915615186892,609.3299560546875,36070852
1999-08-16,610.8419971079335,612.3234247484539,603.9286681188381,608.8667602539062,30357004
1999-08-17,606.8915228540318,608.8667597062826,599.2374800515603,605.4100952148438,41133484
1999-08-18,607.3849778183057,615.9031817755138,601.4592707176394,611.33544921875,53187628
1999-08-19,609.8541533057369,611.3355803987873,594.0522643131995,595.53369140625,65092968
1999-08-20,602.9409790039062,604.4224064707463,595.5338416697059,602.9409790039062,39624836
1999-08-23,599.9782975852636,608.3730556584729,597.5092510931431,603.9287719726562,48327208
1999-08-24,603.9283504077591,609.8540578524795,598.0026429630386,599.4840698242188,32465492
1999-08-25,603.6815771726099,608.3727632528878,597.0151548480043,598.49658203125,35305972
1999-08-26,591.5834680448916,591.5834680448916,568.8682430615319,573.8063354492188,81826312
1999-08-27,576.768828260516,584.1759621850946,568.374076479327,569.3616943359375,44004992
1999-08-30,569.3616943359375,569.3616943359375,569.3616943359375,569.3616943359375,0
1999-08-31,572.5963427300835,579.7318598231196,568.8680600649351,570.3494873046875,66847948
1999-09-01,575.2873748129987,581.7068905834442,572.3245213804854,580.2254638671875,74082384
1999-09-02,576.6653247262492,584.1761415423769,568.3742509850176,570.3494873046875,39538272
1999-09-03,569.3618898359175,592.5709174354736,569.3618898359175,578.7442626953125,32158160
1999-09-06,582.6947354782156,584.6699718696673,575.2875990102723,578.7442626953125,38723880
1999-09-07,580.2261299740485,583.1889868079585,568.8685121107267,570.84375,49157532
1999-09-08,576.2754251671671,577.2630437192959,558.9921005049126,565.41162109375,65496760
1999-09-09,564.9176079551514,584.0200993252263,560.9671351722483,578.7442626953125,101967352
1999-09-10,585.1638016247568,598.9904568530212,584.6699925094617,587.1390380859375,84329232
1999-09-13,591.7805149107029,591.7805149107029,570.8430084280504,579.7315673828125,41852140
1999-09-14,586.6452446048652,595.0399997886049,577.1394188821012,581.7071533203125,54283836
1999-09-15,580.2256844260476,580.4725889726119,560.9671297940341,564.9176025390625,70785280
1999-09-16,562.9424583537697,562.9424583537697,549.1158014819226,550.5972290039062,52346488
1999-09-17,553.5602595698726,555.5354968921558,544.6420341256234,548.1283569335938,48618540
1999-09-20,553.0662389399233,556.5229029332978,545.6591018112637,547.6343383789062,53594984
1999-09-21,555.2884040040856,556.0291177488665,527.3881862840049,537.7581787109375,77291008
1999-09-22,533.8077490301386,550.1034527470623,528.8696569947072,539.7334594726562,64114812
1999-09-23,540.7209529180349,565.9052164786009,540.7209529180349,554.547607421875,90476384
1999-09-24,565.9053108173489,565.9053108173489,533.3139054823183,540.2272338867188,57051064
1999-09-27,543.1900889171761,545.6591347758905,531.3386687953468,540.2272338867188,48623384
1999-09-28,540.721200862401,540.721200862401,524.4254934391505,525.9069213867188,48786956
1999-09-29,534.7952203436212,541.7085472917382,519.4871392442193,539.239501953125,53256172
1999-09-30,543.6838652436211,552.5724297980126,525.9067361348378,547.6343383789062,47829848
1999-10-01,545.1651268240639,568.3741494334216,545.1651268240639,560.4732055664062,96900376
1999-10-04,564.9175874255952,572.8185327042748,560.9671147862554,570.3494873046875,15397388
1999-10-05,563.9299786748852,565.9052150275118,547.1404696775594,551.0909423828125,23357892
1999-10-06,548.1280878538727,552.5723696472825,541.2147606196796,551.0909423828125,15162274
1999-10-07,554.0537620824474,562.942325110508,548.1280533970736,551.584716796875,21907802
1999-10-08,553.0662706163195,553.0662706163195,529.3634304470486,533.3139038085938,30094892
1999-10-11,532.3264247511399,533.3140433499361,522.4502387631782,531.3388061523438,26957972
1999-10-12,536.2765949774226,547.1403934023796,533.3137408615253,538.2518310546875,67627920
1999-10-13,533.3137421493733,564.9175194619288,531.3385060673386,556.5227661132812,52341992
1999-10-14,554.0540335286458,568.8683125,553.0664149305555,555.5354614257812,61661264
1999-10-15,550.1031956781535,550.5970046509347,533.3136906035959,540.7208251953125,31058320
1999-10-18,540.029380177575,554.053564453125,533.3135914522059,545.6588134765625,16140443
1999-10-19,527.3880634993958,554.0537521032978,527.3880634993958,549.1156616210938,20703976
1999-10-20,547.634280169955,556.5228437795665,544.6714256334178,554.547607421875,21959248
1999-10-21,556.5227038574219,568.8679279891304,553.0660411005434,567.8803100585938,20938740
1999-10-22,567.8807357594936,587.1392998417722,562.9426424050632,585.1640625,23141214
1999-10-25,574.3989700033444,587.6330837319476,564.424045971106,567.3869018554688,17799776
1999-10-26,577.6577659095846,577.6577659095846,553.0660547217955,562.4484252929688,18242292
1999-10-27,562.448411440642,569.8555459196671,552.0784231700068,567.8803100585938,17477076
1999-10-28,565.4112662622484,584.6698159427966,559.4855586682336,582.694580078125,39224844
1999-10-29,582.6947285057023,584.6699648735182,571.8309284827146,583.1885375976562,36027736
1999-11-01,583.1886848554219,583.1886848554219,567.8805991394879,576.7691650390625,19716198
1999-11-02,574.8927618365685,577.2630705837673,554.0540335286458,555.5354614257812,31940444
1999-11-03,556.5228858803804,564.91764103563,546.152894218013,549.6095581054688,37163120
1999-11-04,545.1650045955882,558.0040355009191,537.2640625,545.6588134765625,25610622
1999-11-05,548.1286085202821,552.079084978086,533.3143218035178,534.3019409179688,22395588
1999-11-08,542.2023142892143,575.7813282889107,538.2518420539559,558.9918212890625,44772632
1999-11-09,568.8680591967282,591.5832768382642,568.8680591967282,588.6204223632812,61186016
1999-11-10,588.6200294020557,606.6934175778183,585.6571769050655,596.0271606445312,38631784
1999-11-11,593.5585462340315,614.2985287147546,593.5585462340315,606.3975830078125,52002800
1999-11-12,606.3977136409691,615.2862794760973,596.5215293797155,605.4100952148438,31513418
1999-11-15,605.4100682551442,619.2367256051801,600.471976344417,601.4595947265625,24804924
1999-11-16,605.7063630299373,626.1500763156919,596.5215238086402,623.6810302734375,43956984
1999-11-17,622.2291593731574,636.5503066920634,621.241494040819,628.1551513671875,32159972
1999-11-18,622.2290327417569,634.0810143177903,615.315376822404,627.1673583984375,37981460
1999-11-19,622.2295383289099,634.6741049825504,615.315876791922,619.2665405273438,26301608
1999-11-22,619.2663495180418,640.9949933607801,603.4636994505958,617.7848510742188,23973906
1999-11-23,620.9454240196776,617.2910489534077,598.5254010652241,600.500732421875,41490308
1999-11-24,597.5373651796747,607.4140158438015,583.7100542498971,599.5126953125,32449752
1999-11-25,634.0809936523438,634.0809936523438,634.0809936523438,634.0809936523438,19499168
1999-11-26,633.1926060817673,641.9828570060182,617.291208659633,619.2665405273438,23415698
1999-11-29,627.1677958010879,641.9827831034758,607.414479397904,629.1431274414062,30465644
1999-11-30,634.47636772823,634.47636772823,614.3279665764596,630.130615234375,28856288
1999-12-01,630.624608257387,632.1061069455407,601.488467390366,625.686279296875,35456980
1999-12-02,623.0197649395695,631.1186390305484,607.4146525880864,615.809814453125,31776344
1999-12-03,615.809814453125,615.809814453125,615.809814453125,615.809814453125,28858846
1999-12-06,611.661415294819,617.2911223874598,606.4267986334405,614.328125,18231122
1999-12-07,605.4389567589624,618.2786083704901,596.5499671817508,603.9574584960938,20991674
1999-12-08,605.9328665923451,610.871194763432,591.6117148961936,606.9205322265625,19518160
1999-12-09,603.4638087935189,630.1307856141817,603.4638087935189,627.66162109375,17422302
1999-12-10,615.8094643168895,633.9825343695624,613.3403004663807,618.7724609375,19217884
1999-12-13,618.2786573091887,627.1676475899917,608.4020014416297,612.8464965820312,19710960
1999-12-14,614.3283153004711,624.2049763181636,607.4146525880864,615.809814453125,26025814
1999-12-15,614.3280602043839,627.1677141957938,606.4267346712086,625.1923828125,22557876
1999-12-16,625.1924916783195,642.9704772236746,617.7849977010883,634.5753173828125,33392588
1999-12-17,631.1184312513658,645.9334179004588,617.2911103788789,635.5629272460938,36036748
1999-12-20,633.0935819965106,634.3775350829417,621.2415960620986,624.6984252929688,17449208
1999-12-21,624.6987031635485,624.6987031635485,614.3282108580667,619.2665405273438,23943072
1999-12-22,615.3155718880103,621.5378521315384,604.451251999137,607.9080810546875,16152707
1999-12-23,613.3402547002996,621.2415784323485,605.4389309682507,610.3772583007812,9377217
1999-12-24,612.3529830969327,617.2913136057789,606.4269864863171,615.809814453125,2426191
1999-12-27,615.809814453125,615.809814453125,615.809814453125,615.809814453125,0
1999-12-28,615.809814453125,615.809814453125,615.809814453125,615.809814453125,0
1999-12-29,602.4760394832952,617.2910240607532,602.4760394832952,607.4143676757812,8554648
1999-12-30,599.0191887177616,619.7601663980139,599.0191887177616,614.8218383789062,5423643
1999-12-31,614.8218383789062,614.8218383789062,614.8218383789062,614.8218383789062,0
2000-01-03,614.8218383789062,614.8218383789062,614.8218383789062,614.8218383789062,0
2000-01-04,599.5131894310049,599.5131894310049,582.7228694634149,588.6488647460938,40348880
2000-01-05,590.1303635667634,600.5008553114513,575.8092083002897,588.6488647460938,28571116
2000-01-06,590.6240445260589,599.5130351627388,579.7597226367836,594.57470703125,22156052
2000-01-07,597.5377390492501,606.2291850153189,579.2659238882401,589.6364135742188,41984936
2000-01-10,581.241286560006,598.5254369674827,567.4139662340245,572.352294921875,37794644
2000-01-11,572.3521803001022,577.7843407688694,554.080367814249,562.4755249023438,34813720
2000-01-12,566.42618975723,576.7966779742325,559.0186981736567,562.9693603515625,30594150
2000-01-13,567.4139194605541,573.833746225556,548.1544391655483,563.4632568359375,43095676
2000-01-14,569.8834336679193,571.3649330622034,543.216444570807,546.179443359375,65143312
2000-01-17,546.1787572820873,555.0677424819767,539.7589346377229,543.7095947265625,32402000
2000-01-18,545.6850781886698,567.4137147862277,542.2282496390583,549.1419067382812,40240612
2000-01-19,558.0314214409722,565.735205999083,547.1670928819444,555.562255859375,44246508
2000-01-20,559.9074703570229,561.9815433284415,529.8824217850771,536.30224609375,32954232
2000-01-21,545.6855935329861,571.8587486979167,538.7719299045139,555.562255859375,44939468
2000-01-24,556.7469317202082,585.1916797955831,548.154231707255,568.8952026367188,24470320
2000-01-25,561.4879369072736,564.9447667738971,543.2161218979779,554.0804443359375,20941718
2000-01-26,554.0804126636402,557.5372423326647,533.8332674593539,548.1544189453125,32838588
2000-01-27,542.0307045226193,560.9938903369492,542.0307045226193,549.1419067382812,21384432
2000-01-28,550.1300588310785,557.5375551349081,536.3027323972632,548.6485595703125,23182232
2000-01-31,547.6605891620412,554.080415725708,532.3517719717587,537.2901000976562,22623496
2000-02-01,544.0059170730057,556.5492757161459,529.882318405878,539.26513671875,25129392
2000-02-02,541.2404174804688,541.2404174804688,541.2404174804688,541.2404174804688,39929784
2000-02-03,538.2779177476065,521.4875973774977,497.78361567852045,519.0184326171875,166635504
2000-02-04,497.2895202636719,497.2895202636719,497.2895202636719,497.2895202636719,64999616
2000-02-07,503.70953295604295,503.70953295604295,486.9192151908415,491.8575439453125,96758456
2000-02-08,491.8575003399738,501.73415697330665,481.980843706641,489.3883361816406,79210392
2000-02-09,460.2521667480469,460.2521667480469,460.2521667480469,460.2521667480469,57681280
2000-02-10,481.4868469238281,481.4868469238281,481.4868469238281,481.4868469238281,68482176
2000-02-11,481.48689468908856,488.894385376613,454.32609550149897,473.5855712890625,75311928
2000-02-14,482.96862089448257,482.96862089448257,458.2769736094886,475.5611267089844,35680052
2000-02-15,468.1534729003906,468.1534729003906,468.1534729003906,468.1534729003906,62915520
2000-02-16,504.2033996582031,504.2033996582031,504.2033996582031,504.2033996582031,56586520
2000-02-17,487.6104276968389,521.4873393925839,491.8573769270962,500.2525329589844,44068156
2000-02-18,480.0055236816406,480.0055236816406,480.0055236816406,480.0055236816406,22898008
2000-02-21,462.7212219238281,462.7212219238281,462.7212219238281,462.7212219238281,24859272
2000-02-22,440.49884033203125,440.49884033203125,440.49884033203125,440.49884033203125,38664624
2000-02-23,448.43126482947963,458.3086054644902,441.3195675149714,452.8760681152344,59050376
2000-02-24,439.0478210449219,439.0478210449219,439.0478210449219,439.0478210449219,33911156
2000-02-25,441.5172668060699,458.3087512259876,439.54179805078553,456.3332824707031,33820636
2000-02-28,457.3208956072674,468.6798379387654,439.54168152318357,455.83929443359375,26872200
2000-02-29,459.7901767202524,490.9037977013221,459.7901767202524,481.52032470703125,48501060
2000-03-01,481.0267028808594,481.0267028808594,481.0267028808594,481.0267028808594,38985456
2000-03-02,489.71853659362165,500.78117016139083,477.5694196706755,495.3486328125,29665120
2000-03-03,499.79357749537417,500.7813118382504,485.9652966951069,487.9407653808594,26516540
2000-03-06,489.4223068221845,494.85484504119967,477.07562905169544,487.44683837890625,20838890
2000-03-07,487.4469009535249,502.75678335429416,483.00209638555964,499.2997131347656,40686592
2000-03-08,547.6986083984375,547.6986083984375,547.6986083984375,547.6986083984375,136769312
2000-03-09,544.2413034049301,550.1677059828423,528.4375631971645,543.7474365234375,33271990
2000-03-10,537.5247532549665,555.1064030744028,537.3271944350091,545.2290649414062,52899732
2000-03-13,543.2536029641963,549.1800059056238,531.4007970813411,542.265869140625,33347864
2000-03-14,542.9574754225561,546.2169860669195,527.4500371785443,529.9193725585938,27400940
2000-03-15,530.4131724223333,564.4899963489079,530.4131724223333,547.2046508789062,84941584
2000-03-16,569.9226897333709,577.8245641144229,557.0821438641616,561.0330810546875,68601312
2000-03-17,560.0451932280503,567.9470654429082,540.2905126909056,547.2046508789062,44108876
2000-03-20,547.2047689552131,557.0821113551267,533.3764895953341,535.8458251953125,23784692
2000-03-21,535.1542649214633,551.1555676525467,524.4867498629073,541.7720947265625,39475624
2000-03-22,540.6858817362379,548.1926397150213,533.8704896684127,543.2539672851562,37719152
2000-03-23,546.6124545231322,546.6124545231322,526.4626407801547,528.4381103515625,24090596
2000-03-24,537.6234303345337,541.27805701033,525.9681849598554,534.8577880859375,50410252
2000-03-27,529.4256250000001,529.4256250000001,503.74453125,506.2138671875,22240386
2000-03-28,509.5720914791477,524.486853596768,505.7199040330418,508.1892395019531,16508125
2000-03-29,503.7441499700957,518.5601543809809,499.5956566777526,516.0908203125,35920492
2000-03-30,531.4010525523956,542.7599969842777,525.4746467618485,535.3519897460938,48098072
2000-03-31,541.7723373772272,579.800113109266,541.7723373772272,566.4656982421875,70493504
2000-04-03,560.5391782147666,566.4655836232047,538.3151579331238,550.16796875,40131136
2000-04-04,550.167852959478,567.9470654429082,544.2414487983345,547.2046508789062,60556400
2000-04-05,540.784423828125,540.784423828125,540.784423828125,540.784423828125,24000
2000-04-06,542.2661694424555,549.674177221724,525.4746851427802,544.2416381835938,36392000
2000-04-07,544.2414061380089,551.1555437840453,533.3763326942374,538.3150024414062,28012618
2000-04-10,538.3151607952909,543.2538319952477,528.4378183953773,535.8458251953125,30504552
2000-04-11,535.8455937150596,554.217418527838,534.3639929951102,545.2290649414062,42643776
2000-04-12,546.2169188319696,551.1555889841574,513.1278288123113,531.894775390625,29298926
2000-04-13,540.7843413800824,549.6739469918099,531.8947357683551,536.3395385742188,46372080
2000-04-14,541.0810823862985,546.7111825018925,521.5239464516699,524.9810180664062,60662968
2000-04-17,518.5601771895755,527.9436470625296,509.6705741520399,520.53564453125,249653376
2000-04-18,498.805844755512,519.9433838756012,491.3978371601331,499.7935791015625,147930272
2000-04-19,501.7692817152978,518.5607734262428,501.7692817152978,514.115966796875,115338992
2000-04-20,510.6582673062983,528.4374719707342,508.68280012136097,526.9558715820312,92213352
2000-04-21,526.9558715820312,526.9558715820312,526.9558715820312,526.9558715820312,0
2000-04-24,526.9558715820312,526.9558715820312,526.9558715820312,526.9558715820312,0
2000-04-25,526.561100845804,559.0575815561655,522.0175474424619,548.1925048828125,112674336
2000-04-26,549.1805739655997,566.4659337576824,544.2418997392904,548.6867065429688,167081664
2000-04-27,535.6483513794071,563.9963406276275,555.3042899922472,550.6619262695312,73823168
2000-04-28,555.106614824025,564.9839567248083,545.7231400182808,547.6986083984375,61149752
2000-05-01,547.6986083984375,547.6986083984375,547.6986083984375,547.6986083984375,0
2000-05-02,551.1554397458276,551.1554397458276,534.3639657750766,543.7474365234375,50617784
2000-05-03,548.1926051509024,563.0086215063321,541.7723313968828,544.7355346679688,82665216
2000-05-04,551.6492606011187,557.081795844281,550.1676600802563,552.1431274414062,19465744
2000-05-05,559.0575081961496,583.7508610316685,557.082039969308,580.7876586914062,72062200
2000-05-08,592.6406323610239,597.5793042973658,580.7878197138034,589.6774291992188,48834108
2000-05-09,570.4163818359375,570.4163818359375,570.4163818359375,570.4163818359375,75273432
2000-05-10,567.9471130889219,585.5287681846344,564.9839107597624,581.775390625,55461328
2000-05-11,573.8738230220607,609.4322698874552,572.8860883869108,602.5181274414062,68001672
2000-05-12,602.5181902102261,605.4813944243747,573.3800154377643,591.1592407226562,52334436
2000-05-15,595.6356666685639,597.1173474314211,582.3005398028498,593.1661987304688,44450808
2000-05-16,602.5501768952305,602.5501768952305,587.0419061860437,593.1661987304688,31523804
2000-05-17,592.6726908623417,592.6726908623417,580.819237045095,585.2642822265625,25780774
2000-05-18,583.7826434535265,611.4407043954872,582.7948555627421,605.5139770507812,40412772
2000-05-19,604.5258007331435,616.3792478063423,598.599077196544,601.5624389648438,32173036
2000-05-22,606.0077567290639,611.4405891039781,589.7092596043213,606.9955444335938,53774696
2000-05-23,604.0320855190879,605.5137668408846,592.6725287186472,600.5748291015625,49310212
2000-05-24,602.3529065340981,608.7735263616619,581.8069351438492,591.19091796875,48125780
2000-05-25,597.611481552824,597.611481552824,581.8068803877906,592.1786499023438,47122104
2000-05-26,589.7089436171354,602.5501768952305,580.3249654523736,593.1661987304688,33480940
2000-05-29,593.1661987304688,593.1661987304688,593.1661987304688,593.1661987304688,0
2000-05-30,583.782470703125,600.5748598773266,577.8557451122304,583.782470703125,34444816
2000-05-31,601.0684204101562,601.6610685247398,597.9074897896575,601.0684204101562,35644984
2000-06-01,601.0684204101562,605.3158926706373,601.0684204101562,601.0684204101562,23899624
2000-06-02,617.8609619140625,623.2937921147458,617.8609619140625,617.8609619140625,51801724
2000-06-05,614.403564453125,616.1815691411831,610.254846654497,614.403564453125,31586980
2000-06-06,603.5382169087728,624.2817562787961,603.5382169087728,616.3794555664062,52428996
2000-06-07,614.6999231261344,625.763151115405,597.6112177187372,599.5867919921875,66162544
2000-06-08,615.3915905545491,614.4038030897746,588.2274352732488,613.416015625,39816768
2000-06-09,596.1295034525095,622.799754642597,596.1295034525095,614.403564453125,30642004
2000-06-12,614.7002442700127,616.3794953377017,597.6115299347908,612.4283447265625,51017540
2000-06-13,619.342916400988,631.1963693464614,617.8612347828039,623.2940673828125,32055116
2000-06-14,625.7632446289062,625.7632446289062,625.7632446289062,625.7632446289062,29241728
2000-06-15,628.035369385621,631.1963018912313,609.4649738135989,610.9466552734375,38240368
2000-06-16,607.983331649829,629.2207672801643,604.5260746867513,618.3551025390625,38665664
2000-06-19,615.9839975369057,635.1470909601525,613.1194511854231,624.2814331054688,40339316
2000-06-20,620.3307927592074,625.2697321920036,616.5772108482398,616.87353515625,35326032
2000-06-21,622.3062133789062,622.3062133789062,622.3062133789062,622.3062133789062,34917120
2000-06-22,630.2084350585938,630.2084350585938,630.2084350585938,630.2084350585938,88388080
2000-06-23,634.653564453125,634.653564453125,634.653564453125,634.653564453125,27978936
2000-06-26,641.0739135742188,641.0739135742188,641.0739135742188,641.0739135742188,24048080
2000-06-27,624.7754516601562,624.7754516601562,624.7754516601562,624.7754516601562,41469648
2000-06-28,611.4404296875,611.4404296875,611.4404296875,611.4404296875,44230876
2000-06-29,615.8854370117188,615.8854370117188,615.8854370117188,615.8854370117188,46909976
2000-06-30,626.25732421875,626.25732421875,626.25732421875,626.25732421875,49324112
2000-07-03,640.0859985351562,640.0859985351562,640.0859985351562,640.0859985351562,51444448
2000-07-04,622.3062133789062,622.3062133789062,622.3062133789062,622.3062133789062,34858828
2000-07-05,593.1661987304688,593.1661987304688,593.1661987304688,593.1661987304688,104181424
2000-07-06,597.117431640625,597.117431640625,597.117431640625,597.117431640625,38554848
2000-07-07,609.4652099609375,609.4652099609375,609.4652099609375,609.4652099609375,51173060
2000-07-10,607.4893798828125,607.4893798828125,607.4893798828125,607.4893798828125,31400384
2000-07-11,617.3674926757812,617.3674926757812,617.3674926757812,617.3674926757812,52075916
2000-07-12,610.45263671875,610.45263671875,610.45263671875,610.45263671875,40561356
2000-07-13,602.056640625,602.056640625,602.056640625,602.056640625,41732612
2000-07-14,593.1661987304688,593.1661987304688,593.1661987304688,593.1661987304688,22872604
2000-07-17,572.9166259765625,572.9166259765625,572.9166259765625,572.9166259765625,51957140
2000-07-18,575.3861694335938,575.3861694335938,575.3861694335938,575.3861694335938,55141072
2000-07-19,591.6845703125,591.6845703125,591.6845703125,591.6845703125,59834096
2000-07-20,578.84326171875,578.84326171875,578.84326171875,578.84326171875,41102304
2000-07-21,563.0386962890625,563.0386962890625,563.0386962890625,563.0386962890625,45446024
2000-07-24,557.6058349609375,557.6058349609375,557.6058349609375,557.6058349609375,31091538
2000-07-25,561.0631103515625,561.0631103515625,561.0631103515625,561.0631103515625,41233532
2000-07-26,568.9654541015625,568.9654541015625,568.9654541015625,568.9654541015625,36573888
2000-07-27,574.8926391601562,574.8926391601562,574.8926391601562,574.8926391601562,49681488
2000-07-28,586.2520751953125,586.2520751953125,586.2520751953125,586.2520751953125,49112792
2000-07-31,576.8680419921875,576.8680419921875,576.8680419921875,576.8680419921875,34245220
2000-08-01,566.0020141601562,566.0020141601562,566.0020141601562,566.0020141601562,25780952
2000-08-02,574.8924137288002,592.1786976467624,574.8924137288002,589.709228515625,38920188
2000-08-03,593.6602324471862,609.4648309815539,592.6724450387883,596.3272705078125,56087312
2000-08-04,598.1051804330148,598.1051804330148,584.7700525455734,590.4992065429688,31242800
2000-08-07,591.6846249265889,605.513647879798,591.6846249265889,601.2661743164062,38862888
2000-08-08,597.6115919278398,610.4528327461239,585.7581388648083,601.3651733398438,54080264
2000-08-09,581.8067558173161,591.6846294305134,576.8678190107175,580.6213989257812,46573344
2000-08-10,583.7823104198669,585.757885074418,568.9655005107332,577.0653686523438,47696312
2000-08-11,590.2031782009458,593.6604353117463,583.7825578523162,588.7214965820312,24862828
2000-08-14,592.7055009152165,592.7055009152165,578.9744660267654,581.8392333984375,25925388
2000-08-15,588.7544710529384,600.6085879197761,587.766627980702,595.6693725585938,43422476
2000-08-16,590.7298581996259,608.5110244999491,585.7906453384251,606.5353393554688,44418588
2000-08-17,609.9932141113281,625.3047846679688,606.0418410644531,617.4020385742188,33977664
2000-08-18,621.3534079502303,631.7257621369989,617.4020349266995,619.8716430664062,41861564
2000-08-21,624.3168006011526,628.2681727568562,614.4383702118939,621.353271484375,20266632
2000-08-22,622.3414633307658,642.0983351825362,622.3414633307658,631.2320556640625,38653248
2000-08-23,632.7132276411027,643.0855756352191,631.2314636419433,638.1463623046875,32927764
2000-08-24,638.1468481063843,642.3945627456706,626.2927270889282,632.2197875976562,46732096
2000-08-25,625.7984120855189,632.2193902679276,622.834883693638,626.7862548828125,30358286
2000-08-28,626.7862548828125,626.7862548828125,626.7862548828125,626.7862548828125,0
2000-08-29,635.1832312554889,637.15891782238,628.26832827137,632.713623046875,28236464
2000-08-30,639.6283015982186,641.4064068258853,631.2316366351532,634.6890869140625,34388644
2000-08-31,635.9731166245624,637.15853992025,622.6372402076269,629.2557983398438,48545040
2000-09-01,627.774109878009,638.640380859375,617.4017603048869,638.640380859375,37532092
2000-09-04,637.1584321243921,654.9395976720496,630.2435344114142,641.1098022460938,33600212
2000-09-05,652.4702706100196,661.3608571891115,643.0857625543115,646.543212890625,45034448
2000-09-06,648.0248315045575,655.038490777063,646.0491460426533,648.222412109375,43007388
2000-09-07,658.3972778320312,673.7088424327761,650.0006133735583,658.3972778320312,68052888
2000-09-08,651.9761918859124,658.8910908907629,642.0977647361258,643.5795288085938,32419658
2000-09-11,644.5678664280788,666.7943445807712,631.2319795364634,660.17578125,51252168
2000-09-12,663.8302921320908,669.7573483118415,655.9275505590897,664.4229736328125,51260828
2000-09-13,656.9155415568247,658.8912273960933,642.0978977623098,650.5933227539062,48451420
2000-09-14,646.5431466946014,646.5431466946014,623.3288396704256,626.0947875976562,62262736
2000-09-15,629.2556206032082,643.579335671884,621.8468024642378,640.1218872070312,72032864
2000-09-18,637.159165996668,654.940352024482,637.159165996668,645.75341796875,47279140
2000-09-19,655.9274788190517,660.6691111856243,638.1463122245592,654.9396362304688,32403824
2000-09-20,639.1344614714254,639.1344614714254,624.316815533139,634.2940063476562,58003280
2000-09-21,632.219739082532,636.6650341229561,610.48718555157,616.4142456054688,58782364
2000-09-22,614.4382085690553,616.4138941271551,595.1752743775817,601.5962524414062,36985884
2000-09-25,597.6448456579898,598.4351077754395,581.3454407764082,587.7664184570312,47799568
2000-09-26,592.7057358521913,599.6206361038003,587.2725999402129,589.3470458984375,29117220
2000-09-27,593.6935314845134,602.0901954073393,590.7300030411631,597.546142578125,38067628
2000-09-28,602.5841419858865,602.5841419858865,583.8151277273097,587.371337890625,65242220
2000-09-29,589.7422655179569,591.7179514995917,580.8516786006007,585.7908935546875,38045560
2000-10-02,594.6813861123876,609.4990286234937,589.742171942019,604.559814453125,37310696
2000-10-03,601.5967258762669,614.4386921100788,600.6088823198198,603.0784912109375,38503372
2000-10-04,602.0903525281308,610.4870186421408,592.7058433418842,595.6693725585938,30202096
2000-10-05,592.7056811710172,596.6570523788239,587.7664671612587,590.4336547851562,32463152
2000-10-06,597.1510302840851,609.0051450291786,592.5081566169611,601.3987426757812,65823340
2000-10-09,602.5843004392134,611.771229354491,597.6450848618427,603.5721435546875,17975756
2000-10-10,607.0292626301339,620.3651373990629,607.0292626301339,616.2161865234375,67218616
2000-10-11,610.9805625285983,639.1340726855345,609.9927200669514,631.0337524414062,66592048
2000-10-12,632.2194025522042,645.0613591665458,622.340974387326,638.640380859375,52474432
2000-10-13,638.1465956840389,647.037182930411,620.3654211912948,625.1070556640625,24675964
2000-10-16,618.8834679623997,628.2679738612708,616.4138611469072,622.8348388671875,39515600
2000-10-17,624.3169124141621,627.0828613598956,605.5478913131034,620.3655395507812,55761776
2000-10-18,619.3773172764382,624.8104516385122,606.5353633297178,613.3515014648438,37031680
2000-10-19,606.3377587823956,619.1797122215179,597.7435163452809,606.5353393554688,38037516
2000-10-20,610.7833361647316,616.9079750371824,606.535623175068,611.7711791992188,35522792
2000-10-23,617.401663181001,622.3408764864491,606.5353939090155,613.9442138671875,23006470
2000-10-24,612.9566290578534,618.3897659793977,605.5478059830205,612.4627075195312,30964084
2000-10-25,612.462678542357,617.20431302728,600.6085621834727,602.1890869140625,38250440
2000-10-26,605.5477968517102,609.3015884277227,594.6815231724789,600.6085815429688,40896840
2000-10-27,596.6571634262175,600.6085353694375,580.8516756533376,588.260498046875,51133548
2000-10-30,580.8514059995994,580.8514059995994,562.0823979826055,577.8878784179688,33774664
2000-10-31,576.900268695366,588.7543838055448,575.9124257695178,582.9260864257812,44978432
2000-11-01,581.8393630527902,590.2360261868288,571.4670144754484,579.27099609375,40962396
2000-11-02,591.7179814208563,596.6571966247031,567.5158269220066,571.9611206054688,49502824
2000-11-03,572.9487117214769,572.9487117214769,553.1918595931501,566.0338134765625,53243252
2000-11-06,558.6249943312245,569.9851843132034,558.1310730276601,562.3787841796875,64895716
2000-11-07,569.9852792951796,572.9488076104059,557.1433232625326,568.9974365234375,56163048
2000-11-08,574.9248284330241,580.357966846051,560.6010998895897,570.8746948242188,49429952
2000-11-09,573.937010372767,587.2728961559552,568.0099500246832,582.3336791992188,47539144
2000-11-10,575.9123817095297,590.7300244636342,575.9123817095297,583.8151245117188,33190196
2000-11-13,590.7660823427398,591.5563928015595,571.9959225358634,572.9838256835938,17278070
2000-11-14,574.4657379120752,585.8266252482555,569.5262216789532,583.9495849609375,27943660
2000-11-15,589.284377419138,598.6694597082944,581.8751019276988,595.7057495117188,49713604
2000-11-16,597.681447437324,604.5967699696566,592.7419313428006,598.866943359375,57410768
2000-11-17,597.1876808128294,597.6816325752883,586.8146938011921,591.7542114257812,24664988
2000-11-20,592.7419059407998,597.6814218236398,585.8265837048237,587.6047973632812,19910432
2000-11-21,588.790809416968,599.6577538860731,581.8754811184466,597.6819458007812,21712360
2000-11-22,598.6695881284952,602.6212025715876,590.7663592423105,596.1998291015625,26583566
2000-11-23,597.6814634164043,600.4475804439244,587.8024309632406,598.1754150390625,14520075
2000-11-24,593.2359325702373,602.1270622840294,585.826657808744,590.7661743164062,23147368
2000-11-27,589.778247500426,595.7056670732946,583.356876296485,588.7903442382812,16182091
2000-11-28,591.2602445852365,591.2602445852365,575.9477403395035,583.159423828125,21461830
2000-11-29,575.9474504347663,581.6772757896773,566.0684204101562,566.0684204101562,46522520
2000-11-30,565.3768008269242,565.3768008269242,541.8647245642627,557.967529296875,35412264
2000-12-01,558.1650247209059,558.1650247209059,530.8001079097431,542.3585815429688,68173000
2000-12-04,538.4070187253136,543.3465326585734,524.5763797121863,531.49169921875,40136596
2000-12-05,534.4553606053983,550.2618038026004,534.4553606053983,547.298095703125,30477414
2000-12-06,546.8041924118552,546.8041924118552,519.6368657789266,531.49169921875,50475656
2000-12-07,523.5888683053599,540.3832282321357,520.1312059674943,539.3953247070312,31738572
2000-12-08,543.3468310325933,557.1774776406957,538.4073143868425,545.8165893554688,38855624
2000-12-11,550.5583499284916,559.6470699194684,538.4071546445018,544.5321655273438,45215760
2000-12-12,547.7923834091439,556.6835131669118,537.9133503449573,551.9415893554688,32619776
2000-12-13,554.7078742331054,562.6111030734702,551.2502116154458,552.63330078125,38360216
2000-12-14,563.1046654196347,563.1046654196347,535.4433836095474,537.419189453125,82103880
2000-12-15,539.888935253723,540.3828867040924,524.5764402922725,526.55224609375,72317624
2000-12-18,530.8003010509881,536.4313605414496,526.3547372895948,533.4676513671875,20456708
2000-12-19,534.9495849609375,545.1249759026759,533.4677301549516,534.9495849609375,51746664
2000-12-20,533.467529296875,535.9372863769531,513.70947265625,518.6489868164062,45413904
2000-12-21,513.7095450629753,522.6006718044499,503.83051535022577,519.636962890625,27776000
2000-12-22,521.1189439369434,523.5887019650806,508.7701537962576,517.9576416015625,13193725
2000-12-25,517.6611938476562,517.6611938476562,517.6611938476562,517.6611938476562,0
2000-12-26,517.6611938476562,517.6611938476562,517.6611938476562,517.6611938476562,0
2000-12-27,529.5161835505073,540.383120153223,528.5282802229877,535.443603515625,7995657
2000-12-28,527.5403768954682,539.8891684894633,527.5403768954682,535.443603515625,12873004
2000-12-29,540.8770981259603,543.8408082526779,528.5283059313036,532.4799194335938,16672710
2001-01-01,533.4676513671875,533.4676513671875,533.4676513671875,533.4676513671875,0
2001-01-02,537.419091068097,548.286021218371,529.515869140625,529.515869140625,20558948
2001-01-03,538.4070923749139,544.3345099056469,530.5038690006032,537.419189453125,44661432
2001-01-04,531.985780497657,531.985780497657,518.6490896216711,528.1329345703125,33570052
2001-01-05,532.9739346815097,537.9134521484375,530.9981276947386,537.9134521484375,15968426
2001-01-08,535.4433010665002,545.8162801462017,533.4674955275094,537.61669921875,25647024
2001-01-09,536.925271116657,538.4071255907601,518.1551144446855,520.1309204101562,34032644
2001-01-10,522.6007378650855,530.5039626343117,509.26404606701624,525.0704956054688,67863872
2001-01-11,521.6131312842779,543.8409635833239,521.6131312842779,540.38330078125,60151776
2001-01-12,540.7779620029974,554.7073659518135,533.9614092554857,547.298095703125,45075784
2001-01-15,552.7322010196903,566.0689029209697,551.2503452528815,562.3148803710938,29219100
2001-01-16,563.1046116121083,565.0804172668877,550.2618748560427,551.0521850585938,35021396
2001-01-17,554.707340295727,572.983539397189,550.2617783521281,561.8202514648438,95227960
2001-01-18,561.1289830121306,573.4777722509539,557.1773704557071,566.4636840820312,59845404
2001-01-19,572.9837766243545,574.7619900786527,566.0684551823365,573.9716796875,62368480
2001-01-22,574.9593514177625,586.8141834057576,573.9714487520962,579.8988647460938,55673260
2001-01-23,573.4781278845383,577.9236947673642,569.0325610017123,576.935791015625,38480736
2001-01-24,583.8510439629007,586.3208030321177,572.9841040583458,575.9478149414062,54811872
2001-01-25,574.465633957651,582.8628100344181,570.0200701523038,577.2317504882812,37357180
2001-01-26,589.7781132032892,595.0139872410406,584.3446464987362,587.8023071289062,47126592
2001-01-29,585.8265010545234,591.9515119444736,581.8748889057576,587.8023071289062,28251210
2001-01-30,576.4416315777672,579.8992934638378,570.0202595036361,572.786376953125,32891516
2001-01-31,576.9354780095051,581.3810424804688,570.514107107002,581.3810424804688,46888680
2001-02-01,582.8627230941505,582.8627230941505,571.1066542214941,574.169189453125,43931432
2001-02-02,575.453393575572,581.8747619159003,572.9836365215997,577.42919921875,26249604
2001-02-05,577.9234157136317,595.7056746586665,577.9234157136317,591.4577026367188,49439204
2001-02-06,591.7541329228229,597.1876015890592,585.8267125596561,590.2722778320312,44228264
2001-02-07,595.7057464982674,595.7057464982674,586.8146159535172,590.2722778320312,39729100
2001-02-08,593.7297275033791,597.1873881460776,587.3083577383675,589.9757080078125,28187008
2001-02-09,595.7054926009704,606.0784738154152,587.8022688185364,599.6571044921875,180741728
2001-02-12,602.6209006859565,609.5362224971068,594.5200830763876,603.806396484375,38054380
2001-02-13,602.6205304249453,606.5721404605188,579.0096363436805,581.2818603515625,93997952
2001-02-14,579.8993242982676,582.3690829196402,564.0928691214835,578.5162353515625,91483744
2001-02-15,580.8869461628632,582.8627521021926,561.6228382544009,569.5260620117188,68759016
2001-02-16,570.0201931233581,574.2681651721903,560.1411603135946,564.0927734375,40140296
2001-02-19,562.1170421781994,573.9718831380208,559.153331938244,570.5142211914062,34390192
2001-02-20,575.9476007829633,581.875020345052,560.141148617393,563.1048583984375,34444836
2001-02-21,567.5862153762255,571.0440948432695,556.2246114130808,562.1524047851562,29594508
2001-02-22,558.200868694893,566.104597809157,553.2610379984781,559.5840454101562,75903344
2001-02-23,560.1764432952862,560.1764432952862,547.6292692777527,555.3353881835938,19224976
2001-02-26,557.2130224177267,566.1047195839672,551.2852243068999,558.2009887695312,28421522
2001-02-27,566.1047460044302,574.0084771877382,558.2010148211223,567.0927124023438,40784244
2001-02-28,572.0324044868274,574.996302955671,564.1286752365776,567.8829345703125,34691108
2001-03-01,569.0685464301122,572.5264282226562,558.2009179392593,572.5264282226562,43860384
2001-03-02,570.056315068784,572.5262297787873,563.1405538807744,568.0803833007812,21698224
2001-03-05,569.5623827704068,576.4781445733432,566.5984848548626,573.020263671875,43045680
2001-03-06,562.1524824655966,585.8636592304019,562.1524824655966,582.3070068359375,44593944
2001-03-07,584.3815677809577,595.2491878073153,581.4176714101328,590.1117553710938,41416784
2001-03-08,595.743572415924,601.1773860946762,587.839843428648,594.459228515625,58001236
2001-03-09,592.7793319706387,593.767297523923,578.453831448015,588.037109375,29681216
2001-03-12,582.8997940400902,583.3937769163954,576.4780166481231,580.7262573242188,28881896
2001-03-13,574.9964435856517,577.9603427793921,562.1528804127763,567.0927124023438,47416696
2001-03-14,565.1164804960903,571.0442757460493,557.212753496145,564.6224975585938,55207168
2001-03-15,563.1405538807744,571.0442809527854,551.1861908046188,568.0803833007812,54857648
2001-03-16,563.6346213247868,569.5624175175103,556.2248760838826,560.2755126953125,63585792
2001-03-19,556.7188746025596,570.3527941653468,556.2248915727437,565.4129638671875,43721164
2001-03-20,568.0802211397855,571.5381007467233,557.212599517981,570.05615234375,40628716
2001-03-21,561.6583387704645,574.5018891733072,557.5088719648061,568.5740966796875,48694816
2001-03-22,563.1406185771251,571.0443465571549,554.7429075983434,564.9189453125,48171632
2001-03-23,557.7067775363179,558.2007605102207,530.5377139716611,544.8632202148438,54800960
2001-03-26,547.3329433895909,553.2607370003085,535.4773561681558,545.2582397460938,37533396
2001-03-27,547.3333844440739,579.9362755752192,543.38151885242,567.0927124023438,48112560
2001-03-28,571.0442809527854,574.0081786047894,562.152587996773,568.0803833007812,35546740
2001-03-29,571.0442083654269,571.5381912446358,558.2006535059969,561.16455078125,43035768
2001-03-30,561.1647512953715,584.3819549141061,560.176785183936,574.9962768554688,35895580
2001-04-02,577.9600524902344,577.9600524902344,564.6225128173828,569.068359375,24231320
2001-04-03,569.0686513011566,569.0686513011566,555.2371215820312,555.2371215820312,46121880
2001-04-04,555.2367403695514,568.5742777271829,537.9473400911401,556.7186889648438,44193684
2001-04-05,556.7185116924481,578.947733543522,543.3809785818039,568.5740966796875,30222032
2001-04-06,575.4901786014951,579.9360254748115,565.1165358970906,573.020263671875,49520984
2001-04-09,574.5020680566978,591.7914682131762,567.0923251324928,591.2974853515625,47694688
2001-04-10,591.2974524326012,606.610920290087,583.393727086802,602.6590576171875,46686716
2001-04-11,600.6834320674669,604.1413136665395,590.8037703558309,596.7315673828125,49236656
2001-04-12,596.2373347731058,602.1651293193172,588.8275915903414,593.2734375,29089444
2001-04-13,593.2734375,593.2734375,593.2734375,593.2734375,0
2001-04-16,593.2734375,593.2734375,593.2734375,593.2734375,0
2001-04-17,599.6951904296875,607.5989161684643,594.1626065328005,599.6951904296875,38087920
2001-04-18,600.1893635037579,603.44963934414,574.996229727057,585.369873046875,56773504
2001-04-19,579.9360743128075,602.6592935788971,575.984210092618,589.8157348632812,51769376
2001-04-20,588.8275675388694,612.0447618965262,582.8997732347868,599.6951904296875,36046336
2001-04-23,597.7193654670809,624.3944445870994,589.3216553737418,601.17724609375,49104168
2001-04-24,610.5628691662505,617.4786298202371,603.745880972776,612.6375732421875,46763196
2001-04-25,610.0690207129461,615.9968168656225,600.9797212187101,609.0810546875,55428216
2001-04-26,614.5147264401429,631.3101450084426,608.5869316513313,630.816162109375,57293628
2001-04-27,630.3218671182948,633.7797456996648,618.4662834107406,627.3579711914062,59832088
2001-04-30,624.8886483175713,630.3224626507675,610.0691546815815,619.454833984375,26019684
2001-05-01,621.9246683105468,625.8765327636719,617.4788208007812,617.4788208007812,26121780
2001-05-02,618.4664734035464,624.3942670783408,606.1169032477248,608.0928344726562,73430456
2001-05-03,600.6831740429357,604.6350370300603,582.4058077274846,583.8877563476562,72798936
2001-05-04,589.8155737344645,617.9725986112354,584.8757448087152,603.6470947265625,54029080
2001-05-07,603.6470947265625,603.6470947265625,603.6470947265625,603.6470947265625,0
2001-05-08,595.2493331909179,607.5989044189453,587.3456076049805,592.7794189453125,79164944
2001-05-09,595.7435980462409,611.7486619941842,593.7676657144126,608.587158203125,38036936
2001-05-10,608.5872073457629,620.442802294057,606.6112748543806,613.5270385742188,37283360
2001-05-11,612.5387750555432,614.5147065879804,600.1892029778105,601.967529296875,43266088
2001-05-14,606.1171861342326,606.1171861342326,580.0348576717605,598.1146850585938,31395592
2001-05-15,598.2134284075933,610.0690207129461,598.2134284075933,609.0810546875,27224940
2001-05-16,607.6352299069895,612.0813413453334,599.7310317943783,610.5993041992188,45619548
2001-05-17,609.1172849377352,618.5035204720556,601.7070989895876,607.1412353515625,43230168
2001-05-18,609.611425,633.8180375000001,608.6234000000001,617.515625,41059000
2001-05-21,622.4554317213583,629.8656154323269,618.5033337421751,621.4674072265625,27721656
2001-05-22,621.4673923456982,624.4314657591117,611.5871476343198,621.269775390625,34716908
2001-05-23,625.419868524302,625.419868524302,614.0575802335762,616.0336303710938,28398072
2001-05-24,617.5153092473793,635.7937624011016,613.0691990207981,621.4674072265625,20910864
2001-05-25,626.4076402020303,626.4076402020303,607.1411591548069,620.4794921875,23658060
2001-05-28,620.4794921875,620.4794921875,620.4794921875,620.4794921875,0
2001-05-29,621.4673297384511,640.2397927989131,618.5032566236413,624.9254150390625,40227336
2001-05-30,624.4318426188345,628.8779554222914,614.5515919444858,620.9737548828125,33630624
2001-05-31,620.973483420339,626.901631233421,607.6351508409044,619.787841796875,27241702
2001-06-01,616.5273762247625,633.3237951283218,614.0573146212979,623.9375610351562,32501270
2001-06-04,626.4073199611523,632.829477027,616.0330662393982,628.8773803710938,21838844
2001-06-05,633.3238656517158,642.2160884143764,630.3597913974957,639.2520141601562,37726564
2001-06-06,635.2998030611714,635.2998030611714,623.9375204247741,630.3596801757812,43889920
2001-06-07,626.4076901206488,633.8178757293315,620.578319986787,624.431640625,46580560
2001-06-08,627.3955517123165,637.7698088666148,623.9374659942172,627.9883422851562,29855848
2001-06-11,632.8297992562535,641.228008926321,630.3597375885867,636.8806762695312,45616816
2001-06-12,628.3835369731105,641.721866767351,609.1170606036519,637.2757568359375,44213032
2001-06-13,642.2162475585938,646.1683475435698,627.8898851130559,642.2162475585938,43986588
2001-06-14,629.8657064850845,632.3357680791436,617.5153985147887,624.7279663085938,35543216
2001-06-15,618.9976313093597,630.8539307119332,612.5754691329657,629.8659057617188,48672724
2001-06-18,622.9495538602209,629.8657265438396,620.4794921875,620.4794921875,36015544
2001-06-19,622.4556455132681,624.4316951815642,613.5634220059358,618.99755859375,32141752
2001-06-20,617.5154551462213,629.1741348785332,611.5873067768175,623.443603515625,57508760
2001-06-21,617.5158021925353,618.9978401177973,604.6714735069305,617.0217895507812,44735384
2001-06-22,607.6348747725596,615.5390682655359,596.272596626406,606.6468505859375,46165312
2001-06-25,609.1174129855248,617.515625492219,603.1892629807995,612.5755004882812,33048884
2001-06-26,615.3419278983464,620.973682184258,606.6473203836665,610.1054077148438,49337032
2001-06-27,612.5754147602722,614.0574520540471,603.6831909976231,605.6592407226562,40722188
2001-06-28,597.754876552484,601.2129626151843,575.0303109975961,577.994384765625,106170000
2001-06-29,576.0182684644661,582.9344397839366,568.6080849078907,577.5003051757812,79674440
2001-07-02,585.4046031692266,585.4046031692266,565.1500979118946,566.1381225585938,59778752
2001-07-03,567.12646484375,573.0546160442074,562.186338843369,567.12646484375,67197560
2001-07-04,569.5965851561664,583.4289393490308,568.608559856676,577.0067749023438,39110256
2001-07-05,577.5004036112034,583.4285514669215,559.2219477227393,580.4644775390625,44928708
2001-07-06,577.994549513476,580.9586241263656,562.9765594139848,576.5125122070312,37755608
2001-07-09,570.0902648025871,581.4525491097443,560.210017578972,569.5962524414062,48704776
2001-07-10,567.6202783297016,570.58435289017,559.2220670750411,564.8538208007812,27780554
2001-07-11,556.2582279083143,560.0127118795222,540.1534280421616,555.2702026367188,28300080
2001-07-12,556.2579836567874,566.1382320343502,553.2939091435185,560.2100830078125,53765728
2001-07-13,558.2338527866177,572.0661960415074,558.2338527866177,565.1500244140625,36039300
2001-07-16,566.1381650108677,569.1022391732283,562.6800784881137,564.6561279296875,30950504
2001-07-17,563.1741575210813,570.0903313853753,547.3657601169808,560.2100830078125,26299496
2001-07-18,554.282183045661,559.2223094542676,538.4737785381199,540.4498291015625,77128432
2001-07-19,544.4013543146307,551.3175239701704,529.5809907670455,543.413330078125,56174488
2001-07-20,546.3776095768848,553.7877941552332,536.9913757776436,549.0452880859375,39135284
2001-07-23,550.329925519009,563.6682630315881,550.329925519009,559.81494140625,35034000
2001-07-24,558.7285433225641,559.2225561813815,535.5099389581427,539.9560546875,37352956
2001-07-25,538.4731179037043,557.7395872598919,535.3114288203097,550.3294067382812,37461652
2001-07-26,555.2700037667348,570.1891559028222,555.2700037667348,557.9376831054688,44490420
2001-07-27,564.1621155692941,570.1890422443967,555.2698930822124,564.6561279296875,32473256
2001-07-30,563.1739753776498,572.5602083006105,557.7398405275145,565.1500244140625,21328632
2001-07-31,565.1502261909543,577.994549513476,558.7280645296935,576.5125122070312,60150624
2001-08-01,569.1022357615187,579.4764952675881,569.1022357615187,578.9824829101562,37273368
2001-08-02,573.0540804361696,579.9702503724682,557.2456920103442,568.6079711914062,56649536
2001-08-03,570.0902576346323,580.4645170889886,556.7519240504597,564.162109375,39530928
2001-08-06,567.6201968193054,575.0303821563721,548.3537149429321,569.1022338867188,31577070
2001-08-07,566.1381033495599,586.6890032427629,551.3177341519273,583.9225463867188,72304112
2001-08-08,586.8868040570404,597.7550782062448,580.9586545211107,593.802978515625,89529784
2001-08-09,583.9224306624114,590.3445893752806,581.9463818276826,584.4164428710938,61089364
2001-08-10,584.4166685459977,593.3088917360467,577.5004949537374,582.9346313476562,54176092
2001-08-13,584.416741750403,600.2251405128821,583.4287168277481,593.802978515625,43829644
2001-08-14,593.8027487539578,605.6590432382297,593.8027487539578,599.7308959960938,62242928
2001-08-15,597.7934373622023,609.6504972768245,595.5208462735247,608.069580078125,59891764
2001-08-16,601.2520007085749,605.6984000564607,584.4544920610058,599.86865234375,34629416
2001-08-17,601.745750771142,603.7219272925579,586.9244268605228,591.8648681640625,35288716
2001-08-20,590.8769338722997,591.3709781313903,581.9841372086698,588.9007568359375,8319336
2001-08-21,589.8888162802685,598.7816125055992,582.9721969939002,585.9364624023438,23469344
2001-08-22,590.3827067221862,600.7576329491033,588.4065302980115,598.0897827148438,55428048
2001-08-23,595.3234158053759,608.6626126740441,587.912750878338,594.3353271484375,47946304
2001-08-24,592.655274368509,604.2159180593962,590.7779430238401,598.7814331054688,70319424
2001-08-27,598.7814331054688,598.7814331054688,598.7814331054688,598.7814331054688,0
2001-08-28,598.7816125055992,598.7816125055992,582.9721969939002,585.9364624023438,55219160
2001-08-29,585.93617249825,595.2242236391705,579.0195566340211,584.4540405273438,50801656
2001-08-30,582.873535315234,588.9008521281866,576.05569931331,576.5497436523438,57398964
2001-08-31,582.2803477857858,585.4422419982858,573.5851839324978,577.5375366210938,51768624
2001-09-03,577.537980565485,579.0201139630012,567.1630467828714,576.0558471679688,34570192
2001-09-04,578.0314686534169,585.4421285079479,571.114852789188,584.4540405273438,31473696
2001-09-05,578.3280857089036,588.900642869016,577.0435829454788,580.5018920898438,35352488
2001-09-06,582.2808046723678,582.2808046723678,571.1154116277826,577.0439453125,41423820
2001-09-07,575.0673546915903,579.0197076447971,562.716251712819,566.174560546875,43354500
2001-09-10,570.0281948506594,573.5852887974703,546.4128590956092,554.3175659179688,56196524
2001-09-11,560.2462084566828,597.7935733973424,556.2938542524029,581.4901123046875,124998040
2001-09-12,568.1510434831891,568.1510434831891,543.942868586949,553.3297119140625,93487944
2001-09-13,553.3293057528409,558.269745982777,538.8043994152072,543.4484252929688,49936408
2001-09-14,545.4245448179272,561.233951914099,524.6746980042017,529.12109375,62803280
2001-09-17,533.5680396155974,558.270263671875,518.7467051818307,558.270263671875,70259944
2001-09-18,554.3176494709496,563.2104459865263,546.4129414571037,559.7521362304688,63160376
2001-09-19,545.4247257008271,550.365167056813,534.06171058206,537.52001953125,84051664
2001-09-20,531.5914227585565,536.5318634905134,507.383263171968,518.7462768554688,119531184
2001-09-21,511.8296008639865,524.180701270936,472.3060795617482,497.9963684082031,92513008
2001-09-24,499.97277998761433,513.8060189596036,497.00851449361664,506.3953552246094,70333952
2001-09-25,503.23340053555137,507.87742798929713,487.62161617260335,503.4310302734375,71901104
2001-09-26,496.61321816262233,523.6868333264207,496.61321816262233,511.82977294921875,77357808
2001-09-27,506.8891102390219,531.59130859375,506.8891102390219,531.59130859375,56867320
2001-09-28,531.5918937493049,556.2941192952763,531.5918937493049,555.3060302734375,62000096
2001-10-01,545.4247889811968,551.3533192962097,516.2761815990494,522.2047119140625,66226396
2001-10-02,528.6275434668685,540.484609862387,514.7942993387635,539.4965209960938,48374968
2001-10-03,540.4845392909618,544.4368942400731,527.1453413377114,538.5083618164062,42021524
2001-10-04,545.4249787026264,562.2224871047,543.9428456083257,557.2820434570312,44120648
2001-10-05,552.6378036565919,563.7044052695209,547.7962069127728,554.3175659179688,48567128
2001-10-08,558.3688234253483,562.716437230455,538.5082674110588,560.2462158203125,27064320
2001-10-09,556.2937851287654,567.1627578399846,555.7997409146191,561.728271484375,39869800
2001-10-10,564.0009763354846,586.9246445478019,560.7402959274033,582.9722900390625,47796008
2001-10-11,582.6758727041619,593.8412620759071,568.1509578929227,579.5139770507812,72335608
2001-10-12,579.513811347262,587.4185180664062,570.8186460178287,587.4185180664062,45125756
2001-10-15,580.9963011023117,587.4188792607556,568.1511447854239,577.0439453125,33031024
2001-10-16,582.972203056086,582.972203056086,569.1389643395008,574.0794067382812,37260408
2001-10-17,576.5496219422724,592.3590374539715,573.0913122990884,585.9364624023438,42580700
2001-10-18,577.0434904986819,580.0077550046683,560.7400357157568,562.22216796875,47361272
2001-10-19,559.2582521324754,559.2582521324754,531.5917661612575,538.0143432617188,81472224
2001-10-22,538.8045667174625,554.3175659179688,538.8045667174625,554.3175659179688,35215224
2001-10-23,550.3650496773098,569.1387228260869,547.4995701787265,568.150634765625,55281172
2001-10-24,555.3053684200376,568.1505103941665,547.8947095888093,550.3649291992188,40312888
2001-10-25,555.7007308414237,562.1233030207767,530.6032708173241,542.4603271484375,53404864
2001-10-26,546.4127316048206,568.6447143554688,546.4127316048206,568.6447143554688,30087428
2001-10-29,568.1508391219808,574.5734138250988,553.329512884016,554.8116455078125,63848728
2001-10-30,550.3657221048936,553.329989907972,540.9788740618119,546.9074096679688,48482128
2001-10-31,545.918574152766,559.7518049910262,534.5555631070524,548.3887939453125,54110856
2001-11-01,540.4841805188032,551.3531494140625,537.5199162746416,551.3531494140625,28247812
2001-11-02,544.1407717800655,558.270436246436,538.0146062587335,546.9074096679688,32565252
2001-11-05,545.4247959759701,560.246121953578,541.4724423819413,553.8235473632812,48827320
2001-11-06,553.3295010243536,553.3295010243536,534.0617773279699,535.0498657226562,65596880
2001-11-07,531.0972899279885,547.203111960928,530.6032459373579,542.954345703125,67331744
2001-11-08,537.5198965827338,555.6018957480682,537.5198965827338,549.376953125,57449696
2001-11-09,549.3774630116151,559.7523971152517,543.4489292381085,558.270263671875,53692328
2001-11-12,557.2818819716451,562.2223241877058,543.1522292953381,543.9426879882812,37990192
2001-11-13,554.8117797635891,561.8271850905918,548.389203506308,559.2581787109375,48996020
2001-11-14,561.27186302329,566.2126364653965,518.7812114211748,523.7219848632812,102909240
2001-11-15,513.8404487617624,515.8167581800769,481.23134335957366,485.67803955078125,198817984
2001-11-16,497.0417785644531,517.7930257808617,489.1365415296308,497.0417785644531,129061456
2001-11-19,500.99451546959415,515.3227609810519,497.0418960181575,502.9708251953125,54008192
2001-11-20,502.9710107922928,525.6985810245575,501.98285556480306,508.2082214355469,85523312
2001-11-21,518.6827618466376,536.568349367329,515.3230095673335,518.2874755859375,81773416
2001-11-22,518.2869789273132,531.6270632276348,515.3225157494638,529.1566772460938,49360088
2001-11-23,521.7456754864387,535.0857637801261,502.97073640643424,523.7219848632812,65130160
2001-11-26,521.7458460365854,526.1925435880336,502.4768233136433,506.429443359375,51639480
2001-11-27,509.9866331920442,518.2871570678594,501.48852661952077,515.3226928710938,50577168
2001-11-28,508.2079944319893,515.8167983474435,501.09329806567905,507.91156005859375,36416488
2001-11-29,504.9471151854056,512.7535624217562,499.5122636520989,512.3582763671875,34258952
2001-11-30,512.3582763671875,512.3582763671875,500.9944958884553,512.3582763671875,30860868
2001-12-03,511.07364787647117,516.8049333540998,501.98261212979486,510.3819274902344,57729080
2001-12-04,510.579513986074,521.2515720238432,505.93517512077295,511.3700256347656,81333600
2001-12-05,513.8404467589872,528.1686899859205,506.2316434656977,525.6983032226562,103501240
2001-12-06,522.3386595298517,529.6510299639309,510.8760867375976,522.2398681640625,64708840
2001-12-07,521.9433700837384,525.2042688154525,505.44117309332825,507.91156005859375,48926080
2001-12-10,506.42936721531953,515.8168384124816,499.01820574387585,502.9708251953125,46601040
2001-12-11,500.0063563069021,508.4056725689745,499.0182014525406,501.982666015625,47568328
2001-12-12,504.9470031858666,508.8996216061082,496.053611740323,500.994384765625,57964696
2001-12-13,501.48858858844426,511.3701371320589,499.51227887972135,501.982666015625,39325984
2001-12-14,500.5002630021837,501.98249477810333,493.08910412258575,498.0298767089844,45987664
2001-12-17,498.8205818054724,510.3820062059739,494.07745034460197,507.41754150390625,39896016
2001-12-18,501.6862593647907,519.2754046826599,499.5123065025396,508.40570068359375,51721672
2001-12-19,510.777259385776,513.8405152556957,499.0181927002429,506.9234313964844,30397748
2001-12-20,504.9472108422256,515.0264040212805,500.9945907964939,506.429443359375,29042636
2001-12-21,509.69052519951947,523.7223434448242,500.9947700500488,521.7460327148438,33613864
2001-12-24,522.2396942627644,524.6112893738773,507.02208964282283,524.2160034179688,3169891
2001-12-25,524.2160034179688,524.2160034179688,524.2160034179688,524.2160034179688,0
2001-12-26,524.2160034179688,524.2160034179688,524.2160034179688,524.2160034179688,0
2001-12-27,522.7339498863904,530.1451117467835,522.2398724290309,523.22802734375,13781356
2001-12-28,523.7221966109462,532.6155924024529,521.2518088910833,530.6392822265625,19761496
2001-12-31,532.1214366576462,532.1214366576462,524.2161971158426,526.6865844726562,4271517
2002-01-01,527.6748046875,527.6748046875,527.6748046875,527.6748046875,0
2002-01-02,527.4769651317959,532.615381618004,521.7456799523305,524.7101440429688,29424072
2002-01-03,528.6630148730927,529.6511700410798,519.7696183612089,526.192626953125,34624568
2002-01-04,522.7337247210345,530.737751957682,520.757415742883,527.180419921875,42013096
2002-01-07,526.6863944770475,533.1093992877433,516.8048486144388,525.2041625976562,27579820
2002-01-08,527.477300334761,529.1571764494244,514.8289242393092,516.3111572265625,59875728
2002-01-09,522.6350732372064,522.7338645876819,508.8996980390476,517.7930908203125,36414528
2002-01-10,513.7418540079732,521.745886090158,510.38210258630045,515.8169555664062,59275688
2002-01-11,515.8170066150595,517.2992393926891,505.9354547641963,513.3466186523438,60316904
2002-01-14,510.8759086009487,511.86406316303953,505.93513579049466,509.3936767578125,49309716
2002-01-15,508.89999229029604,520.2637785259046,503.46513800370064,516.3111572265625,56673168
2002-01-16,510.3819192098177,517.2990023356042,507.41745501305206,515.3226928710938,64629760
2002-01-17,512.8525390625,521.7459356936416,510.18450801071634,512.8525390625,56080080
2002-01-18,513.8405108451843,517.2990527451038,505.144760416395,505.9352722167969,57593924
2002-01-21,504.9470957002751,509.492583591491,497.53593480447853,507.91156005859375,40800316
2002-01-22,504.9470957002751,517.7931079196559,504.9470957002751,507.91156005859375,61262316
2002-01-23,511.5676413696901,527.6745490633084,504.9469935793083,525.2041625976562,63515532
2002-01-24,525.6984986492407,536.5682044483791,522.832824813679,528.6629638671875,67353400
2002-01-25,528.6629801734259,536.4694296130167,525.6985148640422,532.6156005859375,51792780
2002-01-28,526.6865971675253,546.9437739816608,526.6865971675253,543.9793090820312,79248128
2002-01-29,541.5090525072675,542.9912853152254,530.1452676462573,531.1334228515625,83484312
2002-01-30,542.4967737587854,542.4967737587854,523.721839876423,531.6270751953125,53743208
2002-01-31,528.4651920792583,543.5839489460808,525.6983706121575,541.0147705078125,48855404
2002-02-01,532.1212858344674,553.3666110813402,532.1212858344674,547.4376831054688,63257092
2002-02-04,548.6240907238079,551.390914792937,539.533045657605,546.9442138671875,27133212
2002-02-05,541.0145421364937,547.4375458330912,529.6507663655901,531.6270751953125,58905580
2002-02-06,540.5205194752687,544.4731375335888,531.1330515867586,542.9909057617188,42690604
2002-02-07,538.3469735847768,545.8569897480924,528.1689864692338,538.5446166992188,61572324
2002-02-08,538.5443637911127,538.7914024900995,531.6272802194837,536.5680541992188,24570788
2002-02-11,536.7657518513631,538.544418602659,530.0463106174741,535.0858764648438,35156860
2002-02-12,534.591452817978,545.5599409413245,532.4175013910389,539.0381469726562,49966400
2002-02-13,538.5446456978224,546.4498882034785,531.1334808487698,545.955810546875,69333944
2002-02-14,564.7307049598057,564.8294963563504,560.7780841026943,562.75439453125,11764003
2002-02-15,562.754280791195,567.2009783567094,551.3904981237697,564.7305908203125,43130268
2002-02-18,564.3351284182821,571.1534200139071,558.801486190077,566.212646484375,29770682
2002-02-19,568.8809689222144,568.8809689222144,559.7899288884164,562.75439453125,41863260
2002-02-20,563.8812014814231,563.8812014814231,545.5002392843015,546.4884643554688,61182604
2002-02-21,556.37092108905,556.8650338076015,544.5122158438127,554.3944702148438,34803040
2002-02-22,546.9826816406251,559.3354973958334,546.9826816406251,555.876708984375,41480668
2002-02-25,551.7263615360802,569.4156245798041,550.441680270205,567.2415161132812,34229872
2002-02-26,565.8578306228891,578.6059622001811,557.8532291409091,577.6177368164062,55332052
2002-02-27,572.3799349272176,588.9821029469937,568.2293778431566,585.5233154296875,51208740
2002-02-28,583.4483912738989,587.2036363162215,575.1472724927637,576.135498046875,50279392
2002-03-01,575.6409310565942,583.5467292513629,570.2056947976907,582.0643920898438,30921504
2002-03-04,575.1471128375812,593.9233931535847,572.9700496510134,589.4763793945312,43692724
2002-03-05,591.3539554625997,596.8879921907579,587.4010548520649,592.4409790039062,58150408
2002-03-06,590.0692473928349,594.4174624333199,586.0175481678449,591.9468994140625,39270192
2002-03-07,588.4881395665915,607.7585320461021,588.4881395665915,604.2997436523438,43923788
2002-03-08,602.3232439082258,608.746707543014,592.4409921623976,595.8997802734375,48522304
2002-03-11,602.2245710120278,607.7586090163119,594.0222521005666,601.3351440429688,30964092
2002-03-12,603.015062883673,604.7938562800235,589.476364821951,604.2997436523438,35754572
2002-03-13,604.0034118303168,611.711558337343,593.3305889500888,609.735107421875,29287532
2002-03-14,604.0034365532006,611.2174706266424,596.8882009029782,599.3587646484375,40851316
2002-03-15,600.0503971605845,606.2762043102537,596.8880642272097,602.3233032226562,33411872
2002-03-18,600.7421923417065,610.7232438837624,596.3939768347097,597.3822021484375,42474664
2002-03-19,597.5798691605787,607.7585779970696,597.1727328704166,607.2644653320312,34633300
2002-03-20,605.7820285945744,612.2054921930487,601.7303295282817,608.7467041015625,41994784
2002-03-21,605.0900253291918,609.45307636858,600.3465584124339,606.77001953125,61937712
2002-03-22,608.746841704476,608.746841704476,602.1257195122491,605.7821655273438,45129256
2002-03-25,607.7586813829993,610.7233578775505,597.38231365207,599.3587646484375,59594376
2002-03-26,599.3585995328054,604.5961811669929,593.9233607901336,601.8291625976562,76383216
2002-03-27,601.8292639578342,610.7232924892307,599.3587004768907,605.7821655273438,51786896
2002-03-28,608.4503850711108,619.3208643679858,607.758615234375,617.640869140625,38144472
2002-03-29,617.640869140625,617.640869140625,617.640869140625,617.640869140625,0
2002-04-01,617.640869140625,617.640869140625,617.640869140625,617.640869140625,0
2002-04-02,618.9258003204953,622.5822478074293,611.9094213368908,616.6528930664062,51375600
2002-04-03,621.5937707031251,621.5937707031251,613.1938548828125,617.640869140625,56192300
2002-04-04,617.6408236144019,618.3325934001474,597.876317258741,602.8174438476562,78410000
2002-04-05,602.3233694234831,611.5138533989682,595.4057917598828,601.3351440429688,82791424
2002-04-08,599.9516043836525,605.7821582552832,593.4293409988542,601.3351440429688,45615708
2002-04-09,598.2715315310357,602.5208876240654,589.4763035460052,592.4409790039062,40683024
2002-04-10,592.6386921203615,595.4057107460092,582.0646699243144,593.4292602539062,52536008
2002-04-11,587.9940414748468,596.8880689929537,587.0058161950572,589.4763793945312,19043632
2002-04-12,583.0531948559905,585.7214164550749,572.6768244390619,577.1238403320312,53970648
2002-04-15,577.1236008075106,589.1799620657596,574.455380315822,587.9940795898438,44812132
2002-04-16,588.9825550426136,599.358925559304,578.6061845259234,597.8765869140625,64355116
2002-04-17,589.9707586486204,609.2411603130226,588.9825329222408,590.958984375,41475900
2002-04-18,595.6033933187086,597.3821867743427,588.389360777452,588.4881591796875,33576632
2002-04-19,591.255328553835,593.9235495752937,585.0295197147651,588.982421875,25614348
2002-04-22,587.6974922314698,594.0220968236201,587.0057225826397,589.9703979492188,29798190
2002-04-23,589.8719204500153,593.5283071379998,572.1826570133284,581.57080078125,51449192
2002-04-24,580.5824781371648,582.8553847116789,567.2414339586937,571.1943359375,52134208
2002-04-25,570.7001549239354,577.3212770097276,554.493234622876,566.7472534179688,44965712
2002-04-26,566.7473289287196,569.217892699115,552.3192606362094,558.347412109375,52151136
2002-04-29,555.6789289842538,567.241174037511,553.4060234512302,562.300048828125,37997372
2002-04-30,561.5099662666095,584.535617584046,557.1617481968565,578.6062622070312,75725128
2002-05-01,569.2178849480969,580.2860225520539,569.2178849480969,571.1943359375,27020932
2002-05-02,574.158984375,580.0883370535714,570.7001953125,570.7001953125,54200988
2002-05-03,570.7003514226385,589.970752899247,570.7003514226385,586.511962890625,44847168
2002-05-06,587.0057983398438,587.0057983398438,587.0057983398438,587.0057983398438,0
2002-05-07,587.2037378357361,587.2037378357361,563.7827760908339,569.218017578125,41065472
2002-05-08,568.8226048198511,577.1237236009863,563.6838801916733,576.135498046875,26355168
2002-05-09,576.2339114826776,582.5585749299604,572.4786689493051,580.0880126953125,30634626
2002-05-10,579.2978211828913,584.0412916917068,575.1472618689904,578.1119384765625,27387172
2002-05-13,577.1236261917372,584.5353165965969,573.1707246424788,583.052978515625,19039660
2002-05-14,591.452812572517,603.8056282068636,591.452812572517,598.864501953125,56754196
2002-05-15,598.8059625007312,599.7893079122241,587.5394130425166,589.0218505859375,33480772
2002-05-16,595.9398924552354,597.4223299986564,582.1038087166396,589.0218505859375,45322832
2002-05-17,585.068115234375,596.9276040566934,581.6090976611988,585.068115234375,33281991
2002-05-20,589.5156228810825,591.4922050198289,581.7080993048348,583.5858764648438,16660225
2002-05-21,582.4991495231004,592.4808715205864,579.1389336297976,589.0218505859375,27027880
2002-05-22,589.0216670624197,589.4080803088511,573.703150553246,577.1621704101562,50974684
2002-05-23,578.0516567872837,583.091918736288,568.2675479209586,577.1621704101562,48261196
2002-05-24,576.7666342697427,586.0565942940023,576.1736837662788,584.5741577148438,36014480
2002-05-27,584.1790357269347,589.1204928395648,577.6563364664713,581.1153564453125,38732152
2002-05-28,580.6211117359484,584.0801311250136,563.8201604176317,566.7850341796875,48531192
2002-05-29,574.6911669417626,577.1618942287006,562.337530507073,574.197021484375,52645668
2002-05-30,573.3080092100015,576.6682252247025,564.8087244488731,569.7501831054688,48039128
2002-05-31,567.1804515227088,582.5977730424437,567.1804515227088,577.1621704101562,38472776
2002-06-03,578.1505737304688,578.1505737304688,578.1505737304688,578.1505737304688,0
2002-06-04,578.1505737304688,578.1505737304688,578.1505737304688,578.1505737304688,0
2002-06-05,578.7434276266632,578.7434276266632,554.4314829823821,557.8905029296875,63992672
2002-06-06,559.3730064013325,564.8086098204268,556.9022775744716,557.3964233398438,59009024
2002-06-07,562.1402735016693,563.8203813559693,539.1130903237182,551.4667358398438,41333912
2002-06-10,550.1814443015575,559.3725357399021,541.0891578049407,548.9954833984375,56074332
2002-06-11,549.094670042063,556.0127097454322,542.2754956696249,553.4431762695312,41601112
2002-06-12,553.5420687811303,553.8257562276634,541.0896194748519,545.0427856445312,66149504
2002-06-13,544.1529595177569,547.5131727930587,530.2180815947221,536.1478271484375,63791816
2002-06-14,533.6772265065365,541.5835557881148,515.3938400428867,517.3704223632812,112372872
2002-06-17,523.3990533819215,533.7761121316503,517.266749237257,533.6773071289062,66194100
2002-06-18,527.2531629410777,547.4143201976657,526.4625423334732,534.6653442382812,85198464
2002-06-19,542.9672277832342,543.2637030891659,521.9165762544343,531.70068359375,87061024
2002-06-20,528.9337178875753,537.8283429855036,526.7594641328633,532.195068359375,78293456
2002-06-21,532.1948898430157,536.6422009001997,520.8295393635456,525.77099609375,54046572
2002-06-24,529.6253050623387,534.6655663096972,522.3119256833179,524.7826538085938,74134136
2002-06-25,527.9451754167812,542.0777276281258,524.7826314868455,539.1128540039062,81961360
2002-06-26,537.1362487622002,539.6069766773898,517.3704254406841,529.2299194335938,68514688
2002-06-27,530.8109823244197,535.1594861182097,522.8058507045853,528.735595703125,80429368
2002-06-28,530.2183035730125,545.0426736635907,525.6721875401083,544.0543823242188,53688564
2002-07-01,544.6474492793077,557.3964344072599,535.1598745239916,550.4783935546875,55732168
2002-07-02,545.0424356609719,557.8902174625905,536.641962944529,537.1361083984375,66083760
2002-07-03,537.1365283088505,542.0779867109559,526.2653198242188,526.2653198242188,71574872
2002-07-04,538.7175424382272,538.7175424382272,519.8412034744874,530.21826171875,40627872
2002-07-05,530.8115056437415,551.4668285472973,530.7127005912162,548.501953125,30495992
2002-07-08,539.4096668336796,549.1937800441408,539.4096668336796,547.513671875,40843920
2002-07-09,547.5138196560926,549.9845498891976,534.666022443946,539.6074829101562,56066144
2002-07-10,539.7062010258103,546.6242445637671,526.2654548517153,530.7127685546875,97400080
2002-07-11,523.7942962943927,528.2416063572696,506.005056042885,506.99334716796875,71336296
2002-07-12,506.99363543701173,510.45265634155277,487.22780169677736,494.1458435058594,78293248
2002-07-15,495.62807669974666,495.62807669974666,450.66082347972974,457.084716796875,113457592
2002-07-16,467.4618530922748,473.3916017572931,436.82481832301363,464.4969787597656,107120720
2002-07-17,463.5086478952981,486.7334948580689,459.55548245482646,483.27447509765625,105261920
2002-07-18,483.2744754675663,495.13397179805867,476.3564359414457,489.2042236328125,43285024
2002-07-19,474.37979346071046,477.8388127880281,453.1315318786161,459.061279296875,75147352
2002-07-22,446.7076048093422,453.6256429369205,422.9886169433594,422.9886169433594,61624460
2002-07-23,420.0236780084278,432.377315596911,411.6232044482593,423.4826965332031,84545504
2002-07-24,417.0589601045496,422.98870835248164,399.2697153607537,420.0238342285156,103122576
2002-07-25,438.8013363372497,444.2369384765625,428.4242777076526,444.2369384765625,90695440
2002-07-26,436.8248285638078,452.6374920412307,428.4243510914269,448.684326171875,59923400
2002-07-29,452.63750552434993,474.37991845346716,449.67263103401575,473.8857727050781,65824440
2002-07-30,469.043125179262,485.7452445445714,468.9442900028466,476.3564758300781,69373952
2002-07-31,476.3563571369624,492.1690162950358,466.4734451631665,491.18072509765625,91167848
2002-08-01,487.2277455239165,504.0287022661205,466.47362248942915,467.4619140625,59779424
2002-08-02,472.40335115131575,483.27455797697365,466.9677477384868,469.4384765625,42455760
2002-08-05,473.0950801083337,475.368138143461,453.62572849864574,468.9442443847656,35091496
2002-08-06,457.77649405700066,492.6631612121335,455.6022413616721,488.2158508300781,49729808
2002-08-07,476.1588597321964,502.941566938346,476.1588597321964,488.7101745605469,47856976
2002-08-08,490.884341895704,506.00518798828125,488.21594309806824,506.00518798828125,41819996
2002-08-09,510.9469411902705,518.8532768373153,492.1693940285391,518.359130859375,43202572
2002-08-12,512.9231328338562,512.9231328338562,496.6163280327799,497.1104736328125,27096388
2002-08-13,511.8361927736804,511.8361927736804,494.04691558577014,508.9701232910156,103650464
2002-08-14,498.92687718910446,509.6012122000559,495.17110046812684,495.665283203125,68874496
2002-08-15,504.066862150003,522.8458236810815,504.066862150003,517.9039916992188,51787296
2002-08-16,518.0024518530253,526.7989309272363,507.52579930794707,513.4559936523438,35879224
2002-08-19,512.9619998229462,525.8107589707271,506.0434372049103,523.33984375,37093496
2002-08-20,523.8339569904052,536.1885314477261,517.4095782725983,519.8804931640625,43735904
2002-08-21,514.9385938434509,531.7408128364234,512.9618621972189,516.421142578125,63772912
2002-08-22,515.4324156691908,531.2462577606713,515.4324156691908,530.7520751953125,54242436
2002-08-23,530.8513210202041,535.6943382450673,521.857215116966,522.8455810546875,27992764
2002-08-26,521.8574829101562,521.8574829101562,521.8574829101562,521.8574829101562,0
2002-08-27,528.2818084772998,540.6363877213901,518.8923282517912,536.6829223632812,45728312
2002-08-28,529.2698375880718,530.2582032978535,504.56069484353065,506.0432434082031,43822504
2002-08-29,503.07829431740635,506.04339231927713,492.2062683105469,492.2062683105469,44590612
2002-08-30,492.20627004831107,500.6073810832722,487.2644400277457,494.67718505859375,44822048
2002-09-02,496.7526725838707,498.13637871446014,485.7818058296769,493.1945495605469,18521048
2002-09-03,488.2528143988715,488.2528143988715,460.5785658094618,462.5552978515625,60962640
2002-09-04,462.55529257942277,469.96803765281095,435.3752273103328,446.24725341796875,121950256
2002-09-05,458.6018441183525,460.57857620506957,437.84615720782364,450.6949157714844,62121220
2002-09-06,454.6483136231501,471.9447168588134,449.7064841272463,467.4970703125,55242616
2002-09-09,459.5901626488892,475.4040177077757,453.2646266578416,461.56689453125,38645904
2002-09-10,477.6773477498973,477.8750330447151,464.5320900331253,471.4506530761719,29737464
2002-09-11,472.537701579027,483.80506582309545,464.5319324552704,476.8865051269531,45596832
2002-09-12,470.46221216553784,472.4389441494267,456.6250882783161,460.57855224609375,45451356
2002-09-13,457.613478074994,461.0727592267488,444.7647195113333,450.6949157714844,53372340
2002-09-16,454.45064768973714,467.0029072077422,450.69486917826555,461.56689453125,28644368
2002-09-17,461.86339850239216,467.0029135311351,450.59603265287814,453.65997314453125,54239332
2002-09-18,448.2237133634898,448.2237133634898,430.4331359863281,430.4331359863281,65812608
2002-09-19,439.1309241043365,443.5785703180706,418.07874409100754,427.96240234375,82954272
2002-09-20,422.7240729825678,448.22389905567303,418.5729244764664,431.9158630371094,172022624
2002-09-23,440.811039797172,441.30522257721367,426.6774243529894,428.9506530761719,47783972
2002-09-24,436.0670952660693,436.0670952660693,415.3114090756293,419.5613708496094,85705416
2002-09-25,417.58457877419215,431.915883844549,407.2067371715199,413.1369323730469,83075960
2002-09-26,419.56139386739767,436.8577999750053,416.1021126458761,436.3636169433594,75841984
2002-09-27,430.63097153092366,452.17733292553305,430.63097153092366,447.2355041503906,53958388
2002-09-30,439.8227977079504,439.8227977079504,409.6776396627987,420.05548095703125,75498008
2002-10-01,416.1018375436146,435.86914574046085,416.1018375436146,430.4331359863281,71855520
2002-10-02,426.87515434857437,449.2122259624934,418.07870535123146,437.3518371582031,117426968
2002-10-03,424.99740087834044,449.70655209219746,424.99740087834044,426.4799499511719,68788016
2002-10-04,431.91576488597974,436.95643545147885,416.1019153707036,420.549560546875,58167888
2002-10-07,422.52641929770414,426.97406581662733,410.6660285805756,419.067138671875,55776640
2002-10-08,420.05541903301355,426.97397887591023,404.2415679635354,407.2066650390625,59804520
2002-10-09,407.2068144027373,410.6660955930518,395.84060477741815,402.2649841308594,65665640
2002-10-10,401.6718111322397,411.40721922939264,393.12245393030855,407.2066650390625,60822512
2002-10-11,409.6776713410316,424.5031600505985,409.6776713410316,422.52642822265625,46968416
2002-10-14,419.0671317458998,428.35776495492973,417.58458293076103,418.0787658691406,27626632
2002-10-15,422.03219079971313,443.7762381008693,422.03219079971313,442.7878723144531,63709264
2002-10-16,442.7879125702247,457.1192177761806,434.8809855600421,439.82281494140625,51772608
2002-10-17,443.6775108311313,459.0960271400318,439.7240466576973,450.6949157714844,66191424
2002-10-18,451.1889788878263,457.3662650171777,443.2820526422565,453.16571044921875,46179820
2002-10-21,450.2996096550796,454.64841454429967,443.77638723997944,446.7414855957031,40445608
2002-10-22,444.76466128700656,444.76466128700656,421.53806230868514,422.52642822265625,87450880
2002-10-23,431.61930537962667,431.61930537962667,407.70084381103516,415.11358642578125,69605056
2002-10-24,418.17747450376805,430.13670381328114,416.1019007950884,428.9506530761719,52326384
2002-10-25,428.95076859933687,428.95076859933687,418.0787445104136,421.53802490234375,44687228
2002-10-28,427.46824169835304,433.89261989728783,413.1369364853447,418.0787658691406,43618088
2002-10-29,420.0554506338326,420.0554506338326,382.497551518337,387.9335632324219,198011712
2002-10-30,387.8347251166954,403.2532372805152,387.8347251166954,399.2997741699219,103788032
2002-10-31,397.61943191960455,413.6309652188929,397.3229343321265,405.2298583984375,75688064
2002-11-01,405.23000543767756,415.6078470403498,397.32307850230825,413.1369323730469,112433776
2002-11-04,413.13693307758393,423.51477469795384,398.80562798278737,406.7125549316406,74446192
2002-11-05,412.14856294864217,412.14856294864217,391.8870628516466,401.7707214355469,182937264
2002-11-06,405.72422899382286,409.6776928573437,387.43945862503915,394.8522033691406,167666416
2002-11-07,392.57892259440064,398.80561530364565,386.4510423388487,391.8870544433594,76286832
2002-11-08,391.98580646844437,402.2648027670886,386.4509530268591,398.31134033203125,74119096
2002-11-11,398.3114340296509,403.74744615660643,392.38123898206305,400.7823486328125,63140052
2002-11-12,400.7823693638478,407.45383913747537,398.31145463287464,403.7474670410156,70929368
2002-11-13,406.6523605861722,406.6523605861722,394.39546495158385,398.34930419921875,75877608
2002-11-14,399.33788425611414,400.42519640969516,388.46482305112096,397.8551940917969,88390256
2002-11-15,397.85513547571696,408.2339650968226,395.18628150698527,405.2685852050781,47067916
2002-11-18,405.26850966761447,419.106946583094,400.4250627802764,408.7281188964844,36340272
2002-11-19,406.25717174024135,418.1186950027302,404.2802511964932,413.6706237792969,65941952
2002-11-20,414.26384616716416,414.6592243766316,400.32654558411394,402.303466796875,52495352
2002-11-21,402.40215648533507,413.76944887099194,402.40215648533507,407.24560546875,83087392
2002-11-22,406.7512793965859,408.9259034060587,396.27359763664276,399.33782958984375,73456720
2002-11-25,399.33788425611414,404.2801848038383,392.22095940122784,397.8551940917969,66848196
2002-11-26,397.65729516956026,403.7857569122315,393.80230866418685,395.38385009765625,73493536
2002-11-27,395.3840150535821,414.1647557686273,394.39555501594816,412.1878356933594,89223304
2002-11-28,413.1764118023234,421.0840943248559,413.1764118023234,418.11871337890625,39765732
2002-11-29,415.153314187108,425.53214704178566,409.71678269180063,413.6706237792969,36270348
2002-12-02,421.0840505149148,421.0840505149148,406.7513774340081,407.7398376464844,71322168
2002-12-03,411.6938133193841,417.1303462683796,407.14688881986723,410.7053527832031,67416192
2002-12-04,413.1765041236556,413.1765041236556,403.78612902993615,410.7053527832031,17000812
2002-12-05,410.21101080059435,419.6013833369935,410.11215874081273,413.1763916015625,73583488
2002-12-06,414.6591581998816,416.14184887282516,398.3495607975025,409.2226257324219,54965456
2002-12-09,405.36753710768033,416.04289528195864,404.1813727925776,407.24560546875,52062012
2002-12-10,411.7926289319412,412.6822373026235,403.2918630406476,409.2226257324219,63480164
2002-12-11,409.2226148801089,421.87489622086287,409.2226148801089,414.1649169921875,82904240
2002-12-12,418.71185207234447,418.71185207234447,407.73993505947834,409.2226257324219,58564736
2002-12-13,410.3097084149532,415.64738581444834,400.3262574431667,405.7627868652344,45564916
2002-12-16,405.268594088129,424.5435638069547,404.28013410254823,421.0839538574219,45725552
2002-12-17,416.7348363176541,427.113668665823,410.9533334349054,416.1417541503906,62171168
2002-12-18,414.65893724640114,419.1070068950514,407.24548783198395,408.23394775390625,58666364
2002-12-19,409.7166376367897,415.64739716832344,403.78587810525596,408.23394775390625,51129608
2002-12-20,409.22251410329756,416.1417353562519,407.2455937453106,411.69366455078125,48465912
2002-12-23,413.17627397277545,423.06087382858345,413.17627397277545,421.0839538574219,25730808
2002-12-24,421.0840577879152,431.9571203129553,420.5898276731407,424.0494384765625,6995472
2002-12-25,424.0494384765625,424.0494384765625,424.0494384765625,424.0494384765625,0
2002-12-26,424.0494384765625,424.0494384765625,424.0494384765625,424.0494384765625,0
2002-12-27,417.1302512295275,418.6129416959832,407.24564811982304,410.2110290527344,19958904
2002-12-30,408.234143886926,425.037970632877,407.24568349010536,419.1072082519531,20970166
2002-12-31,422.0725402832031,428.00330197336524,412.1879374662663,422.0725402832031,23249782
2003-01-01,422.0725402832031,422.0725402832031,422.0725402832031,422.0725402832031,0
2003-01-02,418.6128427380713,426.0262933178483,415.6474625061606,423.0609130859375,44828176
2003-01-03,425.0379211282842,425.77926633955445,418.1186991564284,422.0725402832031,25364000
2003-01-06,423.3575042497132,426.0263589356607,413.670606066297,424.0494384765625,60821420
2003-01-07,426.52058905043526,427.0148191652098,421.38058379061505,424.0494384765625,16082964
2003-01-08,416.6360045949191,416.6360045949191,411.69370323554875,413.6706237792969,56014256
2003-01-09,411.1993140243902,415.4002685546875,405.36740670952855,415.4002685546875,38453872
2003-01-10,415.15336666467056,422.07258944241505,411.4960511302672,419.1072082519531,54676448
2003-01-13,417.6245164871216,423.3081637529226,408.72837294065033,411.19952392578125,46949400
2003-01-14,412.18777618222344,417.92083150660676,396.8666478109418,405.7627868652344,115784544
2003-01-15,406.2570726320616,407.739762678164,400.57342745533566,401.0676574707031,79953104
2003-01-16,400.62285125540393,407.04784166149864,400.32632530282393,404.0330505371094,60944688
2003-01-17,403.7860517348203,405.76297242874847,398.596634913259,398.84375,0
2003-01-20,398.8436216716525,400.3263117150415,390.44171142578125,390.44171142578125,61110968
2003-01-21,392.91306788208396,394.3957587042805,382.53423212670816,384.2640380859375,52665180
2003-01-22,384.5108992957692,389.4531987725786,368.6955409699792,375.3676452636719,86297664
2003-01-23,379.0744530988887,381.5456033798462,366.0267675492693,369.68408203125,76069112
2003-01-24,371.46318332110417,373.8849219138706,360.29359957066976,364.7416687011719,92162968
2003-01-27,364.5441268467688,364.49471590060836,344.57724796651195,352.3860778808594,125338240
2003-01-28,356.3399737338362,361.2822757273707,348.92652074353447,358.31689453125,103858528
2003-01-29,360.29366017632947,379.07439966425886,356.1421162233622,378.5801696777344,148900880
2003-01-30,381.79269319422104,384.06613923639935,368.6955975700827,378.0859680175781,105070560
2003-01-31,369.6840853865858,378.18484846331637,368.79447731044854,377.5917663574219,76609392
2003-02-03,384.51109567954853,388.95916748046875,382.78128997919066,388.95916748046875,0
2003-02-04,385.4995281421814,390.93605994931477,382.0399169921875,382.0399169921875,81418296
2003-02-05,385.30189737455,392.9130554199219,379.56883844339626,392.9130554199219,67151400
2003-02-06,389.9474885828355,393.9013287712546,373.14366778205425,378.0859680175781,106029616
2003-02-07,376.8997887241062,383.32477877167173,372.4023077569725,374.6263427734375,48343972
2003-02-10,374.62634494464857,381.2984500327129,370.6725048924623,375.1205749511719,57996312
2003-02-11,383.522635279344,391.43031848097996,379.56879367852605,388.95916748046875,100591664
2003-02-12,387.47638050426133,387.97061058143515,377.5917789607853,380.5571594238281,0
2003-02-13,379.5686208169291,382.5340006670614,370.6724812665324,376.6032409667969,93381024
2003-02-14,382.5340009866302,392.91283047076354,380.8536070039899,383.5224609375,63955652
2003-02-17,392.22099081784313,393.4071551104713,383.5225532232735,390.9360046386719,46539808
2003-02-18,391.2324457349772,401.5618645318664,387.97053988617245,399.33782958984375,65972708
2003-02-19,399.33792228722984,403.88484525724596,387.8717778914449,388.71197509765625,69435008
2003-02-20,389.20615978455277,402.0561409329951,387.47635462995476,395.8782653808594,74828048
2003-02-21,393.7035181792329,409.7165786761615,393.7035181792329,408.7281188964844,55632500
2003-02-24,410.7052043717878,413.4234698640198,403.7859831188335,411.69366455078125,61061972
2003-02-25,409.7168559567364,414.4614540439882,402.79763281633313,409.2226257324219,86344688
2003-02-26,406.2946686246502,408.27177163498914,392.05953298384946,397.397705078125,85977232
2003-02-27,398.18824876646977,403.57586267471316,392.45466621398924,395.4203186035156,125839536
2003-02-28,394.43176780700685,397.39742019653323,384.79339754104615,395.4203186035156,0
2003-03-03,397.3977912454044,406.8878937863982,395.66782573625153,403.3291015625,66200968
2003-03-04,403.3291015625,408.9638584310225,401.6485515720412,403.3291015625,80314768
2003-03-05,401.5990491272048,405.0589793966084,398.6828101185712,400.8576354980469,72898768
2003-03-06,401.35175367810376,405.10823585707766,397.6446869877272,399.8689270019531,61378216
2003-03-07,398.38609403722427,398.38609403722427,387.26489414164416,390.7248229980469,54388656
2003-03-10,393.443392383809,395.4204948580995,387.0178093423649,387.5120849609375,57309448
2003-03-11,385.5349297134428,392.20764965079087,384.8429318748881,390.7248229980469,92913872
2003-03-12,390.7743175248703,393.9376937578309,365.76398165720815,366.7525329589844,119675600
2003-03-13,372.6839757848669,387.512250683469,366.5549434261637,387.0179748535156,65705564
2003-03-14,390.279986639588,396.1618781199983,382.37157734461607,395.6676025390625,72429696
2003-03-17,390.4778409291463,417.1687313217715,383.85453383851217,410.2488708496094,59065992
2003-03-18,409.75450735381156,417.16864198626894,399.6712721863931,407.77740478515625,92415728
2003-03-19,407.5304040903058,420.2332984018367,404.3176113351973,409.50750732421875,88328144
2003-03-20,408.27180033890056,415.488214766715,403.32904246554824,412.47314453125,91187744
2003-03-21,413.7087676502834,427.79562533013177,413.5110452997794,423.1000061035156,69602392
2003-03-24,420.1343458525988,420.1343458525988,410.74310753354075,411.7316589355469,58028216
2003-03-25,410.051172412257,423.10006498852874,406.7889643522887,417.4158935546875,71594176
2003-03-26,420.13431964534345,427.05417902773735,413.7087359331205,424.3356628417969,0
2003-03-27,421.1230355776273,421.8644493726584,405.5533458819756,411.2375183105469,59672204
2003-03-28,414.20304806988764,416.9215644951674,406.2946366508922,409.0131530761719,47606352
2003-03-31,406.59117952150723,406.59117952150723,393.44345794392524,396.65625,62457184
2003-04-01,399.37494006656135,410.99042409077447,397.4966976196919,410.7432861328125,52134176
2003-04-02,411.73168197866585,421.61719655198317,399.62192662635215,401.5990295410156,95041880
2003-04-03,400.3634726034628,408.76616276921453,398.8806449271537,402.340576171875,65047656
2003-04-04,401.8461449154857,418.1572430485866,399.8690421114735,411.7316589355469,0
2003-04-07,415.1915634046541,427.251901837495,415.1915634046541,416.18011474609375,62715528
2003-04-08,413.21446974734044,414.49957445200454,403.8232317985372,406.541748046875,70462584
2003-04-09,406.29459724356786,411.4844917339054,403.57608108196246,407.0360107421875,52779540
2003-04-10,405.0589419850874,407.9751807243752,399.12763349964376,401.104736328125,57621616
2003-04-11,400.8575328240209,407.03597815114824,400.1161193847656,400.1161193847656,43412992
2003-04-14,398.88039481304264,406.2945285456271,398.88039481304264,403.8231506347656,36391908
2003-04-15,405.8003113750094,415.93296226805165,405.30603572169025,409.7545166015625,0
2003-04-16,413.2146457981419,415.6860252586571,399.7703354992979,402.340576171875,54351156
2003-04-17,400.36324717515816,410.00162164418975,397.15045568548095,402.8346252441406,49375832
2003-04-18,402.8346252441406,410.00162164418975,397.15045568548095,402.8346252441406,0
2003-04-21,402.8346252441406,410.00162164418975,397.15045568548095,402.8346252441406,0
2003-04-22,408.02460164879744,409.55684429394967,402.8347066550817,409.0131530761719,32227930
2003-04-23,417.66291762843275,418.15719327059657,405.3060265743371,407.77740478515625,46824492
2003-04-24,405.30607326864606,409.75455456061906,398.63335133068665,401.35186767578125,53894680
2003-04-25,403.32898227353644,405.30608512781845,387.5121594392801,390.4778137207031,84431384
2003-04-28,390.9719449178161,398.8803534117289,388.99484279433784,398.3860778808594,67491456
2003-04-29,401.35181580162407,403.32891834251876,392.45485436759793,395.1733703613281,60885416
2003-04-30,393.9376737924121,396.90332754743656,388.2040885999742,391.9605712890625,85516256
2003-05-01,392.4549165749852,398.38622513783133,389.2915399408558,390.4778137207031,21546616
2003-05-02,393.245783246787,400.6105041503906,390.9721268142615,400.6105041503906,47203380
2003-05-05,400.6105041503906,400.6105041503906,400.6105041503906,400.6105041503906,0
2003-05-06,403.13112547647205,412.9672209634624,400.36319447086123,406.04736328125,64961472
2003-05-07,405.8001553259853,415.4879423383592,403.8230534729963,408.76580810546875,67133312
2003-05-08,408.27186016007965,409.7546877393535,400.8577222637102,403.3291015625,65043000
2003-05-09,405.3059997558594,407.8762389586807,398.13900341871306,405.3059997558594,50073076
2003-05-12,408.27172902852544,412.720210337553,404.317523420501,411.7316589355469,44653744
2003-05-13,412.47315332134013,414.94453231068314,406.8878428390652,410.9903259277344,56142064
2003-05-14,410.7821793529869,415.478245181932,401.6372090545148,402.6258544921875,0
2003-05-15,405.34439991001926,411.5728505719251,401.6369816181593,408.8046569824219,38455028
2003-05-16,410.78210228343636,415.231005918275,407.8161665268773,409.79345703125,49653020
2003-05-19,407.3217974142063,409.59566916630035,400.4012814387222,402.8728942871094,40156940
2003-05-20,401.68667308092745,411.27654694100784,401.63725287207797,409.5464172363281,70020576
2003-05-21,407.3217731780355,408.3104182585647,401.3899026948602,405.5916442871094,44030792
2003-05-22,411.7707867001405,416.0219496204568,408.3105279883746,413.7480773925781,63802564
2003-05-23,409.7935196097395,412.95719696827626,404.8502925939405,410.5350036621094,33135188
2003-05-26,410.5350036621094,410.5350036621094,410.5350036621094,410.5350036621094,0
2003-05-27,411.7708571252744,420.47092559154737,403.61453162399346,418.6913757324219,50812384
2003-05-28,420.66858444926896,425.3646497280798,418.98787533369125,423.14019775390625,46902340
2003-05-29,421.16295983656397,424.12889617344115,416.51631417369714,419.1856689453125,31823296
2003-05-30,415.52762588417005,421.4100777475457,413.2537536621094,413.2537536621094,74430112
2003-06-02,419.18561805302477,424.5242967770351,415.72535941343614,423.8816833496094,49556496
2003-06-03,420.6685299687931,427.83620762396055,418.44407828270664,425.8589172363281,0
2003-06-04,425.8590505628378,434.90515088416714,425.8590505628378,431.54376220703125,49497044
2003-06-05,433.0266225611532,433.0266225611532,421.65720210578047,424.3759765625,54512516
2003-06-06,426.10622881177693,434.0153931516707,423.14029218431676,424.6232604980469,68310704
2003-06-09,423.93119559110096,426.1062278480797,419.1857090663243,424.1289367675781,36172236
2003-06-10,423.140206755621,431.2965308344385,422.64588408417757,427.3419494628906,0
2003-06-11,429.0719119269647,437.2282328334104,428.8741708668734,434.01513671875,72062752
2003-06-12,435.4982118820396,446.37330911405417,435.4982118820396,440.9357604980469,58456768
2003-06-13,438.95836151053527,441.1828126668387,432.8287507003016,434.01513671875,41676448
2003-06-16,430.0607665597576,436.98128464232843,428.5777983992067,433.0267028808594,43000600
2003-06-17,435.99262943256815,435.99262943256815,423.8817230594413,428.33062744140625,81805128
2003-06-18,427.09483023865585,436.239800562053,423.3874098372786,433.0267028808594,54974592
2003-06-19,432.5322999326587,433.6198157495583,422.64584736276936,424.3759765625,66402788
2003-06-20,425.1175615864415,432.5324027769027,424.62323884041075,429.0721435546875,51181048
2003-06-23,434.3119470787092,434.3119470787092,425.11755618772645,426.3533630371094,45951900
2003-06-24,425.1174873218202,428.47887537340847,421.4100673742462,422.6458740234375,45289928
2003-06-25,424.128958873951,424.62328166984133,415.9726327417596,419.6800537109375,59649028
2003-06-26,419.1856310614224,422.6458898083917,415.4782109753839,415.7253723144531,41626196
2003-06-27,418.6913757324219,418.6913757324219,409.9913072661489,418.6913757324219,50618992
2003-06-30,416.713894709599,423.63441016147846,414.24228204821344,415.47808837890625,54801360
2003-07-01,416.2196449599414,417.2082901973759,406.5803538949546,407.0746765136719,50469944
2003-07-02,411.7707430752841,414.4895174893466,404.8502263849432,407.816162109375,75650216
2003-07-03,409.29906333909395,409.29906333909395,398.8194194512736,405.5916442871094,90329072
2003-07-04,404.35590211072684,409.0519669885409,402.3786116358578,407.0746765136719,32497804
2003-07-07,407.32188055529565,413.9952366080827,407.32188055529565,412.7594299316406,41487040
2003-07-08,413.2535589326538,413.2535589326538,403.5648511983454,408.8046569824219,48166032
2003-07-09,409.54625484187426,409.8922866798142,401.8842549021651,405.3445129394531,60178788
2003-07-10,405.3446851929692,405.3446851929692,398.7207477811445,399.65997314453125,62310872
2003-07-11,398.67130199355,405.048077602853,398.42414061599663,402.1315612792969,67533328
2003-07-14,403.8615463572791,407.3218044044039,400.69786978862845,405.8388366699219,63824120
2003-07-15,404.3560396193279,406.33333076661063,398.4241661774795,399.65997314453125,75402960
2003-07-16,401.390043641078,404.65256148402074,398.6712687149377,400.6485595703125,88352656
2003-07-17,400.40135011991833,409.79348055482996,400.40135011991833,406.58038330078125,81090560
2003-07-18,409.05209446356247,410.88109475700884,406.3333192133515,409.5464172363281,79813160
2003-07-21,412.7594553016754,417.4555209607963,410.04068044639496,410.287841796875,0
2003-07-22,411.0788753611838,414.2425537109375,408.8050022899109,414.2425537109375,46158808
2003-07-23,415.5277810692965,417.7028137061363,412.7595851415666,414.2425537109375,39861864
2003-07-24,414.2424699499252,420.4709246134425,412.2651789239112,418.1970520019531,36443136
2003-07-25,415.2311633183406,415.52774493799706,408.0634825229645,411.2765808105469,56059840
2003-07-28,414.9837414940598,419.1854827718436,413.5007739842537,417.9496765136719,0
2003-07-29,418.69109059857806,423.6343148087148,409.79328702033206,414.73651123046875,0
2003-07-30,415.72522524896283,419.1854827718436,414.7365802424255,417.9496765136719,56784168
2003-07-31,420.17422707427835,422.84358129117356,414.7366782533171,421.1628723144531,53192980
2003-08-01,419.18562464913924,419.9271086550044,411.8696551588146,412.7594299316406,37978028
2003-08-04,413.5503404622191,419.1856310614224,413.0065975846915,415.7253723144531,35951992
2003-08-05,417.70267707552387,425.6118401917468,415.7253862964682,422.39874267578125,0
2003-08-06,420.1742466724967,420.1742466724967,413.64918174878244,416.21966552734375,41175236
2003-08-07,418.19696529327877,420.4214172363281,414.24238406119105,420.4214172363281,43378584
2003-08-08,424.1288293520062,431.9391211077263,420.27311875574543,430.80218505859375,57348976
2003-08-11,430.0607434593538,439.45287463835115,430.0607434593538,436.4869384765625,52507484
2003-08-12,438.46434687861694,444.39622079354746,433.52111861617476,433.7682800292969,51890416
2003-08-13,431.8306586269959,433.80813159151563,425.65105561287174,429.11163330078125,45218081
2003-08-14,428.913845058594,436.2799434250519,427.13413157988083,435.53839111328125,41385248
2003-08-15,435.5384338903564,439.24619581337305,428.4195189286269,431.3363037109375,27350740
2003-08-18,430.39683470946585,437.5157470703125,429.1114897819562,437.5157470703125,30761896
2003-08-19,437.02161713607256,439.49345886195533,430.84201282136564,431.83074951171875,0
2003-08-20,430.1002197265625,433.3136121727954,427.62837938330637,430.1002197265625,30313228
2003-08-21,432.07778664685173,434.5496275315591,429.3587616736736,431.08905029296875,48957256
2003-08-22,431.0889920511835,433.8080166570109,427.87559933520566,432.0777282714844,34445476
2003-08-25,432.0777282714844,432.0777282714844,432.0777282714844,432.0777282714844,0
2003-08-26,432.07783762613934,434.0553105672201,426.14541880289715,427.1341552734375,30949664
2003-08-27,429.85317676802,432.47332235702436,427.134151498067,431.5834655761719,42355144
2003-08-28,432.5720963816348,433.8080166570109,428.6171515004313,432.0777282714844,0
2003-08-29,433.31375042041697,435.04403921274036,424.06905855237784,424.1679382324219,46867896
2003-09-01,428.61730132898157,433.3138000171307,424.26686647367563,428.3701171875,31361212
2003-09-02,429.6058877207322,435.043936932387,429.11151961058175,432.0777282714844,51187344
2003-09-03,437.2688207041592,448.3921089640163,436.03289978639737,443.44842529296875,0
2003-09-04,443.2504495881123,445.92004953736034,441.4707364045042,442.45947265625,43711960
2003-09-05,441.470750508465,442.70667086263205,433.8080443126294,436.5270690917969,0
2003-09-08,434.5497372365237,445.52471957009936,434.5497372365237,444.4371032714844,33507844
2003-09-09,444.4369001313118,444.6840841692046,436.0326428429555,437.5157470703125,30803824
2003-09-10,437.51588055876647,438.50461701200663,432.57219829256576,436.03277587890625,38246192
2003-09-11,434.54973683238836,438.75186739333867,430.8419745727264,438.01031494140625,42418640
2003-09-12,439.2956114489256,442.45958029374776,433.8081359863281,433.8081359863281,37167320
2003-09-15,435.5383638854421,437.515836593208,429.85312985061506,431.08905029296875,38283060
2003-09-16,434.0553613142534,435.7856503399936,428.12294179742986,435.0440979003906,39074316
2003-09-17,438.99903096667975,439.49339924479534,431.97899538266876,432.8194274902344,44090656
2003-09-18,431.58356313644344,433.65991621035766,422.28944432932883,424.41522216796875,76317128
2003-09-19,426.1454551660619,427.13419172097156,416.75245789442016,417.246826171875,0
2003-09-22,416.25802307309374,423.0802981765783,412.550261584913,417.9883117675781,46723756
2003-09-23,419.22416829038633,420.21290453635424,413.48951013330685,414.2804870605469,54741928
2003-09-24,416.99957537072993,424.16791424787937,413.0446297833371,417.9883117675781,0
2003-09-25,415.7635886452415,424.6622147993608,415.565829327838,421.4488220214844,77236448
2003-09-26,420.01524451609015,422.19047684101423,409.33690260463675,410.82000732421875,55132272
2003-09-29,412.7975250611822,416.0109189688441,407.8538421263178,410.32568359375,36960020
2003-09-30,410.3256480514859,410.82001630215035,401.67420366485817,408.3481750488281,65703516
2003-10-01,410.07848614878,417.246826171875,406.27184437760883,417.246826171875,92049512
2003-10-02,420.2130783752369,420.460262538987,410.32571182523134,415.7637634277344,95948104
2003-10-03,415.269361846301,424.90954346059016,415.269361846301,423.9208068847656,69196360
2003-10-06,424.1678632004817,430.1002808676213,422.9813675975191,427.3812561035156,42813240
2003-10-07,426.39251982565906,438.9989073683307,422.43757471423265,427.3812561035156,41542360
2003-10-08,427.628473687255,431.6822987789424,423.2780397584993,425.6510009765625,58088528
2003-10-09,426.6396432460039,430.1002197265625,424.16780290274784,430.1002197265625,36487096
2003-10-10,428.61737880212087,432.81950996684753,424.6624318235546,428.86456298828125,0
2003-10-13,428.61724687715537,438.2574271702402,428.61724687715537,436.7743225097656,0
2003-10-14,437.51593539935294,438.30691259155356,428.8644903490832,430.34759521484375,54290916
2003-10-15,430.10029758076524,436.032715478431,426.3925363947242,427.8756408691406,0
2003-10-16,426.3925424913449,432.32496047383313,420.4106997618712,421.696044921875,65916576
2003-10-17,423.42629450017756,430.00138445706534,417.9882451837713,421.4488220214844,56578816
2003-10-20,418.2354677654235,424.1678857479118,418.2354677654235,421.696044921875,60831064
2003-10-21,423.4263734721289,425.1566622136962,415.97129238835737,416.5052185058594,43172508
2003-10-22,417.7412996229335,421.4984874079892,410.82014199604464,413.0447998046875,58384988
2003-10-23,410.3255700313684,410.81993818803267,403.70102466253167,407.8537292480469,50851188
2003-10-24,405.87628959831045,409.33686697612796,403.65163271257063,408.8424987792969,50658442
2003-10-27,406.370624778054,410.0783859530362,402.56398393697134,407.8537292480469,97741291
2003-10-28,407.3594117555653,411.4132371791633,399.14301438382034,403.8988342285156,82840720
2003-10-29,404.14600744651386,407.35940077789286,398.9452442760992,402.66290283203125,78043832
2003-10-30,401.42692987207573,411.0671086066884,397.4225600056944,400.1910095214844,109143424
2003-10-31,399.9438746669182,407.35939768299204,399.2023223653108,404.3931884765625,63362412
2003-11-03,404.3930346606372,414.7747629343211,404.3930346606372,411.5613708496094,48689920
2003-11-04,412.7974574226917,416.2580349100676,409.73236847053346,413.78619384765625,43117624
2003-11-05,411.3144110217066,413.29188415161866,410.5728585979896,412.7975158691406,56267660
2003-11-06,412.30298136295886,415.26918986197296,408.59522073919123,413.2917175292969,55924200
2003-11-07,415.26923984236237,421.00389822779357,414.69578607335393,417.493896484375,61381920
2003-11-10,415.51640736800675,420.4600885978462,412.79738269159503,414.2804870605469,36016007
2003-11-11,413.53910595398315,416.75250008273497,410.5728959889815,415.7637634277344,40313666
2003-11-12,413.3297465705527,414.3185737154583,408.3856108460245,410.1160583496094,37675438
2003-11-13,413.3298648527299,414.8131059945459,405.66645228668045,408.6329345703125,54316345
2003-11-14,407.39685881130737,418.2739594106384,407.39685881130737,414.56585693359375,62703719
2003-11-17,412.6375990531448,415.3964355280826,408.55376786198065,409.3744812011719,45512480
2003-11-18,409.3743771589049,411.05539512609323,403.19420842160264,405.9134826660156,52598464
2003-11-19,401.4639310761517,411.43129815619255,400.9695173679298,407.1496887207031,60015976
2003-11-20,409.12734355359055,409.12734355359055,396.5197939939331,407.1496887207031,44350364
2003-11-21,408.3855375249335,409.3743644923062,405.6662633646585,406.65509033203125,43300896
2003-11-24,406.9022988906273,414.07129443608795,406.6550921476804,411.3520202636719,144698892
2003-11-25,412.34103265703266,413.32986007347637,403.44158590903913,407.1496887207031,58466752
2003-11-26,407.6440235332851,412.3409528523466,404.92474866435475,406.4079895019531,41876214
2003-11-27,408.88006371277936,409.62168414273003,402.9471002731744,403.688720703125,31311287
2003-11-28,404.18306445899157,406.21014787982494,399.4861358811807,401.2165832519531,56373696
2003-12-01,401.7110050085819,408.52403813829926,401.11770271970914,407.89117431640625,48406813
2003-12-02,406.65522356731134,410.8577395555449,402.20550075624044,405.419189453125,79084792
2003-12-03,404.6775754910071,408.97898031285627,403.6788502541705,407.3968505859375,79682327
2003-12-04,407.39674640842674,409.37440051720546,405.1718855360506,408.13836669921875,43769082
2003-12-05,410.3631932918842,413.40876708728433,408.63274609125574,411.3520202636719,47661796
2003-12-08,410.11599722341026,414.3185119628906,407.14951623083584,414.3185119628906,46320544
2003-12-09,418.2739993950802,424.4541707809413,417.77958568421127,422.22930908203125,86521016
2003-12-10,420.74604708649395,425.4924064048371,416.0491170661394,425.1957702636719,67964280
2003-12-11,424.2069075416378,424.2069075416378,420.2515983804104,423.7124938964844,56236872
2003-12-12,423.7124815558508,430.1398587556478,423.7124815558508,429.1510314941406,42571424
2003-12-15,432.11750826973446,432.3746130112623,426.046094469683,427.66778564453125,41080860
2003-12-16,426.4316803085096,430.5353066749975,422.9707855118029,424.70123291015625,46129868
2003-12-17,427.1734312392673,434.96539587809417,423.71253538431955,431.870361328125,73135387
2003-12-18,432.11733060985154,444.2304594427364,431.2273924860209,441.7583923339844,99806240
2003-12-19,442.0057684471413,449.1747658100983,441.610243593473,446.70269775390625,73169464
2003-12-22,443.48904766613924,450.4108388225784,443.29127013388086,449.1748046875,35462112
2003-12-23,448.9276561247997,449.02654490376324,440.384172589542,443.4891052246094,48313804
2003-12-24,442.9944264481707,448.77906952528053,442.9944264481707,445.9609069824219,6485771
2003-12-25,445.9609069824219,445.9609069824219,445.9609069824219,445.9609069824219,0
2003-12-26,445.9609069824219,445.9609069824219,445.9609069824219,445.9609069824219,0
2003-12-29,445.466670365767,449.4219793146307,445.466670365767,448.68035888671875,14679704
2003-12-30,448.9274614961496,450.9051155115511,444.4777399614961,449.421875,14565338
2003-12-31,447.69157490509235,452.8829184020592,447.44436807190345,447.93878173828125,5826671
2004-01-01,447.93878173828125,447.93878173828125,447.93878173828125,447.93878173828125,0
2004-01-02,450.41065704698025,455.35479159195256,448.1857965017427,449.6690368652344,20692624
2004-01-05,449.916243592483,449.916243592483,442.10847018166777,449.6690368652344,56258848
2004-01-06,450.90527829065434,452.8829330199993,445.46672778495565,447.69158935546875,40922064
2004-01-07,447.19710665694714,448.92755427806304,435.18286206566495,436.32000732421875,78512912
2004-01-08,438.54473511431854,441.97596570322406,434.1444432888664,437.555908203125,50984290
2004-01-09,434.09512235985176,434.39175843660627,426.43171188538963,429.398193359375,130230400
2004-01-12,429.6454236427718,440.76972977851676,429.6454236427718,436.32000732421875,92336174
2004-01-13,440.02807101106697,442.5001388257359,437.3087964149312,438.5448303222656,59890461
2004-01-14,438.0503248192798,438.0503248192798,428.4092623655824,430.13970947265625,69308320
2004-01-15,430.1398669895028,433.205237594176,426.6789715079781,431.62310791015625,66637128
2004-01-16,429.6453193153575,431.6229732592717,423.71235748361494,428.1620788574219,0
2004-01-19,432.6117736471575,440.9574751917589,431.4251692830843,437.555908203125,42710344
2004-01-20,437.06170992027063,441.0170195123093,429.9421405839541,433.3536071777344,81447568
2004-01-21,435.08399635736197,445.6644601576068,435.08399635736197,443.2418212890625,76505472
2004-01-22,444.9721100370763,445.96093694826976,436.07266783633474,437.555908203125,54146704
2004-01-23,438.3471588419884,438.297729544384,429.1510764179643,433.6007995605469,65924192
2004-01-26,435.8749535979598,435.8255243158725,427.4204943517547,429.6453552246094,55893712
2004-01-27,433.10639556203495,436.8144982637647,430.1399134006511,431.870361328125,74999488
2004-01-28,429.1510193079405,436.5672235586537,428.45882817389565,434.5895690917969,95967568
2004-01-29,430.3870205173701,432.85908841235783,425.9372983063921,429.398193359375,67171833
2004-01-30,430.1398549522493,431.2770002576051,423.46527099609375,423.46527099609375,80230081
2004-02-02,427.17329004249706,427.420496807568,418.7682600300868,421.7347412109375,51856152
2004-02-03,424.206789046999,424.206789046999,415.5545526736628,420.4986877441406,56627690
2004-02-04,422.2292689732143,425.19575095663265,417.11406110245355,423.959716796875,87393935
2004-02-05,423.21800026318704,424.701240918315,416.09843304792935,418.27386474609375,45889680
2004-02-06,419.26253119896825,419.26253119896825,411.5002353761208,416.2960510253906,52957551
2004-02-09,419.2627805543351,421.9820556640625,416.0490917882936,421.9820556640625,63679852
2004-02-10,408.8799528342027,412.34084723545953,403.1941977464236,411.3520202636719,202375456
2004-02-11,412.3410874241368,418.07627513061027,405.8148195734663,409.8690185546875,89776472
2004-02-12,411.8465169147828,411.8465169147828,401.9582452001422,408.8800354003906,69523747
2004-02-13,408.88007252827447,414.56582928048147,407.39683163639444,410.85772705078125,43028844
2004-02-16,411.8465034366366,416.2962255626027,410.264373978749,413.82415771484375,23224540
2004-02-17,414.0713569881374,417.63114065965567,413.03310058155694,416.04901123046875,96959728
2004-02-18,413.6128824649448,415.34348029952616,410.39891505786517,410.89337158203125,66267408
2004-02-19,412.376950718596,416.09527532727844,408.42129651506025,413.8603210449219,69480488
2004-02-20,413.36585479125256,422.6319697218891,412.624169645096,419.7937927246094,90554976
2004-02-23,423.25499007333997,427.7051009502793,418.80487919640063,419.7937927246094,57533700
2004-02-24,420.2883521739383,423.5616543377056,413.86041267010154,416.5799255371094,83792646
2004-02-25,417.8159298596486,421.0793321513521,416.3325596944664,420.0409851074219,43941404
2004-02-26,421.7716165591057,428.99067318818464,421.7716165591057,428.1995544433594,75765840
2004-02-27,429.18835103670204,433.7274592383697,427.21052453422874,427.95220947265625,72286713
2004-03-01,430.17725996537644,435.6162827925249,427.7049768621271,435.121826171875,44605378
2004-03-02,438.8302754765823,440.06641709764307,436.1107639102485,439.57196044921875,105920688
2004-03-03,440.0664367675781,445.6043575133103,428.44670501023194,440.0664367675781,104856208
2004-03-04,440.8081869282542,444.3188177361869,437.0997613511797,444.02215576171875,69045632
2004-03-05,443.52763346125573,445.6043575133103,437.84138175021394,440.0664367675781,79628480
2004-03-08,440.31366301704224,442.7859463579577,440.0664346829507,441.5498046875,37854888
2004-03-09,438.5830471523701,442.29147201555253,436.1107639102485,439.57196044921875,60673405
2004-03-10,440.06638395773166,450.94442940387785,438.3852194079963,449.4610595703125,90668760
2004-03-11,445.9999630522967,447.9777899394466,440.8081674735283,443.5276794433594,129068299
2004-03-12,440.06645095662594,442.0442777024984,431.6606872866679,440.8081359863281,76479244
2004-03-15,442.0444419724601,447.7306959799358,439.0777007511684,443.0333557128906,66637712
2004-03-16,444.02215576171875,447.9778097105982,441.5498720436691,444.02215576171875,65195522
2004-03-17,445.0110234213139,447.77996882868325,439.32477145537484,447.4833068847656,58008864
2004-03-18,446.98885341616534,452.5861068393016,441.30260140921195,441.79705810546875,100634514
2004-03-19,445.0110234213139,451.93341711897875,443.0331966505525,447.4833068847656,87102640
2004-03-22,444.26927365389736,444.7142966841771,433.8362510298802,435.121826171875,58569892
2004-03-23,432.64959050321033,435.3691022149448,430.17730712890625,430.17730712890625,49705916
2004-03-24,432.1550490373884,436.8523865269252,431.1661358816964,432.6495056152344,45889396
2004-03-25,434.13294956632103,439.29507832869837,428.94115461137073,430.6717529296875,45500668
2004-03-26,432.8968079103805,432.9462415049223,426.7160996306778,430.6717529296875,46303768
2004-03-29,437.0996967444259,441.5498067791542,430.6717600275961,440.0664367675781,45359036
2004-03-30,442.5387037348173,452.9222934313885,442.04424708259967,451.9333801269531,113965780
2004-03-31,453.9112285814787,460.5863937076769,450.74669378328855,450.9444885253906,82112400
2004-04-01,451.9335046426918,453.4772033234762,446.1879191752503,450.45013427734375,60760139
2004-04-02,447.97783300623144,459.84479546997267,446.3461317033163,458.11419677734375,65350715
2004-04-05,459.8447478864981,473.49174123594855,459.8447478864981,472.70062255859375,72547704
2004-04-06,472.7005811669361,481.1063446395699,470.52495972585234,473.1950378417969,79100536
2004-04-07,470.722761062971,477.8429493524266,467.3604616626551,475.6673278808594,70904440
2004-04-08,475.6673311873259,480.61189803958496,473.9367327890352,476.9034729003906,58242151
2004-04-09,476.9034729003906,476.9034729003906,476.9034729003906,476.9034729003906,0
2004-04-12,476.9034729003906,476.9034729003906,476.9034729003906,476.9034729003906,0
2004-04-13,477.64507655134497,488.91671936761844,477.64507655134497,484.814697265625,66681708
2004-04-14,483.08436165481316,485.5566460030978,478.9309118779941,482.58990478515625,46102396
2004-04-15,482.58954725857967,494.9509598420474,481.60063425190225,493.46759033203125,71915326
2004-04-16,492.47868964273925,494.4545238763356,485.5721123397455,491.4897766113281,52775652
2004-04-19,488.5232370268038,489.01769374444234,481.10638626222686,486.54541015625,31111956
2004-04-20,488.2759823633362,488.5232107088366,481.8480453803252,483.5786437988281,42190101
2004-04-21,478.6341388421061,491.58891185901217,475.1729415570909,479.3758239746094,57552704
2004-04-22,479.6230097177445,486.2487417175011,474.6982100111669,484.0731201171875,36019052
2004-04-23,487.53413102097517,489.51195711030977,483.08402231997235,485.5563049316406,42565928
2004-04-26,485.0621891334408,489.5123009603532,481.60099104584236,482.58990478515625,22666920
2004-04-27,489.512130721782,490.30324936640335,477.15071327931275,486.0509338378906,78400512
2004-04-28,490.5010452231917,497.22564425536126,487.83096697790097,488.77044677734375,77291864
2004-04-29,488.27600216110585,490.7848629584047,483.5786634061383,484.0731201171875,64202360
2004-04-30,480.1173579289363,485.06192392202524,478.38675983135516,482.0951843261719,55338320
2004-05-03,482.0951843261719,482.0951843261719,482.0951843261719,482.0951843261719,0
2004-05-04,486.5453131943563,490.50096614715596,483.0841168606566,486.79254150390625,61387188
2004-05-05,486.54537118199363,493.96222135245085,402.9821925948423,492.4788513183594,75888377
2004-05-06,493.467757132961,502.61520553672835,493.467757132961,494.2094421386719,87274133
2004-05-07,495.44547584983377,496.5827199082531,490.30311552580673,494.9510192871094,58026720
2004-05-10,489.51216281286077,494.09083696239543,481.6008551310367,481.84808349609375,76654224
2004-05-11,481.6007542974723,486.0508639367713,474.6783615252294,485.06195068359375,63897812
2004-05-12,485.0997365996717,486.3419202334419,478.1768045788813,480.15478515625,51814473
2004-05-13,481.143706488139,490.2918653473688,480.64921141466715,488.8083801269531,51834247
2004-05-14,486.5832176035363,491.3303588733746,485.59422732385434,490.29193115234375,47883516
2004-05-17,484.6052453873005,490.7369972995304,483.6162550905917,488.06671142578125,44528208
2004-05-18,487.57209638111095,487.57209638111095,475.7398300048174,477.929443359375,72811080
2004-05-19,477.43506186236806,480.15478515625,472.2428628467752,480.15478515625,74163984
2004-05-20,478.6711918102055,480.25358195167956,474.7152315473113,478.17669677734375,28924937
2004-05-21,477.4350873424241,477.48452478686136,472.26464897612834,473.4791259765625,31612540
2004-05-24,470.01752973035434,478.37450787604644,470.01752973035434,476.9404602050781,43745488
2004-05-25,477.187825159373,489.5502040495122,477.187825159373,487.0777282714844,70660652
2004-05-26,489.550178002732,493.39636860342756,485.8909019733089,488.5611877441406,67652680
2004-05-27,483.61630822804347,488.36345010120345,478.1768609984847,478.6713562011719,76514848
2004-05-28,479.1657039336919,480.6491890851894,470.2647930247069,472.4900207519531,63298988
2004-05-31,472.4900207519531,472.4900207519531,472.4900207519531,472.4900207519531,0
2004-06-01,477.6822580044695,480.4514184420063,474.96253500340885,476.6932678222656,61665120
2004-06-02,478.4238865778997,487.6709486131886,477.68214411808896,482.1325988769531,76449760
2004-06-03,482.13272562787574,486.882854523042,481.17340392038864,483.6162109375,69138665
2004-06-04,483.1216093679454,483.1216093679454,478.057985456028,479.1656494140625,54680962
2004-06-07,482.6272453444693,484.60522585817614,480.4020172665491,483.3689880371094,40626346
2004-06-08,483.36897850520967,490.34134760589814,482.1525096478969,486.8304443359375,55357772
2004-06-09,481.6383126467637,486.8305121157483,473.97363724016736,475.4571228027344,83849872
2004-06-10,475.45717071818416,478.6713897610008,474.46818024347135,476.19891357421875,56800856
2004-06-11,476.94046610303496,480.84698899185645,470.5120305827245,477.1877136230469,28610950
2004-06-14,477.1878220945223,478.67130755181097,471.0066326891528,472.73736572265625,33858816
2004-06-15,472.9844930918181,483.2205461819771,471.25376049817316,477.929443359375,35934508
2004-06-16,477.1877191603852,487.0776200756264,475.98709581319196,485.0996398925781,35213921
2004-06-17,485.5941349383402,491.3302653965471,483.46781227787983,485.0996398925781,45692744
2004-06-18,484.1107476757419,492.7149752841872,481.0448717358597,490.5391845703125,59389604
2004-06-21,488.5611607747562,489.55015097875366,483.1770978627412,484.8524475097656,29531088
2004-06-22,483.86325204905086,485.0994892796309,480.1545403573105,481.3907775878906,44653025
2004-06-23,483.6162621822454,487.8194710048927,481.63828155982316,487.0777282714844,41643032
2004-06-24,491.28084149492776,494.00056432152275,486.5831384308092,490.7863464355469,0
2004-06-25,489.5499841258871,492.4279482604162,484.8522822580124,485.5940246582031,41155954
2004-06-28,484.6051448468161,493.1005661112183,479.6601943891955,485.0996398925781,48367000
2004-06-29,487.3249499209014,492.764396343154,484.9019117147175,488.5611877441406,64423713
2004-06-30,487.0776909234832,487.7699961608823,481.63824462890625,481.63824462890625,59794236
2004-07-01,483.36896105894107,487.3249218655616,478.6712576010793,479.6602478027344,55735000
2004-07-02,480.6492973216606,484.4816348260257,475.4570981221982,475.704345703125,38809820
2004-07-05,476.1987235429991,478.7701037874397,473.97349586289164,477.1877136230469,15793586
2004-07-06,477.92947759746033,485.2766709856309,477.18773500418956,480.6492004394531,57821097
2004-07-07,480.6492973216606,483.61626829278197,475.4570981221982,475.704345703125,55825490
2004-07-08,474.7153129812628,482.13273974659506,470.6554971996664,481.63824462890625,61356444
2004-07-09,482.1325804865816,492.26972705065845,480.9457805235224,491.5279846191406,70621568
2004-07-12,489.0556002586746,490.85556946882826,484.110649801054,485.0996398925781,34030297
2004-07-13,485.5940953742569,486.5830853852024,479.9568402392354,480.8963928222656,26987268
2004-07-14,480.6492169489626,483.86343496353896,476.69325631563777,482.627197265625,30019932
2004-07-15,483.36903331725574,488.5612326521214,482.6272905551321,486.583251953125,42481585
2004-07-16,486.5832304983428,491.03368687485204,486.0887353453973,489.5502014160156,47736346
2004-07-19,489.7973761640497,492.2698515611423,486.83040568753853,489.0556335449219,34138267
2004-07-20,488.3138909257941,489.5501286243404,483.86343521102737,489.0556335449219,17607200
2004-07-21,492.51716515325734,492.58640171724164,478.67130107264364,490.5391845703125,59380608
2004-07-22,486.58315789894976,487.57214805728097,482.627197265625,482.627197265625,38836343
2004-07-23,484.11053985782166,488.2741787467179,483.1215499909007,485.5940246582031,38908961
2004-07-26,485.09974443748206,487.572220199141,482.874516251989,484.3580017089844,24780359
2004-07-27,480.64926483076243,484.11073072974943,477.1877989317755,483.3689880371094,54127264
2004-07-28,485.5940627476967,492.2697448730469,484.9017577139181,492.2697448730469,89688241
2004-07-29,493.5060842695027,510.8628493089528,492.2204091486487,508.09368896484375,83722472
2004-07-30,508.5882063725198,516.9204366697222,500.4290372863296,510.3189392089844,111494256
2004-08-02,509.82441692808425,510.7253975691142,504.8567093162093,506.6101989746094,93859936
2004-08-03,508.8353588960908,517.2417739604576,508.2419890368111,515.2637939453125,80830864
2004-08-04,513.2858931842018,516.2528636650353,507.1541421178453,508.3409423828125,51175419
2004-08-05,506.8575264129862,511.3079827424661,504.6322982482463,506.11578369140625,114366796
2004-08-06,504.38506988433744,509.31517220771053,493.50617622016546,494.00067138671875,154119764
2004-08-09,493.01172167238155,496.96768333073567,490.04475042861594,495.7314453125,113851592
2004-08-10,495.7312758105276,502.40695882642996,494.49503821499013,501.41796875,52494368
2004-08-11,499.972584939461,499.972584939461,487.6092668153398,489.0928649902344,45846208
2004-08-12,489.58733425427926,493.79086187161397,489.0928015934163,492.05999755859375,55832258
2004-08-13,489.34014067397845,493.0491361818661,481.6748832910106,481.9221496582031,40684612
2004-08-16,486.62022256126517,488.84561992053926,481.77380768228943,488.10382080078125,31734440
2004-08-17,486.8673693144601,489.58729875197105,482.57482975150793,485.1365051269531,36038550
2004-08-18,482.6638420019432,486.8673693144601,478.95484731442826,485.1365051269531,37281789
2004-08-19,486.62022371703347,488.5983547077531,478.7076997541549,481.6748962402344,61596879
2004-08-20,480.68579301064545,486.6201855169497,479.46923168065587,484.14752197265625,49410162
2004-08-23,483.1584648425012,489.5873901679388,479.7175023317032,483.4057312011719,37544332
2004-08-24,483.65297318685907,483.65297318685907,476.23498280055753,479.2021789550781,60687384
2004-08-25,478.70781573498965,480.99255516810445,475.1373029199446,477.71875,49788672
2004-08-26,480.1914017510168,481.427733887348,477.22420462382206,479.6968688964844,43334082
2004-08-27,480.6857716120944,492.5347856550666,480.6857716120944,491.56549072265625,47064370
2004-08-30,491.56549072265625,491.56549072265625,491.56549072265625,491.56549072265625,0
2004-08-31,487.60935747290796,493.64266387598315,487.3620910644531,487.3620910644531,43276127
2004-09-01,491.5655506062058,498.48900906544816,490.8731926867282,497.9944763183594,46411564
2004-09-02,503.18716776117617,503.23660897192127,496.99560690786484,500.219970703125,48793846
2004-09-03,501.20885761779033,502.26716476848463,497.2525962848428,500.7143249511719,47940941
2004-09-06,501.7033584488868,503.6814889898385,497.00529841412634,498.9834289550781,26350874
2004-09-07,497.49990480089167,500.2198346979144,492.8018440696705,498.7362365722656,50695001
2004-09-08,500.219887520063,503.1870840846902,494.5327607711943,499.47808837890625,59993802
2004-09-09,499.2307093925627,503.1869705863621,497.40093255365497,500.467041015625,54429164
2004-09-10,503.4342827251511,508.4389511760384,501.7034182953495,503.6815490722656,64446814
2004-09-13,502.6925131962217,506.5894334702399,499.47805049501613,501.9507141113281,40809534
2004-09-14,502.445364506287,503.43443018444896,499.72543389134154,501.456298828125,40422370
2004-09-15,501.45630885149376,513.562463335336,496.510980361834,505.9071044921875,52473922
2004-09-16,507.6378116794295,510.42698332479995,503.92881646501576,505.41241455078125,58326874
2004-09-17,505.4125224637572,516.5395104827734,505.4125224637572,513.819580078125,78418784
2004-09-20,516.2923250225432,525.7487571268724,514.808726387421,522.7212524414062,117255966
2004-09-21,522.2265933579229,533.1063140528796,521.8309430037261,532.1172485351562,93716672
2004-09-22,532.6116826775369,534.5898133467199,526.6772906699878,528.160888671875,70835793
2004-09-23,527.171769236352,532.6116280183406,523.710040920541,525.6881713867188,75146531
2004-09-24,523.2157612131602,531.6228197581733,522.7212283575712,530.1392211914062,43950264
2004-09-27,526.1827392578125,528.4575773727821,523.7100760094205,526.1827392578125,38854424
2004-09-28,529.1500611030989,539.0407164508204,526.6773972661686,533.1063232421875,142159936
2004-09-29,531.6225984042749,537.0624575507372,523.6111936265869,526.1827392578125,110806527
2004-09-30,526.6775064332791,527.1720393031694,520.2485791247038,521.732177734375,115834934
2004-10-01,524.2045627170139,535.0842800564236,521.7318996853298,534.09521484375,53139719
2004-10-04,534.0955628982987,540.5244909702226,528.6557006835938,528.6557006835938,67543133
2004-10-05,530.6336297485129,545.0739616020184,529.6445642690189,542.9969482421875,113623824
2004-10-06,543.4912178471403,552.392802852826,543.4912178471403,550.4146728515625,124177135
2004-10-07,552.8876234352105,554.865754467179,545.9641648233205,548.4368286132812,109098898
2004-10-08,545.9643204966569,553.6691213306833,544.3818393669692,545.4697875976562,103667728
2004-10-11,546.9534297870223,549.92062741697,542.8962917027959,543.49169921875,59576604
2004-10-12,547.9422925139127,547.9422925139127,538.7934365468483,541.5133666992188,42074000
2004-10-13,542.0079037123896,543.4915019889746,530.5347678539063,532.1172485351562,61525592
2004-10-14,531.1281952910371,540.5243179265397,530.6732034099736,540.02978515625,63020812
2004-10-15,539.0406048308848,541.5132681557972,536.5679415059725,537.5570068359375,50082798
2004-10-18,539.5352523859605,543.2343478488835,536.0735229939331,540.02978515625,35868216
2004-10-19,537.0623941606432,542.0077200737246,533.7490499459777,535.5787963867188,42448255
2004-10-20,532.1170844184028,536.2711703851819,527.1717583550347,534.09521484375,80328648
2004-10-21,538.0516509160483,543.7268852904052,530.6336594052572,533.1063232421875,35094375
2004-10-22,534.0954161921991,546.4814946617162,517.7758340307707,536.0735473632812,36484340
2004-10-25,529.6448537995094,534.1351917986607,527.6667217591752,531.6229858398438,64036068
2004-10-26,530.1389909589807,531.6225888814405,523.2155339875014,525.1936645507812,64612792
2004-10-27,529.150181475585,534.5900431543059,526.6775170761664,529.6447143554688,123550007
2004-10-28,529.1500038961062,533.6007983214006,515.3030879063016,523.7101440429688,138697872
2004-10-29,519.7540462548134,525.7477822231738,517.7066729293333,521.732177734375,106141543
2004-11-01,522.7210107100638,532.7402470219685,521.2374127610285,526.1827392578125,45704565
2004-11-02,528.1608439700705,529.5455594684037,520.9802205898393,526.67724609375,111533232
2004-11-03,528.1611238805259,532.1173869807545,523.5619438793965,527.1720581054688,85037488
2004-11-04,530.1391538500346,536.0735473632812,528.1610226789523,536.0735473632812,64960120
2004-11-05,536.5683159406796,538.0519149709303,525.7874721737379,531.6229858398438,60358692
2004-11-08,528.1610987146473,544.4806832254932,514.2152960979461,531.1282958984375,32442072
2004-11-09,530.6339198196766,537.4188982297514,529.8624193474027,531.6229858398438,44372516
2004-11-10,526.2210083007812,534.1341061699659,521.6214960154595,526.2210083007812,74362493
2004-11-11,529.6829901226496,530.177558740878,521.7698922309947,525.2318725585938,62364393
2004-11-12,529.1886586991567,529.6832275390625,518.0608598012773,529.6832275390625,72141122
2004-11-15,530.1777963789682,535.1234847780257,528.1995210193452,529.6832275390625,60627650
2004-11-16,530.6724304942852,534.134412799467,525.7267414868827,527.7050170898438,71348064
2004-11-17,524.7375410631286,530.17779832203,524.7375410631286,528.694091796875,56672654
2004-11-18,529.6832926928047,533.1452749979865,526.221310387623,527.7050170898438,52907061
2004-11-19,529.1885324924853,536.8543476827969,529.1885324924853,532.1559448242188,54300206
2004-11-22,532.1560736889031,532.1560736889031,528.051128153772,528.694091796875,26613744
2004-11-23,531.1671131222747,532.7418010373102,529.1888370957486,531.6616821289062,34856891
2004-11-24,531.6614407211987,536.0136701522479,529.8810051801934,530.177734375,35710704
2004-11-25,532.1558689622574,544.0255165971033,532.1558689622574,541.5526733398438,26625652
2004-11-26,540.56366777596,541.5528053199233,534.6288425121801,536.112548828125,24997289
2004-11-29,536.1124894852559,543.5310202438158,534.2331042108909,535.1233520507812,42442940
2004-11-30,536.1124395591936,538.5852829150939,526.9134743496747,528.1993408203125,46264504
2004-12-01,529.1884200017255,531.1666944690216,526.2210083007812,526.2210083007812,38148064
2004-12-02,520.2860231741786,538.2615824530097,508.91094852303206,509.90008544921875,97722437
2004-12-03,508.9112269529822,510.3949331540113,502.9764021488658,507.4275207519531,99617762
2004-12-06,503.96553961621856,512.9469247239862,503.96553961621856,507.4275207519531,58992964
2004-12-07,507.4274885719388,513.8568817019926,506.93291986962697,508.4166259765625,54823876
2004-12-08,503.471042550292,506.43845537475346,495.5579416850615,501.4927673339844,80691976
2004-12-09,503.965486239543,509.4057417337873,502.4817801956582,502.9763488769531,49452792
2004-12-10,507.42758271008006,508.4424388414549,504.4601699456936,506.9330139160156,41174736
2004-12-13,503.47088312496174,506.4382950097847,497.53605935531584,505.44915771484375,60062314
2004-12-14,508.4166043711974,508.4166043711974,500.00893678918345,502.9763488769531,36462920
2004-12-15,503.96545488098985,507.92200408515856,498.0306310747368,503.47088623046875,122506708
2004-12-16,503.4710210670988,505.9438649819666,496.54705810546875,496.54705810546875,55470824
2004-12-17,496.5469996312282,503.27312221315566,491.60131238390517,495.06329345703125,62459952
2004-12-20,495.0632900560673,501.98725215475355,495.0632900560673,497.04156494140625,36310352
2004-12-21,499.01974261136866,503.7379164267534,497.39754303209776,500.5034484863281,56453888
2004-12-22,502.9763488769531,511.3840164589671,502.4817801956582,502.9763488769531,57194936
2004-12-23,504.46005329884537,509.39088854618495,498.5252291423884,503.9654846191406,102372289
2004-12-24,503.4710323575648,508.91128909227325,501.5916769773368,506.9330139160156,69289368
2004-12-27,506.9330139160156,506.9330139160156,506.9330139160156,506.9330139160156,0
2004-12-28,506.9330139160156,506.9330139160156,506.9330139160156,506.9330139160156,0
2004-12-29,502.48177456855774,506.93289265036583,494.56867575645447,506.4383239746094,154408176
2004-12-30,506.4383570029383,507.92206312697033,502.9763760468635,504.95465087890625,145643696
2004-12-31,501.98724281130814,506.4383612204724,499.86060338636753,502.4818115234375,3551222
2005-01-03,502.4818115234375,502.4818115234375,502.4818115234375,502.4818115234375,0
2005-01-04,495.5578242840153,500.99807984002746,492.788251711749,499.5143737792969,89110096
2005-01-05,496.54699367947046,502.4818183051215,496.54699367947046,498.5252685546875,64891042
2005-01-06,497.04149377369464,503.96545488098985,492.7882154536432,503.47088623046875,42952368
2005-01-07,504.46002353151096,510.69157645364675,501.4926116283844,503.47088623046875,50432160
2005-01-10,503.47094559015017,505.9437891343061,500.10788440731375,504.4600830078125,31554992
2005-01-11,503.47094894769623,504.46008637195496,499.9990669290029,502.4818115234375,45956456
2005-01-12,500.9980773925781,505.44919555302556,497.5360966011191,500.9980773925781,67412503
2005-01-13,503.4710002776594,507.922119140625,500.00901893979733,507.922119140625,57181016
2005-01-14,507.42754506557054,515.3801889501634,506.93297630819666,510.8895263671875,56130508
2005-01-17,512.3732028931611,513.3623403504838,507.42751560654756,510.3949279785156,31706584
2005-01-18,511.8786002494193,514.4107895575061,508.91118807406036,512.3731689453125,56008285
2005-01-19,512.8674938552045,517.3186100024532,509.870380004103,511.87835693359375,73830097
2005-01-20,508.91128909227325,509.4058578863377,503.96560115162924,506.9330139160156,49726208
2005-01-21,508.4165986776352,508.91116735339165,503.322547354559,506.4383239746094,97061664
2005-01-24,505.94377427294074,516.0824325061717,505.4492055786368,513.3623046875,54312148
2005-01-25,511.3839630652112,518.209034303335,511.23556832745527,517.3187866210938,52493540
2005-01-26,519.2969867545115,526.913354634672,516.8241439604424,526.7155151367188,108204080
2005-01-27,525.2321736119254,529.6832937272808,521.7701912999825,527.21044921875,71774496
2005-01-28,528.6939241536459,528.6939241536459,506.9130999517441,519.297119140625,109319664
2005-01-31,520.286198399035,524.7373160659469,515.8350807321231,517.3187866210938,49629803
2005-02-01,521.2755544083523,531.1669311523438,519.6929582781826,531.1669311523438,70769404
2005-02-02,531.6616821289062,533.6399581554324,524.2431470294331,531.6616821289062,48490648
2005-02-03,531.661321518573,532.9471879892106,525.2319287932321,528.1993408203125,131362256
2005-02-04,528.6939637705296,534.1342197120412,526.2211201607516,532.1559448242188,47661323
2005-02-07,534.6287176468793,540.0689728680778,532.1558743645163,538.0906982421875,56475008
2005-02-08,541.0582885742188,544.5202703109825,535.1234627397666,541.0582885742188,163717393
2005-02-09,539.0798277585667,546.2411721411733,536.4684908008423,543.036376953125,137303568
2005-02-10,542.047411229589,549.9605121234515,540.0691360061232,548.9713745117188,60715530
2005-02-11,547.9822368999859,552.8804724340638,541.950453526681,548.9713745117188,128262896
2005-02-14,548.4766912226456,549.9603973305517,540.8603211276294,544.5201416015625,42511476
2005-02-15,545.0147094726562,546.0038468764179,541.0581598576098,545.0147094726562,55211995
2005-02-16,541.5972174567146,551.9840134079392,539.1241708016611,549.016357421875,66719300
2005-02-17,552.9730242126191,560.3921613889959,551.4891967773438,551.4891967773438,62100752
2005-02-18,548.5217480908643,551.9840134079392,545.5540921048001,549.016357421875,73039903
2005-02-21,549.5111030435178,552.9733692193096,547.5326652287796,552.478759765625,16703986
2005-02-22,550.0053658668321,554.4568481445312,545.0592744471663,554.4568481445312,53272012
2005-02-23,549.5107816711591,552.7128809186005,544.5646900269542,550.5,0
2005-02-24,550.9949367739508,555.9410313589952,549.0164989399331,549.5111083984375,112249898
2005-02-25,552.9732524173361,567.5504018590641,551.3905266507096,561.876220703125,76002056
2005-02-28,560.8870115449844,570.2252386319998,555.94091796875,555.94091796875,77160444
2005-03-01,556.9302029686452,560.3924688840808,550.0056711377739,552.9733276367188,117717312
2005-03-02,551.489433750139,565.6916415317521,548.0271682467749,555.94091796875,105687664
2005-03-03,557.9194451786303,567.3170244857172,549.2143311590703,562.8655395507812,76455312
2005-03-04,566.822200457255,569.7898559570312,561.3814987076653,569.7898559570312,61333822
2005-03-07,570.2845352975946,573.3510888734146,562.1234816701789,563.8546142578125,42539064
2005-03-08,565.3384421900699,565.3384421900699,560.8869583932977,563.8546142578125,53916156
2005-03-09,566.8223118166635,568.3061398580684,562.1235230188813,563.3600463867188,54854425
2005-03-10,551.4894824481738,554.4571388559667,546.9391001070744,550.994873046875,82421888
2005-03-11,550.0055280412946,557.9192766462054,549.0163094656808,553.96240234375,50357568
2005-03-14,553.4678517016363,558.9085544440115,550.7475003304486,555.4462890625,47663356
2005-03-15,556.9301489774513,563.162214945647,555.4463208718274,560.8870239257812,33147076
2005-03-16,553.9622390025647,556.4352847123976,550.0053658668321,554.4568481445312,53081316
2005-03-17,553.9625881266786,559.4032921172085,551.9841503119404,552.478759765625,49175882
2005-03-18,555.4466071474868,562.3711418759507,554.9519975240252,558.9088745117188,56071326
2005-03-21,560.8870239257812,563.8546801370288,559.4031958201575,560.8870239257812,52081339
2005-03-22,560.8870043708283,563.8546604786104,553.9624734526699,560.3923950195312,90517882
2005-03-23,552.9733746079686,557.4248597345086,548.5218894814286,549.5111083984375,89634974
2005-03-24,544.0702296428369,547.1407680393563,540.8928841355843,545.0594482421875,69305920
2005-03-25,545.0594482421875,545.0594482421875,545.0594482421875,545.0594482421875,0
2005-03-28,545.0594482421875,545.0594482421875,545.0594482421875,545.0594482421875,0
2005-03-29,549.9064123910724,550.3020634382441,539.2525132334785,550.0053100585938,2787573
2005-03-30,543.0811599089851,548.5218636967801,540.9048663184415,541.1027221679688,93752416
2005-03-31,547.5324574055841,547.5324574055841,540.6079276822976,542.5863647460938,51891225
2005-04-01,544.0700862718666,551.9838329812756,542.5862587638524,546.0485229492188,118343672
2005-04-04,553.4680786132812,557.0391450232033,548.2252295329447,553.4680786132812,42593164
2005-04-05,552.4785701555214,557.9192722788077,550.697988808777,556.9300537109375,72135792
2005-04-06,554.9516209193639,557.4701916995857,550.5001373291016,553.96240234375,108317592
2005-04-07,556.930083907278,563.8546142578125,553.9624280427631,563.8546142578125,63814319
2005-04-08,561.3815350866191,563.8545814966923,556.4354422664727,558.4138793945312,55108364
2005-04-11,553.96240234375,562.2332815562509,551.4893559047155,553.96240234375,110607352
2005-04-12,553.9625935249775,556.4356408174997,548.3240336226006,549.5111083984375,109716176
2005-04-13,548.027254261526,549.5110825672882,540.1135032974606,541.1027221679688,154565328
2005-04-14,535.167258142542,539.1241325095848,529.9244116816325,534.1780395507812,141507472
2005-04-15,530.715748164339,533.6834037924713,524.2858276367188,524.2858276367188,66914471
2005-04-18,516.866657847884,518.8450948157229,510.436737702408,517.3612670898438,85340376
2005-04-19,518.3507000391734,524.2860133984005,513.899215019753,522.8021850585938,75371928
2005-04-20,525.7699255197534,529.7960543019159,518.3309789367762,521.8130493164062,55183732
2005-04-21,517.3612041927952,523.6526184951526,515.8773766473092,518.8450317382812,50238760
2005-04-22,524.2857234639333,528.2425968485668,521.8126775985373,526.26416015625,41688200
2005-04-25,526.7589216639249,536.1564986701356,526.7589216639249,533.1888427734375,37997396
2005-04-26,542.091537447485,544.0699737155416,533.1885742412306,537.1454467773438,77677104
2005-04-27,533.6832977524377,536.8488085355638,525.2749418100916,526.26416015625,70521520
2005-04-28,525.7696925203566,533.1888321137765,523.6527501991937,526.7589111328125,86634904
2005-04-29,526.2642995998655,533.2877275677405,518.6473042407607,528.2427368164062,50670280
2005-05-02,528.2427368164062,528.2427368164062,528.2427368164062,528.2427368164062,0
2005-05-03,533.1887620732866,538.6294637270956,530.7157158670097,532.6941528320312,73369731
2005-05-04,530.2211868767394,534.8705265236559,527.4513867819105,533.1888427734375,50027184
2005-05-05,535.6618197099879,541.5971307317052,534.1779919545585,539.1240844726562,34763478
2005-05-06,541.1025369482467,544.0701925439408,538.1348813525524,542.5863647460938,36403144
2005-05-09,539.61865234375,542.5863076270336,537.145606274347,539.61865234375,35160060
2005-05-10,542.5864084144306,543.1997191233992,533.1888316050649,540.6079711914062,47509304
2005-05-11,536.6949926053123,539.1682414191617,529.7698959265341,531.2538452148438,50933800
2005-05-12,531.7482721916983,535.2108190803884,527.791075747481,529.2750244140625,49152104
2005-05-13,524.3285502993814,527.2964477539062,520.3713536933484,527.2964477539062,70293744
2005-05-16,522.8445640910755,527.2964099537243,521.3606154701927,522.3499145507812,47744203
2005-05-17,524.3284084960022,529.3421684770994,522.8444601700702,527.7909545898438,48497770
2005-05-18,531.2535781015769,541.146568382798,530.7589285875158,536.2000732421875,70432704
2005-05-19,535.2109144086461,541.8095237477122,533.7269654777534,538.6734619140625,66065776
2005-05-20,540.6518159588836,542.4622497427076,537.1892700195312,537.1892700195312,46725489
2005-05-23,540.6520200056189,540.6520200056189,535.7055239396936,538.1787719726562,32742444
2005-05-24,538.6736017258555,542.1856030307615,538.0898884267732,541.1468505859375,42058520
2005-05-25,541.1465228536855,547.0823165230129,539.6625744363536,546.093017578125,49619350
2005-05-26,548.5662813484403,557.8657158613471,546.0930339122435,554.5020751953125,48727100
2005-05-27,552.5235605017286,554.5021587488253,546.0931161986647,551.0396118164062,35824015
2005-05-30,551.0396118164062,551.0396118164062,551.0396118164062,551.0396118164062,0
2005-05-31,554.0075129735708,555.4914616690357,545.1038208007812,545.1038208007812,53975975
2005-06-01,547.5772221249617,556.4809167936603,545.6975290976412,555.9862670898438,46245344
2005-06-02,555.4913932840947,561.4271873352159,552.8202738846862,556.975341796875,52629852
2005-06-03,555.9863087591216,557.9649077226771,552.5237605728993,554.9970092773438,37379957
2005-06-06,556.4808384064705,560.4380354795832,552.0289916992188,552.0289916992188,52945964
2005-06-07,552.0291093750001,556.9756067708333,550.0505104166667,556.48095703125,40272541
2005-06-08,553.0183688669442,557.0744722854226,552.5237191631277,555.9862670898438,36062888
2005-06-09,552.5234758432924,558.4592696750915,549.0609294414097,557.469970703125,42348801
2005-06-10,561.9217309868565,569.8361215641362,561.5755005519037,566.8682250976562,70232224
2005-06-13,564.890027848082,574.6742146259696,564.3953780863936,571.8151245117188,42127056
2005-06-14,570.8256225585938,575.9402823736842,550.050339935144,570.8256225585938,51232368
2005-06-15,571.8149237549678,572.9031286958073,565.879128698688,567.8577270507812,50436773
2005-06-16,567.8578864820075,572.3097340241139,564.4942441862642,571.3204345703125,42996372
2005-06-17,571.320305943794,593.5795386429028,571.320305943794,580.2239990234375,93048816
2005-06-20,581.2132548720629,588.1383489726661,581.2132548720629,584.18115234375,44843632
2005-06-21,585.170495178795,586.6544440254022,579.234699792366,580.2239990234375,38011884
2005-06-22,575.772234966451,581.7080312032185,574.7829355936564,578.2454833984375,38959812
2005-06-23,575.7721114527926,582.6972055767952,574.0408379217919,581.2132568359375,51924684
2005-06-24,578.7403564453125,584.4881856042987,577.2564068134014,578.7403564453125,44875204
2005-06-27,574.7830169886759,580.224164309567,573.7937174757866,577.7509155273438,56125035
2005-06-28,580.7185421727285,588.6329345703125,575.6928860932965,588.6329345703125,77229383
2005-06-29,585.1702898015765,586.2584944210147,574.2880020791465,580.7184448242188,46756740
2005-06-30,579.729209807982,581.2131582972515,574.78271484375,574.78271484375,70127134
2005-07-01,574.7823703136509,587.6432495117188,573.9513330897034,587.6432495117188,47153324
2005-07-04,589.1274742979671,611.3866987676636,589.1274742979671,610.3973999023438,65909224
2005-07-05,607.9242311041039,616.4816915450326,606.0247939448041,615.838623046875,87580588
2005-07-06,620.2906470889137,630.3815117973893,619.7959974500868,623.258544921875,103310632
2005-07-07,619.3010880461836,621.2796857715707,593.5793176161504,614.8492431640625,120983616
2005-07-08,621.280017308676,635.1302087773407,615.8388706602719,634.6355590820312,69595744
2005-07-11,630.1834118960408,634.1406075751368,624.0497465170391,627.2155151367188,82785496
2005-07-12,620.2902846809739,627.2153755785286,612.8705444335938,612.8705444335938,130305160
2005-07-13,614.3545937327157,621.2796857715707,610.3143126352699,614.8492431640625,71115592
2005-07-14,617.8170367514582,622.7635302402609,615.3437900070569,618.8063354492188,59881656
2005-07-15,611.88134765625,615.8899885871859,606.440203901829,611.88134765625,121990088
2005-07-18,613.365415814983,618.8065606326965,611.5450789806034,616.3333129882812,65281864
2005-07-19,618.8064359291938,631.3091953847089,616.9267439454296,622.2689819335938,115200496
2005-07-20,623.7529111328125,629.6887041015625,613.1674015954733,618.311767578125,120445108
2005-07-21,621.7743363006518,622.031563666528,605.945554469609,611.88134765625,86587566
2005-07-22,609.9026270369752,622.6646039696237,608.9133283718706,619.3009643554688,50972704
2005-07-25,626.2262327676617,638.8002441078366,624.742284348781,635.6245727539062,70198488
2005-07-26,636.1194567085734,636.1194567085734,621.7746167050362,622.763916015625,71622376
2005-07-27,621.2799463665674,626.2264427548363,619.7959974500868,623.258544921875,77134591
2005-07-28,627.2159666807098,630.1838655766753,618.1935588675393,623.75341796875,96515344
2005-07-29,626.72111325798,631.1729601556295,621.4778389882672,622.763916015625,60377692
2005-08-01,620.290365234375,625.7315087890626,618.311767578125,618.311767578125,55770993
2005-08-02,621.2797216180747,628.2048140564928,619.7957732384137,627.2155151367188,60530128
2005-08-03,629.1944111161062,638.0981056130322,624.7425638676431,636.1195068359375,72457104
2005-08-04,634.1407667498722,636.1193650860653,630.1835700774861,635.1300659179688,58706534
2005-08-05,631.6675218290441,637.1086672794117,630.0846673053853,630.67822265625,38344224
2005-08-08,634.6354114042051,642.8465823592178,630.6782147625578,642.5498046875,34546980
2005-08-09,642.5498386319382,656.8946772157151,641.0658898129268,651.9481811523438,69274280
2005-08-10,647.0519390033235,654.9669474314986,644.0838108427578,646.5572509765625,51742148
2005-08-11,649.5254441997857,655.0659264998071,644.0838753603359,647.5466918945312,46668968
2005-08-12,646.0621704572876,647.8430341943811,640.2841912447716,640.62060546875,38608460
2005-08-15,640.6210270459438,648.0413478225378,636.1688345799874,639.136962890625,33740991
2005-08-16,638.6422442493019,638.6422442493019,630.7272358000465,631.221923828125,40398485
2005-08-17,628.2536072592425,635.1792375754861,625.780167860584,629.7376708984375,75721384
2005-08-18,620.833237232306,629.2429304856521,617.3704223632812,617.3704223632812,53154596
2005-08-19,620.338768258479,627.7590884529584,617.3706401806872,626.2750244140625,39858316
2005-08-22,627.2644483158757,629.935775867121,621.3281917072081,622.812255859375,38652438
2005-08-23,620.3386065879565,624.1279326879911,616.381103515625,616.381103515625,50066267
2005-08-24,616.3814714886039,618.8549123854282,613.2055516378549,616.8761596679688,37932556
2005-08-25,617.8652080548234,623.4453022488811,611.4342651367188,611.4342651367188,50125131
2005-08-26,613.9077338547004,618.3599253169826,603.519287109375,603.519287109375,42126349
2005-08-29,603.519287109375,603.519287109375,603.519287109375,603.519287109375,0
2005-08-30,608.4660329542743,616.8757260926667,603.5191546375729,615.3916625976562,58608366
2005-08-31,618.3597709559186,629.9057676909326,616.3810196888597,625.285400390625,90343536
2005-09-01,627.264417700674,635.1794261259191,625.2856655943627,630.7272338867188,69192437
2005-09-02,631.221910360951,635.3970482432297,625.28565415066,627.7590942382812,52498732
2005-09-05,625.7803841637087,627.759136366598,619.8441275550412,622.812255859375,31466928
2005-09-06,621.8224103366096,629.2427254957577,620.3957146501673,626.769287109375,41886251
2005-09-07,627.264406220757,630.2325343259025,623.306902080563,627.7590942382812,48559192
2005-09-08,623.8013198755349,628.7481979078548,619.843817449679,621.327880859375,46526563
2005-09-09,621.328225179865,631.7166748046875,621.328225179865,631.7166748046875,48099790
2005-09-12,634.1899333828492,640.095512160393,631.4414322369955,632.211181640625,55621571
2005-09-13,631.2219025985054,633.2006546442688,619.5917826185938,625.7803344726562,62891872
2005-09-14,623.306649123566,626.7694638409192,621.8225856732719,625.285400390625,35716505
2005-09-15,630.2323392674799,644.0835994711608,624.2960848944739,639.6314086914062,76914904
2005-09-16,638.1475545216264,651.504131244172,638.1475545216264,646.5572509765625,127627560
2005-09-19,644.0836747018914,658.4296244456356,641.115547168703,657.9349365234375,51021688
2005-09-20,659.418984001956,669.4868974667183,653.0869545995422,653.9774169921875,104887904
2005-09-21,651.5042279964119,662.3873662013633,651.5042279964119,655.9564208984375,77685327
2005-09-22,656.945572721744,661.8924520344077,646.9033835623525,660.903076171875,61537294
2005-09-23,656.9457321858478,657.1436194837307,648.5360353129868,654.9669799804688,37270772
2005-09-26,648.5360993950615,656.4511089986626,647.5467231946113,655.9564208984375,56520088
2005-09-27,663.8713321472122,668.3354205738717,653.7796843203871,662.3872680664062,72467632
2005-09-28,667.3340025776791,673.2702576043154,665.3552509021338,671.7861938476562,73241359
2005-09-29,675.7437153881103,678.9987402427846,667.9276219046325,676.2384033203125,48587588
2005-09-30,677.7227987106766,680.5672557125644,665.3555943546423,666.344970703125,63967533
2005-10-03,666.8396588773664,671.7865406197801,658.2320725682185,666.344970703125,35224780
2005-10-04,656.4508957037209,662.2189739864577,647.0518248534039,648.535888671875,125749376
2005-10-05,641.1156707114361,642.5997347640089,627.7590942382812,627.7590942382812,105560755
2005-10-06,617.3708372154513,635.0806978864236,609.9505146527655,613.9080200195312,133639232
2005-10-07,608.9607207859444,626.9179132302498,608.8618073742897,615.3916625976562,90676056
2005-10-10,618.8545755667468,631.8055316239785,618.2668921266419,624.296142578125,60368944
2005-10-11,623.8016015146293,633.2006740196078,623.8016015146293,630.7272338867188,48672824
2005-10-12,633.2004756506309,634.3679317812074,623.8311163481055,627.2642211914062,78829847
2005-10-13,628.2535462210799,629.2429218844202,610.4447842809549,615.3916625976562,92029453
2005-10-14,613.9077480226002,618.8546275393013,605.3991394085596,606.9821166992188,0
2005-10-17,620.8335036564857,628.7485124680426,619.8441275550412,622.812255859375,59383664
2005-10-18,626.2749732232863,626.2749732232863,612.9183979649698,613.4130859375,47155408
2005-10-19,601.540771484375,614.9962645865683,601.0460833499307,601.540771484375,75091328
2005-10-20,608.4658565630768,617.3702349518047,600.5508535508742,603.0242919921875,79373764
2005-10-21,595.604205578885,604.5085873898649,592.6360783085584,600.056396484375,69463649
2005-10-24,598.5724332365482,611.7805776499749,597.1190458032191,609.9502563476562,43059864
2005-10-25,601.5404094827586,612.1366446850628,597.3850195767551,602.52978515625,79797040
2005-10-26,614.4024872532484,621.8228071476113,611.4343592955032,619.8440551757812,97429648
2005-10-27,615.3918118776105,619.8440034426415,605.0033648925383,606.9821166992188,98599219
2005-10-28,602.5300010279605,617.4408712032593,602.0353130139803,610.939697265625,0
2005-10-31,617.8651102017134,628.74824264722,615.787445434978,617.3704223632812,86614168
2005-11-01,619.8438825015991,622.9406333057675,611.9288768192164,622.3173217773438,72599483
2005-11-02,619.3491296464471,626.7694466949268,616.3810028270551,621.327880859375,56146160
2005-11-03,626.7695599331881,636.168629892723,621.3279931145102,633.6951904296875,61404276
2005-11-04,639.6316203054589,644.0838125581652,629.450962426824,631.221923828125,71497898
2005-11-07,627.7589762017635,634.1899192203789,623.8014728056925,628.7483520507812,48852440
2005-11-08,628.7483700752258,633.2005615234375,625.2855545043946,633.2005615234375,49754536
2005-11-09,630.7770870519026,635.724358322898,619.893090255713,620.3878173828125,70095752
2005-11-10,621.3771992537409,625.8297428789667,607.5248413085938,607.5248413085938,87283620
2005-11-11,612.9668100491202,614.7478153365834,606.0406314044974,611.9773559570312,54279668
2005-11-14,614.9456849796757,623.6113191014038,609.9222007366668,621.3771362304688,62519152
2005-11-15,621.377179166872,629.292812022501,619.3982709529648,627.3139038085938,50492175
2005-11-16,620.8828321512874,625.5303221941467,613.9566491631456,623.8511962890625,57921588
2005-11-17,624.840229315885,637.6734192895366,624.840229315885,630.2822265625,52100912
2005-11-18,630.2821960449219,643.560651774119,630.2821960449219,637.2083740234375,62876616
2005-11-21,640.1768849262685,650.0714271971536,637.2085222450029,646.6083374023438,102168314
2005-11-22,649.5762664403966,658.481348539351,648.4680832771762,656.50244140625,43813595
2005-11-23,656.5029491352037,658.9765849646507,648.0925873150844,650.5662231445312,47977604
2005-11-24,651.5555924367687,656.5028634499561,643.639958815669,650.0714111328125,26046120
2005-11-25,652.0501448592331,654.5237797031605,644.035592121499,654.029052734375,24532768
2005-11-28,656.0078990572271,656.997352901959,636.4167250098301,637.7030029296875,41093844
2005-11-29,632.2613493992961,638.1980756847355,625.8298959234035,634.7349853515625,77131528
2005-11-30,630.7769931829314,634.7348096107459,627.3139038085938,627.3139038085938,79519660
2005-12-01,630.2822152857967,643.6398446521363,630.2822152857967,642.650390625,67604240
2005-12-02,645.6188434911701,651.060841405655,643.63993515863,649.57666015625,63720840
2005-12-05,652.0504150390625,654.5240509079512,648.0925976488405,652.0504150390625,43869402
2005-12-06,651.5555526733399,655.018642171224,646.1135548909506,653.0397338867188,56263584
2005-12-07,654.0291521466248,659.9658766744309,639.6820678710938,639.6820678710938,66923075
2005-12-08,637.2083438340054,645.1239754344277,634.239981983847,644.134521484375,61932468
2005-12-09,639.6821851730347,640.6716394424438,632.7560052871704,633.250732421875,359712224
2005-12-12,630.2826519209085,634.2404707712753,621.8722868638791,623.8511962890625,87918880
2005-12-13,626.3244497016401,631.2717202364082,626.3244497016401,627.3139038085938,73648448
2005-12-14,623.8509893992591,626.324625360398,621.37735343812,623.3562622070312,76957184
2005-12-15,625.3348200871394,626.3242739163912,616.4297356238732,617.419189453125,93414363
2005-12-16,619.3980971116287,625.8295470017654,616.4297356238732,617.419189453125,103374328
2005-12-19,609.5036577848228,616.9245627091511,609.5036577848228,614.450927734375,49165372
2005-12-20,611.9773666874055,615.9351831251576,609.9984584685295,613.4615478515625,84067552
2005-12-21,612.4720888671875,623.356083984375,612.4720888671875,618.4088134765625,69348676
2005-12-22,618.4088159277736,619.8929970860003,614.4509995058359,615.9351806640625,32512868
2005-12-23,617.9140407964287,618.4087678106773,612.9667706539433,614.9456787109375,10423831
2005-12-26,614.9456787109375,614.9456787109375,614.9456787109375,614.9456787109375,0
2005-12-27,614.9456787109375,614.9456787109375,614.9456787109375,614.9456787109375,0
2005-12-28,605.5458418251811,614.450927734375,604.0616608403155,614.450927734375,42888544
2005-12-29,614.4509016744207,620.3876253620963,612.9667207525018,616.4298095703125,22146401
2005-12-30,611.4829574856119,615.4407759806644,609.5040482380856,612.472412109375,22941812
2006-01-03,617.9140510020114,631.2716806073391,616.4298699347528,630.2822265625,147311759
2006-01-04,628.3033579155474,634.240082557269,626.3244497016401,627.3139038085938,85632848
2006-01-05,629.2928971815899,636.2190768675507,625.3350802181836,627.8087158203125,107974520
2006-01-06,626.324429451909,637.7031513139896,626.324429451909,635.7242431640625,92378713
2006-01-09,637.208631643055,645.6189940172258,635.7244500476131,636.2191772460938,83282328
2006-01-10,636.2190790302362,641.1663502513112,635.2296247860213,636.7138061523438,61816083
2006-01-11,633.7454223632812,637.7032392086413,628.3034242009112,633.7454223632812,81947232
2006-01-12,638.1976879602191,647.5974988681603,637.2082341804359,645.6185913085938,68370184
2006-01-13,638.6928710471226,648.5874159122989,638.1981438038638,647.5979614257812,82197928
2006-01-16,648.0925051944034,659.4712285680456,648.0925051944034,658.9765014648438,69645920
2006-01-17,657.4925573066641,663.9240119680537,653.5347390535014,655.0189208984375,124636992
2006-01-18,654.0293237341734,657.4924139506177,650.5662335177293,652.0504150390625,82701784
2006-01-19,655.5132686102911,657.9869035861791,647.1029096922723,656.0079956054688,74095065
2006-01-20,660.4606507316469,669.8604652364418,654.52392578125,654.52392578125,86423385
2006-01-23,653.039574807201,657.4921173627047,647.1028513998627,653.5343017578125,53333336
2006-01-24,655.5133799396494,660.9553778108466,651.0608362268518,654.52392578125,82178138
2006-01-25,654.029028708424,658.9762982145392,651.0606670047549,653.5343017578125,60982685
2006-01-26,645.1243252094872,654.5241428314046,643.145416236452,647.5979614257812,86718000
2006-01-27,653.0395709581611,661.9446560166815,651.0606631673788,658.4815673828125,60914104
2006-01-30,661.4501080554951,677.7761017472163,660.4606538923605,674.8077392578125,111013000
2006-01-31,675.7971503805127,685.6916913816915,668.8709716796875,668.8709716796875,135646896
2006-02-01,669.8607076536189,670.3554349118564,663.4292532965309,668.3765258789062,80350744
2006-02-02,660.9556211981155,664.4187120277463,647.5979851409679,648.0927124023438,121201312
2006-02-03,647.597846816866,654.0292998410213,643.1453024155277,651.5556640625,122772560
2006-02-06,651.5553901150744,664.4182907551594,651.0606631673788,658.4815673828125,60749324
2006-02-07,645.1238677153716,650.5658635319891,634.7346029745567,640.6713256835938,204645776
2006-02-08,630.2821743826785,644.1345298636164,626.3243585309818,634.239990234375,123389232
2006-02-09,637.2085040057148,645.1241375958479,637.2085040057148,641.1663208007812,92194920
2006-02-10,637.2085494995117,641.1663665771484,632.7560052871704,633.250732421875,131211208
2006-02-13,637.7031596951584,640.6715219590615,634.7347974312554,639.6820678710938,43574536
2006-02-14,640.1769948339388,644.6295396202645,633.25081405521,636.2191772460938,69839680
2006-02-15,635.2295244752393,646.1135194428836,631.2717081233686,639.6820678710938,75113973
2006-02-16,639.1874306991799,648.0925187429766,637.2085222450029,646.6083374023438,71086448
2006-02-17,648.5872802734375,655.5134602305909,645.1241902948608,648.5872802734375,71334944
2006-02-20,653.534537401028,663.9238071099013,653.0398102720341,660.9554443359375,47285072
2006-02-21,664.4183545234876,664.4183545234876,656.0079956054688,656.0079956054688,63932220
2006-02-22,652.1022380119828,652.1022380119828,641.2173751620104,644.1859741210938,78235344
2006-02-23,644.1860086192256,644.1860086192256,634.2906782256891,637.25927734375,88719576
2006-02-24,639.732940367474,645.1753706412886,635.7748092592453,640.7224731445312,56890600
2006-02-27,639.732971901668,646.1649352695888,636.269607011249,637.75390625,55481996
2006-02-28,634.7856392996651,636.764705984933,623.406005859375,623.406005859375,118842176
2006-03-01,626.8692599188113,634.2907586550245,625.3849601715687,630.827392578125,73939144
2006-03-02,634.7854807455709,638.2488465797244,624.8901497908464,628.353515625,106554072
2006-03-03,631.8169257429535,641.7122573912377,629.3430928308824,630.827392578125,72507136
2006-03-06,633.79588502318,637.2592505151099,626.86915403932,630.33251953125,76797424
2006-03-07,624.3950650065361,627.8584290755106,621.9212335286973,626.868896484375,70727536
2006-03-08,628.3535468164679,630.82737967795,620.4372816597249,627.364013671875,68184560
2006-03-09,632.3117236596622,633.7960234804596,626.3745243764729,629.837890625,63609784
2006-03-10,626.8693794685943,633.7961129433853,626.3746127918234,632.8065795898438,68354220
2006-03-13,635.2802232561706,644.1860207784534,634.2906901981393,642.7017211914062,101546928
2006-03-14,646.165040093816,649.1336390528994,641.7121416551909,644.1859741210938,83721919
2006-03-15,649.1338727678572,663.482106236049,648.1443394252232,658.0396728515625,180395696
2006-03-16,659.5239164268482,661.9977495717351,649.6285838473005,652.1024169921875,104588230
2006-03-17,659.5238375732238,662.9872035619803,653.5866387353552,654.576171875,110961752
2006-03-20,653.0919973859316,658.0396640327947,650.1233973978137,650.6181640625,80401096
2006-03-21,646.1651299619529,647.6494296479298,638.7436315320683,647.1546630859375,69002986
2006-03-22,642.7017922597389,654.5761902691567,642.2070256760131,650.123291015625,76233119
2006-03-23,651.1128711831379,651.1128711831379,642.7018386526566,648.6390380859375,88300072
2006-03-24,653.0920784493035,663.4821796973606,653.0920784493035,661.5031127929688,78721408
2006-03-27,662.4925162007124,662.9872828296899,652.1024169921875,652.1024169921875,68868400
2006-03-28,656.060302734375,661.0079671592194,652.5969376369839,656.060302734375,104665008
2006-03-29,655.0711453536953,666.4507800539483,653.0920784493035,661.5031127929688,68250400
2006-03-30,663.4818270099697,668.4294916409166,662.4922940837804,662.987060546875,52966368
2006-03-31,661.0079679965252,669.418997529415,653.5864713498576,654.0812377929688,72938736
2006-04-03,657.0499661207376,670.4086627210839,656.555199579984,667.4400634765625,60824582
2006-04-04,661.5026255220824,664.9659900536117,655.070662820671,657.5444946289062,70449224
2006-04-05,664.9662760416667,667.9348754882812,656.5552442762587,667.9348754882812,81742922
2006-04-06,670.9035535620934,673.872153356616,664.9663539730483,665.4611206054688,52966440
2006-04-07,665.4610232089428,683.7673859291888,665.4610232089428,674.3668212890625,161671488
2006-04-10,673.3769211772542,687.2303773072786,672.8821548868962,686.2408447265625,94721776
2006-04-11,693.167711041128,699.1049077095745,686.2409815946071,687.7252807617188,122725104
2006-04-12,685.2519393898816,689.7048400790577,682.7781056736726,683.7676391601562,51170516
2006-04-13,681.2938390332599,682.7781393361646,676.8409381245458,680.799072265625,60279316
2006-04-18,683.2725794587474,697.126042329743,682.2830463965335,689.2097778320312,83169184
2006-04-19,696.1363980986855,698.6102303591642,689.2096677693454,696.6311645507812,73065344
2006-04-20,699.5998725972798,707.5161370679704,691.6836081265892,693.1679077148438,86552390
2006-04-21,695.6416884861636,704.5474853515625,694.6521555011193,704.5474853515625,85733576
2006-04-24,706.0318615954272,715.4324259754644,703.0632623175208,704.0527954101562,74211480
2006-04-25,699.6000257887673,704.54769216634,694.1575927734375,694.1575927734375,92152416
2006-04-26,693.1679245038838,698.1155899179015,687.7254925484643,690.694091796875,70576888
2006-04-27,684.2621511753755,687.2307505297155,671.398220639902,676.3458862304688,114724832
2006-04-28,674.8616218877032,678.8197545673966,669.419189453125,669.419189453125,69288368
2006-05-02,671.3985036805619,682.2833725685297,670.903736912927,680.799072265625,63745592
2006-05-03,683.2728246691661,686.2414249211682,669.4193568264892,669.9141235351562,86218544
2006-05-04,673.8718872070312,678.819551577127,670.4085221479643,673.8718872070312,72947704
2006-05-05,670.9034232117992,678.3249212561775,666.4505243851722,677.3353881835938,118229776
2006-05-08,678.8197401258681,685.251705593533,667.4401089138455,667.9348754882812,66805834
2006-05-09,671.892820657085,676.8404850212756,668.4294556021516,675.8509521484375,69513167
2006-05-10,671.4497693785037,675.9030102955314,666.996528461476,667.4913330078125,93540312
2006-05-11,673.9242090169996,676.893038131612,666.5021362304688,666.5021362304688,64060964
2006-05-12,663.0380505843087,665.0172686457544,652.6471557617188,652.6471557617188,91408904
2006-05-15,650.6681044256724,654.131736920714,635.8239651612084,639.28759765625,121779568
2006-05-16,641.2664486893983,641.7612530479549,631.3703615182657,635.3287963867188,115628152
2006-05-17,636.3186255670363,638.297843686996,613.5576171875,613.5576171875,127928168
2006-05-18,613.5575871637338,621.9692637619463,606.630324082853,611.578369140625,130411936
2006-05-19,611.0836995279425,623.4538149030021,608.1148718379283,616.5265502929688,138605248
2006-05-22,614.5471283534788,618.0107595116707,600.1977992695408,603.1666259765625,108614080
2006-05-23,609.5991026390257,630.8756946954202,607.1250803068867,628.4016723632812,105438840
2006-05-24,619.0004670173892,621.9692941973286,610.0939854775705,613.5576171875,92366008
2006-05-25,613.0627787978115,627.412109375,602.1770797392547,627.412109375,86257464
2006-05-26,632.3599702353789,635.3287963867188,625.9275135741426,635.3287963867188,94006280
2006-05-30,632.854937807668,635.3289602385033,616.031585277988,618.0108032226562,72885054
2006-05-31,613.557267578125,622.9585482910156,610.0936378417969,618.5053100585938,103828176
2006-06-01,620.4849523752222,627.9070211835382,614.0524927413483,626.422607421875,0
2006-06-02,630.3808060956924,633.3496324980268,620.9795224882997,626.9171752929688,62654936
2006-06-05,632.8551732189251,636.8136105807323,627.907126516666,629.3915405273438,66645592
2006-06-06,622.4637906991752,627.41183355052,618.5053564180994,621.4741821289062,78538144
2006-06-07,620.4848180917593,624.9380584129921,615.5367732903896,617.5159912109375,72547672
2006-06-08,598.713287302906,605.6405484783115,595.2496567152033,596.7340698242188,141673712
2006-06-09,608.6098809335746,612.0735144023023,602.6722235586129,605.6410522460938,93590656
2006-06-12,606.1356683424962,609.1044961058063,599.208403561439,601.1876220703125,56866724
2006-06-13,592.7756807988742,596.239311654961,581.889983822601,587.82763671875,106104720
2006-06-14,584.8589337970617,592.2810014848417,574.9628435466884,579.910888671875,87392825
2006-06-15,586.3436752319336,598.2189901733399,583.8696512858073,593.7657470703125,114888240
2006-06-16,603.661579520555,606.1356023874426,589.807051465985,592.77587890625,127021888
2006-06-19,594.7552294470902,599.7032762810926,589.3123779296875,589.3123779296875,66107415
2006-06-20,584.8588173260828,596.7341232616377,577.9315555303423,596.2393188476562,124644048
2006-06-21,592.2808380759049,598.7132949639473,585.3535768118592,597.2288818359375,71260288
2006-06-22,602.671875907961,607.125116370335,594.7550039748514,598.7134399414062,90326832
2006-06-23,600.1976707619245,614.0521924283169,599.7028664166962,610.5885620117188,70091056
2006-06-26,611.5783016464571,612.0731060976274,602.177017074222,603.1666259765625,108419648
2006-06-27,611.5781704029873,612.5677790929598,604.65090957318,606.630126953125,63852916
2006-06-28,607.1252571173801,617.51615393846,605.1460386752697,612.0733032226562,49971468
2006-06-29,615.0422556023849,622.464326265326,612.5682320480712,620.485107421875,51380729
2006-06-30,624.4434740881802,630.3811299432184,621.4746461606612,623.9486694335938,73844784
2006-07-03,622.9589883451551,634.3394940893478,620.9797699548608,631.3706665039062,41904384
2006-07-04,630.3810441196435,630.3810441196435,621.4745615496643,626.422607421875,43414052
2006-07-05,624.4432983398438,626.9173209164676,620.4848622172457,624.4432983398438,36724809
2006-07-06,628.4018389184647,635.329103284495,627.9070343208911,631.3706665039062,52677640
2006-07-07,631.3706248868847,642.2563253159689,629.3914066270512,640.7719116210938,75339464
2006-07-10,636.813194381359,639.2872161155524,630.3807378724564,638.297607421875,32269499
2006-07-11,636.318405103832,641.2664486893983,633.3495789524922,635.3287963867188,34732815
2006-07-12,633.3499145507812,635.3291330337524,630.8758914470673,633.3499145507812,74011376
2006-07-13,634.3396606445312,636.8136842819905,627.9071991871374,634.3396606445312,55440753
2006-07-14,637.3084570616252,642.2565040885012,632.8552147374368,636.31884765625,61457655
2006-07-17,639.7823746204376,642.2563977241516,631.3706960678101,633.3499145507812,76309298
2006-07-18,628.8968360606284,630.8760550568853,622.9591790718578,627.9072265625,61825536
2006-07-19,628.4017344624418,628.4017344624418,619.4952531865962,624.4432983398438,83668400
2006-07-20,623.9481567871094,626.4221780273438,616.5260930664062,618.5053100585938,54486664
2006-07-21,612.5679396659352,616.0315709887636,610.0939172924864,613.062744140625,57423975
2006-07-24,608.1146080781836,627.4119796933578,607.6198036777945,626.9171752929688,68905008
2006-07-25,625.4331984747024,628.4020269484747,620.9799557640439,623.4539794921875,70715248
2006-07-26,622.4643743227936,628.4020313115642,622.4643743227936,627.9072265625,70982385
2006-07-27,632.8551736447843,644.7304857381969,630.8759549625488,641.7616577148438,78943136
2006-07-28,635.8238571799845,646.2147529004357,635.8238571799845,644.2355346679688,47765592
2006-07-31,642.750846543423,645.2248682776163,637.3079987281977,638.297607421875,48742268
2006-08-01,641.7612530479549,644.7300791992948,632.3599702353789,635.3287963867188,62952284
2006-08-02,638.2978799705681,644.2355346679688,637.8030754124514,644.2355346679688,51961376
2006-08-03,642.7511571288296,642.7511571288296,629.3914333085999,630.3810424804688,68340928
2006-08-04,631.8655638784733,632.3603685486992,623.9486891548589,629.3915405273438,57837520
2006-08-07,618.5056387660015,620.4848568100527,613.0627891448607,616.0316162109375,94523408
2006-08-08,613.5575881610088,616.5264152004976,601.6822800030537,607.6199340820312,190174896
2006-08-09,606.1881631107653,614.6005702723024,601.2396883098611,613.1160278320312,100379504
2006-08-10,608.6624145507812,610.6418045168,602.2293971612202,608.6624145507812,92289480
2006-08-11,610.641659700734,615.0952860680812,600.7447122177399,604.7034912109375,49628736
2006-08-14,606.6831361844943,614.6006975050096,604.7037458543654,609.6522216796875,50235560
2006-08-15,608.1675415039062,612.1263212695948,604.7036092089287,608.1675415039062,55341168
2006-08-16,609.6521180805407,610.1469655789826,598.2706256163748,601.7345581054688,106023520
2006-08-17,597.2808602870196,603.2190295690777,593.816928205819,602.7241821289062,99361424
2006-08-18,602.7243755725773,612.6213275524226,602.7243755725773,607.6728515625,111011307
2006-08-21,610.6416432715001,617.5695063232027,609.1571011889924,612.6210327148438,81518632
2006-08-22,613.6110023399452,615.590392670074,607.6728313495587,609.6522216796875,63512439
2006-08-23,611.1368258116674,613.1162163406121,602.7244160636526,603.714111328125,47201581
2006-08-24,602.7239827473958,602.7239827473958,595.796120876736,601.2394409179688,46853424
2006-08-25,601.239398732646,603.7136349414224,596.2909263150934,599.260009765625,45136516
2006-08-29,594.8067823541908,599.7552580809312,586.8892211914062,586.8892211914062,104885048
2006-08-30,585.899169921875,592.3321844564902,582.9300862905142,585.899169921875,127064000
2006-08-31,587.3842106855894,594.8069260691478,583.9202768399288,590.84814453125,164339152
2006-09-01,591.8375440763947,593.8169338559145,586.8890696275954,589.858154296875,62654404
2006-09-04,589.8579549187868,590.8476494740197,581.4455511993075,588.3734130859375,61417784
2006-09-05,589.3632231067838,596.7859337252572,586.3941388593945,595.3013916015625,101858064
2006-09-06,596.7861780123386,599.2604158979619,588.3737692012194,589.3634643554688,67613744
2006-09-07,586.3939084092232,586.8887555893153,577.4866591675641,577.9815063476562,98112792
2006-09-08,578.9716195818131,587.8788752676872,578.476772043709,584.9097900390625,79818000
2006-09-11,580.950660247541,582.9300492092021,574.022798881727,576.9918823242188,96684816
2006-09-12,575.5077768961588,581.4459482828776,571.5489959716797,576.0026245117188,109964448
2006-09-13,577.4870363504251,584.9097488999164,575.5076463372274,582.9303588867188,102034752
2006-09-14,588.3735096770744,592.8271359067579,577.9817151411463,578.4765625,112814864
2006-09-15,574.0230178167267,576.9921023916407,567.0951538085938,567.0951538085938,145678800
2006-09-18,569.5693931777242,576.4972572129008,567.0951560223041,573.0333251953125,114874328
2006-09-19,576.4972730795953,585.4045270842586,573.0333409666707,574.5178833007812,106039777
2006-09-20,571.0537786607191,580.9507245647177,571.0537786607191,573.5280151367188,230419792
2006-09-21,569.0745457466402,573.0333251953125,566.105461160136,573.0333251953125,100951633
2006-09-22,575.012888094274,577.4871259948518,568.0850219726562,568.0850219726562,95724176
2006-09-25,567.5900028096752,567.5900028096752,554.229122185559,557.6930541992188,165573680
2006-09-26,563.1364547275202,566.1055397260836,556.2085897308724,565.1158447265625,112358224
2006-09-27,568.5796983155561,577.4869520750688,567.0951560223041,573.0333251953125,104392592
2006-09-28,577.9819036480516,584.4149214112576,577.9819036480516,580.9509887695312,83962944
2006-09-29,581.4459482828776,582.4356435139973,573.5283864339192,576.0026245117188,65403516
2006-10-02,579.9611240108637,580.9508187617355,576.0023450073767,576.4971923828125,83962200
2006-10-03,573.5279975830722,573.5279975830722,560.167121021603,562.641357421875,144558992
2006-10-04,554.2292094983552,568.5797872442948,552.7446669729133,564.1261596679688,144750224
2006-10-05,571.5487609863281,574.022998046875,567.0951342773437,569.0745239257812,140445808
2006-10-06,570.0643354257642,571.5488779659355,564.1261652650792,566.6004028320312,93472800
2006-10-09,568.5796728768839,576.002384011047,568.5796728768839,572.5384521484375,58482072
2006-10-10,570.064493674308,576.0026654834153,567.0954077697543,572.0438842773438,112230992
2006-10-11,573.5285347031182,575.507925677072,568.0852095247452,570.5594482421875,106417208
2006-10-12,569.0747679613544,576.4974823260677,566.1056822154691,575.012939453125,79893584
2006-10-13,576.9919190277924,589.3631008251293,576.9919190277924,585.899169921875,128548256
2006-10-16,588.3737544250489,596.7861630249024,588.3737544250489,593.8170776367188,98615072
2006-10-17,596.7860817132994,605.6933366642442,595.79638671875,595.79638671875,126847088
2006-10-18,597.7754799942803,602.7239525107893,590.352771219517,594.806396484375,101670668
2006-10-19,587.8787509432244,598.2705470457562,587.3839035097706,594.311767578125,81191744
2006-10-20,600.2500141942223,603.7139466751453,594.8066917242005,595.79638671875,84886565
2006-10-23,596.7859337252572,596.7859337252572,586.8889862339594,595.3013916015625,118149192
2006-10-24,593.8169981303968,604.7036430961207,593.8169981303968,601.7345581054688,114646600
2006-10-25,600.7450304926658,607.6728974011479,599.2604875837053,606.1883544921875,101205104
2006-10-26,610.1468876699524,612.6211248462297,598.270549223822,600.2499389648438,107600144
2006-10-27,596.2912342160247,599.7551666969476,592.332454237827,595.79638671875,94266232
2006-10-30,592.8271910537629,592.8271910537629,585.4044799804688,585.4044799804688,86182568
2006-10-31,582.9300492092021,586.8888271325244,576.4970350838034,576.9918823242188,121823712
2006-11-01,579.4664816567762,586.3943473640305,577.4870914547034,580.4561767578125,87669688
2006-11-02,581.4458718588488,585.4046522629942,577.4870914547034,580.4561767578125,80569120
2006-11-03,581.4458672475007,586.3943427134368,577.9819344213453,583.9201049804688,88132824
2006-11-06,584.415124532166,593.3223829924361,583.9202768399288,590.84814453125,82021672
2006-11-07,593.8168786223371,597.7756578131526,590.8477942292254,592.3323364257812,77367016
2006-11-08,587.4355759926892,596.343613370843,585.4560121308773,593.374267578125,92214392
2006-11-09,597.3330784367207,599.8075319513715,590.8994992986285,595.353515625,98586192
2006-11-10,594.3637357475766,600.3024241980103,588.9199380013456,591.8892822265625,101930176
2006-11-13,590.4048340360997,592.3843976036977,580.0121253062102,583.9712524414062,131012416
2006-11-14,584.96104917478,588.9201764111575,579.5172492247609,586.9406127929688,96769616
2006-11-15,590.4048461914062,591.8895188976713,584.9610462684344,590.4048461914062,87877328
2006-11-16,589.9097194097512,597.3330799727934,586.9403751845343,591.8892822265625,73004856
2006-11-17,583.4764652842099,585.4560292037493,574.568427646283,576.0531005859375,143955616
2006-11-20,574.0730411059236,580.0117277380539,569.1241355791484,578.0321655273438,98922224
2006-11-21,576.5477628789397,583.9711246327457,576.5477628789397,579.022216796875,67302413
2006-11-22,581.4969231100644,585.9509420955882,571.1042121438419,572.093994140625,102501130
2006-11-23,575.5579797235459,575.5579797235459,564.670382514674,567.1448364257812,85963280
2006-11-24,567.1449659860476,571.1040931482539,560.2164934521867,568.629638671875,109307104
2006-11-27,570.6091435260405,573.578488592091,564.6704533939395,565.1653442382812,92875200
2006-11-28,565.6603110708842,570.1143292682926,563.1858565167682,568.134765625,69469576
2006-11-29,572.0937322750108,573.5784045906034,564.6703706970479,572.588623046875,86728724
2006-11-30,577.042802019817,578.5274747522866,567.6398747141768,568.134765625,102215672
2006-12-01,571.598803549611,572.0936942886151,558.7316443355073,561.7009887695312,91024520
2006-12-04,566.1550054205671,567.1447868985751,560.7112072915232,561.7009887695312,73950472
2006-12-05,565.1655201631434,574.0735581341911,563.6808471679688,572.093994140625,106390120
2006-12-06,572.5884048685728,576.0526389516151,569.1241707855304,573.5781860351562,103585024
2006-12-07,571.5991031422334,573.5786671357996,568.6297571518842,572.093994140625,49731145
2006-12-08,574.0732149443402,578.0323405646459,570.6089800265726,576.5476684570312,69756061
2006-12-11,577.537440291014,580.0118937626978,571.5987519589727,578.5272216796875,84470810
2006-12-12,576.0529097525032,576.5478005684417,569.6193291453017,574.5682373046875,96435016
2006-12-13,571.1037331186974,575.5577483683234,569.6190613688221,573.5781860351562,74947680
2006-12-14,574.568301037238,577.0427553914036,564.6704836205759,571.1040649414062,101461648
2006-12-15,571.1039585508149,578.5273202304182,568.1346138789736,574.0733032226562,126454576
2006-12-18,573.5786960578607,581.4969524313946,567.1451127543644,569.6195678710938,83754808
2006-12-19,566.1550548613384,570.6090719013314,564.1754917324525,567.1448364257812,93332056
2006-12-20,571.1042739827974,573.08383819071,562.1962350471905,563.680908203125,50744904
2006-12-21,561.7010675662409,562.6908491830977,557.2470502903852,561.2061767578125,82408864
2006-12-22,559.2266968521025,565.6602783203125,557.2471333234225,565.6602783203125,26742948
2006-12-27,564.6705115096687,570.6092022529781,562.1960570332898,568.629638671875,29670569
2006-12-28,569.1245144955026,569.1245144955026,562.1960421451225,565.6602783203125,19042787
2006-12-29,564.1754424645512,566.1550054205671,558.2367535965033,561.7009887695312,48438388
2007-01-02,564.1756487226153,567.6398851621401,563.6807578026832,566.1552124023438,46251440
2007-01-03,567.6400366189503,568.6298187229066,562.6911260991687,563.680908203125,79551520
2007-01-04,558.7318218858506,561.7011672634549,552.7931311306423,556.7522583007812,128645640
2007-01-05,553.2880353122896,557.2471625774938,549.3289080470854,551.3084716796875,100401040
2007-01-08,554.2777326074661,557.7419684362627,546.8543701171875,546.8543701171875,73765968
2007-01-09,539.4307534211601,541.410315819036,526.0687072354983,530.02783203125,259059808
2007-01-10,528.5435573156427,529.5333392581813,522.6048656604107,524.0895385742188,136224688
2007-01-11,523.5945631201263,532.9974900570661,522.1098904458726,531.5128173828125,119379232
2007-01-12,525.5738565596766,542.4001382197793,524.0891846484911,540.9154663085938,222011232
2007-01-15,544.8746868196081,548.3389218856728,540.4206703060963,543.3900146484375,92981544
2007-01-16,547.3490552073706,547.3490552073706,532.9972264541937,535.4716796875,128774840
2007-01-17,534.4822421256116,535.4720240554739,524.5844228269891,531.0180053710938,136554167
2007-01-18,531.0180053710938,531.0180053710938,531.0180053710938,531.0180053710938,129811984
2007-01-19,531.5127690937285,540.4208043299362,528.0485331685366,537.9463500976562,84500000
2007-01-22,540.4205861541127,544.3797113274029,534.9767890408388,535.4716796875,68641880
2007-01-23,534.9768915298882,540.9155804275373,533.9871100469467,539.430908203125,59735076
2007-01-24,544.8747045609119,548.8338304796106,541.9053601218878,542.8951416015625,101846784
2007-01-25,545.3697489514329,546.8544215892317,535.9668222453737,536.9566040039062,76221416
2007-01-26,532.9976267496745,539.4312099880642,531.5129536946615,534.4822998046875,60804888
2007-01-29,535.4720133690228,538.9362500544046,531.0179947735318,532.99755859375,54643392
2007-01-30,530.5230355999768,533.987271839902,529.038362925723,531.5128173828125,58912816
2007-01-31,535.9667402932977,536.9565219004875,528.048487435779,529.0382690429688,96470592
2007-02-01,535.4722155035649,535.9671066454353,531.5130863686034,532.5028686523438,119344800
2007-02-02,535.4718932535047,535.9667840975467,528.0485305928738,529.533203125,87774704
2007-02-05,534.9770760857608,538.441312471145,532.9975124369698,535.9668579101562,85183456
2007-02-06,530.5229848130841,532.5025481892524,524.0894038405373,529.533203125,194998496
2007-02-07,528.543539998259,535.9669043240773,528.543539998259,532.99755859375,132869376
2007-02-08,533.4923298773365,533.9872207213785,525.5740763726635,529.533203125,83117880
2007-02-09,534.4824332198245,537.4517800710458,531.0181952267332,532.5028686523438,105213400
2007-02-12,532.007518567537,532.007518567537,526.0688299881784,526.563720703125,66037136
2007-02-13,527.553596632184,529.0382690429688,523.0995793998297,529.0382690429688,96957440
2007-02-14,531.5129864296217,532.0078774784388,527.0589669902673,528.5436401367188,75797936
2007-02-15,528.5434720343052,532.0077082742304,526.5639084686336,531.5128173828125,76006496
2007-02-16,531.5127665011682,534.9770024094627,527.5536397488318,529.533203125,78520800
2007-02-19,531.0178322573485,532.0076138645383,525.5740334178043,529.0382690429688,35504420
2007-02-20,528.0484896729895,528.5433804786811,522.1098000046896,525.5740356445312,84568592
2007-02-21,522.6566320110259,524.14145198833,514.737592132071,516.222412109375,82683200
2007-02-22,518.2022393459093,521.1718796860005,515.2325990058181,515.7275390625,110108392
2007-02-23,520.1818352529936,532.5553327613902,519.1919554523218,529.585693359375,165196224
2007-02-26,531.5655788596617,541.959319228426,531.5655788596617,539.484619140625,141824144
2007-02-27,536.5148519640771,538.9895514657564,527.1109938576957,529.585693359375,111079296
2007-02-28,523.6462585916921,527.1108368621475,516.7171020507812,516.7171020507812,140409504
2007-03-01,518.2019729393115,525.626069972826,505.82847788345407,512.2626953125,168168016
2007-03-02,514.7374980147325,517.2121975244188,510.2830388972974,511.2729187011719,113131248
2007-03-05,505.3336123710976,509.7880712460632,499.3943338711435,505.82855224609375,111556304
2007-03-06,508.7981798648834,510.2829994559288,503.8487812280655,506.81842041015625,110259328
2007-03-07,506.8182422630561,515.7271566778364,504.8384835042161,511.76763916015625,97461799
2007-03-08,519.1920717075893,521.6667717633928,516.222431640625,519.68701171875,101781424
2007-03-09,519.68701171875,521.1718317522322,514.2426715959822,519.68701171875,93579448
2007-03-12,522.1615774640566,522.1615774640566,516.2222988578303,520.6767578125,65016721
2007-03-13,521.1718120337218,521.6667520261566,514.2426521396363,516.222412109375,85961824
2007-03-14,511.7678098781943,513.2526294426378,502.36395263671875,502.36395263671875,87524032
2007-03-15,508.79821919148566,511.2729187011719,503.8488201721132,511.2729187011719,78406240
2007-03-16,509.78824977184905,510.28318982017123,503.8489691919828,506.32366943359375,108796688
2007-03-19,508.79820036865,511.7678396704125,504.34374141600614,510.28302001953125,61543916
2007-03-20,508.79836967520464,509.2933097235268,502.85908909533845,506.32366943359375,67940872
2007-03-21,507.3133994856739,513.747618210858,506.32351968179944,511.2729187011719,99178440
2007-03-22,516.7172100893596,526.1210673611008,512.7576912381002,523.1514282226562,128205315
2007-03-23,522.6562824619114,538.9892912888461,522.6562824619114,536.0196533203125,157869031
2007-03-26,537.9995842296407,543.9388620684224,535.0299453102499,537.0097045898438,126836704
2007-03-27,539.484514589143,543.9389738839158,536.5148750592945,537.9996948242188,116200792
2007-03-28,539.484356313512,550.373031395069,538.9894165370775,546.4135131835938,147618272
2007-03-29,546.9085666013875,554.3326647905466,546.4136267221102,552.3529052734375,108395296
2007-03-30,553.83760983011,556.8072484887165,544.4337540778561,546.4135131835938,85965760
2007-04-02,545.9187479933647,549.383327536387,540.4744087114726,541.959228515625,63480904
2007-04-03,545.9184237898808,547.4032427122467,540.9690273819942,543.4437255859375,68175531
2007-04-04,544.9286783037395,544.9286783037395,537.0096421067732,542.4539794921875,74792848
2007-04-05,545.9186664990631,549.878185385729,544.9287867773966,548.8883056640625,60572176
2007-04-10,546.4136063598963,550.8680651073955,544.4338469165634,548.8883056640625,71157080
2007-04-11,550.3731891267315,557.3023479826436,549.8782492084521,553.8377685546875,95274360
2007-04-12,552.352968802037,557.3023681640625,551.363088929632,557.3023681640625,76924800
2007-04-13,562.2517378065321,572.1505360073513,561.7567978964912,570.1707763671875,153716336
2007-04-16,571.1608336184817,572.6456538098641,566.2114329805398,570.6658935546875,93109048
2007-04-17,570.6656988234747,575.1201578776042,567.6960594540551,571.6555786132812,84482221
2007-04-18,568.1907348632812,571.1603728503716,566.210976205221,568.1907348632812,96948616
2007-04-19,561.7567893734963,566.2112484962817,558.2922100557743,565.71630859375,82838193
2007-04-20,568.1908413000274,568.1908413000274,561.7566244560376,564.2313232421875,110657512
2007-04-23,565.2213599795388,575.6150977725075,563.2416003999256,571.6555786132812,89967456
2007-04-24,570.6654954573095,581.0592295462978,560.2717613683212,562.7464599609375,121058602
2007-04-25,560.7669095684329,569.6758278140037,558.2922100557743,565.71630859375,89474152
2007-04-26,570.1705273095447,570.6654670033897,561.7565525141781,565.2211303710938,84127520
2007-04-27,561.2617204892031,562.7465398555765,554.8275032349177,555.8173828125,79191872
2007-04-30,556.8073991122866,564.7264376774391,556.3124592019645,559.7770385742188,39976151
2007-05-01,560.2720077812777,560.7669477174803,554.3327285468472,557.3023681640625,45626048
2007-05-02,559.2819709912627,562.7465495726245,549.878114841852,560.2718505859375,81194991
2007-05-03,563.24144235142,571.6554182037698,563.24144235142,569.6756591796875,100101032
2007-05-04,569.1806416371046,575.6148575860458,564.7261844416838,571.160400390625,84472155
2007-05-08,568.1908969996166,568.6858368053654,560.7667999133846,564.726318359375,79625000
2007-05-09,564.2824242208352,564.7774088034851,553.8877479851883,556.3626708984375,88409712
2007-05-10,557.8476521992362,558.3426368063341,551.9078369140625,551.9078369140625,81413248
2007-05-11,550.4228140694754,556.3626286097935,543.4930304391044,554.3826904296875,112886400
2007-05-14,557.3526506076389,557.8476351996528,551.4128355034723,556.857666015625,63010424
2007-05-15,554.3827198271039,557.8476118260232,551.4128123994586,552.8977661132812,99976272
2007-05-16,550.9180401403129,555.8678877606212,549.9280706162513,551.4130249023438,65368552
2007-05-17,553.3925202459122,567.7470668354753,552.897535880755,564.7771606445312,122070064
2007-05-18,563.2923896501154,581.6068170816218,563.2923896501154,576.1619873046875,142494608
2007-05-21,578.6368964243743,588.0416021831966,572.2020977472855,584.0817260742188,142678752
2007-05-22,583.0919453956295,585.5668687631832,572.2022825783937,575.6671752929688,181901072
2007-05-23,571.2120039978823,575.6668636477791,568.7370819701619,569.72705078125,92332608
2007-05-24,567.2522343801488,569.7271568687185,562.3023894030097,563.2923583984375,100434712
2007-05-25,558.8374055165026,563.2922652593268,557.8474366847639,561.8073120117188,59086292
2007-05-29,559.8274457689741,566.2622439962038,558.8374768109388,562.3023681640625,64965508
2007-05-30,557.3525523146169,560.8174438476562,553.8876607815776,560.8174438476562,70691024
2007-05-31,563.7869385954973,564.7769068810029,556.8571605969573,558.8370971679688,96603224
2007-06-01,558.3424211006333,563.2922652593268,553.3925769419396,561.8073120117188,90288568
2007-06-04,561.3122700884298,566.7570981051606,559.8273169929578,564.7771606445312,66065068
2007-06-05,566.2622733995752,567.252242409015,557.8475368193368,560.8174438476562,88346990
2007-06-06,559.8276842693949,562.3026077188617,550.422975161421,553.3928833007812,84885450
2007-06-07,555.3727017331378,559.3325783943367,551.412825071939,556.3626708984375,101495856
2007-06-08,553.392966126464,564.2826309339615,552.8979813624868,557.3528442382812,202410272
2007-06-11,559.3324824167262,563.2923583984375,556.3625754304427,563.2923583984375,67925800
2007-06-12,563.2921645031126,571.2119137404147,561.3122271937871,562.7971801757812,103011872
2007-06-13,560.3223153888556,570.7169873174474,560.3223153888556,568.2420654296875,82043912
2007-06-14,572.6972273797948,578.6370430483838,571.2122734626475,576.6571044921875,79353004
2007-06-15,576.6569977583829,585.0717350647284,576.1620132109508,583.091796875,137075056
2007-06-18,581.1115575167698,583.0914946803704,577.1516831895686,577.6466674804688,76654600
2007-06-19,579.1316203531692,586.0614004257712,577.6466674804688,577.6466674804688,113560488
2007-06-20,579.1320680075438,583.0919453956295,574.6772059459473,575.6671752929688,141674080
2007-06-21,571.7068913272992,576.6567345422543,571.2119070058038,573.6868286132812,75887568
2007-06-22,573.6867931532676,582.5965103894703,570.2219031169666,577.6466674804688,108000384
2007-06-25,574.6770595686545,584.5767505172963,574.1820750212224,583.091796875,131996440
2007-06-26,579.626854920003,591.5064830310877,579.626854920003,583.5867309570312,136455936
2007-06-27,581.6067504882812,586.556595173288,579.6268126142786,581.6067504882812,79752424
2007-06-28,586.5567166896814,593.9814852553735,585.0717629765429,592.9915161132812,126743840
2007-06-29,594.9713559886117,600.416185369539,591.506464564385,596.9512939453125,116975312
2007-07-02,593.9815293874173,601.9012831125829,593.9815293874173,597.94140625,98105096
2007-07-03,600.9111007577028,607.3458983770192,598.4361785964272,599.4261474609375,96084445
2007-07-04,601.4063528935571,603.8812761564935,600.4163835883825,603.3862915039062,67217160
2007-07-05,603.8812215438742,607.8410984064569,595.4664832108858,597.94140625,97080968
2007-07-06,601.4063737199112,606.3562204171945,599.9214197107264,604.3762817382812,103713920
2007-07-09,603.3863436131696,606.8512364805134,602.8913589178347,605.8612670898438,63060538
2007-07-10,607.3461494851288,610.8110419434792,602.891287752964,605.3662109375,115103440
2007-07-11,599.4261978527732,602.3961046959743,596.4562910095719,598.9312133789062,99757544
2007-07-12,599.9212484656301,606.3560473353109,594.9714031812603,604.87109375,101759536
2007-07-13,608.3358443541783,610.3157820087079,603.3860002178548,606.8508911132812,75949232
2007-07-16,608.3360446126837,609.326013765837,599.921306810881,601.9012451171875,80628632
2007-07-17,599.4260971522567,601.9010191058169,595.4662220265606,599.9210815429688,84035176
2007-07-18,595.466337738037,597.9412601725261,592.0014463297526,593.9813842773438,91199176
2007-07-19,597.9412444311725,599.92118232664,595.961306535705,598.9312133789062,95614656
2007-07-20,598.931649584289,602.8915282592264,592.4968467375156,593.48681640625,94868078
2007-07-23,592.4966447406873,598.4364607280627,591.0116907438435,595.466552734375,70103036
2007-07-24,596.9513234283964,599.9212305101298,583.0917570469743,584.0817260742188,149263488
2007-07-25,580.6168399285414,586.5566541477592,575.6669947458598,578.6369018554688,101708384
2007-07-26,581.1116921087641,592.4963334362783,569.72705078125,569.72705078125,137074082
2007-07-27,562.302342044214,577.151875724959,562.302342044214,566.7572021484375,133807824
2007-07-30,567.7473524996227,570.2222755706761,561.3125525148841,563.7874755859375,87656168
2007-07-31,567.2524135044642,573.6872140066964,559.8276436941965,571.707275390625,122236128
2007-08-01,562.3024236118679,571.2121451127603,558.8375319170765,567.7472534179688,87401261
2007-08-02,567.2525395178244,567.7475242818016,553.392966126464,557.3528442382812,95502616
2007-08-03,559.332666147712,559.332666147712,545.9680803194037,548.93798828125,92813488
2007-08-06,540.0282401585688,547.9479943680436,538.5432862442922,542.0081787109375,104881728
2007-08-07,544.4830553626325,548.4429321289062,540.0281940005747,548.4429321289062,82992568
2007-08-08,551.4654417413965,555.9207280750343,542.5548690741208,552.4555053710938,126023120
2007-08-09,550.475094079098,552.4552203167926,534.6340841775412,540.574462890625,149691680
2007-08-10,531.6639262782752,539.5844316976909,525.228515625,525.228515625,89502192
2007-08-13,532.6541262680067,543.5448240169809,528.1988408252446,539.0895385742188,75672448
2007-08-14,537.1093133997034,543.5447245279948,532.6540287724248,534.6341552734375,62813040
2007-08-15,530.1789675779448,538.5945067458488,527.7038089991496,536.6143798828125,71302478
2007-08-16,525.7237060546876,527.7038330078125,514.8330078125,514.8330078125,102235240
2007-08-17,519.2882816223032,538.0994872482779,510.8727422633145,535.6243286132812,135788032
2007-08-20,535.6244511936368,544.5350243188544,532.6542601518976,533.1492919921875,89571728
2007-08-21,535.6244511936368,539.0896740756659,529.6840691101585,533.1492919921875,61191922
2007-08-22,534.6342531314566,540.5746337218061,533.1491579838693,539.0895385742188,53244651
2007-08-23,542.0594599131368,546.5147431452996,541.0693969726562,541.0693969726562,65741544
2007-08-24,540.5746582031251,551.9603881835938,540.0796264648437,547.0100708007812,63500957
2007-08-28,548.9901727767888,548.9901727767888,533.1491578724991,536.6143798828125,58357070
2007-08-29,534.1391849078341,538.594470046083,532.1590581797235,537.109375,59327952
2007-08-30,540.5747065881636,548.4952151096019,538.594579457804,545.5250244140625,62312657
2007-08-31,549.4852902536435,555.4256717698992,548.495226667601,551.96044921875,68977144
2007-09-03,552.4555065352521,553.9406019829274,542.554870217416,545.030029296875,50812728
2007-09-04,544.5348403033089,556.910632128384,542.5547136112968,555.425537109375,61425170
2007-09-05,558.3958746785555,563.3461927164859,550.4753658178668,553.445556640625,65584592
2007-09-06,556.9105232711387,560.3757443048258,551.9602075087286,559.3856811523438,60525191
2007-09-07,557.9007076263428,564.8311511993409,551.4652957371303,554.4354858398438,65947125
2007-09-10,553.9406008156398,560.3760144086722,550.4753781116991,552.4555053710938,54120660
2007-09-11,557.9007568359375,558.3957885633873,553.4454712888892,557.9007568359375,52310984
2007-09-12,559.8806527158763,564.3359364244907,555.4253690072619,561.8607788085938,50922312
2007-09-13,563.3462153081293,569.7816290155157,562.3561516608391,566.31640625,69487640
2007-09-14,564.3359257419139,568.7912093661921,557.9005160624008,565.3259887695312,64450124
2007-09-17,564.8309561294113,566.8110821806976,559.8806410011956,562.850830078125,57260280
2007-09-18,563.8411620666558,568.7914795562664,558.8908445770451,565.8212890625,83590832
2007-09-19,572.2566774638913,589.0877562128293,571.2666140080714,582.65234375,106511464
2007-09-20,582.6521978031066,586.1174190304827,580.672071387463,584.63232421875,70701016
2007-09-21,585.1275512076713,594.0381230534734,583.6424559000376,586.1176147460938,138708352
2007-09-24,586.6125239792065,587.602587310817,579.1870489921279,583.642333984375,42664912
2007-09-25,569.2863151183816,573.246567745292,562.3558730212883,566.8111572265625,186245808
2007-09-26,568.2963490427277,569.2864123685861,559.385779110002,561.3659057617188,111755824
2007-09-27,561.3658566963546,564.3360464143248,555.9205088800761,560.3757934570312,76468959
2007-09-28,561.8607788085938,565.8210309940288,555.4253690072619,561.8607788085938,110207488
2007-10-01,558.3956425107758,562.3558952945402,556.4155161188937,559.8807373046875,78422024
2007-10-02,560.8710583507003,562.8511856529093,550.475390014103,553.9406127929688,101932312
2007-10-03,554.9307997205314,555.4258316560537,542.555001332473,551.465576171875,106452656
2007-10-04,551.9604245114581,562.8511234704285,550.4753291988712,556.4157104492188,131929504
2007-10-05,559.8807151294692,569.7813466967453,559.3856835511053,566.8111572265625,100518224
2007-10-08,565.326220638821,567.3063475062074,562.3560303377415,563.8411254882812,47901276
2007-10-09,563.3463215725263,576.2171514151324,562.3562577384797,574.7320556640625,122614624
2007-10-10,574.7315427056674,578.1967630320582,571.2663223792766,574.2365112304688,97155072
2007-10-11,577.207054800212,589.0878175062197,575.721959461961,587.6027221679688,113290224
2007-10-12,586.1174730538166,612.8491821289062,584.1373464556618,612.8491821289062,221946368
2007-10-15,611.3640151426017,633.1454051557794,610.3739519601845,616.3143310546875,165033888
2007-10-16,613.8391502660237,624.7298448675176,612.8490871204333,620.7695922851562,97281416
2007-10-17,618.7897713748172,620.2748668261167,609.8791986670198,613.3444213867188,96548023
2007-10-18,614.3343749108252,615.3244383675711,605.9188355284851,609.8790893554688,71415320
2007-10-19,612.3541861126739,620.7697246445376,604.9287109375,604.9287109375,74610464
2007-10-22,598.98828125,603.4435659865702,595.5230597882231,598.98828125,72073704
2007-10-23,606.9090700835185,612.3544206307605,595.5233371211033,605.9190063476562,89102768
2007-10-24,604.4338255638191,614.3344615271905,600.9686029766391,605.4238891601562,77404948
2007-10-25,609.8790401785715,613.3442619977678,604.9287232940051,606.413818359375,84997160
2007-10-26,608.8888709912808,625.2249138715347,608.8888709912808,622.749755859375,78041168
2007-10-29,628.1952270122733,631.6604489106861,624.2349734140871,627.7001953125,60143868
2007-10-30,627.7000576524849,628.6901208349021,615.3242678722704,616.3143310546875,60363080
2007-10-31,610.374012890625,619.7796140625,608.88891796875,618.78955078125,79326896
2007-11-01,620.7699111778118,629.185452238436,609.8792109817098,612.3543701171875,63723895
2007-11-02,607.4037398196864,621.2646238579514,607.4037398196864,620.7695922851562,84272064
2007-11-05,618.7896487079089,631.1654416820671,618.2946169889426,625.7200927734375,71108192
2007-11-06,626.7101074796825,633.6405510063141,623.7399173968405,627.2051391601562,44032096
2007-11-07,626.267809745593,631.2185434194712,617.8515625,617.8515625,39740982
2007-11-08,610.4252433588939,614.8809020695428,602.9991455078125,602.9991455078125,87649101
2007-11-09,602.9989506236294,607.4546078942473,587.6516866915009,592.6024169921875,64478385
2007-11-12,590.1270913256607,591.117237452046,576.7601186194587,580.720703125,55362154
2007-11-13,578.7402847839669,580.7205766052979,573.7895552306396,577.2550659179688,47049320
2007-11-14,584.6816962133158,601.019118715466,582.2063291675355,593.593017578125,71698184
2007-11-15,590.1272326785144,592.1075254056234,578.2454763158596,580.2257690429688,43800641
2007-11-16,577.2553567447695,587.156820839877,576.2652103352588,581.2159423828125,39240248
2007-11-19,579.7306043066833,587.6517739641614,566.8587036132812,566.8587036132812,34604757
2007-11-20,568.3437316894531,574.7796798706055,560.9176376342773,574.2846069335938,64951768
2007-11-21,573.2948511693385,582.701243373326,569.3342649781858,571.8096313476562,44582524
2007-11-22,572.3046949174669,573.7899147139655,564.3835226694742,570.3244018554688,25519593
2007-11-23,568.3441184303978,571.8096313476562,562.8983124175629,571.8096313476562,32133721
2007-11-26,571.3143274362127,581.2157889169096,567.8488159179688,567.8488159179688,37719036
2007-11-27,564.8784077783461,575.274942890831,558.4424574706172,563.3931884765625,57655304
2007-11-28,567.3539718826096,574.2849977171267,559.9278727741985,571.8096313476562,47608051
2007-11-29,577.2552792553191,584.6813763297872,570.324255319149,581.7109375,49627632
2007-11-30,578.7404749983448,588.1468642412606,578.7404749983448,584.186279296875,56410432
2007-12-03,584.6814034850089,592.6025740656695,580.2257450333873,582.7011108398438,42411482
2007-12-04,581.7109375,586.1665957446809,579.2355718085107,581.7109375,32211903
2007-12-05,583.6913667301125,602.999223644849,581.7110737132165,602.504150390625,60561233
2007-12-06,602.99898961802,609.9300124871926,596.5630398109311,603.9891357421875,40787712
2007-12-07,608.9401533297707,614.8810328744514,604.4844936712602,613.3958129882812,62334985
2007-12-10,611.9104685597606,613.8907613382711,604.9794438349736,609.93017578125,39826732
2007-12-11,609.9302197384428,614.8809520415145,605.4745606656782,610.42529296875,43526368
2007-12-12,603.9894224016854,617.8514747191011,602.9992758075842,616.861328125,59355561
2007-12-13,612.4055086938959,616.3660940371061,602.0089721679688,602.0089721679688,46759035
2007-12-14,603.9893072336791,613.3956980840397,603.9893072336791,611.4154052734375,36548171
2007-12-17,607.4547770148829,610.920289190192,601.0188258321662,602.0089721679688,38035333
2007-12-18,600.0286695161145,607.4547669111159,598.5434500371142,600.5237426757812,37687349
2007-12-19,599.0386695103929,603.989402316264,594.583009985109,598.0485229492188,59069835
2007-12-20,597.5534972895001,605.9697437301973,597.5534972895001,605.4746704101562,52509973
2007-12-21,609.93017578125,615.375980922154,606.9597366134842,609.93017578125,75650839
2007-12-24,607.9499098222877,612.9006419869644,603.4942508740788,610.9203491210938,6592542
2007-12-27,611.9104035332235,617.8512812374296,606.4645989710347,615.3759155273438,18150782
2007-12-28,612.9005737304688,616.3660858598009,607.949842117137,612.9005737304688,14528651
2007-12-31,609.4353199532362,611.4156134380557,604.4845862411871,608.9402465820312,9068848
2008-01-02,605.4745606656782,617.3563181930505,605.4745606656782,610.42529296875,27785795
2008-01-03,614.3859603005445,629.733232475659,610.9204472287446,629.2381591796875,54215400
2008-01-04,628.2478579335004,641.6148336342131,617.8513212773905,621.3168334960938,61610329
2008-01-07,622.3069016293417,635.1788025381427,621.8118285174647,630.72314453125,62906412
2008-01-08,628.2478367444936,639.1394462073612,626.7626172722845,627.2576904296875,49286184
2008-01-09,615.8712451131885,618.346611853997,595.5732378385576,604.4845581054688,131611827
2008-01-10,604.4843178488992,607.4547567572475,592.1074890641141,599.0385131835938,54072084
2008-01-11,599.038359858809,604.4841631302528,591.6122644886585,594.5827026367188,49865412
2008-01-14,594.0875029444096,600.523450892974,590.6219925105671,591.1170654296875,31960300
2008-01-15,584.186307630822,585.1764539149419,567.3538208007812,567.3538208007812,49765533
2008-01-16,568.3439056180048,570.3241979720744,551.5114206084123,558.4424438476562,75592976
2008-01-17,557.4525352691678,560.4229750663392,546.0658493800107,548.046142578125,76311968
2008-01-18,546.560844779445,558.4426022746503,543.0953321766767,548.5411376953125,70088188
2008-01-21,542.1052877613575,544.0855810499835,513.391035076281,513.8861083984375,94802603
2008-01-22,501.01418913780566,523.7875613713423,493.58808949643503,521.3121948242188,133362272
2008-01-23,528.7382899779667,528.7382899779667,493.093012001924,498.538818359375,105018608
2008-01-24,511.90571102853545,533.193859552933,507.94512525655455,525.7677612304688,99574480
2008-01-25,537.6498317789411,542.6005668781947,530.718802639986,532.6990966796875,58987772
2008-01-28,529.7283470024497,532.2037131099378,512.4007842500331,525.7677612304688,46808569
2008-01-29,529.7280502677523,532.6984879328052,519.826591384243,527.252685546875,45093468
2008-01-30,525.767738713209,529.2332511152734,516.3613479076055,519.331787109375,34058777
2008-01-31,517.8463761179071,531.7084206028989,511.4104268927323,526.7576904296875,80782017
2008-02-01,528.2431181735218,538.1445824316946,524.2825324702527,536.6593627929688,83164270
2008-02-04,536.6593627929688,540.1248752833293,533.6889235155169,536.6593627929688,39583812
2008-02-05,537.1543409372123,555.4720465728591,533.6888290601979,537.6494140625,99754372
2008-02-06,537.649485017971,546.560802449208,535.1741190648495,539.1347045898438,65432239
2008-02-07,536.6595080930796,547.0560483790156,529.7284812357889,530.7186279296875,60420506
2008-02-08,535.668987267196,543.5901552859347,530.7182572554844,541.60986328125,41781069
2008-02-11,540.1248707392444,549.5312617053725,538.6396511130137,542.1051635742188,51162830
2008-02-12,548.541315705484,557.45263671875,542.6004350299734,557.45263671875,55573434
2008-02-13,552.5016678590825,557.4523996499346,546.065716530975,555.4721069335938,40458360
2008-02-14,557.9473707591388,562.8981016443131,555.4720053165518,558.4424438476562,33622672
2008-02-15,558.9377551677535,560.9180483658678,545.0757027809536,548.046142578125,46965668
2008-02-18,552.0063442206739,562.89794921875,550.5211253573,562.89794921875,25222426
2008-02-19,560.423011619728,570.8195515879385,556.4624249651715,566.3638916015625,33779120
2008-02-20,558.5091061168722,564.4506923521581,551.0821233227649,552.0723876953125,35824986
2008-02-21,555.5383250934026,556.0334572904555,544.1502845611849,545.6356811523438,45791838
2008-02-22,541.6744697737868,552.0722429595725,537.7134133220588,542.6647338867188,44262723
2008-02-25,550.0919519314236,559.0043327907986,548.6065551215278,557.0238037109375,38632663
2008-02-26,559.0041517373849,563.4603407237768,551.0820379837992,560.9846801757812,37703872
2008-02-27,564.4506325046611,567.4214253073172,549.1015363576046,556.0333862304688,54865170
2008-02-28,553.5576391289703,558.5089596936302,540.6842056608548,542.6647338867188,52691622
2008-02-29,544.150128486829,551.5771093123999,537.218279716296,540.6842041015625,69672168
2008-03-03,538.2087082770222,540.1892371023285,527.8109319441634,535.2379150390625,87030256
2008-03-04,534.2478481121917,537.2186424483115,523.3549355464195,530.7819213867188,51617130
2008-03-05,532.76206197512,543.1598345601362,528.8010057522566,541.6744384765625,38841922
2008-03-06,545.1403676132045,545.6354996455508,528.3058785134325,529.296142578125,44361242
2008-03-07,523.849746343203,529.7913313678897,520.8789538308597,523.3546142578125,42935301
2008-03-10,524.3447764535968,536.2279441919219,520.8788525299186,528.8009643554688,64338541
2008-03-11,530.7817849785283,545.1406205796266,529.2963881922078,533.2574462890625,70391441
2008-03-12,538.2086194507798,543.6550728214869,535.7329588277312,540.1891479492188,51065880
2008-03-13,531.77175629005,535.2376802137281,525.8301724208875,528.8009643554688,61101376
2008-03-14,530.2863098663244,535.2376292861779,521.3739349105878,524.3447265625,52985100
2008-03-17,516.9179303337546,523.8497799742456,505.0347595214844,505.0347595214844,81809800
2008-03-18,510.9765328644328,516.4229881565924,510.4814005651455,513.9473266601562,54925496
2008-03-19,518.4035307137498,520.8791922739873,505.53009060051437,506.5203552246094,67934440
2008-03-20,502.0640821764546,504.0446111002276,490.1809086338166,491.1711730957031,131580072
2008-03-25,505.03488366580706,510.9764705324636,501.56895799359074,509.9862060546875,60777596
2008-03-26,508.0056621207414,513.4521165879229,498.59814985924623,510.4813232421875,54625388
2008-03-27,508.5006856620312,517.4130637943745,502.559100240469,507.0152893066406,60044823
2008-03-28,502.0641774960588,508.00576539542044,495.62745727175036,498.1031188964844,54930698
2008-03-31,493.89428816735744,508.5006856620312,490.1807972788811,507.0152893066406,53141397
2008-04-01,502.06396812200546,509.9860820174217,496.6175148189068,507.0152893066406,53532592
2008-04-02,509.49109115380713,515.9278104783937,500.5787105505336,515.4326782226562,44306242
2008-04-03,519.8886239813846,523.3545481412605,516.4226998215087,517.4129638671875,46945792
2008-04-04,519.3935117432566,522.8594360351562,515.4324554096569,522.8594360351562,29896747
2008-04-07,524.8401665353641,531.2768855589111,520.3839764421393,530.28662109375,32064481
2008-04-08,526.3255185601431,536.2281623712465,526.3255185601431,531.77197265625,30128346
2008-04-09,533.2572982046825,544.1502049460967,528.3059769585851,540.1891479492188,52567065
2008-04-10,542.6646746271307,549.1013906582918,537.7133546031605,544.6452026367188,52324561
2008-04-11,550.0916829501472,555.5381352565843,538.703646309415,541.6744384765625,57916894
2008-04-14,539.1987194624103,548.1110949907146,537.7133235410263,543.6549072265625,35757228
2008-04-15,554.5479531957013,554.5479531957013,543.6550469722143,547.1209716796875,54468071
2008-04-16,549.1012828637522,559.9941847780917,545.1402276221742,558.5087890625,42287994
2008-04-17,559.4994802237405,560.4897447905082,549.5968345560638,556.5286865234375,33875876
2008-04-18,559.0042285650549,566.9263434074295,558.5090963874064,562.4701538085938,54482376
2008-04-21,562.4700509481255,574.3532210385789,562.4700509481255,567.91650390625,41353104
2008-04-22,567.9166728125678,578.314449734158,566.926408343845,570.392333984375,37995342
2008-04-23,572.8675898508629,579.3043043435692,568.4114028943739,577.8189086914062,40779354
2008-04-24,577.3242776621943,583.2658654254416,561.9751759404721,569.4021606445312,59617948
2008-04-25,571.8774892872777,576.3336775154903,567.9164330844221,574.3531494140625,38018456
2008-04-28,576.8288543622042,583.2655711919971,572.8677978515625,572.8677978515625,25989476
2008-04-29,590.1974902503058,608.0222466672614,588.7120938822262,607.031982421875,111983152
2008-04-30,610.9930380963265,615.9443593126663,602.0806599069149,605.0514526367188,64830889
2008-05-01,604.0613075445506,610.9931586147339,598.6148531322636,599.1099853515625,31733304
2008-05-02,602.5757771676813,607.0319661524875,597.6244560734522,605.5465698242188,39632844
2008-05-06,606.0417468461834,611.9833325995774,598.1196325083248,604.0612182617188,38439053
2008-05-07,609.5077374405845,616.4395882319478,604.5564154467536,611.9833984375,42010648
2008-05-08,610.0027019547065,612.973494334356,608.0221737016068,611.4880981445312,32922609
2008-05-09,612.9735678941935,614.9540963849663,605.5465860537953,607.031982421875,44556326
2008-05-12,609.0126817162908,617.4299301627761,608.5175494547328,613.4688720703125,28944854
2008-05-13,615.9446250773672,617.9251544184519,601.5857873545025,612.4786987304688,49598931
2008-05-14,609.0796625163415,618.4882101487077,608.0892890813556,615.51708984375,48218016
2008-05-15,617.4979514923217,621.9546327781525,611.5557097778808,619.4786987304688,42852650
2008-05-16,621.9545921505905,633.8390748031496,619.9738450418307,628.88720703125,56944646
2008-05-19,629.1348460955346,638.2958021386415,628.3920658758232,636.8102416992188,38425962
2008-05-20,634.3344459776665,639.2863151890457,621.9547729492188,621.9547729492188,52028222
2008-05-21,628.1444486329627,645.7235798323874,628.1444486329627,643.4952392578125,81343408
2008-05-22,641.5146396338986,650.9231908905903,637.8007378220466,640.2766723632812,72030303
2008-05-23,637.0577515617249,642.9999925401476,623.935302734375,623.935302734375,49993966
2008-05-27,627.8968451407898,631.8583394318988,610.5653076171875,610.5653076171875,56023674
2008-05-28,610.5651265781444,613.2886530957273,595.9571207111085,599.6710205078125,91450856
2008-05-29,605.1183821946747,613.5365593610492,602.8900411800463,606.6039428710938,56139767
2008-05-30,600.9095542054428,607.5945801483957,592.4913733883908,602.1475219726562,69477326
2008-06-02,601.6518802666496,601.8994736330145,590.757772146595,598.4331665039062,45686400
2008-06-03,597.1952867531598,600.6615943877139,592.243418703797,598.6808471679688,40065098
2008-06-04,591.2529578414103,592.2433313051313,574.6642023240843,575.406982421875,103408040
2008-06-05,572.9311966806088,580.8541864359154,569.9600755223688,577.3878784179688,59633452
2008-06-06,584.5679723022829,591.7481803483507,573.1786767809339,575.159423828125,75965808
2008-06-09,577.1402356218721,593.7289940031098,576.1498619871712,589.0247192382812,61951682
2008-06-10,587.5392090419554,591.9958907793153,577.3878784179688,577.3878784179688,62025355
2008-06-11,581.3490719974519,597.6902298985729,578.8731389821305,586.0533447265625,77182624
2008-06-12,590.7578817262437,596.7001236212269,584.3204530066786,588.529541015625,61213987
2008-06-13,579.1705916688859,589.7676035193795,575.6547767349107,579.6162719726562,53745568
2008-06-16,575.9024566741333,584.5682288080949,573.9217087577993,581.5971069335938,51158847
2008-06-17,577.3881717422634,592.2437850804005,577.3881717422634,586.5491333007812,39327893
2008-06-18,582.0921795620081,584.072927089229,572.7331354063665,574.169189453125,54834756
2008-06-19,582.1415552213205,584.1223023030178,572.7330065832582,574.2185668945312,64057640
2008-06-20,565.2555063550086,572.7328119579673,557.8277073227483,559.065673828125,66690220
2008-06-23,561.5416481180677,571.1977875698334,559.5609015638593,569.217041015625,46574040
2008-06-24,569.46524655532,576.1502733627085,562.5326261624726,565.7513427734375,45627329
2008-06-25,570.4553921568628,579.8639446316721,566.4938963779957,568.22705078125,49289464
2008-06-26,571.9408031262849,576.8926715516208,564.5130004882812,564.5130004882812,57450702
2008-06-27,564.7605225851133,578.1305656449977,556.5899407151841,559.8086547851562,64590201
2008-06-30,562.0371706456112,580.8542741562131,561.0467967766322,577.6355590820312,58836164
2008-07-01,573.4262483109499,577.3877422543761,564.0177001953125,564.0177001953125,69973791
2008-07-02,562.5324547476499,565.503576867796,553.1239013671875,553.1239013671875,68435096
2008-07-03,548.419529557014,557.085300904416,544.7056275509846,551.6382446289062,0
2008-07-04,550.1524114807627,557.5802118157865,545.6957312797484,546.19091796875,33451964
2008-07-07,554.3616364752496,567.9792738160887,549.6573617575052,566.4937133789062,46572087
2008-07-08,555.104323111832,557.3326633919419,543.9626217112822,547.1813354492188,56267480
2008-07-09,549.904932409093,553.3712399524192,539.7536031750666,546.6862182617188,48253133
2008-07-10,539.5058128007414,543.0216256500821,533.5635734674612,535.0491333007812,49569976
2008-07-11,542.7244892872679,549.4095080877954,533.0683510198394,533.5635375976562,55516662
2008-07-14,536.2873355108201,541.7343906268118,528.8595330799224,533.8114013671875,42063528
2008-07-15,529.8499478188708,535.792190224316,516.9750892737393,519.2034301757812,59161774
2008-07-16,519.2034099605062,523.9076850149886,502.11946371001744,504.59539794921875,99294148
2008-07-17,505.090441242785,517.4701089203043,498.40542069692464,514.74658203125,76919165
2008-07-18,508.0614504530425,518.4603690295668,504.3475509614267,515.9844360351562,66808478
2008-07-21,512.0232374825848,526.6312505442253,507.81414897329853,516.4799194335938,51253275
2008-07-22,518.9556293505628,533.3160427581643,514.9941359967418,522.4219360351562,59707536
2008-07-23,527.869119802273,527.869119802273,514.4990764301704,516.7274169921875,47827088
2008-07-24,513.7564875905107,517.9655768864329,503.60515458269816,507.566650390625,67112181
2008-07-25,511.03275022644925,519.9461121490036,507.5664428121226,512.518310546875,68064896
2008-07-28,511.03314062124036,519.9465093530061,508.30961128653416,514.4994506835938,48251980
2008-07-29,523.9076071063109,532.820969041957,499.8910485574866,501.8717956542969,87859530
2008-07-30,504.5954938616071,512.2708914620536,502.1195591517857,506.0810546875,56881793
2008-07-31,515.9847325501482,521.9269751514936,509.5473030653576,516.4799194335938,71847557
2008-08-01,513.5087720838953,519.9462012421312,506.87325609280623,516.2322998046875,52714416
2008-08-04,514.498865429499,529.3544630838637,511.0325593101472,513.0133056640625,43227765
2008-08-05,509.05215883255005,509.05215883255005,497.66285955905914,507.0714111328125,67997027
2008-08-06,506.57589065639615,519.4507422273309,502.6143978653393,515.9844360351562,62289814
2008-08-07,519.9462288304379,531.3355271762475,519.6986353881376,526.8788452148438,58265324
2008-08-08,523.4128194153595,526.3839423259482,510.785547045358,514.4994506835938,50784596
2008-08-11,515.9846723865328,524.2047616037443,511.52799095517116,519.9461669921875,32915808
2008-08-12,518.7084497469608,532.5736875444929,517.9656691506644,529.8501586914062,55273628
2008-08-13,524.7194324998883,527.24520531274,516.0525235156995,519.519287109375,53503176
2008-08-14,526.9478789877846,531.9003966474443,517.8352344029033,521.995361328125,52306292
2008-08-15,519.2718312571513,524.4719783512859,509.61441522518714,510.60491943359375,53491996
2008-08-18,508.37640192534184,518.5290723973044,506.44490618345964,509.6145324707031,36295832
2008-08-19,505.65234173355253,513.5763745129226,501.6903253438675,502.1855773925781,57363375
2008-08-20,506.642902570324,512.0906757162414,505.6523983619754,505.9000244140625,55682712
2008-08-21,506.1476124038549,513.8240194412911,502.4332219018697,512.0906372070312,67229077
2008-08-22,514.5667788083587,516.547786618978,506.1474956132267,514.3191528320312,43642016
2008-08-26,504.66202575831375,514.5670704248165,499.95712954172495,511.3479309082031,49548374
2008-08-27,513.5762927263507,523.4813321231945,511.10003287713977,520.7574462890625,47292988
2008-08-28,521.0051618971397,524.9671783374222,515.5573892917514,517.290771484375,46588440
2008-08-29,516.7956564035258,525.7101957569167,515.8051520309268,523.7291870117188,47074655
2008-09-01,518.7764370967697,527.9385985156625,513.3781785480393,516.0525512695312,29945068
2008-09-02,510.3572431995023,511.84299936602196,502.43321031139743,506.6428527832031,70895743
2008-09-03,503.4236105967887,514.8639186284369,501.1949768066406,501.1949768066406,78340576
2008-09-04,513.5763825700498,525.7100579538167,500.6998291015625,500.6998291015625,116381471
2008-09-05,503.17600375172134,507.6332715014905,493.7662162799864,494.50909423828125,93955880
2008-09-08,507.633368604649,512.0906372070312,505.15710826999214,512.0906372070312,36192069
2008-09-09,515.0620928181986,519.0241089168002,499.2140284237925,502.43316650390625,93115130
2008-09-10,499.2141628797311,506.1476929197274,495.7473978597329,497.233154296875,70962864
2008-09-11,502.4333018268722,506.39531899258435,492.77588498544884,497.233154296875,55752080
2008-09-12,501.6902794333065,506.39517346550434,497.2330114028033,505.15704345703125,49139042
2008-09-15,493.5184807064332,498.9662511908996,479.403802633043,486.83258056640625,95215009
2008-09-16,483.3659991096048,483.3659991096048,466.5274294684915,471.4799499511719,111734107
2008-09-17,477.17538410144357,480.6421486979253,467.2703423972102,467.7655944824219,97402619
2008-09-18,469.4989305379188,477.91821515726963,459.5938898092707,460.0891418457031,105896788
2008-09-19,465.53692698539487,509.61435943401204,464.0511708354415,485.5946350097656,165076000
2008-09-22,490.299608496533,501.69040748180595,484.3565829389992,495.499755859375,63993284
2008-09-23,493.2708547753211,496.2423659486664,483.61344346194886,486.83258056640625,64889956
2008-09-24,489.8042689015978,490.2995209429543,477.17534184700656,482.37548828125,42495344
2008-09-25,480.14675857360106,494.50906491566855,477.1752469166216,493.27093505859375,42544427
2008-09-26,490.05182517294753,490.2994511583811,479.89915977017296,483.8611755371094,39408212
2008-09-29,482.3754168557406,485.1488157855646,462.5653381347656,462.5653381347656,64460916
2008-09-30,451.17464769297635,466.7750883102417,441.76485811430837,459.59393310546875,90692651
2008-10-01,467.2703403933295,468.80560975978636,453.1556560253275,459.59393310546875,74862696
2008-10-02,466.0321389431424,470.29129411548377,445.23155463324656,445.726806640625,76363512
2008-10-03,443.9934295540121,467.02264815329994,437.3075273800253,463.3082580566406,66530834
2008-10-06,437.55511463957515,447.7077800047266,418.48791383185176,425.6690673828125,108863075
2008-10-07,435.5741794302585,449.4412368765885,422.9452521130651,443.0029602050781,101386544
2008-10-08,423.9358302420564,450.6794457012515,396.9445887137946,413.040283203125,160884957
2008-10-09,423.9357451088408,431.85977772769763,401.64940336830597,405.6114196777344,108908120
2008-10-10,375.8962619718127,396.0034807582432,366.48647412271595,372.6771240234375,182987936
2008-10-13,397.93512068689756,414.77369455541594,388.52532940743146,414.2784423828125,117710983
2008-10-14,444.73632457287005,457.8605034160561,427.8977554910465,442.5076904296875,151114271
2008-10-15,442.260005455961,445.726769216534,406.1066119528421,410.3162536621094,114513710
2008-10-16,397.1920750264102,418.98316143683667,385.8012798573236,393.7253112792969,139132526
2008-10-17,419.97370971609007,429.3834980234081,401.45127222004504,427.6501159667969,139656592
2008-10-20,440.52673597490843,472.2228698730469,437.80284946803715,472.2228698730469,123917307
2008-10-21,485.0994542304073,487.08046272139416,458.8510917248314,464.0512390136719,69560600
2008-10-22,462.07009258733365,464.0511004869578,435.07885995495457,438.5456237792969,77773727
2008-10-23,447.7078878423219,464.5464588452411,425.91679595619115,460.5844421386719,90047489
2008-10-24,445.7268177379261,445.7268177379261,407.88955134105953,435.82177734375,112628304
2008-10-27,424.92628290881845,443.2506097941638,407.59246017943775,433.8408203125,83081572
2008-10-28,467.5179695964247,471.9752383743567,440.2791048423957,457.11767578125,101975644
2008-10-29,480.39443011809504,505.15702960871846,469.9941383320332,500.9473876953125,115568336
2008-10-30,512.0905379091886,513.8239198073338,477.42289994628413,489.80419921875,94283731
2008-10-31,495.252012325191,504.6618005593696,477.9181918938093,502.43316650390625,87926752
2008-11-03,508.12853889821844,510.10954684713937,493.27097928131144,503.42364501953125,52542058
2008-11-04,508.1287486402294,528.4340884981723,499.2142091904008,528.1864624023438,66132296
2008-11-05,524.967344440876,525.4625966526127,507.13826481835565,518.0338134765625,51164971
2008-11-06,500.2044984148192,512.0905459019041,486.33744301322025,488.3184509277344,78460535
2008-11-07,499.21398428018813,519.0240630214654,496.53961155900316,510.1095275878906,84906432
2008-11-10,529.4243243328937,532.8910879159903,512.0905064174108,514.8143920898438,56537784
2008-11-11,506.1475155849008,511.1000353068666,493.02333832169154,494.50909423828125,61814493
2008-11-12,500.044070218304,501.77775446373647,469.8284305121955,471.8097839355469,77094440
2008-11-13,463.6367646235569,471.06684097970367,446.1017723298274,466.6087951660156,93961912
2008-11-14,491.37560835040983,504.25440453701333,479.7351579509798,483.4501953125,72977447
2008-11-17,486.4223365021143,494.10008213936766,476.51556793791644,483.20263671875,58268881
2008-11-18,485.92701695634815,505.49288563094115,476.5155864546452,502.7685241699219,60913147
2008-11-19,503.2637279072746,509.207787685707,480.72583458071847,483.4501953125,71352695
2008-11-20,479.48745069832637,489.146547070865,453.72986037155675,459.6739196777344,82365255
2008-11-21,458.68337628130917,479.48758989234045,447.7859310564832,457.94036865234375,74025352
2008-11-24,475.524688185307,508.2170104980469,462.64589454695493,508.2170104980469,87801958
2008-11-25,506.2357283270668,534.9653489170569,499.7963306086208,515.6471557617188,112468488
2008-11-26,505.2451214727572,516.6379036236135,488.8989557780503,507.969482421875,62937913
2008-11-27,518.1238689647424,528.5259734085853,514.6565008167948,525.3062744140625,41127372
2008-11-28,527.5352572896892,529.5166103687114,513.1704474667774,521.8388671875,65737009
2008-12-01,519.6100557696435,523.0774250645792,490.88042446874806,491.3757629394531,56810752
2008-12-02,481.4689089613406,509.9508660243829,480.725901385783,504.0068054199219,64712506
2008-12-03,502.76851654052734,507.7219009399414,485.4316711425781,501.2825012207031,55634162
2008-12-04,503.0161138477708,512.4770646048614,491.62333135786554,506.97882080078125,56905432
2008-12-05,493.6046599703354,495.33834417494774,471.56210365455024,473.54345703125,74199725
2008-12-08,499.5487485902499,514.6565689492014,491.127996259031,503.7591247558594,82174431
2008-12-09,504.25429157618396,527.0398489558544,497.81489492540754,520.352783203125,58121614
2008-12-10,524.3156992842512,527.2877297006003,505.7405091820694,507.72186279296875,62149534
2008-12-11,510.19864799034434,536.2039188830561,506.03779255428555,532.2412109375,63933104
2008-12-12,506.235987569518,517.8764432523787,495.33853969620156,511.4370422363281,69111275
2008-12-15,520.600673637372,526.5447346113476,512.1799205909064,519.857666015625,39316384
2008-12-16,509.7033633721472,525.0588582842332,508.4650170082693,518.8671264648438,43660235
2008-12-17,523.869899386994,535.460830474768,515.6472937319459,530.5074462890625,72153792
2008-12-18,529.021290738203,532.2409896050553,515.6471569835855,519.60986328125,48683209
2008-12-19,507.4740924193127,512.1798063070466,485.43153789255877,500.29168701171875,100374002
2008-12-22,495.33837914941796,512.9228916092223,492.36634887452146,497.3197326660156,37323584
2008-12-23,496.32912060764534,508.71258170065045,496.32912060764534,500.0441589355469,22550991
2008-12-24,485.6793705263446,494.5954629990363,485.6793705263446,491.3757629394531,8884873
2008-12-29,505.98816714660023,515.8949349810907,500.2917756417682,509.4555358886719,25582403
2008-12-30,516.6378704364483,521.3435845008263,512.6751638559194,515.15185546875,21224897
2008-12-31,520.8480950707266,524.0677932333131,518.1237350869994,521.0957641601562,10421781
2009-01-02,527.7830820208704,548.339626276024,519.6099981603877,547.5966186523438,25346686
2009-01-05,554.7791748046875,561.2185759408134,540.9096954345703,554.7791748046875,47203536
2009-01-06,554.778860107642,559.7322427871745,544.872094748577,549.3301391601562,49070574
2009-01-07,540.662022469095,540.9096917418705,515.3997566459856,518.8671264648438,71650181
2009-01-08,513.170564350329,528.7737234015214,510.1985340548637,527.0400390625,36049644
2009-01-09,532.4887123181411,532.7859032271441,511.18916382541545,514.1611938476562,41167484
2009-01-12,512.4275696010627,514.6565923784477,503.26380929403547,504.2544860839844,37781930
2009-01-13,504.74972702899566,512.6751398184598,496.32897594019005,510.69378662109375,53867084
2009-01-14,518.1240449168798,518.1240449168798,476.267943773977,484.193359375,76897175
2009-01-15,484.19329811950024,491.8710435116765,475.52487590252707,480.2305908203125,63031224
2009-01-16,490.38487132002666,502.5206585395627,483.4501357660061,487.412841796875,41635292
2009-01-19,497.31974670784604,502.7684690323344,475.27718821332496,484.4409484863281,32430696
2009-01-20,482.9549789428711,500.2918243408203,477.5062561035156,493.3570861816406,53336017
2009-01-21,488.40356627507,492.3662726951517,468.5900341746614,481.2211608886719,83331288
2009-01-22,493.3568883548287,497.0719251647295,482.7071161664463,485.1838073730469,45595323
2009-01-23,486.1746557617187,487.71019275954137,466.1134498948317,482.9549560546875,72152960
2009-01-26,492.66354052292724,505.7404858446497,481.71657442107914,503.2637939453125,53736736
2009-01-27,505.7404897628897,507.2265049140049,491.12800744358975,504.0068054199219,44584932
2009-01-28,508.2171578811547,511.6845264047103,498.8057290315037,499.5487365722656,44211577
2009-01-29,501.0347856051459,502.5208007873658,486.91764137405676,494.34771728515625,47455336
2009-01-30,493.6046247183372,497.31966203433075,484.68853515995283,489.88958740234375,48817076
2009-02-02,486.4223209752933,486.4223209752933,474.53419907773014,480.2305908203125,33101868
2009-02-03,468.58998273102793,483.4501301749295,457.19720302403675,482.7071228027344,0
2009-02-04,486.4223667619943,500.0936961378445,480.28015777686716,495.0907897949219,52484820
2009-02-05,485.92695734817033,499.79643217564103,482.95492702799805,496.82440185546875,44774964
2009-02-06,502.2730115677746,508.51426174847404,497.8149670864038,506.2357177734375,51199500
2009-02-09,503.2636807051106,511.18909299967925,497.3196214841841,506.7310485839844,24098046
2009-02-10,499.05340183326314,511.68453011787676,496.8243791948019,498.3103942871094,31011456
2009-02-11,496.32908684225646,507.2265318627451,494.8430716121898,505.24517822265625,36300381
2009-02-12,500.0441815877698,505.245235482442,492.16828788261336,504.5022277832031,42148524
2009-02-13,510.44627013616815,513.170631597351,500.2918319626684,500.78717041015625,42948605
2009-02-16,499.3010387073864,502.57025960570184,489.3942720663668,490.38494873046875,25078986
2009-02-17,487.66071699887965,490.88041700953755,480.4783092827966,487.90838623046875,56341552
2009-02-18,480.573943500928,481.36663069354574,463.23364657048216,473.3901062011719,58184136
2009-02-19,478.5922167640366,480.8712152244241,466.70172690654505,478.8399353027344,42572884
2009-02-20,468.1880696064717,469.4761939986453,456.0498603944521,458.2793273925781,50446208
2009-02-23,463.7291261111494,466.9989988791213,448.17238905836956,449.3614501953125,42854800
2009-02-24,445.3981582951978,453.62240585217427,440.93922233896114,450.6002502441406,46478396
2009-02-25,455.0590787134078,461.2520438564863,446.1412089073748,460.26116943359375,74031198
2009-02-26,462.98604642300097,468.4853870457137,448.3706495589255,455.0590515136719,67631816
2009-02-27,448.12301356607617,456.79316584623797,437.71883082988205,444.1595153808594,61760902
2009-03-02,434.2506407428112,438.95729343768477,418.89208984375,418.89208984375,68956096
2009-03-03,417.65351790344465,423.89601390458853,396.3497204303152,400.80865478515625,101529616
2009-03-04,406.2585456463279,420.13078866839766,405.2676711447515,417.4058837890625,67318324
2009-03-05,416.16719908633473,419.6352590787209,408.24020481802364,409.2310791015625,92732374
2009-03-06,407.00164319466853,420.9234158510369,403.7813015260558,410.22198486328125,72847696
2009-03-09,413.6900292160983,435.9847014493012,412.45143631425367,434.25067138671875,95355488
2009-03-10,430.0395257585267,450.35245266647553,418.3967505795804,447.1321105957031,74548560
2009-03-11,447.13213901977196,451.3433558415648,440.4437358322186,444.1595153808594,73506832
2009-03-12,442.9209370828753,451.83880829930905,440.9391879236678,443.6640930175781,64362385
2009-03-13,453.8205284757609,459.2703383155353,443.664064683454,446.6366882324219,33235930
2009-03-16,450.35225453096274,455.30662476782703,442.92069917566636,454.8111877441406,32333236
2009-03-17,451.59084709017884,455.108437862722,443.41613619935276,454.8111877441406,34174508
2009-03-18,461.9951971845534,464.4723832284384,449.6092669651283,457.2885437011719,66664583
2009-03-19,459.51792016931483,465.7108840529983,448.6183037340319,458.2793273925781,80382480
2009-03-20,455.30685701339377,462.986134797624,451.83879607858006,459.2703552246094,64796150
2009-03-23,468.6835429461705,474.87650730856706,457.2884885193609,471.408447265625,45958124
2009-03-24,475.61975233505564,478.59237578714976,459.2703233485381,467.4450378417969,44779771
2009-03-25,464.72002392475656,477.60138919345985,463.72914967331786,472.1515808105469,41709008
2009-03-26,476.36277511764183,477.60136787665806,469.6743742189542,473.8855895996094,28597817
2009-03-27,475.6196406905824,477.60138919345985,468.9312394933711,472.1515808105469,27895508
2009-03-30,467.1972548658103,468.68356638712254,454.315888347771,455.3067626953125,33687620
2009-03-31,455.8022401391006,469.9222008390619,454.8113657040156,467.1972961425781,50176203
2009-04-01,461.00427615151233,461.7474318895319,449.3615029225381,456.7930603027344,67550208
2009-04-02,464.9677991594587,472.1516383579799,456.7930855887277,468.1881408691406,62329244
2009-04-03,472.8949078335788,473.6380637914105,449.85707314079576,453.32513427734375,47548316
2009-04-06,456.7930452375207,460.01338666273097,442.6730866808294,449.11376953125,28449340
2009-04-07,456.0499685439464,458.27943607077725,437.9665097152077,441.4345703125,34403539
2009-04-08,437.4709567324428,443.91163899464186,429.04852608187485,439.2049865722656,48241136
2009-04-09,444.9025237763409,444.9025237763409,435.2415001531353,441.9299011230469,43819400
2009-04-14,446.8844997010182,446.8844997010182,425.33297449370747,434.4985656738281,50925590
2009-04-15,434.498467406516,440.93915164401284,422.6079734295988,425.5805969238281,46014958
2009-04-16,433.0120748228946,438.4618835449219,426.5713917877714,438.4618835449219,57281622
2009-04-17,444.90268624208284,445.89356082168655,438.46200147465845,443.6640930175781,45201412
2009-04-20,445.39804483249844,449.3615424505852,439.94823560762916,441.18682861328125,44276729
2009-04-21,443.91169784698997,445.39800933531694,432.02120594037416,444.4071350097656,40889020
2009-04-22,441.68227812773375,451.8387410571993,438.46193622326905,446.8843688964844,47605516
2009-04-23,449.11381093365355,460.0629606931032,442.67312748948643,452.82958984375,41937136
2009-04-24,457.7838106080695,474.876387952202,455.05890697349764,474.3809509277344,52959832
2009-04-27,464.47226005826536,479.83080945752533,462.5400433607912,478.8399353027344,40017752
2009-04-28,475.61964758919333,487.7578573453759,470.66527626013925,479.08770751953125,64410981
2009-04-29,480.8217203630497,485.0329358427879,471.65613373067833,484.78521728515625,40153924
2009-04-30,485.52838925376454,489.98732344078894,477.35367657755324,478.0968322753906,43689062
2009-05-01,475.86730044488127,484.537449073497,475.12414484814275,481.3171081542969,15434837
2009-05-05,495.437126856063,495.684845419491,484.3393231188542,488.5010070800781,40793764
2009-05-06,491.96906652264687,500.8869347979819,482.5557611209044,495.6848449707031,42713984
2009-05-07,503.36413765701593,513.0746935713014,495.68486193488627,505.34588623046875,86730792
2009-05-08,510.3003585727567,519.2182289167466,505.84142340076176,516.24560546875,39087940
2009-05-11,521.1998948226054,521.9925821867778,506.8322171136172,509.8048400878906,59886968
2009-05-12,508.5659010571714,515.0065797846368,502.3729407423008,512.2816772460938,39845453
2009-05-13,507.4216454456415,514.1608270763417,502.7141204146517,505.93505859375,44574884
2009-05-14,502.714202018439,506.2324460411447,494.5379730058177,499.74102783203125,38441856
2009-05-15,497.5110468759746,500.78152572369936,492.0602286333096,496.5199890136719,37045416
2009-05-18,492.5558889382535,508.9083480277528,486.8573047100946,508.66058349609375,33240332
2009-05-19,508.6606441117644,509.20571404849136,500.48441359267616,504.6964111328125,35843484
2009-05-20,503.9529892770868,513.3680402075338,502.21863778989916,508.4127502441406,41044864
2009-05-21,499.49337731786517,502.46655218285247,489.3350298624919,493.5470275878906,33252332
2009-05-22,498.9977486163333,498.9977486163333,490.57375484624623,496.2723388671875,59935932
2009-05-26,498.0067068606777,502.9619974762069,486.8573029757372,500.73211669921875,54363037
2009-05-27,499.7409594847424,504.7457899161642,497.26331466825883,500.4842529296875,53017508
2009-05-28,495.5290021769706,505.6873467215985,494.0424151704397,503.7052307128906,26671686
2009-05-29,505.43951463792655,513.169753940397,504.943985702007,506.4305725097656,52503976
2009-06-01,510.3950425611898,520.6029313145335,506.92633838844387,520.057861328125,43330764
2009-06-02,517.0846338236107,525.2608642578125,515.8458110305498,525.2608642578125,35809788
2009-06-03,525.2608161124338,525.5085806483359,512.377060245525,513.8636474609375,44728546
2009-06-04,515.350387267192,524.5176778099257,515.350387267192,518.819091796875,39285238
2009-06-05,523.0307595628543,527.2427552580549,517.3321771517004,519.0665283203125,31817292
2009-06-08,519.0667573546638,523.5265194703601,515.1025243629335,520.5533447265625,36184465
2009-06-09,529.2251202383937,531.7027659323937,523.5265351421938,525.0131225585938,47020976
2009-06-10,531.7027124115048,538.8878842008494,527.0447268777756,528.2340087890625,48165192
2009-06-11,525.261087267525,528.4820278969956,519.5625,519.5625,29664433
2009-06-12,519.3144509917324,520.6028144402086,508.6605762815012,510.3949279785156,33215592
2009-06-15,507.9172568446525,508.9083149067884,497.01561816115753,499.74102783203125,34663800
2009-06-16,501.97080823773183,505.2412870918506,497.7588123147104,498.5021057128906,32112476
2009-06-17,498.2544602745662,499.98881195130514,483.3885887596612,486.6095275878906,37165376
2009-06-18,487.60058417566046,489.38447665403567,476.45118057408285,480.6631774902344,40289480
2009-06-19,482.6451471278845,494.2900762423663,479.42420928770866,492.55572509765625,81473957
2009-06-22,490.771917130237,493.29910284704744,471.5453683835412,473.7257080078125,49862918
2009-06-23,471.0003782657278,478.03689706729506,468.9687211885507,470.8021545410156,52768536
2009-06-24,475.9555573213525,476.2033217967931,465.79721382828876,472.734619140625,50152221
2009-06-25,471.2480700395239,476.0051362511954,465.49994584669673,471.9913635253906,52259904
2009-06-26,476.64930379615254,478.6314195740849,465.3016788696153,469.21636962890625,40044001
2009-06-29,468.27497311418756,480.91096445218943,467.18480310667593,478.4333190917969,35268584
2009-06-30,481.10914517636456,483.6363311202021,470.1579355154548,473.52752685546875,62852464
2009-07-01,475.21232931954523,488.9880300016637,475.21232931954523,485.6184387207031,44244012
2009-07-02,481.5055927929077,485.17248968355716,474.2708503829836,476.6494140625,61343040
2009-07-03,476.55011491884414,482.44689025810345,474.46888763953075,474.96441650390625,28519708
2009-07-06,470.90124770559964,473.62665746635935,461.08977861580325,462.5268249511719,37272500
2009-07-07,463.31969903848096,470.2571062968112,456.9273616811414,463.61700439453125,42238379
2009-07-08,460.99075474443856,470.70314407426343,459.1572908701355,460.84210205078125,39367928
2009-07-09,465.7478295515328,465.7478295515328,456.97695812443646,461.08984375,33119888
2009-07-10,460.5943526147117,461.3376463521211,455.1435318737092,457.3734130859375,33827992
2009-07-13,457.1254190585638,469.3649891733506,455.1928442134506,467.38287353515625,31132761
2009-07-14,470.75269759810294,473.92409629032784,465.45052958674233,469.56341552734375,26648171
2009-07-15,471.99151519029,485.02392578125,470.75269231577477,485.02392578125,28064967
2009-07-16,484.62725373646333,491.01958850632064,480.21703452381036,487.2040100097656,28361953
2009-07-17,490.573794611214,494.53802729494095,488.6907901353827,490.2764892578125,33158592
2009-07-20,493.54695552596786,501.92140893748905,487.99702387272094,498.7004699707031,29945070
2009-07-21,497.5112277270896,502.96204795119115,495.5291112819618,500.7817077636719,27320043
2009-07-22,499.8401279598524,502.4168849098878,495.1821430792233,500.9302978515625,24301447
2009-07-23,501.4754931277088,507.3227309709696,498.2050128791032,506.5794372558594,30453412
2009-07-24,505.3901778276242,513.8637139540597,503.20983753167565,506.3316650390625,34334868
2009-07-27,507.9667943028413,521.2965372486151,505.5882610183259,514.359130859375,37008920
2009-07-28,515.1023249389164,519.0170156005399,496.123572887651,498.5021057128906,50145928
2009-07-29,496.3218880912348,507.12444565771887,496.3218880912348,499.4932861328125,37985881
2009-07-30,506.2323343155751,506.7278632372797,499.88957016669286,501.6734924316406,54355548
2009-07-31,495.5288864337338,500.73193974128804,492.5557131151314,492.7539367675781,51329712
2009-08-03,496.8173142436815,510.1965959225385,490.771885236392,506.9261169433594,44359925
2009-08-04,508.9083061054615,509.2056114210838,499.0968375089391,506.72796630859375,27315124
2009-08-05,505.09264431218537,510.9894205726112,496.51999966824775,499.59228515625,36076164
2009-08-06,502.46659260757997,502.5657044933264,493.99305565852785,494.6372375488281,38251308
2009-08-07,494.5379894905783,507.02532753867774,493.7946959191997,505.1918640136719,34602264
2009-08-10,504.1512739671412,511.5842098114885,498.45268981980826,510.3949279785156,26017106
2009-08-11,509.89936754107475,515.3501868247986,506.2324406523294,507.4217224121094,25585580
2009-08-12,500.9143934220301,510.18233164161614,498.8823687537227,502.8472595214844,34432136
2009-08-13,505.4740184169101,506.8121448368611,499.1797483408603,501.2613220214844,25418052
2009-08-14,503.7890343368938,513.3543594345583,500.5675599412324,501.06317138671875,26978900
2009-08-17,499.97278082976544,500.31971486426113,489.16845821795516,496.2061462402344,6561972
2009-08-18,499.5266723056129,501.7073440108342,494.62010803186377,498.4858703613281,22897392
2009-08-19,497.19745539953703,507.50616839511787,494.6202695882106,505.1767883300781,35115380
2009-08-20,512.4622192382812,515.8819502092956,509.7859054131639,512.4622192382812,42079716
2009-08-21,510.7774314891289,524.7537184284533,510.0835629744995,523.167724609375,57746312
2009-08-24,524.3568058904208,529.7094326455968,517.5173450920773,523.8116455078125,30759616
2009-08-25,520.8876059927592,528.3713263862016,516.575810808961,528.32177734375,30263828
2009-08-26,524.4556939863768,526.1903330089165,520.7386103666489,522.9193115234375,24122049
2009-08-27,521.3833533668429,526.042114061457,519.7974205982094,521.0859985351562,28382624
2009-08-28,527.5288230799755,530.6511388182416,521.8788406257343,527.33056640625,35984961
2009-09-01,523.0683476717657,529.4121380684408,514.9403076171875,514.9403076171875,39957840
2009-09-02,515.0393620614152,536.9454230654144,510.28150454226227,536.8958740234375,81398072
2009-09-03,539.225174723015,541.3067182933114,528.1234678494188,531.741455078125,41149600
2009-09-04,536.2515504338623,536.2515504338623,527.082739266555,532.1875610351562,28912216
2009-09-07,535.1117293572123,535.9543052336616,528.619230600757,535.2604370117188,20682010
2009-09-08,535.2600974404351,539.4232436315214,533.6741657959328,538.2337646484375,36004296
2009-09-09,540.5137516503739,549.1869506835938,537.1436306114125,549.1869506835938,34721048
2009-09-10,554.3908508908003,554.836913211223,537.9861271020835,542.5953369140625,28084656
2009-09-11,546.312481525988,547.7497062156551,538.6800537109375,538.6800537109375,33076600
2009-09-14,534.0210694371008,538.6302778092702,528.4206386622639,538.2337646484375,25145524
2009-09-15,536.8957545463383,542.6943826543813,532.1874471169167,538.7294921875,29349060
2009-09-16,542.6945450391189,544.032671772314,535.4090808260431,542.5458374023438,38729368
2009-09-17,545.767556268039,551.8636041145355,544.1816230963268,551.4175415039062,33265676
2009-09-18,549.8808564057222,554.2422609897884,547.1549936655406,550.128662109375,56406709
2009-09-21,555.0848750280521,555.1839731273842,547.848959292755,552.1112060546875,18874704
2009-09-22,555.0849107729285,563.5103067400177,553.1024646630252,556.1752319335938,22757124
2009-09-23,556.9679764691278,560.3380968480925,546.1636264467281,547.9478149414062,23177444
2009-09-24,546.3621439798503,555.9770194310391,541.2077721452433,541.505126953125,32255160
2009-09-25,545.1725727931558,552.0120347243378,543.2892251600936,543.9830932617188,32223620
2009-09-28,546.3619204846965,554.6881541967099,541.3066488208119,554.0934448242188,25445354
2009-09-29,557.7613261324743,557.7613261324743,548.9394151459637,553.9946899414062,19204770
2009-09-30,555.5805353920024,555.5805353920024,543.2893450211928,548.1463623046875,28339042
2009-10-01,546.1637537140061,552.5076037282452,535.9541711437407,536.2515258789062,34506768
2009-10-02,534.7645258943338,538.0355479658149,525.347912370708,530.6013793945312,31203158
2009-10-05,527.1322597706725,530.50244140625,523.3656253246627,530.50244140625,41726916
2009-10-06,532.3858529509406,548.2454210656521,530.3043088356651,545.3709106445312,39511472
2009-10-07,543.7847622618469,543.7847622618469,534.4673049546184,535.85498046875,33142018
2009-10-08,542.2977847667952,544.0820335979504,532.8811713776847,540.7118530273438,28813744
2009-10-09,538.7296261835758,544.8752200356963,533.6744137807101,537.7384033203125,35571448
2009-10-12,544.1814676180429,549.3358397026585,541.505153218391,547.3533935546875,32390276
2009-10-13,548.3445221671739,549.6984997412892,542.0006713867188,542.0006713867188,28562662
2009-10-14,547.3531431051334,558.9504598641305,546.1636638607237,554.0934448242188,42431608
2009-10-15,550.3266918685293,554.7871926951844,550.0293372466352,550.72314453125,37739528
2009-10-16,554.9855924468173,564.5013057987004,553.4987584543713,554.1925659179688,50173896
2009-10-19,554.0935572621257,569.4575109965855,554.0935572621257,569.16015625,36971207
2009-10-20,573.9179646738384,573.9179646738384,560.8338124466723,564.0057373046875,28641847
2009-10-21,565.9883182119532,568.8628890366272,555.4813788862571,567.9707641601562,35563080
2009-10-22,560.0410766601562,562.5191345214844,553.1025146484375,560.0410766601562,28938109
2009-10-23,567.4752502441406,567.7726050876081,557.5630187988281,560.0410766601562,21369250
2009-10-26,559.4461225667949,571.8364064604656,559.4461225667949,562.1223754882812,29785574
2009-10-27,585.7136421755756,592.7513006422862,579.5680480288936,589.1829223632812,78829528
2009-10-28,583.830169058185,587.0020937913247,572.6293646718957,579.2705688476562,54072020
2009-10-29,575.0083830938036,583.3346796970741,571.9356162875306,581.3522338867188,44584096
2009-10-30,576.9907657410591,582.6407477819582,563.9066732245832,567.2767944335938,39913208
2009-11-02,566.8802935081302,582.4424416956465,562.9154026579232,579.5679321289062,26171852
2009-11-03,573.9179046103474,578.7749197126933,568.2679235013443,575.2064819335938,32742363
2009-11-04,577.2880365134592,582.838858585937,570.9441880025505,576.2968139648438,32478840
2009-11-05,572.9268559480846,585.5153993118852,571.6382782335579,581.9469604492188,26688208
2009-11-06,580.9556049368769,582.7398542107551,569.9530570782695,578.7749633789062,28412728
2009-11-09,580.8565080118383,590.7687351110164,578.8740625920027,589.9757690429688,13221282
2009-11-10,590.7687442413117,594.0397671347073,587.398562775732,588.1915893554688,39951280
2009-11-11,585.2028274556001,587.780413113091,577.5693038096913,578.5606689453125,28821820
2009-11-12,577.9661413183298,580.7419528799775,571.7205501775841,573.4058837890625,25946658
2009-11-13,575.7846949306663,577.9657097104407,570.5304733076476,576.0820922851562,18440817
2009-11-16,577.2717811793642,587.2846031825626,574.2976864174838,583.219970703125,22336724
2009-11-17,578.6597053571077,584.6078947686768,576.9743729222074,582.4268798828125,26296212
2009-11-18,587.3837790626824,588.7717143050656,581.6338740021737,583.9140014648438,20660154
2009-11-19,585.5001572543244,586.4915222754175,573.0089821917992,576.478759765625,30228720
2009-11-20,576.1812588970124,580.2458305503781,570.0347847683237,574.000244140625,40754592
2009-11-23,577.1729462088547,586.3926322989082,576.9746610278354,583.6168212890625,21788332
2009-11-24,581.8321010892421,586.7889257347183,577.9657536625253,581.9312133789062,47663200
2009-11-25,586.8883437551266,586.8883437551266,579.4531029136343,584.6082153320312,68195088
2009-11-26,583.2202758886089,583.2202758886089,565.8713806993701,569.0437622070312,24824630
2009-11-27,557.6426709875683,583.120757123643,557.6426709875683,578.7587280273438,26200380
2009-11-30,584.8061132729348,584.8061132729348,569.4399590424208,569.63818359375,38977132
2009-12-01,575.5863061691211,582.8233167039463,573.5044645546166,581.6336669921875,37418712
2009-12-02,582.9225126557277,583.7155924080598,575.2889914598052,580.543212890625,21487623
2009-12-03,585.2026566248417,586.8879889650455,574.7933257394819,577.3709106445312,49543456
2009-12-04,576.8752524274365,586.0949337825681,573.1080174472205,579.6510620117188,33889568
2009-12-07,576.0822497365859,587.3838363609583,572.5133594910607,582.526123046875,32338220
2009-12-08,583.5173286879492,588.8707231012037,575.1899002216863,576.0820922851562,35295244
2009-12-09,574.2977126234805,576.0821574604129,567.0607604742953,571.4227905273438,31368444
2009-12-10,570.1341519514162,575.8841190185001,567.4575140848978,568.7462768554688,26286988
2009-12-11,572.1168339463577,577.8668005252197,569.3410234820178,570.2332763671875,21055480
2009-12-14,572.6126099270151,579.9487378223832,572.6126099270151,575.9832763671875,21442484
2009-12-15,576.5777685293776,577.271736021152,567.2589753093342,574.000244140625,23761081
2009-12-16,572.8107248164995,579.7502803001044,568.3495820056107,574.0994873046875,29807588
2009-12-17,572.3149762115738,575.9830386453617,569.3408813476562,569.3408813476562,26863913
2009-12-18,573.802038976068,582.6252115113663,570.2331492472489,571.5219116210938,80562112
2009-12-21,571.8192225540405,590.2586447198538,571.4227129264114,585.9957275390625,22584488
2009-12-22,587.0862933802243,596.0085772902335,587.0862933802243,592.3405151367188,19338993
2009-12-23,597.6942170458718,600.6683132119488,595.5132010891203,599.0820922851562,13900447
2009-12-24,597.793218908882,603.444012681786,597.793218908882,603.2457275390625,4780034
2009-12-29,608.0042589166625,608.1034317405387,599.4785424860364,599.7759399414062,13430770
2009-12-30,597.1983352730606,600.9655103926602,593.4310996453397,596.2069702148438,7301766
2009-12-31,600.1726725797231,600.1726725797231,594.8192749023438,594.8192749023438,5403346
2010-01-04,596.8016444877076,608.3014526367188,596.6033594144951,608.3014526367188,17956918
2010-01-05,609.4913814193345,615.8361436163012,604.4354425338499,614.74560546875,28352666
2010-01-06,613.6550654546351,617.6205262976375,609.1939220062573,614.0516357421875,22054752
2010-01-07,611.9697770524069,620.7929522737574,611.7714918941936,617.91796875,30630196
2010-01-08,616.7283579783276,619.1076590136613,610.5819412353035,616.3318481445312,22458240
2010-01-11,621.8833666471141,632.7883836505194,619.5041265148848,630.0125732421875,30868820
2010-01-12,629.6159108841576,633.4822587322503,618.7108954756212,628.3271484375,36551528
2010-01-13,623.5686314351133,626.0470441196726,617.7195532963045,621.1893310546875,41391183
2010-01-14,626.5426444772219,627.2366120394998,615.6376300954981,622.9737548828125,28992984
2010-01-15,623.5686645507812,625.8487922400413,618.2152686645832,623.5686645507812,69339704
2010-01-18,623.4695522413842,627.3358399297491,619.6032040448939,623.5686645507812,17346728
2010-01-19,623.5687704775615,626.3445812015897,617.7196910345336,624.064453125,25909720
2010-01-20,621.6849847741912,626.047015100068,613.0601574382155,614.150634765625,30682162
2010-01-21,617.3230414076007,620.6936463419123,604.6335806087651,605.0300903320312,29138556
2010-01-22,603.2458334131212,608.2026603105174,596.9010707811976,600.370849609375,40308600
2010-01-25,595.314684223054,602.452524345337,591.7457944159714,593.82763671875,34852328
2010-01-26,591.8449325814992,597.4957254464642,589.267407664627,596.8017578125,24091436
2010-01-27,591.4485672828062,593.6295832417414,585.5995477885497,588.9701538085938,35433376
2010-01-28,593.6293074406075,593.8275925280492,581.9312133789062,581.9312133789062,52799075
2010-01-29,588.0779875939711,588.6727826511575,580.04789127309,581.8323974609375,37352392
2010-02-01,579.9486169367331,589.8622685083011,576.2805537536274,589.4656982421875,32470476
2010-02-02,574.8923513585037,574.8923513585037,558.7330600952769,567.060546875,117504480
2010-02-03,571.9184665345871,575.8839263531438,567.0607540536091,569.3408813476562,55692340
2010-02-04,569.1424978935163,574.4958919266178,558.0392607269573,560.22021484375,51729048
2010-02-05,557.1474038260324,560.9145805758956,550.3069577608524,555.1646728515625,50686224
2010-02-08,559.0308025955466,560.8152476691411,550.2076290259353,558.1385498046875,34640192
2010-02-09,555.6600084448575,560.6168327842407,554.569531293437,558.7332153320312,30359876
2010-02-10,562.897082819987,568.7461610211888,560.6169552274944,564.7807006835938,35633514
2010-02-11,567.0606593454219,574.5950075390772,564.4831350970936,569.63818359375,40893992
2010-02-12,573.8022156123761,575.5866610261002,567.8540238945392,568.7462768554688,34004648
2010-02-15,573.0090343278998,575.9831296617816,568.7461764509608,570.3323364257812,16381450
2010-02-16,574.2979783039603,584.4099177353612,570.8281993182542,583.1211547851562,39597728
2010-02-17,579.7369529351265,579.7369529351265,567.1447411591222,567.7396240234375,34618131
2010-02-18,568.7307608442989,573.6883165019968,567.0452403343111,572.2010498046875,21473012
2010-02-19,568.0368203114873,577.0595484952308,568.0368203114873,576.365478515625,60138816
2010-02-22,579.8361422365535,580.4310856818993,574.8785827774225,576.2667236328125,22636888
2010-02-23,579.0426167919225,579.0426167919225,565.4588994658254,568.036865234375,31804601
2010-02-24,569.1274950622737,573.8867372729737,567.5411011643898,571.407958984375,26434944
2010-02-25,568.9293785497526,575.1758899059326,561.4930410978552,562.583740234375,31129476
2010-02-26,570.218302655782,575.0767337511961,565.359932077434,573.7877807617188,41591516
2010-03-01,584.9916670626442,590.9407348632812,577.8527735984703,590.9407348632812,40624221
2010-03-02,592.9238263571195,596.3941163107147,585.9832464499292,595.1051635742188,38195668
2010-03-03,592.9237898095028,602.0457063715206,589.7509413726639,598.9719848632812,64539552
2010-03-04,593.419461663293,604.4252119334395,593.2211473170564,601.5498657226562,61804328
2010-03-05,603.8305191339231,609.7795882879519,598.37720574273,606.8050537109375,26358528
2010-03-08,608.689017761685,612.7541912638903,605.2187270344624,610.969482421875,23426908
2010-03-09,612.7539991524427,614.7370218034215,608.7879538504851,614.3403930664062,35711588
2010-03-10,613.448076588725,619.595458984375,611.6633682847103,619.595458984375,25881648
2010-03-11,618.2074473066587,618.7032030783561,613.15076264217,618.40576171875,20796900
2010-03-12,620.6860731346667,620.6860731346667,613.051424029441,614.6378784179688,26265620
2010-03-15,615.5304193283225,619.1990245314421,613.4482690731546,614.0431518554688,19405974
2010-03-16,617.5132674554421,619.397163260146,614.7370477303925,617.11669921875,21826514
2010-03-17,617.6124153400667,626.9325852855013,616.3234022314966,625.34619140625,26783672
2010-03-18,623.1646653306427,632.3857055543252,621.1816433248173,627.62646484375,30068572
2010-03-19,628.1224682806499,634.6664192761211,626.3377598743443,629.7088623046875,69847240
2010-03-22,629.1137885572745,629.1137885572745,619.1986776265057,624.4536743164062,25596901
2010-03-23,626.3377879037498,631.890227753413,623.958136244148,629.213134765625,22903300
2010-03-24,632.1877059836909,633.674973228493,625.0488716222885,631.7911376953125,26382694
2010-03-25,631.7912008952437,633.9725385092374,627.8251545123697,629.60986328125,28204734
2010-03-26,627.4284122289374,629.3123081270224,624.3547510447504,626.2385864257812,24089423
2010-03-29,625.1476505691708,628.4196245829397,618.5045151369577,622.8671875,26441927
2010-03-30,623.4625522182503,627.1311576549823,617.8109233581031,618.7033081054688,28399800
2010-03-31,619.7938586589405,620.5871163291785,613.9439767018486,618.1083374023438,42113904
2010-04-01,619.7935977497536,625.9409790039062,618.108077202696,625.9409790039062,26355284
2010-04-06,628.5190771485629,640.8137817382812,626.7343082817038,640.8137817382812,31943392
2010-04-07,638.4342941030931,639.9215613881441,634.1707461389645,636.8478393554688,31705978
2010-04-08,631.6919555664062,634.765677541839,629.6098056129354,631.6919555664062,16748698
2010-04-09,635.5585879447993,639.4255052763934,632.8814959857751,635.65771484375,24460774
2010-04-12,636.4509721034848,637.9382386899391,630.700159555569,635.65771484375,15417977
2010-04-13,632.6833258563269,637.2443140711,630.7994907277205,635.2612915039062,18213108
2010-04-14,635.3603445218632,642.40011012678,635.3603445218632,637.6408081054688,23784200
2010-04-15,641.5078411014669,647.8535379250555,636.7485987423003,647.4569091796875,29181388
2010-04-16,645.3749033894526,648.7460064081758,634.7657175154851,636.3521118164062,42403708
2010-04-19,632.5843408013133,638.9300386462694,631.592829295355,637.046142578125,22460426
2010-04-20,639.5250461116211,650.0350459184099,638.5335344122233,649.8367919921875,28449896
2010-04-21,650.4313460436234,652.6126827831536,641.706059602544,642.6975708007812,23183364
2010-04-22,642.499495817404,643.9867631688331,630.2047281720974,630.9979858398438,27405464
2010-04-23,637.5415664481251,637.5415664481251,630.3035483259143,634.2695922851562,23361816
2010-04-26,640.5162135104846,644.680572512877,621.3800601018919,621.4791870117188,42117872
2010-04-27,632.4851530110127,634.1706739953429,604.8219604492188,604.8219604492188,69843409
2010-04-28,608.2922597167968,624.8505126307547,607.0033069666922,619.6946411132812,53323997
2010-04-29,615.7285738867536,615.7285738867536,573.0935840685081,579.240966796875,133392001
2010-04-30,570.0199244994506,576.0681197947777,554.8497517607478,570.6148071289062,164484640
2010-05-04,541.3652022454818,554.2548499179933,540.3736908860578,553.7590942382812,158689472
2010-05-05,556.535253685792,569.9206555887924,547.8099667709486,560.203857421875,139601328
2010-05-06,553.2632882254464,570.0198528821032,552.2717769562252,562.1868896484375,80320710
2010-05-07,548.1076041449182,565.1616158855805,541.3653373219771,549.1983032226562,80382763
2010-05-10,541.365297958134,551.7761690727135,536.1102989275205,544.5381469726562,90241225
2010-05-11,538.8864230847381,543.6456654998316,531.7475292035724,540.8694458007812,55833676
2010-05-12,547.3141198799942,547.3141198799942,531.5490693940286,537.0023803710938,52986200
2010-05-13,543.2492230813536,544.3398616209449,536.6060833406723,542.9517211914062,29049994
2010-05-14,540.5722624276724,544.4391222587757,525.5012704912984,525.6995849609375,55687848
2010-05-17,532.4414995504432,543.3481224462622,523.0221434131448,525.4017944335938,55205056
2010-05-18,531.4502474324087,535.4162940550386,524.1130369737158,529.4672241210938,41515222
2010-05-19,523.2206348508824,531.9459240174681,518.4613917161139,519.0562744140625,58246441
2010-05-20,523.7163356262197,535.4161580884453,509.63686158789056,524.3112182617188,81939133
2010-05-21,515.5857357217549,518.0645132973402,500.9113845776957,502.3986511230469,94303972
2010-05-24,500.71319889587033,501.01064017794374,482.4198035852753,488.8150634765625,66166121
2010-05-25,471.2652229857183,485.1959723695315,465.7623483760083,481.0812072753906,79991151
2010-05-26,485.8404640259782,495.7555755367124,473.5952952585176,487.823486328125,84258024
2010-05-27,495.75566576313224,519.8493790158107,494.26839876584285,516.3790893554688,101160360
2010-05-28,512.611451702971,512.611451702971,490.5998840332031,490.5998840332031,71927672
2010-06-01,436.26506006994913,442.56116414766456,408.0069823154183,426.3499450683594,227283291
2010-06-02,414.4517614199298,428.2337637025236,411.57638443786044,426.1020202636719,123311927
2010-06-03,436.26502403846155,446.2297016886564,427.4405784675708,428.580810546875,113817392
2010-06-04,446.1800422295388,448.9066980431638,428.82859614283456,429.67138671875,98458965
2010-06-07,426.3498670573976,444.197070794684,423.9206522230795,426.6473083496094,87928589
2010-06-08,426.34988116504155,428.3329038681348,393.43169219028414,405.4289855957031,140900304
2010-06-09,398.93453534990493,401.06627836739716,377.2700096879966,388.2261962890625,146895793
2010-06-10,345.04603837583363,377.270165523002,342.2202242512215,362.3974914550781,318357996
2010-06-11,370.82519734999335,394.621466698656,364.3803744013972,388.5732421875,198519775
2010-06-14,384.70635660224536,391.64693520073945,348.02044115306217,352.43267822265625,165138392
2010-06-15,349.01197574013156,359.52200151582883,333.8914284957082,339.09686279296875,157637856
2010-06-16,337.11390826397906,346.6324246666679,330.66908354716765,334.1393737792969,158440477
2010-06-17,356.94401717196996,366.6608144249103,349.0119279014817,356.6465759277344,156023136
2010-06-18,358.9271363712659,376.27858633396517,351.3916434786167,354.415771484375,159122595
2010-06-21,354.0190702413125,354.4156989375228,335.32910788546883,346.5331726074219,74837424
2010-06-22,337.3618227896718,341.72446778947017,325.61240424698036,331.3631896972656,84677288
2010-06-23,333.14775375983885,337.90699528157154,329.47915032038514,330.6689758300781,49805232
2010-06-24,333.34610482130046,335.62656866450385,321.34881226785143,322.4890441894531,60456332
2010-06-25,321.24972104870255,322.0429181330655,293.4873994765925,302.014404296875,148020771
2010-06-28,305.3854839884935,315.1022827392633,300.42792743023875,305.63336181640625,66787558
2010-06-29,295.9660319903617,304.7904737936479,295.47027649289043,300.32867431640625,76436737
2010-06-30,309.35145082904177,328.0414403683329,306.922236627779,316.19287109375,124637968
2010-07-01,317.2836704395741,335.4283182394257,309.99605508245935,325.16619873046875,103306689
2010-07-02,323.23276988912073,327.54585124456224,317.7298928119057,319.2667236328125,50124040
2010-07-05,321.7949792778696,337.0146837356831,320.25814887121584,330.470703125,31036036
2010-07-06,339.0968492786722,346.48362023332703,335.13080425786904,342.567138671875,62190848
2010-07-07,344.451048842512,361.15802171910946,343.6578518385092,358.9766845703125,91138400
2010-07-08,362.89316269877173,371.81676506021694,359.91862857829,363.8846740722656,86251672
2010-07-09,365.9171693605765,371.8166726703534,355.1592978381289,361.7032470703125,50038000
2010-07-12,378.3111543694951,399.132893318338,374.7913010791725,395.5634765625,87478304
2010-07-13,406.47019218352256,416.2861509636079,398.7859772899481,406.8667907714844,90788040
2010-07-14,406.5196718896119,408.006938981891,387.6809553874104,397.5960693359375,103318996
2010-07-15,392.5890275755782,401.76050981605687,389.56489906008466,398.33978271484375,52938238
2010-07-16,421.2931107521073,422.82997129612534,400.2730910718686,403.69378662109375,123608268
2010-07-19,395.6130863716296,397.59610936096107,373.6511128164894,384.5577392578125,80607105
2010-07-20,392.6385126231474,395.66261027605145,378.21203392184384,384.1611022949219,49163589
2010-07-21,386.6894150705861,399.57906223960566,386.6894150705861,396.50537109375,75345384
2010-07-22,392.63841705322267,403.4954762948444,386.7885072952952,396.6044616699219,42001872
2010-07-23,393.63009763557676,399.77748154085504,389.76320852159364,395.2165222167969,32564796
2010-07-26,406.46997548450975,414.1045925728063,399.6781185993864,413.4105529785156,38774456
2010-07-27,415.2450158765466,418.21955046093024,398.09187854334635,402.5536804199219,71455152
2010-07-28,406.5691803863099,408.00688381787415,392.7871799129391,399.0832824707031,37538209
2010-07-29,403.5452286806915,412.71671115070717,396.00973432929624,409.94049072265625,34819905
2010-07-30,404.53670641707333,409.8908626561814,400.86810163291796,402.5041198730469,35120708
2010-08-02,406.5196619707322,412.22085235202906,401.8595464252184,409.5933532714844,27643679
2010-08-03,409.44470213651726,412.12176513671875,403.54519637601095,412.12176513671875,26096875
2010-08-04,414.4516689927288,422.28460118275353,405.1314700479455,418.0706787109375,63286259
2010-08-05,414.4517528543198,430.81169046699034,414.4517528543198,419.805908203125,73604552
2010-08-06,426.10202398946353,434.5298708862883,420.1033921251342,421.7393798828125,51590012
2010-08-09,430.5143947506153,433.1914582010843,426.35003348294885,429.0766906738281,34109966
2010-08-10,424.5652580295324,427.83723404278544,414.3526709042151,415.7903747558594,34319799
2010-08-11,411.7251852179386,416.4348652415032,406.61890661251704,407.5112609863281,28041996
2010-08-12,406.5691223144531,410.1385683951881,397.6951159529444,406.5691223144531,37516499
2010-08-13,411.2788408929612,414.30296826128244,398.38919506617043,412.8652648925781,39011596
2010-08-16,412.76623902270313,413.1132741109073,402.7024030159657,406.2718505859375,24275120
2010-08-17,402.8014762728822,406.4204865618445,400.2235407730309,404.53662109375,36499279
2010-08-18,401.46287306837047,403.4954891543201,392.787150192844,394.224853515625,38057960
2010-08-19,396.20800334576677,398.58762490543654,383.1200393797883,383.4175109863281,43775276
2010-08-20,382.77285102374447,386.59017484008865,368.39593996211073,385.0533447265625,50435208
2010-08-23,378.75723923272903,391.54772633836114,378.75723923272903,387.28424072265625,28722492
2010-08-24,381.7813685118264,383.07035120349155,370.0319852123691,374.29547119140625,41315560
2010-08-25,371.8664799775924,375.237644227285,362.3975546076744,371.96563720703125,51479496
2010-08-26,377.7657938159326,384.01230271262955,376.8238460061584,382.3267517089844,32836837
2010-08-27,376.37762160673805,379.3521549225049,371.0234676900612,376.42718505859375,35384181
2010-08-31,373.79969451952894,377.91445964091827,368.8421388892965,377.369140625,60372812
2010-09-01,380.24475859123794,387.8794112191706,372.5605424788987,385.4501953125,40378088
2010-09-02,387.681001066716,391.1017278854226,382.2772512246503,389.2674255371094,35409420
2010-09-03,390.65545100755105,398.29010009765625,389.4160618863342,398.29010009765625,30554145
2010-09-06,401.56198874610817,406.27166639189585,400.5704776627844,403.04925537109375,23239664
2010-09-07,403.5450245318425,406.7674356613965,400.2730499498564,403.3467102050781,29854301
2010-09-08,400.5705264091639,413.11313708784576,400.5705264091639,408.6513366699219,42034951
2010-09-09,406.51971217322614,414.4022406468261,405.28032280684437,411.9234619140625,27029384
2010-09-10,408.50270521486965,410.8823265721828,405.0819787109944,408.1556701660156,30158113
2010-09-13,410.7336628811323,413.8073547624862,408.84979697273207,412.51837158203125,27401994
2010-09-14,413.26196174584743,415.1458577144589,410.7336196426474,411.6755676269531,23432812
2010-09-15,411.52683248252,411.67558341308256,400.6697998046875,400.6697998046875,37259045
2010-09-16,404.53656542955105,409.64284200520535,402.5039795939136,404.9827575683594,29740322
2010-09-17,408.50282612241165,410.4858495501903,399.6287841796875,399.6287841796875,49089942
2010-09-20,404.1896110945811,408.45312821628346,403.5451347443605,407.85821533203125,29267904
2010-09-21,407.36238797449704,415.1953205066801,405.577649635714,411.2788391113281,33817118
2010-09-22,409.98990932992785,411.47717623197116,402.3552604626967,402.80145263671875,33805844
2010-09-23,405.52817391659397,405.52817391659397,397.8935238201322,401.6612854003906,28312244
2010-09-24,400.4219072531365,406.51969665119884,397.3482156901657,401.4629821777344,39337433
2010-09-27,404.53669986275025,404.53669986275025,399.3312643865751,400.47149658203125,31686464
2010-09-28,401.5621557921822,402.55366728796537,393.63006382591686,401.71087646484375,41353688
2010-09-29,407.16409145652443,420.84696495222846,406.8170564650224,417.4262390136719,72050120
2010-09-30,418.6657328713133,432.44773673532376,416.23651758131825,424.1686096191406,77089618
2010-10-01,432.298910983169,439.73524546109047,428.33286592827756,436.7607116699219,57641857
2010-10-04,437.3060667199242,438.24801460132346,426.44903564453125,426.44903564453125,28560189
2010-10-05,424.5156496073209,431.01006819351835,424.46608613492316,427.83721923828125,30166544
2010-10-06,428.5311836154961,435.3726053366592,425.7549339003782,431.85272216796875,30207570
2010-10-07,430.3159596219716,435.2239532924996,429.1757275318217,433.3400573730469,35636340
2010-10-08,432.29905027561745,432.99312048727097,427.68852746543945,432.15032958984375,16826503
2010-10-11,429.32443851998045,431.2083041384551,426.59778215524614,428.6799621582031,19645780
2010-10-12,428.3328626925144,428.3328626925144,421.4418473582885,425.5070495605469,20626074
2010-10-13,432.99308891914677,435.2735532908348,430.0185543864076,433.240966796875,29230653
2010-10-14,432.99297747160483,433.58786001821255,424.8625730713807,426.0523986816406,27609850
2010-10-15,426.34995788724973,426.34995788724973,416.63315699695255,421.8385925292969,38004060
2010-10-18,422.3342761375593,430.2167732989636,419.5580261728523,428.48162841796875,27337904
2010-10-19,428.67977496423055,433.0919806362549,423.37518521024487,432.0013427734375,39034920
2010-10-20,431.70404052734375,432.15023274320356,424.8130547235146,431.70404052734375,24669521
2010-10-21,426.5483012985675,431.25798138614766,423.27629487207645,428.8287658691406,38257883
2010-10-22,426.3993373140966,430.9107309833326,423.623118331888,425.0608215332031,25308873
2010-10-25,430.51428983779607,431.25792343590933,424.36690665664815,425.0113830566406,19924259
2010-10-26,424.4164472391375,427.7380165166285,418.51697250069407,422.73089599609375,24878709
2010-10-27,422.7308174420693,422.7308174420693,414.6995704562453,415.4927673339844,39769665
2010-10-28,419.75645895392125,424.4661392451354,416.9802082060852,419.409423828125,26311592
2010-10-29,419.161479472592,425.1105483710794,417.37677090645747,422.1855773925781,36890852
2010-11-01,422.4333427313821,424.6642429740256,417.1287819168021,420.4007568359375,21893620
2010-11-02,421.88811166216914,428.8782551103875,420.8966002364061,427.98590087890625,35408840
2010-11-03,431.2579029121663,440.47894698652624,429.96891991499604,435.5709533691406,49097556
2010-11-04,437.30598639011686,443.15592645933293,435.32296406387934,441.3216247558594,39724589
2010-11-05,444.1476122806859,447.51874550926254,438.0002285485222,442.5611877441406,41947312
2010-11-08,444.0980292348619,445.18869802114125,438.34727419234457,440.23114013671875,28103159
2010-11-09,441.47054924520955,455.30214846141496,439.2892115756211,450.59246826171875,54265216
2010-11-10,445.23824054417344,446.3785030107568,440.23111941994887,441.6688232421875,42858696
2010-11-11,445.28783264509616,448.9564071383759,441.22262933435445,445.98187255859375,31886472
2010-11-12,439.933558889842,448.36140461372,437.5539076551056,442.1644592285156,31960872
2010-11-15,440.23099826824483,449.0058789475933,438.247975753523,444.89111328125,23832180
2010-11-16,440.9747880599177,442.8090905880962,431.85286915459056,431.9520263671875,29280412
2010-11-17,430.3656654789371,432.89403861121656,429.0271488155075,431.90252685546875,24645343
2010-11-18,433.8358066165347,438.7933636810981,430.6133945245685,434.5298767089844,18193918
2010-11-19,436.5129745042215,437.2566081916222,427.8868116269603,432.15032958984375,23692224
2010-11-22,435.7693090239699,437.2070128181322,426.0525083209316,427.3414611816406,22630692
2010-11-23,426.3497403425656,431.75348752705764,424.713753204582,425.1103515625,29930504
2010-11-24,428.5311333150379,436.11618759944923,424.5154949819831,433.2903747558594,34456284
2010-11-25,432.7946576515851,434.87683731398437,429.32436830042695,433.68701171875,13310250
2010-11-26,430.3654909522674,435.71967646884605,426.34988207335863,432.2989501953125,18157772
2010-11-29,434.28201320668234,439.1404132387958,424.6147766113281,424.6147766113281,35406664
2010-11-30,427.6388821923558,429.2253065859888,421.39237207442864,422.3343200683594,41282696
2010-12-01,423.72236308996975,429.86971503813675,422.53253741818327,426.2011413574219,29597546
2010-12-02,431.80318474005014,439.1403625392669,429.4235635968615,437.8514099121094,38756614
2010-12-03,439.6856745746565,440.23099365708424,431.5057067871094,431.5057067871094,34823535
2010-12-06,435.7692155965169,447.1715955268012,433.04255952623157,446.1800842285156,36016992
2010-12-07,448.163039792239,457.08664014208443,448.163039792239,451.1375732421875,43869344
2010-12-08,450.1461550024265,458.47484432962096,448.4605735961439,452.7240905761719,35534292
2010-12-09,452.2779659024115,454.4097095814989,448.21276268965795,451.5343322753906,21956552
2010-12-10,448.163039792239,452.922281208749,445.3372269630841,451.1375732421875,24701229
2010-12-13,449.50170200275153,458.5740253167726,448.1631555528242,454.4592590332031,23466777
2010-12-14,454.45919325204795,471.06700690014605,453.31896135179346,469.083984375,62475412
2010-12-15,465.5641205806582,474.9339145046713,463.3332201471811,472.50469970703125,46026141
2010-12-16,466.0102844238281,466.0102844238281,466.0102844238281,466.0102844238281,58391682
2010-12-17,464.8205275367453,466.6052661938924,460.25959934948634,463.1845397949219,52272508
2010-12-20,462.2923192149039,467.4977555170557,461.2512440578876,465.1181335449219,27599866
2010-12-21,466.01039051001203,468.9353614474757,466.01039051001203,468.4396057128906,19398912
2010-12-22,467.64627192382443,468.04287036950205,463.9776984781542,466.0102844238281,17503176
2010-12-23,468.88565369557443,473.2482970473128,468.48905525605664,472.60382080078125,16880434
2010-12-24,471.71155431357346,474.4382106968889,467.79507213230954,470.521728515625,2045677
2010-12-29,469.3317565917969,471.9096913461603,465.76231079794877,469.3317565917969,12585007
2010-12-30,467.844641127023,470.86873867070346,464.07687980504073,467.2001647949219,11015120
2010-12-31,470.96793985922915,470.96793985922915,461.59814453125,461.59814453125,9444118
2011-01-04,482.32083275075604,493.82234317135124,479.3958614101969,488.716064453125,75345400
2011-01-05,487.8236270421257,496.25147425728437,486.534674277336,495.0120849609375,53944660
2011-01-06,495.01203400735477,507.15804786131594,491.1947093158335,492.6819763183594,52215197
2011-01-07,491.7897178378807,493.92146157115735,482.66779967779814,488.3194274902344,31794709
2011-01-10,481.0813560464577,483.8575759361229,474.9339731012353,482.2215881347656,34115247
2011-01-11,485.8406524658203,495.7557678222656,485.8406524658203,495.7557678222656,37790675
2011-01-12,494.26837321442036,500.7131965361731,494.26837321442036,499.6225280761719,36696972
2011-01-13,501.7047805781945,507.6538491226,498.7302463059918,499.42431640625,36817674
2011-01-14,497.6395700600509,500.812418671845,490.7981473905546,495.25994873046875,30740398
2011-01-17,505.6708430299426,507.75299288265495,495.95404285552365,496.4497985839844,40769020
2011-01-18,499.52347992052836,507.35644495107,498.5319684238552,504.6793518066406,39555245
2011-01-19,509.6368642211432,510.5292486960562,500.4158202209418,501.70477294921875,30571927
2011-01-20,499.721689563859,499.721689563859,487.9227112786392,489.85614013671875,39313114
2011-01-21,493.0785827636719,493.0785827636719,493.0785827636719,493.0785827636719,40541737
2011-01-24,492.7810363769531,497.0445221737889,487.03028387073016,492.7810363769531,23156524
2011-01-25,495.75556979572747,496.15216819986034,489.6577823389438,492.7810363769531,46615928
2011-01-26,492.78118257753556,494.91292610840895,481.8745568062018,487.52618408203125,39408828
2011-01-27,484.8491457870025,487.5758025373384,480.48650103817124,482.2712097167969,40001751
2011-01-28,481.97371527660295,486.9808359269168,477.1648787584486,482.6677551269531,28892099
2011-01-31,480.4367508901654,485.59262135198185,477.9579728332385,480.7342224121094,31969628
2011-02-01,476.4211330996511,487.8235119355429,470.96782148248553,486.8320007324219,93142918
2011-02-02,490.7981234691182,491.3930363371495,481.42832900857036,483.8575439453125,34542680
2011-02-03,481.77528765962535,484.35322284005855,472.35593122773065,473.8927917480469,47647300
2011-02-04,477.5118671081354,479.7427676217919,471.3644847004276,472.207275390625,43857792
2011-02-07,473.9424631630751,480.9822003621819,471.7115624473493,477.3631896972656,44143944
2011-02-08,475.92540634674924,480.98211984088795,475.08261572130573,480.38720703125,33213763
2011-02-09,476.1167781605228,476.9596442910385,472.4478759765625,472.4478759765625,31444976
2011-02-10,471.0595755106591,474.4310397741466,467.78730756225184,472.69573974609375,31130656
2011-02-11,471.0596214786595,474.480653972295,467.6881871474041,471.7537536621094,23730314
2011-02-14,475.9681091308594,477.3444507306092,469.1657460965914,475.9681091308594,2995397
2011-02-15,479.93455605335794,482.8101909361404,478.24882340074055,482.1160888671875,27267259
2011-02-16,481.5209221201981,486.6772234930195,480.4301561674692,484.7436218261719,32918486
2011-02-17,485.38829696574766,486.8756972628848,481.62022831749493,485.23956298828125,16958284
2011-02-18,489.5528967027339,490.5444966310269,486.8259968999282,488.8587646484375,31118170
2011-02-21,486.87571352030255,491.2387484853449,485.66795726946293,487.42108154296875,25272736
2011-02-22,483.70240834356866,491.98227337642345,481.17384075937025,488.61083984375,34391992
2011-02-23,481.91775821931776,486.776593762285,480.9261578937636,484.3967590332031,27646114
2011-02-24,480.2814313209489,491.13943237902004,480.2814313209489,488.8587646484375,39959815
2011-02-25,485.8841067290535,492.67657427332955,485.8841067290535,490.5942077636719,20898447
2011-02-28,491.33800699924063,494.75904054500404,488.1153056415261,490.54473876953125,30761591
2011-03-01,494.2134677200749,494.4018741538482,484.7436991774458,485.884033203125,26442106
2011-03-02,482.9092370063774,484.6832109948599,478.74450458273276,480.43023681640625,31118592
2011-03-03,485.0905791614489,488.75947984795175,481.0745822709046,487.3712463378906,20795952
2011-03-04,488.809371179737,492.1808060867261,483.3605022100001,489.7513732910156,33617744
2011-03-07,489.94961066711784,499.56811338624163,487.07397645750837,493.321044921875,30251560
2011-03-08,491.1890672522903,492.8252012040415,484.3966011834492,489.6520690917969,28956680
2011-03-09,490.64368630016247,491.63528633735865,480.9260180401328,480.9755859375,43060976
2011-03-10,477.8520091582531,481.7668438184447,471.3074434455191,472.49737548828125,41878878
2011-03-11,468.9278083490126,470.7236012166018,462.0362039426602,464.4656066894531,57594005
2011-03-14,466.349588914538,466.6470871484779,454.0537517759798,455.4419860839844,44803464
2011-03-15,446.22003359807826,450.087267837015,427.3796321794927,447.45953369140625,73448128
2011-03-16,450.5335156890381,471.0100518927608,443.7410488884431,446.51751708984375,52322096
2011-03-17,451.1779378187014,454.9261840916693,445.2283386386746,453.756103515625,32653865
2011-03-18,456.1360016529694,462.33350167542824,455.14440164937605,458.11920166015625,66420844
2011-03-21,461.0942049248119,462.333705475685,457.32613535465504,460.69757080078125,26278538
2011-03-22,459.55710709242965,468.065023165762,458.1688426569161,459.7058410644531,30910894
2011-03-23,456.1360858793527,468.0352881196837,456.1360858793527,466.29998779296875,34665131
2011-03-24,466.0026199994308,478.1001267204769,462.6341502940765,476.8606262207031,27354550
2011-03-25,473.984881886146,481.3723152668993,470.5142812865613,479.4882507324219,27795598
2011-03-28,477.95130325920184,479.98407159388,472.6462360608201,473.09246826171875,27422540
2011-03-29,473.98478261580556,473.98478261580556,458.02001714909426,462.6309509277344,54254424
2011-03-30,461.09409026066913,464.81259098857777,454.35122104522276,454.59912109375,41275648
2011-03-31,453.1612935339302,457.07812644686913,448.203292510583,450.1864929199219,56113348
2011-04-01,457.12757198252575,468.6588854969598,456.1359720433012,466.0519714355469,43929880
2011-04-04,466.99411252173155,471.60504726349683,465.3083801269531,465.3083801269531,23572534
2011-04-05,467.09319919816124,472.74533168143597,466.2503633506622,470.8612976074219,22256922
2011-04-06,471.5553434326588,474.02444788220595,467.44020969838544,472.49737548828125,30330404
2011-04-07,468.6303723602251,473.14214224197667,468.6303723602251,470.9110412597656,22759847
2011-04-08,472.15044628395117,476.19319633029346,471.01011206488374,474.480712890625,29462207
2011-04-11,475.76976862785773,475.76976862785773,468.5310991997427,470.811767578125,18632844
2011-04-12,466.05219097818775,466.05219097818775,456.78072112669224,457.474853515625,33167124
2011-04-13,458.6645256390201,465.6553231517004,456.96889826838174,460.3006896972656,25137324
2011-04-14,458.61504022774784,460.3503403799609,454.18258662850275,456.18560791015625,20518508
2011-04-15,456.63179181005296,458.1687596779944,449.3782355192511,451.92169189453125,33756242
2011-04-18,452.21923577452924,454.98481004218655,444.6830988523242,447.856201171875,35204660
2011-04-19,451.67389732065783,452.58618283216634,447.1621284530143,448.6990966796875,24814270
2011-04-20,454.10304842187793,465.3081117849887,453.1610166984333,462.33331298828125,30967274
2011-04-21,466.002547448667,467.53951572460267,456.5823451169942,456.7310791015625,24100916
2011-04-26,456.1359579764677,462.81933167713873,456.1359579764677,460.3006896972656,19502094
2011-04-27,461.09412361112277,468.0948190669861,459.110923079462,462.0857238769531,40133490
2011-04-28,459.7058100728478,460.69741016780165,455.1940114840678,458.66461181640625,33223834
2011-04-29,458.66461181640625,458.66461181640625,458.66461181640625,458.66461181640625,0
2011-05-03,456.48310563850833,459.80497197882704,450.63267118340417,454.103271484375,30049224
2011-05-04,451.5747335825564,453.11173207841586,442.9904679190051,444.9310302734375,40123410
2011-05-05,443.8402756393023,449.0957448324197,436.8990739254744,437.34527587890625,41907001
2011-05-06,438.28736980363914,452.57633497089415,427.5780977590878,450.8807067871094,79672536
2011-05-09,448.20334174530734,454.7479098672877,446.71594127491363,450.6823425292969,35064201
2011-05-10,449.14526738340754,454.9957017906942,448.74860314326645,451.624267578125,36411267
2011-05-11,450.2288165773664,459.35240822597655,443.4357105387462,444.2786560058594,30360384
2011-05-12,441.20434208758473,441.7993641190118,434.85751103521136,439.56805419921875,35077518
2011-05-13,440.80767694432234,445.7165709416845,438.130092897747,438.52679443359375,23667732
2011-05-16,434.9566397715882,439.3200837606397,431.88238482564014,434.8078918457031,29617411
2011-05-17,431.3866442496753,442.09692124265524,430.49412621094064,431.18829345703125,35210108
2011-05-18,435.105530590716,438.6260304704886,433.8163411242291,437.38641357421875,21395484
2011-05-19,442.2951408915317,449.0386421447868,441.30344775051924,444.1793518066406,38812113
2011-05-20,451.56755670204393,462.12908444611924,449.2370713607125,456.1789245605469,89018360
2011-05-23,451.22056404046253,455.2865136373805,448.04713258333504,448.2454833984375,34574096
2011-05-24,450.37745497692606,456.22843872940786,448.7907398243697,452.6087646484375,48775538
2011-05-25,448.04705326085593,454.88976173734517,447.1049627161207,453.4022216796875,37071088
2011-05-26,455.1871898035825,459.897732617454,452.4600334376569,457.3689270019531,39708292
2011-05-27,459.6498736440127,460.8894903474755,455.83184814453125,455.83184814453125,26659816
2011-05-31,458.2119685669365,466.44304275737966,458.2119685669365,464.45965576171875,43772692
2011-06-01,464.50926464612405,467.2364219783659,459.3524762127002,462.2779541015625,34991028
2011-06-02,458.65812552881675,459.45146801869566,451.8650207519531,451.8650207519531,24506772
2011-06-03,452.21215462696114,453.15427538806534,444.5265313849459,450.57586669921875,29910802
2011-06-06,448.29498235497726,452.2617558929541,445.07197885537107,447.154541015625,22597684
2011-06-07,445.46869492771896,448.49334774329606,443.9811548025339,444.4273986816406,36124382
2011-06-08,444.0803073027571,445.2703515282872,436.04761470471493,440.46063232421875,31172560
2011-06-09,440.46044911513013,447.8207918098166,439.0720849388882,446.3114318847656,21292472
2011-06-10,446.1628819960977,447.98759433242293,438.3780822753906,438.3780822753906,24477116
2011-06-13,437.6838273105427,439.5680384558461,432.37826230513,433.9153747558594,21610932
2011-06-14,435.3534935248697,439.171519965092,434.90721929603166,436.8410339355469,27396018
2011-06-15,436.3450971180755,438.81143812596986,431.8824768066406,431.8824768066406,24564044
2011-06-16,424.44488144810447,431.0396381561043,421.46980050337476,430.2958679199219,54457816
2011-06-17,427.4198857943777,430.29579080607084,424.44480538281596,429.60162353515625,54271644
2011-06-20,425.43642957187103,428.3450798476619,423.8973196193627,426.0810241699219,27066494
2011-06-21,431.8825468010362,442.8903514060726,429.50248830202213,441.9978332519531,48246172
2011-06-22,440.90685802875095,443.0389926231423,437.58467933958934,441.55145263671875,27253126
2011-06-23,441.0556407801456,443.03902758522776,430.98995879716983,431.8824768066406,40514439
2011-06-24,438.8242105448339,441.3034433727708,431.2377641441615,433.5186462402344,27260482
2011-06-27,430.3949625188654,436.8905425894963,430.3949625188654,436.3451232910156,22256072
2011-06-28,439.1715063024627,442.1961596044413,436.6426695245313,439.81610107421875,25351927
2011-06-29,442.39451900796547,446.90671276188226,440.3615289787264,445.6175231933594,23589123
2011-06-30,448.1461887448173,455.3359650499354,446.21240500050783,454.8401184082031,34621612
2011-07-01,456.1789468743168,456.22851943682343,451.2700526229722,455.83184814453125,21524911
2011-07-04,456.32763467370165,460.29440760189044,455.1871935096625,459.0052185058594,13287127
2011-07-05,458.95565606854456,460.2448755420875,454.8897376706583,455.5343322753906,19066434
2011-07-06,452.2123358087225,453.05528152258756,445.6671512113045,451.22064208984375,33217258
2011-07-07,455.23667373029093,460.3359576004051,451.5178248644055,458.7572021484375,29473720
2011-07-08,460.0961471758336,464.12438696759347,454.29473495821395,454.69140625,29415373
2011-07-11,456.37745971541057,458.41041972537636,449.78267229986835,455.2865905761719,24796269
2011-07-12,449.28666509131057,453.7988880422671,445.7661657654246,449.4850158691406,38470391
2011-07-13,449.7330490730679,454.19567028768483,448.74135546981967,452.7081298828125,18598879
2011-07-14,449.1876197401534,459.45162409498937,445.0720671666297,454.1460876464844,43707321
2011-07-15,452.2616876756005,456.67473467658544,449.1378600384455,455.18719482421875,34159104
2011-07-18,450.030390402486,456.6747473666543,449.3857958346969,452.2121276855469,34771665
2011-07-19,455.38559168220314,459.15401425076794,453.203854238879,456.7739562988281,21929703
2011-07-20,460.0464121080931,471.30213457851085,456.6250891528148,468.0791320800781,40594600
2011-07-21,469.6164163540217,469.6164163540217,462.0299675916837,466.0959167480469,33617385
2011-07-22,467.38505314917035,471.9230609427474,463.2992814820875,466.4429626464844,28888958
2011-07-25,463.517562385613,479.02369954518224,463.12089101571866,471.45111083984375,30098186
2011-07-26,460.14565590427685,463.12073557607175,457.51767491367315,459.4018859863281,43472873
2011-07-27,463.02158509997844,463.02158509997844,454.9888635013553,456.37725830078125,35029392
2011-07-28,452.9559323632539,456.26718576757435,448.6420602879309,454.9888916015625,21192502
2011-07-29,452.11298175842387,459.7490324824947,446.857019230584,457.1706237792969,48577677
2011-08-01,461.9803865717004,464.0629488101766,451.9751720286125,454.1955871582031,29563906
2011-08-02,451.5179256296341,454.29468489429274,442.4935412457031,443.3364562988281,43692733
2011-08-03,431.527526748971,442.83391861772424,425.47760601792544,429.44476318359375,37927576
2011-08-04,435.3954318269963,438.63857141396034,416.92236031026897,417.0473327636719,61902677
2011-08-05,406.6335718334306,417.2457283758853,396.71567983749327,407.2782287597656,73242952
2011-08-08,398.69911234391213,410.6005783840289,397.3601913610003,399.740478515625,67761184
2011-08-09,397.31073296893294,403.6581773704985,376.532738513454,401.92254638671875,74520828
2011-08-10,407.62532989818106,408.5179340562365,392.2525984786633,393.14520263671875,77810601
2011-08-11,405.64180874281664,405.64180874281664,386.5994427781606,393.3436279296875,59656984
2011-08-12,394.7320565726616,404.70152241092654,389.1780316328119,401.52581787109375,48654068
2011-08-15,408.3691958929654,416.5514566485621,406.336040175649,413.278564453125,33610852
2011-08-16,411.9395406264352,413.8199685749405,404.1539914253332,413.1296691894531,28617846
2011-08-17,410.84868427858515,413.3281573279429,406.6335800946769,409.60894775390625,21376506
2011-08-18,405.7905325704091,409.3114022816671,391.4591972340597,396.7156677246094,47446704
2011-08-19,393.39334082094774,393.88923562351215,380.9463933833876,386.6987609863281,52913043
2011-08-22,383.67365493889923,399.46392073551993,382.8802054251789,386.99615478515625,26566690
2011-08-23,390.76493997503115,396.66609774896835,387.9879423561219,392.798095703125,26385916
2011-08-24,396.12056407075823,400.3852753995468,388.9300930306978,395.9718017578125,27007254
2011-08-25,398.500786306066,399.690945147796,381.49161193940404,382.9297180175781,45612408
2011-08-26,382.3843318932267,385.72369064474543,372.3176770943382,383.128173828125,45235251
2011-08-30,394.7320367098214,397.6965077009086,388.1366456674416,394.3353271484375,31849531
2011-08-31,395.2279894675875,404.24334950997707,391.75672732671785,399.14556884765625,47765731
2011-09-01,401.5257843459047,401.67454664311356,382.97931786323807,385.3100280761719,52988632
2011-09-02,382.2850925728676,387.7895095660464,364.8295996438606,371.3258056640625,88819712
2011-09-05,366.86271043276406,375.8126307159858,360.2177429199219,360.2177429199219,31756276
2011-09-06,359.7219843199993,372.372231174675,358.2838777557686,368.5984802246094,43439191
2011-09-07,379.40904913064367,385.31020857600004,376.08657862422905,383.3266296386719,40711580
2011-09-08,383.8223445700863,387.5911306787038,378.4170823911759,385.3100280761719,25374138
2011-09-09,382.92976832146655,388.981655093893,374.8962707519531,374.8962707519531,28371072
2011-09-12,368.0529732316033,374.83680763647715,363.6891068635972,372.4168395996094,33309511
2011-09-13,378.86335378741455,381.0948787770001,368.598332781922,378.4666442871094,30806365
2011-09-14,378.86354070172814,397.2612214745501,378.86354070172814,391.8559875488281,70115774
2011-09-15,397.65783719251664,413.2923772317106,397.1619426606726,407.62530517578125,52649629
2011-09-16,411.5925254180329,422.53692306932163,406.8815266331277,410.1544189453125,68102899
2011-09-19,405.4433999053041,409.60892651907915,401.4266658803808,404.0549011230469,26418685
2011-09-20,399.2942444377245,412.48502560094926,399.2942444377245,411.0965270996094,23210761
2011-09-21,409.36103136275096,409.85692601007105,398.0050318323175,400.7324523925781,29392246
2011-09-22,388.4838035773282,391.8241303881223,373.8945640865131,380.8470153808594,43782864
2011-09-23,384.02089083871925,389.12860050192154,371.22678259710915,381.8885192871094,46596036
2011-09-26,378.1196661668987,388.44816126814015,377.87171884482206,381.5413513183594,33743716
2011-09-27,394.9305493790401,403.71778889465213,389.92199477176007,401.4267578125,29962968
2011-09-28,400.0381087994248,407.4765264778559,393.4427178446157,396.6164245605469,21741712
2011-09-29,391.75677621890776,393.8603635180318,384.0704090905621,388.5830383300781,31236298
2011-09-30,390.76486759848575,391.7566566025428,379.16092414421865,385.3100280761719,56879349
2011-10-03,379.11143895604874,385.31012173819477,376.23525619853416,383.6736755371094,27682968
2011-10-04,377.8716275615077,378.31794474023064,360.96163638766797,368.9455261230469,39313292
2011-10-05,379.80562022214565,388.0870343889175,374.89625242877867,387.0952453613281,38370072
2011-10-06,382.58269659870393,390.354355575045,380.2321609594056,389.5747985839844,51315658
2011-10-07,392.45089637609607,400.1372606750272,388.78126518464643,390.3681335449219,31433752
2011-10-10,394.731988018941,402.7694492572006,391.31030415670216,401.8232727050781,26320490
2011-10-11,402.26972236738305,403.5590362744077,395.9222772757904,402.5176696777344,21827780
2011-10-12,404.2532769198451,411.4268897732296,401.1787244000902,408.56756591796875,23198658
2011-10-13,404.5506887817902,406.97561992150537,398.69914028866407,402.4679260253906,23428870
2011-10-14,405.4929617622356,415.01611011206927,404.2036178287166,412.98095703125,29955184
2011-10-17,426.96518453758785,436.92672001662095,417.8407132025747,422.0558166503906,56980019
2011-10-18,418.0391862281229,434.03675233741495,417.79123890533043,427.36199951171875,33520065
2011-10-19,433.85816873687816,434.3431369159761,429.09756273389615,433.3622741699219,41167312
2011-10-20,424.98165178490916,430.1885448347826,423.59315302501017,426.2709655761719,31227205
2011-10-21,430.5357045569492,440.05688708036644,424.0890746553757,435.79217529296875,45003668
2011-10-24,439.8584626650072,439.8584626650072,427.90741620334467,434.5028076171875,33726624
2011-10-25,440.3543557967711,457.9675409030484,440.3543557967711,453.44598388671875,70392198
2011-10-26,451.4624179458395,457.21478271484375,448.5862052943355,457.21478271484375,32208174
2011-10-27,468.12443292000285,468.4715651418816,459.34709374935284,464.0085144042969,51236328
2011-10-28,465.1490999208973,473.6169899064056,456.71889235303456,463.3638916015625,32106144
2011-10-31,461.1819391809161,464.9447933845222,457.16520536581857,457.21478271484375,34518172
2011-11-01,447.24728562581765,449.28044107797984,432.6679744376793,440.3543395996094,67162838
2011-11-02,441.24172555499024,451.0901748685758,437.4229477350408,448.9288635253906,47642986
2011-11-03,443.374332198296,461.22833215258976,443.374332198296,452.99566650390625,30590566
2011-11-04,452.40058819764903,455.8225871555387,445.1101978446787,448.8793640136719,20810167
2011-11-07,441.3409550594212,453.24362123633284,439.1092051512503,449.12725830078125,25674324
2011-11-08,450.3671205128512,459.7097278929453,449.32564932772567,453.59075927734375,23176982
2011-11-09,457.70720873277634,462.2698740919307,440.54751021185893,446.3500671386719,41095344
2011-11-10,437.6709838910855,448.63134429750613,436.59975718134575,445.0109558105469,23173369
2011-11-11,446.39958866970994,455.4257837406671,443.57272951230794,454.5826721191406,19878192
2011-11-14,458.1039847368032,458.14266986448405,452.56922663357625,455.0787048339844,14212333
2011-11-15,450.46634982267875,454.74138867340463,446.7319037556045,453.4420166015625,23059406
2011-11-16,451.70627281690037,461.69560184856545,448.67009579682775,460.4844970703125,28970988
2011-11-17,457.7071583387265,458.25268514159023,444.99213391728034,451.90460205078125,32754245
2011-11-18,446.7466857782141,450.43454557661863,443.9247610810388,446.30035400390625,23759096
2011-11-21,444.21758009728507,444.21758009728507,435.9948102309834,436.4312438964844,28486118
2011-11-22,439.40677937022866,441.5492630103988,431.2048377681028,432.2651672363281,26810631
2011-11-23,428.3472435833311,429.22011069127376,421.45063689706285,422.9414367675781,31714533
2011-11-24,422.5447232925286,424.6128034273954,414.64929515450774,417.138916015625,25289314
2011-11-25,415.8494434379925,427.1272159874859,413.60976254158317,421.9495544433594,19057308
2011-11-28,428.1985544091643,436.0146154157979,424.03260790766376,434.2490539550781,30698862
2011-11-29,433.4555479609347,439.95240962669834,429.9343536724773,435.2409362792969,24164888
2011-11-30,433.1579300203379,461.1192828104975,431.47170664496997,457.0128479003906,70930730
2011-12-01,455.82253807470704,461.51600102162695,450.06959448463044,450.66473388671875,29459213
2011-12-02,456.16974869443465,462.61702724599996,454.7811101373383,461.0299987792969,25187297
2011-12-05,464.50160023849077,465.79107408288326,457.2608227455507,462.517822265625,21112974
2011-12-06,457.0623924766124,466.5349496225452,456.96322780276614,461.77386474609375,29731214
2011-12-07,466.13811235837943,467.62594542652613,451.6069185101136,456.3183898925781,30265057
2011-12-08,453.3428220285063,456.98803199767144,444.3662393461621,447.44110107421875,38712209
2011-12-09,442.7296434230805,455.42581000515645,442.7296434230805,448.3833923339844,21449824
2011-12-12,447.9371730259109,448.6810899329723,440.9443359375,440.9443359375,21116014
2011-12-13,441.83698427369495,453.0949006437588,440.2003431442555,448.5818176269531,20873932
2011-12-14,445.1597786879144,447.3964932642884,436.6295573584,437.37347412109375,25181199
2011-12-15,439.45635299260164,448.73052000742973,438.4148817841645,444.2174377441406,32951793
2011-12-16,444.36627173303424,446.3004673898922,440.0515485316164,442.134521484375,44121896
2011-12-19,437.0263044178174,438.71249757493945,430.875581528285,434.1002197265625,23695112
2011-12-20,433.00921708118875,442.0850274547901,429.48802253791877,440.3988037109375,19921424
2011-12-21,445.1101620899671,445.9978917945782,432.06682857521224,435.9847717285156,23711840
2011-12-22,439.8034951926508,449.92077322921153,438.8612189789799,446.64752197265625,17563436
2011-12-23,455.1778451686516,456.6855357854545,451.30948421510345,455.97137451171875,7037894
2011-12-28,456.2689647580396,457.83120212582963,447.4411582330357,452.0534362792969,13611461
2011-12-29,453.7891353913643,457.1119689941406,450.31752451951786,457.1119689941406,8684607
2011-12-30,456.31840846118854,458.00463144838744,452.4202929288311,456.7647705078125,6063068
2012-01-03,466.1878377227984,468.04266534031717,456.93352651831486,467.22930908203125,25202477
2012-01-04,467.6757283900165,478.16793459373514,465.44397783036106,469.60992431640625,26286174
2012-01-05,474.2716761209048,477.435804164464,467.2788714155113,470.2049255371094,29053048
2012-01-06,474.3213301066297,479.6775246322778,470.5025514171228,473.1806335449219,24790032
2012-01-09,475.0155434895324,475.1147384242143,468.1715167770964,469.758544921875,27271112
2012-01-10,474.9164620580163,477.89312810107816,470.70093362191426,475.7099914550781,24693899
2012-01-11,475.85886553966293,476.2556151838606,464.63763412876324,471.4449462890625,24498525
2012-01-12,471.34566818694344,475.7595561056187,466.386223152443,475.61077880859375,33763712
2012-01-13,475.11488026383387,478.3881021952085,467.72529433960057,472.436767578125,30482450
2012-01-16,469.1138674492079,475.61072763738275,468.4691154480518,474.1228942871094,18884184
2012-01-17,479.03272134702684,483.6449983408725,473.8054478532963,478.04083251953125,44964322
2012-01-18,477.29694067919803,479.24300195942345,473.42854983509034,477.49530029296875,22143346
2012-01-19,477.64411044821816,481.363694000468,473.92452689596837,478.5368347167969,30630132
2012-01-20,477.69373108649245,478.53684275984943,462.51781177621353,463.65850830078125,59342979
2012-01-23,465.7911383003029,477.14825059870515,462.0715540883702,472.83355712890625,23817612
2012-01-24,470.2049976203363,475.3231488114354,468.072442191558,473.52783203125,16912395
2012-01-25,476.10673506342806,476.10673506342806,468.32040011306805,470.700927734375,12636134
2012-01-26,470.601724164956,476.2673691437391,467.0309178929993,472.883056640625,16790119
2012-01-27,467.08045213864864,468.49488054952803,459.83967566139097,460.7819519042969,35186528
2012-01-30,457.21122875053356,460.36642729379423,451.35905966370404,454.73150634765625,25828384
2012-01-31,463.2121963627403,471.24650389541927,462.0715299845941,467.0309753417969,52617896
2012-02-01,478.09041707609504,483.6331044622537,475.8090848702644,479.0823059082031,35127300
2012-02-02,478.68563304082153,478.68563304082153,469.2130750161227,474.02374267578125,26670364
2012-02-03,473.726162811943,480.8677450030488,470.5025237636531,480.5701904296875,17908002
2012-02-06,483.29789115457123,486.99465110252777,479.339265016698,485.5792236328125,22533778
2012-02-07,487.0174243766259,489.9137531316572,475.26353547360867,482.5539245605469,26743710
2012-02-08,484.0417215017228,487.037214700686,479.9977950886074,485.77752685546875,23848095
2012-02-09,490.24109135969667,494.82957645747143,486.420345467878,489.3979797363281,24689616
2012-02-10,484.240208010585,490.0437331896385,481.21492848537883,486.3231506347656,25001481
2012-02-13,488.40621325613427,492.4689994633795,486.32323997923277,491.9770202636719,20219406
2012-02-14,490.2907071249504,497.30336942714257,490.2907071249504,490.7866516113281,26913036
2012-02-15,487.2164881205095,495.7109276984814,479.2309708026984,483.49652099609375,24792131
2012-02-16,481.1157591137427,490.1428855971089,480.07911493112726,483.64532470703125,21817264
2012-02-17,487.2659456050998,489.09120524111603,480.86759214598203,485.0339660644531,21528761
2012-02-20,493.9124536627738,498.97161525980374,492.2727073299464,495.25164794921875,25496459
2012-02-21,493.01964431846346,498.078805676969,490.21032441140454,493.71405029296875,26958022
2012-02-22,494.80519121290206,495.8468001215671,489.89485300863004,492.97003173828125,25258748
2012-02-23,490.738146230004,493.7835367492778,488.719440145362,491.3829345703125,22371260
2012-02-24,495.00363763126035,497.16120650765936,491.3332578682132,492.22607421875,27207624
2012-02-27,495.9955792396774,501.75904544858906,493.0196057642394,497.6819763183594,37937220
2012-02-28,497.97962760608084,499.103549378373,493.0196711558211,495.3012390136719,22501129
2012-02-29,496.4915860358651,497.5827823894787,486.50222757873394,488.4564514160156,32172352
2012-03-01,488.3572381302657,493.069196161218,487.29679933332505,492.4244079589844,20454932
2012-03-02,492.3251797550237,495.98266263199224,488.605213062517,492.5235900878906,16697687
2012-03-05,505.9155542457202,507.8995368113897,496.8487393894883,500.5588073730469,40612392
2012-03-06,495.99560312752556,498.76423581087687,485.38128511132885,486.1748962402344,29886648
2012-03-07,483.4468130798626,489.8352374515309,481.85962144763624,488.8035583496094,20504473
2012-03-08,488.5556259612157,494.96884491085046,486.4724385573062,490.4900207519531,25853027
2012-03-09,489.0517633494324,491.7698101155203,483.8933959269432,489.9445495605469,28989069
2012-03-12,489.7956465878615,549.5631153613676,487.21646345752464,491.73004150390625,15687884
2012-03-13,493.6643045267664,497.17596106807275,491.77952772174916,494.8547058105469,16623293
2012-03-14,495.9956264557842,498.9944261851212,493.1188578769748,495.05322265625,23816449
2012-03-15,491.08512550813555,492.1892180145524,486.571578631118,488.8035583496094,30360843
2012-03-16,490.9364455694162,492.3053982879287,483.54612919179596,486.2244873046875,60495028
2012-03-19,487.06770653178677,489.4693074321531,483.79414749735867,487.3157043457031,12333260
2012-03-20,486.0756727499464,487.6132469524392,479.2725956184875,480.2229309082031,18249962
2012-03-21,481.9092604816955,483.89324266609634,477.1973027937436,477.69329833984375,21883856
2012-03-22,477.7429722057687,478.3877604368455,470.7911021739357,472.7333984375,17050730
2012-03-23,473.1797587964181,476.77076176579965,469.5093795853765,473.725341796875,21991256
2012-03-26,477.64370644761897,480.6097500982712,473.47733178990006,478.0404968261719,15522851
2012-03-27,479.1317963118243,480.57019580132527,467.5751037597656,467.5751037597656,31754589
2012-03-28,467.22793468625537,470.332872514184,464.3511657714844,464.3511657714844,22879586
2012-03-29,464.202300611775,464.99588147355547,452.8439891043799,455.2247619628906,35724368
2012-03-30,457.55597399338836,462.84327415045,454.03441708872396,458.8455505371094,33503900
2012-04-02,463.0614419346733,467.6742248535156,458.60940952969867,467.6742248535156,31429580
2012-04-03,469.06295863836885,471.6629692746761,460.4822423923791,460.5318298339844,19329633
2012-04-04,459.7879069443711,462.119092246727,446.89202174420535,448.4295959472656,29053616
2012-04-05,448.8759392886882,452.69511079362246,442.37044833527426,452.4471130371094,30717944
2012-04-10,451.3560350488573,451.3560350488573,441.7833251953125,441.7833251953125,31165260
2012-04-11,440.5928419542949,446.46741035485667,439.1544730201129,440.6920471191406,25796946
2012-04-12,439.4024240886749,443.1412202334495,430.0280970607837,441.2872009277344,38023837
2012-04-13,441.93201003471273,442.527210715655,436.17847408965446,438.3112487792969,20836088
2012-04-16,438.36088745621134,446.26509045475626,438.36088745621134,439.4024963378906,15572243
2012-04-17,437.7161658692755,449.42165122687896,437.66657841300685,448.8760681152344,20925246
2012-04-18,447.3880260108298,448.38001719932385,441.56007777842706,442.4280700683594,19891810
2012-04-19,444.85847682434445,448.57844391695573,436.5257263183594,436.5257263183594,20384138
2012-04-20,436.47608824797805,438.11286752427475,425.2467416211293,431.3673400878906,38914604
2012-04-23,428.0938572986526,429.452910884969,420.3563368360722,426.2586975097656,31332408
2012-04-24,428.5896339252795,435.2558136371944,427.0520602195826,433.10321044921875,24528141
2012-04-25,434.54171775389574,436.06442782507327,427.6969847694794,428.8377685546875,36016716
2012-04-26,430.52413832235686,441.5511087495425,430.27614054682556,440.6920471191406,27638467
2012-04-27,438.4104832074077,444.74929065874767,436.57529359913366,442.7752380371094,19636524
2012-04-30,443.5192531619786,445.0816210732157,437.86489144745127,441.4360656738281,21347290
2012-05-01,433.50013616386354,439.8191149983348,425.56420689770584,437.76568603515625,27733988
2012-05-02,437.6168855660329,440.29527375458304,428.44096751663665,430.32574462890625,32773506
2012-05-03,433.45046845456045,435.49396744035437,428.4905135816311,432.2104797363281,20452660
2012-05-04,428.73863432246543,430.2980356210218,417.6283201104951,418.76910400390625,29373755
2012-05-08,416.63631724162275,421.78475415510496,409.8907889765025,411.6763610839844,32970039
2012-05-09,408.8503415070216,410.85440165224935,398.1354880511834,400.814208984375,39290712
2012-05-10,404.73302965098026,409.42374278341583,398.2545246614504,407.2629089355469,34153815
2012-05-11,406.56843609576856,414.0132597707393,401.80629947205546,411.82666015625,31031578
2012-05-14,407.7589524589922,408.00698101888213,398.95890399840647,400.7149353027344,25917432
2012-05-15,401.7070988545835,403.93935616761735,395.2583555058188,397.2425842285156,23120880
2012-05-16,392.62929484425115,401.4591074221281,391.9348026162561,396.49853515625,39746228
2012-05-17,397.837890145488,398.0363251441131,388.63106936018085,393.5221862792969,30507204
2012-05-18,388.9087549747271,396.00136610253145,386.4284695475924,388.8591613769531,30341255
2012-05-21,390.29774422983024,395.2454175651055,357.06191648566477,392.48040771484375,34795391
2012-05-22,395.3575887143198,402.3718447943592,392.78801604950837,398.7803955078125,28380198
2012-05-23,395.85364322479154,398.1394604979658,390.7938537597656,390.7938537597656,64927961
2012-05-24,394.76219149067293,406.7151861990223,390.79373511926246,403.7904357910156,29862322
2012-05-25,402.4511499678379,405.57630388157196,398.53231674414513,404.13775634765625,20139252
2012-05-29,392.8772770324718,406.2053315750965,392.8772770324718,403.6417236328125,34341369
2012-05-30,400.51646736868673,401.037321206814,393.1252053404767,395.1590270996094,53082128
2012-05-31,395.2583499227022,399.5740533889929,388.46236058807506,391.78594970703125,38022544
2012-06-01,404.4849578805768,411.52894424271784,394.3653812693126,398.82989501953125,77207824
2012-06-06,396.5482273255731,404.83732563189614,395.8537349779954,403.7410583496094,40489312
2012-06-07,405.77473873566765,417.7793275262643,404.79752070708884,410.3384704589844,37780539
2012-06-08,408.7510593677142,409.1975228782784,403.42341084113696,405.8243103027344,37460088
2012-06-11,414.5549535513952,416.69889286826213,410.68571395586605,411.6282043457031,32905468
2012-06-12,409.5446956683521,414.9517297204869,405.62586306966034,414.1580505371094,26782157
2012-06-13,413.76121124028697,417.0669364513012,410.3880290463162,415.3982238769531,32451558
2012-06-14,414.70370720819756,417.11950269765146,410.09038254942345,413.4139709472656,24744084
2012-06-15,418.0272696417951,423.63270808448476,413.41394526956094,420.1603088378906,78340504
2012-06-18,424.97220690369744,425.1706116164236,414.3565707726694,417.3825378417969,23005240
2012-06-19,419.66423908110136,425.76573437406006,418.6721250407205,423.5334777832031,23115453
2012-06-20,421.7476843498463,423.5066824384361,419.91226732093946,422.2933349609375,46973636
2012-06-21,418.9202028844998,420.88459981547936,408.8502502441406,408.8502502441406,46926396
2012-06-22,404.0880762621431,407.8452301841501,399.8418289629423,404.0384826660156,28610050
2012-06-25,403.790463288806,406.3868304064881,397.8873719235696,398.8794860839844,20390228
2012-06-26,401.75666362807266,405.5842419665085,398.0362353204053,398.4330749511719,22970996
2012-06-27,399.87150099259344,406.7051821177782,397.1431877286455,405.2785339355469,20119028
2012-06-28,407.5605298145297,409.1479187011719,402.0523094523438,409.1479187011719,19584774
2012-06-29,415.74546408421827,422.09501950167197,412.32268809007513,418.62261962890625,32006838
2012-07-02,423.9304102525115,429.08941650390625,418.6226231947541,429.08941650390625,24679006
2012-07-03,426.60905078487417,429.9326389800936,423.8807370879942,429.4861755371094,22874063
2012-07-04,429.1390750071172,430.2582011319207,419.11874370932,427.15484619140625,19252556
2012-07-05,426.70835690012865,436.3814711078391,426.16267588123105,430.7760314941406,43752394
2012-07-06,428.74225925681895,434.14929519253974,423.5832822138521,424.82342529296875,28437708
2012-07-09,422.6406027817173,425.0415322038711,416.83672929376763,420.6067810058594,28392141
2012-07-10,421.8965699630969,427.00595211537825,419.26747334851746,425.1209411621094,17512406
2012-07-11,422.541513945111,429.38709720177843,420.4580676643178,429.1390686035156,16536662
2012-07-12,427.94842586068165,432.46253293413565,425.2201120680201,431.6688537597656,28408480
2012-07-13,433.0579052054795,438.51253574534695,432.16500836353396,434.6452941894531,26861302
2012-07-16,433.05792181030137,439.6773059697377,432.6610821183235,438.01849365234375,21280464
2012-07-17,438.51464170163814,443.4563520416714,436.3816014229559,440.4988708496094,27113533
2012-07-18,439.50659063772275,442.5325268372134,436.62946551286035,441.3916015625,31489316
2012-07-19,440.796483376239,443.3759872670212,437.02646018912657,440.6972961425781,22677770
2012-07-20,440.44917510974295,441.4908830601252,435.3070326587437,436.3815002441406,33187918
2012-07-23,433.5539962328457,434.7147834118853,424.1289093582186,427.15484619140625,21839691
2012-07-24,430.57766347268137,434.2583995377301,423.5832688381021,424.4761657714844,20019528
2012-07-25,421.00373618726394,428.3949700288427,419.66437574121494,425.0714111328125,17440036
2012-07-26,424.72414045149475,430.453594513226,419.2178878870715,429.2878723144531,19788460
2012-07-27,433.30584386214093,436.6631607237154,428.1964621765061,435.240478515625,23756692
2012-07-30,435.48865247562907,443.0783220069639,433.4052060631039,440.9452819824219,24425471
2012-07-31,426.60915916513153,439.3082103969509,420.210009666884,421.69818115234375,57887736
2012-08-01,419.168397932975,425.22030275141765,417.8290372333054,424.67462158203125,25330500
2012-08-02,426.0635167665055,433.3059393605592,422.9879562474275,425.8650817871094,52216016
2012-08-03,426.609169307296,434.8526379719978,426.1627057402733,434.4964904785156,18871119
2012-08-06,433.8515044121819,439.06010368441036,431.966493588093,437.5223388671875,14633204
2012-08-07,440.3995702089049,450.22149658203125,440.3995702089049,450.22149658203125,30005756
2012-08-08,443.9706970065361,448.8821882589249,441.5893348814391,447.4434814453125,19989254
2012-08-09,447.9890592543418,450.02310599377694,442.8294832261269,445.4092712402344,55420465
2012-08-10,444.71487177105024,448.98142346200353,442.27894454978707,445.11175537109375,17395252
2012-08-13,444.7147524265417,446.2030882375003,442.73030467859684,443.375244140625,13836351
2012-08-14,445.01252797698504,449.44280514026866,444.56601500068297,447.39385986328125,26653338
2012-08-15,446.40162602402273,448.7006257850677,444.11952265761795,446.5008544921875,17237033
2012-08-16,448.2867999658855,448.961535312256,444.565959892197,447.7410888671875,14920809
2012-08-17,449.47744718430596,452.45411901996357,447.9891112664771,450.81695556640625,17452019
2012-08-20,449.9736266684743,449.9736266684743,446.29048525965237,448.48529052734375,10274753
2012-08-21,448.9813111744043,449.37819467518955,444.96281652351496,447.14569091796875,19605748
2012-08-22,444.962937586547,445.1613642507914,442.53197627739615,443.5242004394531,16844982
2012-08-23,443.8714563024362,446.5008441061169,441.3164671379406,441.9862365722656,15774490
2012-08-24,440.69625612918145,441.9365360520263,437.38223180897256,441.0931396484375,11828580
2012-08-28,442.63118341151096,444.02029111536956,438.6126575807364,440.7955627441406,16303540
2012-08-29,439.60472758286824,441.291520097822,438.166021289776,438.5133056640625,15284149
2012-08-30,437.1739944747711,440.85613707720023,434.69343394130135,438.6127014160156,14042386
2012-08-31,437.86833939313567,442.4325748099959,436.6280596755251,437.91796875,25537393
2012-09-03,439.4064813260885,441.5397572432304,437.15611157107935,440.2498779296875,13346223
2012-09-04,441.1923462501585,441.1923462501585,432.51038722018126,433.2049560546875,22063336
2012-09-05,421.6951896996677,423.8165650443354,413.78319668589495,420.55413818359375,62116220
2012-09-06,421.4471192170977,428.5762458154525,418.9169602779913,428.09503173828125,28625480
2012-09-07,428.0951262142929,431.3694538322481,422.68949092513907,431.3198547363281,27007172
2012-09-10,431.36941958046344,438.31498815335186,427.64857927355894,434.39569091796875,24765779
2012-09-11,435.6358793704154,440.7954556226192,434.59405641577314,439.55517578125,21169344
2012-09-12,439.45595909937657,439.90247196632765,434.54446896426634,437.57073974609375,25924212
2012-09-13,437.1738565291846,441.43544122403097,435.6855206787314,441.39080810546875,39153128
2012-09-14,445.35980168657824,450.6374420156173,444.4668060358999,446.6993103027344,48779300
2012-09-17,445.50860609221434,448.98139032678614,444.5163820251938,447.9891662597656,23430044
2012-09-18,440.7457339433621,442.53172430603536,433.4032551006226,435.53656005859375,37320846
2012-09-19,437.0746496066241,441.93654090147203,435.8839687555189,440.29937744140625,24278660
2012-09-20,439.35675683526887,442.22726607734467,435.33826191432246,440.8450927734375,27044075
2012-09-21,441.5396353446978,444.61553548967,436.92580026737465,437.57073974609375,59350370
2012-09-24,435.3878234021416,441.0683111316665,434.6436554973201,439.55517578125,28914668
2012-09-25,439.85287403652336,443.8217699187578,439.85287403652336,442.5318908691406,18198856
2012-09-26,438.91033313542596,440.8511171610061,434.3956953488333,434.9414367675781,18499350
2012-09-27,435.58635515187757,438.6165930888221,435.1398422201359,437.1739196777344,21256593
2012-09-28,437.6700720383454,440.89480047734435,433.1058349609375,433.1058349609375,24263712
2012-10-01,431.418961214045,437.71958935064464,430.62519416640004,435.1398010253906,25569062
2012-10-02,433.0562170489057,436.34244458883353,430.27797142324647,434.9414367675781,16094091
2012-10-03,434.5941631176934,437.967719058442,433.6714019564223,435.635986328125,24945362
2012-10-04,435.58633248303016,436.42972893227517,426.90437255312924,430.82366943359375,30006701
2012-10-05,436.57867169612194,438.3150641403679,430.1292140460656,433.35394287109375,27577682
2012-10-08,430.47639857593805,434.59115474981854,429.7818296475004,433.6018981933594,11464700
2012-10-09,434.5940270210276,438.451793663178,430.3691424155059,434.1971435546875,16547139
2012-10-10,432.36164664331824,434.8918059573477,428.64080631075956,432.6593017578125,16483355
2012-10-11,432.16297661778003,437.4217798628932,431.07155488262066,435.3381042480469,25951854
2012-10-12,433.89951757273377,435.93359482128534,427.9958032880616,428.09503173828125,29911348
2012-10-15,428.5911701808777,431.1292627079225,424.52304571278006,426.2098083496094,22600413
2012-10-16,428.194131330954,433.4053043228644,426.49446979387096,431.964599609375,21280625
2012-10-17,432.06387468179275,450.8595637278279,428.30133942652117,444.8635559082031,57833128
2012-10-18,445.8558340832692,461.0963792872456,444.76438169177493,448.5348205566406,31540680
2012-10-19,447.8900208819405,451.5265312406313,446.5009129864832,446.8977966308594,30161380
2012-10-22,446.50082547827157,455.7781264637085,437.17392540211387,440.00177001953125,44069002
2012-10-23,441.78769896474796,443.4744917354528,428.5911329831311,429.8810119628906,39440357
2012-10-24,431.56786306776615,435.68558682310555,428.3927339926533,431.6174621582031,64632424
2012-10-25,431.1214200336465,433.5523814647054,427.3013507621025,427.74786376953125,20265131
2012-10-26,425.91228536848314,431.32288744164384,423.8157088594304,428.2440185546875,22010048
2012-10-29,426.0608157069302,428.1940904305481,420.4547583187328,421.6950378417969,17831367
2012-10-30,436.08247643269124,446.07714749840886,433.65151536208253,439.40643310546875,33352820
2012-10-31,440.9939565480859,447.421580290728,438.8140191638917,439.8528747558594,41985128
2012-11-01,438.662338556089,443.3099074063799,434.29655799599465,441.0436706542969,30175638
2012-11-02,442.8295202245277,444.39228499948655,438.66219795842204,441.73809814453125,52323139
2012-11-05,439.6048161877839,440.24978599014185,434.3460412781359,437.76922607421875,26450810
2012-11-06,437.4716441657908,441.43063931837946,436.4298208668504,440.7460021972656,33153967
2012-11-07,440.50372999552434,444.5664011248816,429.48864966481375,429.587890625,49165384
2012-11-08,433.40836699074055,434.0533876964743,426.66040681922925,426.9580993652344,36890112
2012-11-09,423.48487090396446,428.14892260341776,419.6147164533987,425.9161376953125,26439772
2012-11-12,427.4046806318766,428.79396302624497,423.0879568874479,424.0306701660156,15216533
2012-11-13,423.98109728488913,425.71770798178454,419.7636141638575,425.51922607421875,28216438
2012-11-14,423.9314411405345,428.1985290849902,421.89710782611166,422.4925231933594,28814698
2012-11-15,418.77119226669925,431.32439848991544,417.87808440635916,422.1451721191406,49650216
2012-11-16,420.656702158733,423.2864207463396,413.16447990806586,413.4125671386719,42108055
2012-11-19,419.2675289932897,428.3971535725799,418.7713544027651,428.29791259765625,37898256
2012-11-20,427.6031025706528,431.4236516031383,425.320712387133,428.9427795410156,29860280
2012-11-21,427.454257374823,431.34824531783045,425.76725225471927,429.6870422363281,18152204
2012-11-22,431.4732099576995,432.6948091562743,429.14121470044694,430.28240966796875,13223114
2012-11-23,431.91985101185213,433.91148383176994,428.69471714444603,432.1679382324219,12136762
2012-11-26,430.7290677596421,432.197755169718,427.1566356165776,428.04974365234375,18910348
2012-11-27,431.12590638304965,432.1807614258666,426.36261443542827,427.95037841796875,17611522
2012-11-28,426.3625585789402,428.64497846860377,415.49635986875796,426.1144714355469,57634132
2012-11-29,426.70996851885707,428.7939069800676,425.0725991150776,427.7519226074219,26570006
2012-11-30,426.8093888260824,430.26274459431374,424.42775684838307,428.29791259765625,28903364
2012-12-03,430.23280551057934,431.6221180429396,425.07954503110085,426.85882568359375,21808194
2012-12-04,424.5268404789075,426.6256789618308,419.46588539756846,421.0536193847656,22537889
2012-12-05,423.43533777026187,424.139897092958,417.28276174973377,422.2445068359375,27747688
2012-12-06,423.7328318820474,426.02812245470324,420.90463245084413,424.3282470703125,19904771
2012-12-07,424.52680204022056,426.41228897644424,420.3093196649193,422.7901916503906,29226133
2012-12-10,422.6413313665363,424.4474133802205,421.6489826052699,422.8398132324219,29288602
2012-12-11,421.84758587366963,426.596948787814,421.0854564756874,424.2292175292969,15381599
2012-12-12,424.2290748969016,428.0188548749199,421.9466849701524,426.7595520019531,22733992
2012-12-13,426.70991823068516,428.97247193459174,423.9313541325814,425.469482421875,18978876
2012-12-14,424.22914904156414,426.660415927483,420.60708166211975,423.18719482421875,24235986
2012-12-17,424.3283865754242,425.083550504821,419.8131810070323,423.73297119140625,20060584
2012-12-18,425.37032659866486,427.5207387942993,423.53447517753546,425.171875,21649744
2012-12-19,426.46187156464964,429.09158967222294,423.7329125261324,428.0,26853728
2012-12-20,430.1337014972012,430.1833068353343,424.32845358343593,426.809326171875,17216340
2012-12-21,425.3207102445296,429.3694801045213,420.5574177388,427.4542541503906,40613496
2012-12-24,429.68705333412504,432.3564741713293,425.916139806489,427.4046630859375,7460816
2012-12-27,426.710003597007,429.091634769569,422.2940391205674,425.171875,12329112
2012-12-28,426.709990308757,427.17242824821125,418.3792329118593,421.7978515625,11197943
2012-12-31,420.70627142857023,425.53107064396414,418.57269735456146,421.54974365234375,7114619
2013-01-02,425.96569719401015,430.26255391875293,423.2367381554929,428.0,17136180
2013-01-03,431.67180636006486,440.60294718130757,428.5955184648193,438.320556640625,25383320
2013-01-04,445.0684378728057,451.12177162421324,440.75171452558413,450.0301818847656,36090932
2013-01-07,449.13710807359524,449.48443623758374,443.97688179626897,445.3165588378906,18736810
2013-01-08,442.785994733397,448.3232870628585,442.3890310326965,445.51495361328125,17980552
2013-01-09,445.5646175874272,456.6015303056087,441.7132999680562,455.1407775878906,31166970
2013-01-10,455.19046518500477,459.30870717755795,453.4409535411727,457.5224609375,20823964
2013-01-11,458.4156188964844,463.27812279363593,455.52291316881355,458.4156188964844,20984852
2013-01-14,458.26673051586846,459.6669455367379,455.2400783483857,455.7858581542969,16276762
2013-01-15,455.58731948449736,456.28194544255996,451.79157338293027,455.9842529296875,18530056
2013-01-16,455.4881766685523,457.8698081367992,451.6785596374168,454.89276123046875,20137049
2013-01-17,454.8926047967977,458.5643068322399,451.83121776045044,457.47271728515625,20045394
2013-01-18,457.77047194281437,458.5147335145515,453.7018662445828,456.8277587890625,22892901
2013-01-21,456.08354403743874,459.8048522781423,455.0098218395697,455.4881286621094,8768431
2013-01-22,451.5187324119386,457.50159546634154,451.221039866839,451.9653015136719,18411728
2013-01-23,453.5034769287768,461.49187398204936,451.61801995241115,459.7056579589844,30114751
2013-01-24,458.2170338389494,465.411562253313,457.03910424740053,464.12152099609375,20012304
2013-01-25,459.6063547530503,466.41485256812183,457.72089803206546,461.7398986816406,24873792
2013-01-28,459.95361507396984,466.2550352747332,458.6139382936378,464.8657531738281,19861734
2013-01-29,466.4039468759951,473.1519067597168,465.1635108470696,472.0107116699219,21964740
2013-01-30,471.9114914199352,478.6396155244326,470.16794584805353,472.2588195800781,22939723
2013-01-31,471.1671050864232,474.68996080122474,463.1787109375,463.1787109375,35931940
2013-02-01,463.4269683676422,470.60166231337837,463.4269683676422,468.8848876953125,16725530
2013-02-04,468.88482802431156,470.8199203805849,457.2247291263525,458.5147705078125,22920592
2013-02-05,458.91180197442884,468.14063545643734,458.0186636572576,465.1139831542969,21520294
2013-02-06,462.8314219574757,463.82377064532795,458.2170066157785,462.1864013671875,27754347
2013-02-07,462.43449068980016,465.97121682657394,452.4613984441345,453.30487060546875,44361864
2013-02-08,452.31255680796573,454.57910828868285,447.3508129628407,452.1141052246094,22465909
2013-02-11,449.5836247602716,453.5034147475433,448.1943424568113,451.2706298828125,27769057
2013-02-12,452.61030016919574,456.9557934456989,449.73249466511356,456.5300598144531,33773024
2013-02-13,451.0813958158759,453.8107111920996,447.3824392991335,450.18817138671875,26716092
2013-02-14,449.09647064080747,449.4388768962429,443.14160031186856,446.6648864746094,31943160
2013-02-15,448.0543002503175,449.0963902561413,443.3400287503911,444.7294921875,35088140
2013-02-18,445.1760562674802,446.7640273443978,440.90841239329137,441.65277099609375,14537795
2013-02-19,440.7595997044533,447.409185849206,440.2633605762763,442.99267578125,42251429
2013-02-20,445.12656094600607,447.39437771716274,439.1012103033342,444.3822021484375,35139744
2013-02-21,442.24826538454926,444.92793819059784,435.00315678738997,439.6678161621094,25417909
2013-02-22,439.76724656884386,442.5561088396317,438.12966303754774,440.7100830078125,53206176
2013-02-25,449.5927746901686,452.47095637340254,445.42435274338766,447.7566833496094,68741752
2013-02-26,439.56880958894044,446.1191750578552,438.2785993958715,440.7597961425781,25335604
2013-02-27,441.6032999292557,444.6680557049578,439.2213274108065,443.5882568359375,16048635
2013-02-28,444.5309986574517,445.0986872467755,440.21371224594816,442.3475646972656,26237692
2013-03-01,439.86637533134115,445.6227371029817,438.22876197793073,442.99267578125,17320354
2013-03-04,443.0919032494742,446.6201559713476,439.88418875882746,440.5610656738281,18530644
2013-03-05,440.56106786347794,444.57068828069157,438.3279919087078,443.63775634765625,24932241
2013-03-06,443.6874344807213,447.90546747039303,441.8017316723576,446.1190185546875,31003137
2013-03-07,446.615277536531,448.72926136295644,445.0273060476826,446.2182922363281,21459244
2013-03-08,445.5731300738087,449.5023360252913,444.8287713735772,447.3099670410156,26419836
2013-03-11,446.5160562838953,451.32958290686497,446.0793633353348,449.1461181640625,23332930
2013-03-12,448.89790985442534,451.9745985521069,448.30244712225675,448.6994323730469,14902887
2013-03-13,449.19575985539245,449.19575985539245,441.75217135896435,445.9205627441406,21888093
2013-03-14,445.6227801260703,448.5803765192413,442.9430764599866,447.6573486328125,21116240
2013-03-15,448.0047510468325,449.04687155673895,441.4543874418406,446.2679138183594,50098989
2013-03-18,442.7941957726585,447.3427316604043,438.77467069766146,445.12652587890625,24322982
2013-03-19,443.2407857793312,449.22542832446464,442.9430241360316,446.3174743652344,16347155
2013-03-20,448.74912003952653,449.7852738295312,443.4393543344133,444.6303405761719,23660632
2013-03-21,445.12645954190083,447.60765496855583,440.85881552326634,446.0196838378906,21170174
2013-03-22,457.5324904516722,459.8151783972805,452.7189647005934,454.25732421875,62938076
2013-03-25,456.5896410824934,458.3761202394592,454.29901758618075,456.49041748046875,24469535
2013-03-26,457.03625055751684,459.81517764221877,454.80317441472766,459.46783447265625,20952941
2013-03-27,459.6663191473637,461.254290486905,454.7039276413185,459.9640808105469,20733698
2013-03-28,459.5174849003016,464.7776081413973,454.90246654152355,456.4407958984375,32870898
2013-04-02,457.1355678053905,461.45285500412456,456.1927011880903,459.0212707519531,46347840
2013-04-03,460.2122605987347,461.7833314208058,457.9791841288449,458.42578125,25131689
2013-04-04,458.5250033488316,458.5250033488316,447.7566070610624,448.6002197265625,37082047
2013-04-05,448.40172129139,450.8333054447768,442.14911959416196,443.7370910644531,17202440
2013-04-08,445.7715415599662,448.0542594088835,441.40464388938017,444.6798095703125,27683704
2013-04-09,446.71442284586897,448.5872225788811,444.52202382473007,447.3595275878906,19527602
2013-04-10,449.2453246044028,452.02428219145975,446.4147864921118,448.6002197265625,23166788
2013-04-11,448.1040739580683,449.98977718178946,445.8709971775463,448.3025817871094,16517463
2013-04-12,446.9130288701646,449.0438832281943,442.49651799038946,444.6303405761719,14330920
2013-04-15,445.0273044477118,448.8979641148385,438.1792096077128,443.1416015625,26148864
2013-04-16,442.5956644424756,446.26187914760504,440.2136925372321,442.248291015625,19078128
2013-04-17,443.9355563046123,443.9355563046123,435.4994902827734,437.3852233886719,21225598
2013-04-18,436.7896728661542,440.1640927734401,433.9611038673882,438.47686767578125,20921752
2013-04-19,445.1762711704277,445.6228986629243,440.90862523608934,443.3402099609375,35620681
2013-04-22,445.97026217979425,446.7146211251412,441.20634675674813,443.2905578613281,22450353
2013-04-23,444.13405906362624,448.2528381347656,441.6528632029356,448.2528381347656,20630522
2013-04-24,449.4438861757136,455.7957423964669,448.4017655978462,454.7040100097656,25478084
2013-04-25,452.17312804901087,459.58891102333575,451.4287693099996,455.24981689453125,23367066
2013-04-26,452.5206006266422,454.1165078087389,446.7145951331488,450.68450927734375,20983926
2013-04-29,450.48588397728656,453.51296089565943,448.0046882842105,453.314453125,19629541
2013-04-30,471.4271957165464,471.4271957165464,461.5024126488296,462.8918762207031,52676030
2013-05-01,465.3730784028635,469.9116798238614,459.81519375071906,461.84979248046875,20644121
2013-05-02,462.246833289916,465.96862743878813,460.60924992201996,462.7430725097656,21565294
2013-05-03,463.9339271689838,469.8391540374965,462.34595605824694,467.75494384765625,19237128
2013-05-07,469.54142939385997,470.33539981652365,463.4873064849516,470.0872802734375,22084757
2013-05-08,465.3807542653592,468.30890758909743,460.9140519790597,463.59405517578125,19058293
2013-05-09,462.6015518223057,465.03343569451323,459.6237496727143,462.0556335449219,16960492
2013-05-10,462.65115406185373,467.2667408767385,461.16225313500274,462.2541198730469,18550052
2013-05-13,462.7504698312282,464.040838656238,460.8813767374308,462.1052551269531,19255368
2013-05-14,464.23932151995086,466.49251401954456,461.559287732539,465.0830078125,20249360
2013-05-15,466.47275463991866,466.5223725628441,463.3986547179141,464.14013671875,26382713
2013-05-16,464.63639333783027,466.52232860789127,461.0630247624798,462.3533935546875,26275206
2013-05-17,462.2542549788311,466.671310844428,459.2764522547891,466.4728088378906,23200728
2013-05-20,466.91932051028766,469.654939663621,464.73561734510315,469.05340576171875,18011736
2013-05-21,469.05339259788104,474.11566162109375,466.86075342307396,474.11566162109375,19522816
2013-05-22,476.3986587381709,481.84008976639694,474.66160772955016,479.7238464355469,38875424
2013-05-23,471.48523460508017,477.0438034293032,470.3933680034316,473.96673583984375,38448578
2013-05-24,476.84534152591175,477.9868262038653,471.7582632445434,472.87493896484375,28304662
2013-05-28,475.60463280326724,481.1135850191976,473.917229740586,479.0787353515625,25761759
2013-05-29,478.9297383093709,478.9297383093709,473.91711793185374,473.96673583984375,25601171
2013-05-30,474.2150069986896,478.23502790834374,472.6764879571604,474.76092529296875,21122287
2013-05-31,472.9742278430915,473.249186230701,469.5904554902983,469.9468078613281,46982520
2013-06-03,467.41559809339105,468.7059969976862,457.53924068698944,465.5296630859375,24634507
2013-06-04,467.96149241034425,469.44442560238303,464.9836910721728,466.0259094238281,18577212
2013-06-05,464.0904085596524,468.5074934429292,459.0281696223903,460.66595458984375,20148540
2013-06-06,461.5593502927555,464.4875346317513,454.61114501953125,454.61114501953125,19349433
2013-06-07,455.80228945622196,459.64661821472475,453.46967156914843,457.5889587402344,30329468
2013-06-10,456.19923535158034,459.82222143187005,454.7599523852761,458.4325866699219,19287090
2013-06-11,458.3830357162645,459.226752451661,452.3778130140269,456.8941345214844,21493932
2013-06-12,456.4473393354043,459.02810665616926,450.29320420833113,451.38507080078125,16098444
2013-06-13,446.7199210737237,452.1296068619962,446.52141911404857,450.09478759765625,24428940
2013-06-14,452.1296943306032,454.51193034995066,448.45705901076883,450.4422607421875,22662728
2013-06-17,452.5762191428349,456.89400717077626,448.8043189923422,454.8095703125,23797464
2013-06-18,455.2562047726436,458.08512220321535,453.3206520088144,456.9932556152344,19306864
2013-06-19,458.4325284367918,459.37548069858536,451.2361751029309,451.6332092285156,19841152
2013-06-20,450.34292359412876,451.63329231260053,444.3873197394571,445.876220703125,27950434
2013-06-21,445.1813804718852,448.08969303415233,441.85616231859126,442.5509948730469,56107715
2013-06-24,443.69247294364203,452.9435179045715,440.0694867732609,441.65765380859375,32001272
2013-06-25,445.1814306638293,449.10221569273847,442.3465753172398,445.2310485839844,35539506
2013-06-26,445.5288011183678,450.98810461136117,442.7495011650562,448.6554870605469,14342753
2013-06-27,449.79707254191896,454.2637764009088,447.01780225747945,453.2215576171875,23264437
2013-06-28,452.6258896854407,454.9048908083326,448.45695490057835,451.8814392089844,23433286
2013-07-01,456.09988937169976,456.6359020759405,451.6331875171347,454.5613708496094,17602931
2013-07-02,454.7104486158196,454.7104486158196,449.05261173906314,452.278564453125,15922875
2013-07-03,448.90364948277096,449.79698402040293,443.0473116341078,444.78436279296875,18427244
2013-07-04,447.91096910138,454.51175627188985,446.3724504654931,451.38507080078125,20784452
2013-07-05,453.7177233206547,454.26364151349634,449.89620509546756,450.6406555175781,24418310
2013-07-08,454.85923526377803,459.02816999501374,454.41255286694314,457.04296875,13554819
2013-07-09,459.02819146998945,462.3037615607982,457.5690672749706,461.36077880859375,16194828
2013-07-10,461.8075051072818,466.4042511163189,459.5046640664907,465.9764404296875,16233196
2013-07-11,468.4081839206135,469.84746680542577,460.8644138363226,461.31109619140625,21558668
2013-07-12,461.9066478511491,463.89184884735755,459.02811246499954,460.71551513671875,13607215
2013-07-15,460.7652605452508,466.2503730243162,459.8718956750714,462.4030456542969,14984566
2013-07-16,463.44530723685244,465.7779251740755,461.26654121188386,461.7579040527344,17247059
2013-07-17,462.8000676031409,464.1400845810963,459.82226555958187,463.0482177734375,15835060
2013-07-18,462.0556350896879,468.3586557190828,461.4283228244489,466.91937255859375,15010089
2013-07-19,465.4800442270713,467.3649796024374,461.55925990259055,466.32373046875,21460566
2013-07-22,466.32375122923685,483.14834356883347,464.0407819587666,464.9837646484375,12411187
2013-07-23,467.514843244345,471.1001158250665,466.18576181552953,467.2666931152344,17187394
2013-07-24,468.50758866374025,473.9996385994645,466.6514299705909,470.3935241699219,15071241
2013-07-25,469.7978703480487,470.98900323162184,465.1326655195505,470.0460205078125,10737793
2013-07-26,471.3859366315799,472.924485468185,466.11126256788316,467.5148010253906,10490392
2013-07-29,466.6711493551905,470.1948995343294,462.99854544149053,463.9414978027344,13418847
2013-07-30,456.59621902460833,457.17191397239424,440.0694271552223,448.1094970703125,43964248
2013-07-31,451.3851472376673,455.9014680949709,448.9532635195697,451.1866149902344,32184518
2013-08-01,454.561473124627,455.1073913574219,448.5066031899807,455.1073913574219,20268050
2013-08-02,456.0503853204238,457.12338033311767,451.38515010205697,452.03033447265625,13258994
2013-08-05,453.8666475581652,456.2856269760964,447.9110436536294,452.37774658203125,11292193
2013-08-06,451.13692112400065,453.51915623329955,448.25838577144106,450.988037109375,35482904
2013-08-07,444.741497838966,450.89641461480295,440.3238525390625,440.3238525390625,19418058
2013-08-08,441.8625326756583,452.34275220842716,436.99817930898524,438.5865173339844,18325792
2013-08-09,439.87712857475344,443.03599115840785,438.28876007820213,440.0260314941406,17081916
2013-08-12,441.2668961720869,443.2880978386293,439.3310675239556,439.67852783203125,13442851
2013-08-13,440.6711462504369,443.67910537089034,431.3593698134505,443.0040588378906,16480057
2013-08-14,443.05368302876457,445.68443164825857,440.2224381362524,443.0040588378906,27160094
2013-08-15,440.7705583125744,441.745410386545,436.7996523818305,437.9909362792969,22491681
2013-08-16,437.6931662392359,438.9092624232518,436.30335501276596,438.48736572265625,20087744
2013-08-19,438.73559841265285,439.03340431881713,435.0624973266741,436.30340576171875,11928070
2013-08-20,433.871238861603,434.5165355226183,431.4390763619331,434.0201721191406,18064716
2013-08-21,433.325151734207,433.7222363066855,427.17023482615264,429.40386962890625,17718169
2013-08-22,428.85783976330094,435.70764642262094,428.85783976330094,433.82147216796875,15043385
2013-08-23,433.92087488721114,440.660498346603,431.09159754883814,439.72833251953125,18568994
2013-08-27,438.2888987004126,444.96499274087336,436.4523479921478,443.8481750488281,30354069
2013-08-28,443.74876707701736,450.3007683547262,441.9797155226603,449.357666015625,29972424
2013-08-29,450.7475358562474,450.84681458313247,444.98973324428255,447.6204528808594,17873704
2013-08-30,445.78389764301573,447.9778453896564,441.3662821527798,442.95465087890625,29731632
2013-09-02,443.2523979810109,443.7983854571446,440.4727758006057,442.3092956542969,15239868
2013-09-03,442.40861000585267,443.5502395542131,437.4449769298404,438.6362609863281,19464174
2013-09-04,439.5297952178545,440.42324328791454,436.0552513821402,439.9268798828125,10241507
2013-09-05,438.78514885594853,442.50787353515625,435.5091632564901,442.50787353515625,13415356
2013-09-06,441.564750752873,443.599858327464,439.0333102062757,442.3092956542969,12245125
2013-09-09,442.35884040996973,442.9514829778472,438.7850197106719,440.8697509765625,10366207
2013-09-10,443.7488533643266,444.7415801056338,439.63994986874326,440.5224914550781,12798122
2013-09-11,441.76335643806595,450.56386843970233,440.3636082350021,442.5575256347656,20099264
2013-09-12,443.8479607844043,445.06899481573225,441.3164903937797,441.4654235839844,16669243
2013-09-13,438.09017973904645,439.4680845661689,437.2463864747877,439.2814636230469,18622789
2013-09-16,441.66402419861794,444.8030431582238,438.4873175011245,440.0260314941406,16644265
2013-09-17,439.4799336048351,439.4799336048351,436.6685320698571,436.799560546875,25235377
2013-09-18,435.65792557974567,438.23901991675956,433.02720704793586,435.1119079589844,18866257
2013-09-19,437.4946899594825,438.8636579636828,434.91359435557325,436.8990478515625,21844176
2013-09-20,435.4098589879327,445.23784550517934,434.9631199343995,438.8347473144531,61781216
2013-09-23,439.2814275238043,440.72089290737864,435.5587035617382,436.9981689453125,14883623
2013-09-24,435.8068097876493,440.0636142368795,435.7571855949795,439.0827941894531,15394339
2013-09-25,438.0901388950384,439.18214397096114,435.1119597583064,438.2886962890625,15007364
2013-09-26,437.89162016392174,441.687810999076,436.94851796769376,441.11798095703125,14411711
2013-09-27,441.7634130150447,442.5079580931599,436.79977916094305,437.89178466796875,18449668
2013-09-30,434.81418261969344,454.9486732090778,427.7161946018038,429.9498291015625,31548360
2013-10-01,430.94264991515,432.23318245715075,426.9121820921843,429.3046569824219,15547003
2013-10-02,427.5673319420481,431.46873996459504,423.44749257375446,429.1556701660156,18129161
2013-10-03,435.8069480948451,437.955209766978,431.9849448827274,433.97039794921875,34067703
2013-10-04,434.02014902640394,437.5939411047997,431.9354167835956,435.0625,12924819
2013-10-07,434.06975550452285,435.95593020116564,430.7937694680178,435.4099426269531,15222146
2013-10-08,434.21857163741964,435.0623952343605,429.45349648327317,430.5455017089844,18275152
2013-10-09,430.8432896885158,434.4528295753173,428.1430724675838,430.29730224609375,16501488
2013-10-10,431.93528269158855,434.1907603275281,429.7512723922577,434.1192626953125,19186578
2013-10-11,435.31054959337314,436.79963927271194,432.5309276435169,436.4521789550781,12752114
2013-10-14,435.6580332731759,440.6623528063075,434.4042192112071,440.1749267578125,15528278
2013-10-15,441.7632317707313,444.6322255032223,439.43031875731555,441.415771484375,17686481
2013-10-16,441.31658951956535,444.49332669740033,441.2173410979419,442.50787353515625,32736884
2013-10-17,440.6711730957031,441.66389933844886,436.94844968540673,440.6711730957031,19460276
2013-10-18,442.0612004536452,444.2203992673133,440.224680240872,444.1955871582031,24020674
2013-10-21,445.6350071451353,447.5926794558688,443.08569177962977,446.2802734375,13109476
2013-10-22,446.578035735968,446.9354027450006,444.0465649062161,444.7414855957031,20813507
2013-10-23,444.59258028154005,447.2034558895944,442.60712723153483,445.9823913574219,14718553
2013-10-24,449.40729470464794,450.0803419376035,445.53563715230763,446.8758239746094,17643392
2013-10-25,446.2306897256854,451.24394787020765,446.2306897256854,447.8686828613281,18693122
2013-10-28,447.5210220530078,448.81158447265625,444.8406791117756,448.81158447265625,18620866
2013-10-29,463.6032581269429,475.168515359425,451.6905405733598,474.0268859863281,65063439
2013-10-30,474.5232651579924,487.69276613073566,473.97924691790143,478.4941711425781,39044699
2013-10-31,478.8415960893884,483.9015076397021,476.67149152424867,479.1890563964844,38860032
2013-11-01,481.2242126464844,484.1527681939338,479.9833044137704,481.2242126464844,19292224
2013-11-04,484.1527558617977,486.8827539042311,482.26655115962814,485.641845703125,20515664
2013-11-05,486.436134564233,486.436134564233,481.62140349972873,484.50030517578125,21068910
2013-11-06,479.54385346573724,483.71381213729603,478.5708550292516,480.9834899902344,26392627
2013-11-07,481.13256768286396,485.9478707379027,475.8208422571866,477.01226806640625,20609326
2013-11-08,474.381159406484,475.3740040517879,470.7076523983883,474.23223876953125,20365946
2013-11-11,476.118656798869,479.1081288719949,474.36033273919594,477.70721435546875,13951278
2013-11-12,476.41640066871787,480.78491005386775,475.6221069537406,480.4374084472656,54362728
2013-11-13,476.91293391153215,479.72963975996163,475.67187809844876,477.8064880371094,31468641
2013-11-14,480.4871090057037,480.933870852211,477.0617833530996,479.84173583984375,23265724
2013-11-15,480.04033097035204,485.10384414073974,477.8064307745231,484.607421875,27339106
2013-11-18,483.2669086938776,486.96922855064355,482.6483808233458,485.05401611328125,23194512
2013-11-19,484.309625679452,484.4585766217145,480.8843296925051,483.26715087890625,21046324
2013-11-20,482.52240676268764,486.0469924701803,481.4302717986506,484.4584655761719,14525544
2013-11-21,484.3096138546113,486.6924652820484,481.6597354495281,485.8485412597656,15251284
2013-11-22,486.245621953731,490.66379235354646,484.45851387021656,489.9191589355469,20243639
2013-11-25,489.47238289977014,489.47238289977014,485.54072680691047,486.5931396484375,21262995
2013-11-26,486.4940378553324,487.23867158674364,482.67157864090996,483.5155029296875,26248859
2013-11-27,482.3238443526702,484.5210218282268,478.1539156462678,478.6006774902344,27200343
2013-11-28,478.60070937227067,479.75541232294967,477.55823470102786,478.0546569824219,9489056
2013-11-29,477.7567619494939,480.28850317990634,477.5581809396071,478.551025390625,18942186
2013-12-02,477.8560848213019,479.54393272906003,471.89207881441956,471.8990173339844,20756392
2013-12-03,473.6364463946787,474.9271623963793,468.33666026266974,470.2111511230469,15616451
2013-12-04,470.2608105835035,476.2953226098426,466.5873039629025,473.0904235839844,23016398
2013-12-05,472.2465138379207,474.33149349554566,470.6381104817908,471.7500915527344,15063883
2013-12-06,474.43079266422075,477.1114548735849,471.601179527215,474.0336608886719,18133864
2013-12-09,475.8704172296233,479.8954253423213,472.8422532393245,473.3883056640625,16628053
2013-12-10,472.34583693531914,474.2322356893011,469.7644348144531,469.7644348144531,19553744
2013-12-11,470.0622941271688,474.48043447532774,468.5233667975478,473.78546142578125,19308082
2013-12-12,474.28190480075693,474.78229632637544,466.4880681829354,467.3816223144531,18160653
2013-12-13,464.84990964956484,467.0440879952184,462.11958667176225,462.3677978515625,18753314
2013-12-16,463.75766841599744,470.26078772091836,462.6953175374197,469.81402587890625,23330810
2013-12-17,466.73630461232557,467.5861673227001,461.67279052734375,461.67279052734375,40822879
2013-12-18,464.05544462322035,468.14695838427724,460.82870047533856,461.5733337402344,28053278
2013-12-19,467.6297433346004,469.3116221018535,464.8994210539844,469.16864013671875,35715638
2013-12-20,471.6010632462102,474.1824645996094,468.6523143335236,474.1824645996094,64749075
2013-12-23,475.57246941239896,481.43024533488153,474.03357270621683,481.380615234375,15944431
2013-12-24,484.35922628803746,487.45392715507245,481.6467802736383,482.7210388183594,4925700
2013-12-27,482.1748704054802,487.1390923396439,478.8488356497493,485.20306396484375,10626706
2013-12-30,485.6003276519765,487.3378058012021,481.03323617131207,482.2742919921875,10394719
2013-12-31,485.6003664805476,487.74888394380474,484.557861328125,484.557861328125,5945694
2014-01-02,487.4370609865766,487.4370609865766,481.1821219233312,485.3520812988281,17484921
2014-01-03,485.3520584248544,489.86948895273235,482.7210264591933,484.4088439941406,18104875
2014-01-06,484.8556726705859,488.08241766185216,481.62892767931953,485.4513854980469,18270944
2014-01-07,484.5577425915137,491.56625271204723,480.63602502447804,490.4651794433594,23078624
2014-01-08,490.9616126829282,491.18103956213525,487.7348680090768,489.32342529296875,15469583
2014-01-09,491.55730865830304,496.32295004795617,490.56446417719127,491.755859375,24620468
2014-01-10,485.500909386986,495.7768549399874,483.5152205960372,493.44366455078125,37147710
2014-01-13,492.7486805178249,494.0890265636842,487.0338863771368,492.25225830078125,21919521
2014-01-14,487.4370862113082,489.28179324193167,483.5153377790412,487.5363464355469,22855348
2014-01-15,489.8694776565519,491.3587444290987,487.53134821514783,489.32342529296875,27630089
2014-01-16,487.38742147143273,487.8342136733937,483.91246527595615,485.94781494140625,25223433
2014-01-17,478.55111459855823,488.4795609595241,470.3134855615893,487.5363464355469,44813799
2014-01-20,486.8909737390392,491.1602235929856,483.8131494953132,490.7630615234375,14172069
2014-01-21,490.61406701947976,491.7558320494718,487.18877192950373,487.7844543457031,19202202
2014-01-22,487.7846151575003,491.8552847057143,487.18893254491746,490.06817626953125,22671562
2014-01-23,488.28091987334733,490.76303115838715,484.24800412172806,484.65704345703125,27972639
2014-01-24,486.1959182302658,489.52192275436875,481.9763295004925,483.167724609375,33117502
2014-01-27,481.6290130442515,483.61470262159395,471.0552221047467,472.3955383300781,32012756
2014-01-28,474.18258267902587,477.21074656162006,471.25367901615294,473.4875793457031,21128173
2014-01-29,476.3171924896425,477.0121958229652,469.16869931539696,473.4875793457031,23156801
2014-01-30,474.4804382324219,479.14682006998464,473.2393824563906,474.4804382324219,21378663
2014-01-31,474.5797119140625,476.6646916036529,466.78587585730503,474.5797119140625,22350013
2014-02-03,472.49468130413476,475.62710442213773,469.3672272563982,470.2111511230469,20847353
2014-02-04,469.1190432268817,472.94150075005393,460.4812836446072,470.40972900390625,37356343
2014-02-05,470.16157126059863,472.69334329424964,465.4952195913523,466.6866149902344,23359119
2014-02-06,468.82116695700915,480.5367194859502,466.3172100733634,478.699951171875,32477006
2014-02-07,480.28858473135347,482.57211523674744,473.3386723941556,478.2532653808594,33843283
2014-02-10,480.4871062732361,484.67691126106564,475.31339505555735,478.6006774902344,16493658
2014-02-11,480.9340898726509,488.23150634765625,480.8884289428917,488.23150634765625,26182812
2014-02-12,483.9188777478631,489.72769759597475,482.57837619788,483.6209716796875,25415556
2014-02-13,483.7204027674367,486.5503445052071,478.80526950968596,481.7841491699219,19055919
2014-02-14,481.0889685918026,484.21678554686997,479.00374718751607,482.9755859375,16429854
2014-02-17,482.97552233406856,488.88364381771436,480.54278960170683,484.2663879394531,20055616
2014-02-18,484.96153741510653,492.35909969773206,484.6080561064706,491.6143798828125,32133487
2014-02-19,492.110888148022,496.03306121788916,488.8837687638729,491.5151062011719,28184641
2014-02-20,490.3234412507019,496.4798029280992,490.2469874822212,496.032958984375,37333379
2014-02-21,497.27421971736214,501.6432667632355,495.9337483265919,498.16790771484375,39490300
2014-02-24,494.89118007792234,502.3880450800766,494.89118007792234,502.33837890625,32337102
2014-02-25,502.4377251572496,506.3589290161837,499.95532532939757,504.42364501953125,53548379
2014-02-26,503.43053764290363,506.4094165638675,501.14674259125394,503.23193359375,21231256
2014-02-27,501.3453639503945,504.82072302157354,497.27422297789667,499.7566223144531,22887438
2014-02-28,501.2460853225535,502.53695121947686,497.5721523145279,500.8489074707031,37273631
2014-03-03,496.1821081221266,496.47998399142807,488.3377001328753,489.4299621582031,38155530
2014-03-04,489.38020505440267,491.9619063921803,477.6136262880094,488.0397033691406,33571611
2014-03-05,487.54325967168614,487.54325967168614,481.7841049779184,482.5784606933594,27282642
2014-03-06,484.71327605268783,486.25238178379664,481.68476106029783,483.4720764160156,18090626
2014-03-07,484.4153608527485,484.86217450396595,476.6702575683594,476.6702575683594,31978240
2014-03-10,476.6205994156766,483.72025436726165,475.87587972908966,480.5924377441406,33760630
2014-03-11,480.7413756209137,484.4153381958315,479.79808219953645,480.5924377441406,27941549
2014-03-12,479.6987808171072,482.3797535107438,478.755457091757,479.2023010253906,24078170
2014-03-13,480.69189869760186,480.890472498048,474.48589925744153,475.1313171386719,20068742
2014-03-14,475.42912067197,482.64895750642904,472.94672127351,473.8900451660156,26241145
2014-03-17,475.8263510082164,476.57701019725994,471.7234221821987,473.4928894042969,28048625
2014-03-18,472.6985826436001,477.11726664097307,471.7056226714024,473.64190673828125,31950022
2014-03-19,473.79073685354774,475.6793542907988,470.1664398403501,473.5921630859375,21131152
2014-03-20,473.64176632157637,473.64176632157637,464.30795141058496,464.953369140625,56121528
2014-03-21,465.2016501953125,470.66292890625,459.379920544064,465.44989013671875,95672791
2014-03-24,467.1379438617695,470.06715705144745,464.8541181702942,465.20166015625,30041707
2014-03-25,466.8401068721969,472.9964705835972,462.7193292069731,470.6133728027344,34229979
2014-03-26,469.91825991555305,476.3724990903045,468.6770600742547,472.8475036621094,20619791
2014-03-27,470.76220903949894,473.7907240626521,468.1805077084512,472.9963684082031,21691327
2014-03-28,474.5354867877891,494.1871698879743,473.59219315062336,480.7414855957031,24941453
2014-03-31,481.93300707652617,483.1742067288801,475.4291027165561,476.62066650390625,32543386
2014-04-01,477.31584097740114,481.535920595956,477.1172368742589,480.8904724121094,15140860
2014-04-02,480.7414967428402,484.71333607200165,478.6066391639617,481.9826965332031,17401970
2014-04-03,481.43649922184574,485.3586717135889,479.4009137287115,481.734375,15099992
2014-04-04,483.17425188931173,492.1903136735077,479.99676836120824,486.5999450683594,17303080
2014-04-07,482.5784516381208,486.0190536292134,479.4009682305236,481.4365539550781,27091359
2014-04-08,479.500368847763,481.7345288054016,473.5426089607266,473.84051513671875,25438495
2014-04-09,474.83326096283884,479.74839247122486,474.50656733707876,479.5001525878906,16198546
2014-04-10,481.1385533932158,482.8702933284808,477.6135589977926,480.5924377441406,14130714
2014-04-11,477.51448892537854,479.2521690381366,471.7553326727605,472.1028747558594,20172320
2014-04-14,468.23022675782073,471.2091064453125,463.81157340301337,471.2091064453125,58616939
2014-04-15,471.5069139931044,474.78366884301045,469.4713284506993,470.1664123535156,40336543
2014-04-16,473.1453973178206,476.52145495272146,472.6489173626078,475.1313171386719,14978231
2014-04-17,476.8193898499018,479.5996656455945,474.1383858090504,478.6563415527344,16169766
2014-04-22,479.8477732924032,484.762935910746,478.89751013566894,483.1741943359375,29349761
2014-04-23,483.27346510727995,483.8195807838944,478.95408464671493,482.429443359375,23684752
2014-04-24,484.0678646445178,486.2027219870202,482.5784250609962,485.90484619140625,32968766
2014-04-25,486.55024535267063,492.50800345902985,485.7380111186473,490.0256042480469,32281092
2014-04-28,487.39426443153803,488.7844019214044,480.5428487079129,484.911865234375,33475417
2014-04-29,487.5432153128049,499.11118981925404,487.5432153128049,499.0615539550781,46833949
2014-04-30,493.2528743345829,502.53705628849326,492.0116743488391,495.6856384277344,32946299
2014-05-01,500.35258481174,501.94132702111784,492.60750820728646,494.54376220703125,11872319
2014-05-02,495.1393623624667,500.25309890169797,494.2457046677112,498.16790771484375,25918238
2014-05-06,500.3523552081289,501.0404694490135,496.13227674932386,497.4727783203125,20305556
2014-05-07,492.3168070663958,500.7083008221955,490.57892625476455,497.92767333984375,27716859
2014-05-08,498.1264624340173,503.27355404825687,496.2892674886181,497.8285217285156,23748642
2014-05-09,498.12643905469315,499.2922899815578,495.54443792609385,497.4312744140625,13421419
2014-05-12,497.8285217285156,500.9348816484851,495.4451476157324,497.8285217285156,15642370
2014-05-13,498.5235148244531,498.5235148244531,493.90572338782437,496.7359924316406,16501859
2014-05-14,496.83545326723424,500.7084703465707,495.7430949179306,500.0133056640625,18438288
2014-05-15,500.9070225677584,501.8007840040634,496.57326000866664,499.5167236328125,23200504
2014-05-16,501.4035712235388,504.58142340805153,499.4978539576504,503.5883483886719,28256113
2014-05-19,504.87917640095867,506.72828102570605,502.3269671232768,505.5743408203125,20881686
2014-05-20,501.3042108522072,503.389674259428,497.53053825342045,502.7938232421875,21047351
2014-05-21,501.60214432307765,505.7730407714844,501.60214432307765,505.7730407714844,28272940
2014-05-22,507.5606365248529,507.5606365248529,497.530573003846,504.68072509765625,19289267
2014-05-23,504.0847425049417,504.40253369424204,501.20483182921737,503.4888916015625,12188353
2014-05-27,505.37583864677237,505.37583864677237,500.01323994986933,500.7084045410156,18387563
2014-05-28,500.2119018817431,504.4324707351812,499.1195132937219,502.59527587890625,17777391
2014-05-29,502.2972601215195,505.8723357361057,501.2049020029916,502.0986633300781,12034565
2014-05-30,500.41048506911744,503.0917996842762,497.5305736382486,499.5167236328125,34703105
2014-06-02,501.0063100185844,502.9924599096392,499.81460796145456,501.4035339355469,18274509
2014-06-03,500.01318132523187,501.8007039125385,498.0270316476739,499.71527099609375,12548163
2014-06-04,498.92079161435305,499.11941870407617,493.1609696872497,494.4023132324219,19707370
2014-06-05,495.2960382877422,498.6228448066616,490.87684346774284,496.2394714355469,16408652
2014-06-06,495.9415823031549,501.5028076171875,494.700238719944,501.5028076171875,14918045
2014-06-09,500.6090510161872,502.8931111083239,499.3180354937377,502.0986633300781,8316829
2014-06-10,500.9071154488889,503.687744140625,499.15435351292564,503.687744140625,27922504
2014-06-11,505.3758218577279,505.67376251813954,500.0489847039723,502.49591064453125,12553636
2014-06-12,501.70136926918536,505.47504114739854,500.3110403923571,504.7798767089844,15110001
2014-06-13,505.57443002767934,510.3967893044166,501.7014440373283,503.9855041503906,41582018
2014-06-16,503.9854995330919,506.96472416087374,502.0986633300781,502.0986633300781,21881353
2014-06-17,503.88626128804833,504.4821123639003,500.2119018817431,502.59527587890625,14439767
2014-06-18,504.4821853052885,510.9897855450938,501.40364622347494,510.837890625,31450319
2014-06-19,512.3272891824171,515.4494982637328,511.68176634814847,512.128662109375,21077322
2014-06-20,512.1287858807216,516.9948169776761,510.24191914951246,515.0086669921875,36497231
2014-06-23,513.8170161273187,517.68997216095,511.43361194317157,516.3989868164062,15358384
2014-06-24,517.392152549904,523.1519762907241,516.99986847011,520.2720947265625,22225172
2014-06-25,515.5051508369841,516.8954799271215,512.3680306557023,513.3204345703125,19999577
2014-06-26,513.2211611922451,514.4128633456596,508.1565028058454,511.93017578125,14491192
2014-06-27,512.4265838125649,516.2002558344261,511.0362548828125,511.0362548828125,12082603
2014-06-30,512.7244356391677,515.7036596238374,509.5664654889138,511.33416748046875,18424812
2014-07-01,512.9232084025501,514.9093582898785,510.1426106827873,511.73150634765625,13194587
2014-07-02,512.2280783753334,516.3990055425983,511.0363762400451,516.2003784179688,14398136
2014-07-03,517.0941070274956,518.0425105183571,512.0293887241216,513.3204345703125,14035678
2014-07-04,512.9231171589311,517.7385357343468,512.525863007139,515.6044311523438,6617023
2014-07-07,515.4058012031422,515.8030553527198,508.5873222515986,510.14251708984375,14470798
2014-07-08,510.73849816796644,511.2350357047062,506.3689739059063,507.1634521484375,20284974
2014-07-09,506.07101219936686,506.3689225687092,500.01324880404735,504.4820861816406,15635234
2014-07-10,504.38271876641585,505.3757936331764,499.0201205471571,500.2118225097656,13941220
2014-07-11,501.40354575363875,502.36088966213674,498.45808200148065,500.3111572265625,11849198
2014-07-14,499.9138488769531,503.64284960456246,497.72910249799406,499.9138488769531,13806386
2014-07-15,498.9208210060083,502.19798634206546,496.3884921471719,496.8353576660156,14329299
2014-07-16,498.0270781455409,504.1841548433165,497.33191357099656,503.0917663574219,14849061
2014-07-17,501.40347020304193,522.1587278651526,492.4657968293469,493.35955810546875,34406999
2014-07-18,492.31698079723014,493.86120530414377,489.0299046409153,490.28118896484375,23742999
2014-07-21,489.03983239966664,492.7141919903641,488.4439812939128,488.642578125,26333413
2014-07-22,491.8203277281797,495.5443584782669,490.5789841448173,495.0478210449219,19391611
2014-07-23,493.45883220253165,498.2305490543268,491.6216378724417,497.3318176269531,20260697
2014-07-24,496.53748446710966,500.50978434284656,495.24649912999234,500.3111572265625,13304704
2014-07-25,498.42421291102517,499.5166012015402,494.89880965724643,495.64361572265625,21310002
2014-07-28,495.99121069276,495.99121069276,490.57894102254676,493.4092102050781,18728252
2014-07-29,496.09061153201895,497.82849280795807,479.9352921632339,480.8965759277344,36876115
2014-07-30,478.66208707673843,482.96111812705067,476.1793999031039,478.413818359375,33202040
2014-07-31,481.6412681390431,484.52117893883326,479.40684988478984,480.648193359375,37728223
2014-08-01,480.54893274600147,482.5847544522812,473.3511400123233,479.60552978515625,26500963
2014-08-04,479.1584537503903,484.02451281531427,476.82472257761407,481.1942443847656,21748491
2014-08-05,484.3722306863209,486.7556041302444,478.9599609375,478.9599609375,19567945
2014-08-06,471.7688975443046,474.84781641132815,469.83214994618027,470.4777526855469,38584512
2014-08-07,470.77565872201285,473.4076262794532,465.2634242090719,465.90899658203125,28960982
2014-08-08,463.17771376468534,465.61102973516773,460.5208919588704,460.8933410644531,28088690
2014-08-11,466.6539775831764,469.48459728534766,464.1789243794811,465.80975341796875,25234495
2014-08-12,467.2497709251316,468.68988909850395,463.5252803405758,465.7102966308594,18308717
2014-08-13,466.455222869485,469.0871903125844,463.71401824477755,467.0511474609375,26640008
2014-08-14,467.54771822589936,471.51056651018115,465.8592703695985,468.7892150878906,18013778
2014-08-15,470.2790712405125,472.26546647278496,466.15730719554426,467.7464294433594,24316976
2014-08-18,469.63346365466714,473.64599020992904,469.63346365466714,470.775634765625,18663603
2014-08-19,474.0034984638873,478.32391357421875,472.41437643008953,478.32391357421875,22851968
2014-08-20,480.65812579950165,482.1975703883815,471.8027579891621,477.7281799316406,18554952
2014-08-21,479.8138480115355,481.7505654740645,478.22472551997987,480.5587463378906,13855321
2014-08-22,480.11160118011304,481.89937462682775,476.7347361940674,481.800048828125,14780885
2014-08-26,484.43213496892895,484.43213496892895,479.466146911841,482.44573974609375,20628866
2014-08-27,481.94917094226076,483.6177357589157,480.31040084340356,482.09814453125,14193820
2014-08-28,479.8137458239616,481.89946675555086,477.52937325698895,479.06884765625,21660950
2014-08-29,478.62189558009794,480.65796875336014,474.20218464737627,478.37359619140625,27674998
2014-09-01,478.6715752201438,479.7144205320895,476.7348278579771,479.4164733886719,15753898
2014-09-02,481.20428878440293,482.8331475718072,472.5634566141241,474.0532531738281,31220408
2014-09-03,474.7980818474362,482.2967416179561,473.2586377520894,480.4593200683594,37636868
2014-09-04,481.4028555104652,485.4749411405156,450.7130275475168,451.9048767089844,89162272
2014-09-05,453.8912794253072,464.07155429206733,447.23684372987043,463.6246032714844,67696818
2014-09-08,465.0647677141612,465.77987118551243,455.1327918953857,465.51171875,32296186
2014-09-09,464.6177442231706,478.7241301885053,459.5524615934921,463.6742248535156,31743908
2014-09-10,464.2702947752641,470.7260800725863,463.7240178333431,468.3920593261719,36036865
2014-09-11,473.10961741205324,475.11586537508396,458.91781741286644,468.98785400390625,33553537
2014-09-12,469.38518949364243,491.53348373978315,455.54895403915606,466.95184326171875,29882239
2014-09-15,463.8233265477391,465.1144714355469,459.35393689149754,465.1144714355469,20628521
2014-09-16,465.9090095905618,469.78447470552635,462.43281792066205,469.13690185546875,22333544
2014-09-17,469.3851775441632,475.07618022066276,466.60420616276406,467.845703125,22949126
2014-09-18,467.5478085749411,472.662770572765,466.75820308173905,468.09405517578125,24535855
2014-09-19,471.8680957905126,475.1456351211706,470.080322265625,470.080322265625,49019968
2014-09-22,469.83209252645787,471.97740288819875,465.3627035169937,466.7532043457031,18766913
2014-09-23,466.8028728759654,468.0940176343941,461.68791128836415,462.8797302246094,23290769
2014-09-24,462.87972454597156,464.8164719698399,452.05190673143846,461.7872314453125,27417864
2014-09-25,459.7015367502667,460.59540857013053,447.08791451556436,448.7266845703125,54816540
2014-09-26,447.7334782585434,450.62368699115694,437.7220595118495,448.62738037109375,39203828
2014-09-29,451.11048027173115,453.5437968434673,441.0096446960949,453.245849609375,26906079
2014-09-30,453.8912564735019,455.39296454314956,447.4851204889968,450.36541748046875,30956523
2014-10-01,451.7559787952241,452.3519034757552,446.4920128121857,449.6702575683594,23032125
2014-10-02,449.32264309118966,449.81924195188066,436.858023811842,437.1063232421875,32611088
2014-10-03,443.909770301336,444.65466865379824,438.69548183410024,441.9730224609375,23157149
2014-10-06,442.4198268738815,445.39941929558915,439.3409086427873,443.0653991699219,22079354
2014-10-07,441.92342366937635,442.46967039772125,437.45403305929835,438.74517822265625,24376338
2014-10-08,439.3907315842407,441.178505936067,435.64935690566597,437.1560363769531,25775990
2014-10-09,439.6886327245355,442.13983179006937,431.6437253143012,432.1899719238281,23910058
2014-10-10,430.94840413360447,431.54432871626807,425.1381924951057,425.2375183105469,34686653
2014-10-13,424.9892502530112,431.4947127691342,422.655229813028,429.01171875,31123117
2014-10-14,426.0818234469564,427.14852289423743,420.37093653595406,423.747802734375,42723816
2014-10-15,424.1946343166002,426.0320556496593,413.8653869628906,413.8653869628906,33743153
2014-10-16,416.944353720732,420.4205454321578,402.5926661266945,417.14300537109375,53984004
2014-10-17,419.72543513131313,428.60462670869117,416.64651560477364,425.5852966308594,47852726
2014-10-20,425.8831171668849,427.12461416225244,416.7953652227916,419.0300598144531,25041176
2014-10-21,417.54026604375383,431.18979209194805,416.7953678418525,430.70013427734375,28861085
2014-10-22,430.60080059231717,433.1831203737523,428.21713245175584,431.2960510253906,31238211
2014-10-23,428.5150691191054,437.6395557873942,423.7973810423253,435.96405029296875,32500838
2014-10-24,432.83552401418257,434.32532049010564,428.96205923878,429.9056091308594,22040356
2014-10-27,435.2687914336857,436.6096140808171,425.2374909199376,427.3232116699219,18065389
2014-10-28,433.03408527156034,435.7653782405897,426.67762769654274,434.02728271484375,23179091
2014-10-29,435.1694873002758,444.9703718236099,431.94159536046664,442.2708435058594,31662836
2014-10-30,444.2572148096672,444.93161189334614,433.1830691159954,440.97967529296875,30746228
2014-10-31,446.8396421376147,449.28290000905537,441.32740698997674,445.9457702636719,40266923
2014-11-03,444.604813232266,446.8891854546143,439.3408790985574,440.68170166015625,25457679
2014-11-04,437.00693175882293,437.20558339725255,426.87630439860186,427.47222900390625,57000031
2014-11-05,429.30977926669755,438.0995864773609,425.34492900539533,437.1560363769531,29968247
2014-11-06,431.2094648249722,438.65952458243765,430.5637990421994,432.9974670410156,29360080
2014-11-07,434.48751640347126,440.9442354158884,432.2743549469868,438.3615417480469,30465502
2014-11-10,435.97768332469104,439.70271484714124,433.99099984605095,436.67303466796875,26362707
2014-11-11,436.67293130377954,436.67293130377954,429.91819088667717,430.86187744140625,23621452
2014-11-12,431.65656072345035,434.1895998780548,428.0805553759263,431.0108947753906,23668673
2014-11-13,432.2525463159909,433.44456823802943,425.34884110111676,427.0871887207031,33405744
2014-11-14,426.0939272116849,431.65661638710804,415.965801099552,428.9249267578125,26617277
2014-11-17,428.1798542475554,431.3108747521372,426.4415065705962,429.570556640625,19093311
2014-11-18,431.110243563884,436.9560684335486,430.9145642466589,434.686279296875,24154022
2014-11-19,435.0835905700925,437.2192687988281,430.61355368067376,437.2192687988281,28971687
2014-11-20,438.1630110212653,440.1198952983793,433.94130897847873,438.4113464355469,22571827
2014-11-21,440.34827017450397,447.7983313458369,439.8148584054171,445.2156677246094,30718121
2014-11-24,447.00363385731396,449.44130361706385,442.2852621665978,444.2222900390625,21824046
2014-11-25,442.73232435126505,442.73232435126505,437.3682559310001,439.5536193847656,27740336
2014-11-26,438.4609175472143,439.61419766126227,433.3452150541494,434.9842224121094,20470150
2014-11-27,434.2392544493986,434.4875898380022,421.77283006724866,423.3621826171875,33365396
2014-11-28,420.13391153278917,420.13391153278917,406.07810130986724,417.4022216796875,61059819
2014-12-01,411.24338052011086,418.2961112247562,406.12767786395585,411.74005126953125,40014089
2014-12-02,416.90552468283784,434.5373399029671,416.90552468283784,430.9613037109375,47305268
2014-12-03,434.8352855571346,436.8716237121185,426.88855275426295,433.9412841796875,33720104
2014-12-04,434.53726649731027,435.61206276544294,421.87216192938854,424.0574951171875,34525319
2014-12-05,425.8952557099862,427.0823063220526,419.68687005823716,421.6735534667969,31672276
2014-12-08,420.53112704236895,422.1701344426238,412.8496155808937,414.5213928222656,29844845
2014-12-09,411.2435210195028,411.6408516919099,402.40278472229915,403.24713134765625,48288784
2014-12-10,405.28342604562226,405.92909210757307,395.4990039372813,396.9393615722656,42767610
2014-12-11,397.7339141650303,404.5383092228134,395.3995556732451,396.1445617675781,50310401
2014-12-12,393.4626470785813,396.8896576996064,383.0434725747041,383.08221435546875,51830299
2014-12-15,382.33713171616125,390.1944665043987,370.51637410127466,370.76470947265625,55316426
2014-12-16,369.7216418907466,381.3934020996094,361.9735616060281,381.3934020996094,76073874
2014-12-17,377.7678109310904,395.05197959802786,375.2348018925121,394.9029541015625,61511453
2014-12-18,402.3033278299852,404.3396658821387,394.30694047664673,399.86962890625,64513794
2014-12-19,404.88614319069603,414.12421024867194,399.3234227806258,410.25018310546875,80946412
2014-12-22,417.20335331122556,424.24216843128653,407.81626573597447,410.8956298828125,38437040
2014-12-23,412.6837241639862,415.17104901214606,410.6473559701173,413.0810546875,26306897
2014-12-24,416.55778625519974,419.58746586567486,412.2863993892697,414.0744323730469,5998718
2014-12-29,416.1107065196541,417.1537331785855,411.49167507116874,415.2167053222656,13923576
2014-12-30,411.74009550593047,413.05628525905365,405.28537581885337,406.57470703125,23000275
2014-12-31,407.2203702239134,409.1573680086773,403.54499445634457,408.26336669921875,8194841
2015-01-02,411.1937055749211,412.88236785220624,401.458941171048,407.7170104980469,19207206
2015-01-05,405.28329943796604,406.80908253003935,385.21779062435616,387.10516357421875,48914106
2015-01-06,388.3965730721404,396.54198647459737,380.15184975927684,388.44622802734375,39403991
2015-01-07,390.4328531900048,397.33658854166663,383.6284883627295,391.1282043457031,42160052
2015-01-08,397.6345667919535,403.4456202859266,393.1148753601828,402.30328369140625,37480336
2015-01-09,402.20389720930064,405.28326138564427,393.16448507140336,395.9955139160156,33007664
2015-01-12,396.5419250327123,397.3316145214941,387.9494971072507,393.9095458984375,32326873
2015-01-13,389.7871985777064,395.5247400523638,382.2507110385764,393.6612243652344,32208300
2015-01-14,388.49591901522655,389.19123997020995,376.7744695485675,379.6054992675781,47314935
2015-01-15,388.99255932308347,393.6612464468235,374.19177620419947,389.98590087890625,55518121
2015-01-16,389.63814754058296,412.09561065207566,382.81886882087343,410.59765625,61106292
2015-01-19,410.94545683792353,412.0381084123389,404.5383910056359,406.1773986816406,27652612
2015-01-20,407.766720996641,415.6141134620805,405.53170242844993,409.4554138183594,35119529
2015-01-21,411.04464484807625,423.1634216308594,401.4072510443929,423.1634216308594,46821026
2015-01-22,428.67653570282386,433.04726279396453,422.41849603545734,425.5475158691406,41172200
2015-01-23,429.81886413405607,431.11019591311464,420.18343979550116,429.5208435058594,32130256
2015-01-26,425.1502076585635,436.4742959118268,414.7201207884352,436.07696533203125,40094631
2015-01-27,436.0769377501674,442.71245198763495,427.48453945874024,437.6662902832031,41562958
2015-01-28,440.09995548875196,440.09995548875196,425.83855638882363,430.0672302246094,39868599
2015-01-29,421.7727828032874,423.362135175123,415.266378162355,422.0211181640625,42822464
2015-01-30,423.0144818450262,428.17983943206576,417.2530829835424,421.6238098144531,48713739
2015-02-02,427.58388768585047,434.7856140136719,423.51118121689643,434.7856140136719,48135826
2015-02-03,456.3906973211791,460.01638720120013,425.99444581923586,446.8546142578125,72458544
2015-02-04,447.0036754716862,447.69902664817073,434.686246921564,442.3846435546875,41632218
2015-02-05,438.31191884982155,449.4880106396504,431.95651000855133,447.1029968261719,34601064
2015-02-06,448.2453668614459,451.8710573947904,443.7753299619966,447.5997009277344,33548478
2015-02-09,446.3578800151964,455.6952813522378,444.1725172213839,454.0562744140625,34913795
2015-02-10,452.76511216628717,453.8081390879275,439.7523607964107,443.3780517578125,42714657
2015-02-11,445.0170899811295,445.7620962701604,437.46768685607293,442.83172607421875,26417386
2015-02-12,436.4401729712026,445.9280212733918,436.30110012808143,441.4076232910156,50451230
2015-02-13,441.8547612090282,453.35936424824615,441.10964356786627,451.2432556152344,39397363
2015-02-16,451.2431444264319,454.37263168440626,446.97111947840534,448.9580993652344,22031561
2015-02-17,446.0771159619357,455.16754555751044,444.5868806079426,449.0575866699219,31877185
2015-02-18,453.2302478871901,453.77665537748413,444.5372085121425,448.36212158203125,29386241
2015-02-19,445.18301570903617,445.18301570903617,437.334448293245,442.79864501953125,30864949
2015-02-20,443.09665894356306,446.3255023103043,439.2717153530247,443.7921142578125,31763213
2015-02-23,447.07062142258445,447.07062142258445,437.980191517442,441.7057800292969,24771910
2015-02-24,442.0037518626367,445.58032238705107,439.371009087343,445.4313049316406,26724739
2015-02-25,444.43784453371,459.9641000750209,442.6495439924208,446.4744873046875,18737816
2015-02-26,446.2757879552456,449.7530034837338,443.09660734449113,445.0835876464844,24948389
2015-02-27,444.18950322153796,446.87190874373283,442.5005576447022,445.13330078125,30312502
2015-03-02,444.7855840463925,446.5738543165344,439.9174577086105,443.7424011230469,26288412
2015-03-03,445.232665778717,447.815746587096,443.3450402983729,445.67974853515625,31708689
2015-03-04,450.0510263662951,450.29939889740234,443.7821061066617,448.11370849609375,38273410
2015-03-05,449.30592838334985,451.3425710997553,442.234253969104,449.6536560058594,26614831
2015-03-06,448.0640484086619,495.9999471574822,439.0799178951639,444.090087890625,32460618
2015-03-09,442.2522071555517,445.4313882875037,429.4351876461064,442.79864501953125,26524624
2015-03-10,442.00382675435327,442.59992699590913,425.3132019042969,425.3132019042969,36729707
2015-03-11,428.04526103432954,431.0396480323139,420.54439179266694,422.3823547363281,29376608
2015-03-12,423.67388946446044,431.3813817344371,421.98494407045655,423.0777893066406,32319265
2015-03-13,423.4254487642425,424.81632869598246,413.27992333822925,415.5271911621094,29671487
2015-03-16,418.85552253615043,419.2032502099088,411.0566175057917,414.8815612792969,30319951
2015-03-17,416.6699058035407,423.7236943524423,401.4198207050315,423.1275939941406,41975610
2015-03-18,422.38228867121853,433.2610168457031,420.6436810838111,433.2610168457031,40014013
2015-03-19,435.14882147396514,439.02342820412684,431.5722497542302,438.0299377441406,37206285
2015-03-20,439.12270488865886,448.0641174316406,434.1055910893305,448.0641174316406,107732982
2015-03-23,446.1266993999656,447.46791704500185,428.96716624613816,444.98419189453125,28839139
2015-03-24,444.239045425966,446.9711429136028,441.2585754394531,441.2585754394531,31647851
2015-03-25,439.61938161933136,446.8718474258253,437.2042073608282,445.4313049316406,25051870
2015-03-26,446.0770994003546,455.9623390090642,441.407683336972,443.19598388671875,59179165
2015-03-27,442.7489231551807,444.53722379372925,435.3961008562431,440.7122802734375,31456513
2015-03-30,443.4443564364962,445.1829642849386,440.2363727027492,443.19598388671875,28630921
2015-03-31,444.5371972678607,445.18295982703273,416.010100329622,433.857177734375,37357866
2015-04-01,434.9499894083224,442.2521483073925,434.4035819359686,439.2220153808594,25009287
2015-04-02,440.8115747095483,442.126930392166,435.1486689450277,439.96710205078125,20899148
2015-04-07,447.07069497350636,454.32316300884116,443.34510584872714,451.8891296386719,37525452
2015-04-08,465.2513575932056,473.2489703313205,453.72689778093803,454.3229675292969,85533059
2015-04-09,454.9191956722106,460.68145751953125,447.4183561441611,460.68145751953125,43840700
2015-04-10,462.91674443906646,470.0201929005059,459.4772759839782,469.17572021484375,32900839
2015-04-13,467.1390579368468,469.37341014153446,462.0692507822359,467.933837890625,25583671
2015-04-14,464.9533777991186,469.2750659001365,463.76117752335074,467.8841857910156,30898784
2015-04-15,467.43718083378025,476.0537262310561,466.44369054507933,472.7026672363281,41544878
2015-04-16,475.9811949246904,476.47794006021627,467.78490018851323,470.36798095703125,36986444
2015-04-17,471.31182480561654,476.87537693362617,470.41768953764995,476.2296142578125,49267432
2015-04-20,476.62697081909647,481.3957121254672,475.99909635020776,480.2532043457031,30145205
2015-04-21,479.3094603602192,484.2272196976293,476.54258593051344,476.8753967285156,43279271
2015-04-22,477.32243899797214,481.0480277184717,471.907904596612,476.6269836425781,29213899
2015-04-23,478.21653048632396,482.1904914247059,477.1236851644857,480.998291015625,26140591
2015-04-24,480.99824333143164,484.32644135116584,473.99414999945685,475.2856750488281,36573952
2015-04-27,474.2425233634229,475.7824209495153,468.1325650794674,473.7954406738281,32689189
2015-04-28,476.8752154130113,482.6871381646393,467.983467498059,473.0006103515625,64846241
2015-04-29,470.36805653649606,472.8517826132144,462.1717604833254,465.1025390625,40355209
2015-04-30,467.0397033691406,469.77180115171825,463.0657429581186,467.0397033691406,38341557
2015-05-01,466.4436040243346,466.8906866988875,463.31411625919975,465.5494689941406,18680928
2015-05-05,472.60327190215344,478.7132302016538,467.9884907960248,471.858154296875,27802382
2015-05-06,470.5169678411763,473.24906590892937,465.9469068276974,470.2189025878906,34456871
2015-05-07,463.4775257852061,464.37178440552583,451.50429708742263,454.1871032714844,42674517
2015-05-08,458.50929783530216,461.29144195262757,455.18064054711516,458.3602294921875,33876066
2015-05-11,457.6150472283483,463.92458673541887,454.43545801813815,454.7832336425781,26390871
2015-05-12,451.2558215148402,455.72714425866394,448.3246392433034,453.1437072753906,40564021
2015-05-13,453.0941162109375,458.45969836460426,450.908123696468,453.0941162109375,27419316
2015-05-14,451.4545474451337,463.3651568147638,448.2252588801801,453.888916015625,19548052
2015-05-15,453.29276956717365,464.33492556898074,447.112406777608,449.5169677734375,26021675
2015-05-18,447.77809320030053,453.4914496205231,446.3373519490585,449.4175720214844,26639675
2015-05-19,451.6035776437407,454.6838281323328,445.2344234379804,449.46728515625,28684189
2015-05-20,448.3247050077236,453.6932586868091,442.710685814039,449.2189636230469,26462187
2015-05-21,448.0266291378452,455.677572939429,447.72855302011266,455.0813903808594,28951791
2015-05-22,455.97561223384605,458.708087610444,453.83931936767175,454.83294677734375,22676408
2015-05-26,454.83284346665084,455.5780638546355,446.38701240282444,448.8214111328125,28740011
2015-05-27,449.11945140354334,454.2366249290315,447.52964197112465,451.504150390625,23281869
2015-05-28,450.162726048248,452.0506417150363,446.53599335478697,450.4111328125,19784324
2015-05-29,450.11328653091203,453.98842796622563,446.7707098205752,447.87762451171875,34072065
2015-06-01,449.3678338344451,451.40475715984786,443.7538470606673,444.5487365722656,25069117
2015-06-02,447.13228031922495,453.11690767303645,439.4306681625898,447.0826110839844,27661476
2015-06-03,447.13229457029445,450.6596594315537,444.3501501999857,446.6851501464844,27032854
2015-06-04,444.79720513900355,444.79720513900355,437.0469251932093,437.3450012207031,26387595
2015-06-05,435.70549948983637,443.15770301588833,432.6252493011162,440.52459716796875,28788941
2015-06-08,441.3692231037714,443.1239600406454,434.91064617595856,439.0838623046875,19899296
2015-06-09,440.6736765131232,441.17049012813237,435.35776476790585,438.5373840332031,19248873
2015-06-10,437.19596324432655,441.17841665208095,436.94755644702866,440.72332763671875,29431176
2015-06-11,440.8227472937824,446.33739702407615,439.7178342170574,443.9526672363281,26769176
2015-06-12,440.92211160646383,443.0584042234304,433.61894493270046,434.8113098144531,28390688
2015-06-15,433.2215460491011,436.2520974874057,428.1967654989963,432.277587890625,21333708
2015-06-16,432.724659664421,443.7539280075135,426.564158694954,429.6444091796875,36440527
2015-06-17,430.73749463311555,437.5438486521464,429.2470534752155,432.2279357910156,25693061
2015-06-18,432.3272176073091,432.33118993300076,427.9334008689543,431.6813659667969,22906779
2015-06-19,429.84326117763294,433.7680715961057,426.9120479328492,428.6012268066406,41744237
2015-06-22,433.27116552842057,436.84822981931603,431.7807246008056,436.5998229980469,21651810
2015-06-23,436.7985921959368,437.94125759185135,433.42026524680244,436.1527404785156,17454245
2015-06-24,436.0534255346974,441.816452787765,433.7680641375053,439.28271484375,21193349
2015-06-25,440.4253424309711,444.6482588558592,437.34509144466773,439.48138427734375,22125576
2015-06-26,439.58072582441224,440.22657752590413,434.26481353102577,434.7616271972656,20290370
2015-06-29,426.0674126553305,431.28395645224975,424.4279335266333,424.82537841796875,27762140
2015-06-30,424.8750702285283,424.8750702285283,417.4725341796875,417.4725341796875,32718186
2015-07-01,422.2916076768147,423.0864973973196,415.3292725018495,416.4788818359375,30738126
2015-07-02,418.01905081435285,438.63681894536325,416.67764778699217,434.61260986328125,66373831
2015-07-03,436.202529095146,442.2139641208584,429.7936187593793,431.6318359375,34957225
2015-07-06,426.912038544902,431.88017591962006,425.5706353891073,426.76300048828125,27122614
2015-07-07,425.0241360109182,427.11075969242466,414.1439034507722,415.88275146484375,41700022
2015-07-08,417.3731320458334,423.533633387989,416.5285731057673,420.5030822753906,27717789
2015-07-09,423.43439079613285,426.2165662379385,419.2114735447936,423.33502197265625,29587253
2015-07-10,428.452178176885,429.3961060816897,420.5528276430081,424.2789306640625,29506147
2015-07-13,430.48900568276036,430.48900568276036,422.2915808774914,426.0673522949219,21029539
2015-07-14,424.6266136846487,428.2036778689174,421.44699433794375,426.4151306152344,27453473
2015-07-15,426.6138043004868,429.7139160215086,423.13610942724694,424.3781433105469,23381109
2015-07-16,425.27243201088567,425.27243201088567,418.4164105500955,419.3106689453125,27706682
2015-07-17,419.6584271519975,419.74187630603683,412.8024059749851,414.2928466796875,24825012
2015-07-20,415.33620151681004,417.96930773453386,412.9018025604986,413.94512939453125,18523113
2015-07-21,414.4420064638553,414.4916757060359,409.7222761788005,411.36175537109375,27275395
2015-07-22,410.16932091758235,410.7158341045992,403.99693312032184,404.00885009765625,28926749
2015-07-23,402.81644193586334,404.45592067440384,397.55023015192256,398.4444885253906,37226244
2015-07-24,399.140145333401,400.02943095484295,391.5885709034541,392.18475341796875,33652229
2015-07-27,391.0916874279995,393.87383156862217,381.70189788797836,384.8318176269531,34841570
2015-07-28,382.5465230828778,394.25642483731656,380.5592684175122,390.14776611328125,44690282
2015-07-29,393.5260165355419,396.55659750537995,389.1540631856296,396.0597839355469,48660079
2015-07-30,396.4572342185308,403.26358628414454,395.0661622683478,398.4444885253906,35395714
2015-07-31,400.33237471695526,400.33237471695526,389.89928958861935,392.92987060546875,35454814
2015-08-03,390.1974479277256,392.8802234100975,384.73249784651426,388.9554138183594,38979439
2015-08-04,387.46508671087497,390.1975625541869,383.2918387482102,387.9122009277344,46565943
2015-08-05,387.51466473768477,394.8178317915919,386.4713681541695,392.532470703125,29017985
2015-08-06,383.6037729027169,390.56231966373815,377.79008271408344,380.8211669921875,36164211
2015-08-07,382.01364472543787,388.58262571908324,381.4173634504615,383.2062072753906,38213280
2015-08-10,384.00121824736146,385.2931660291402,377.14405959311165,383.1068115234375,65915620
2015-08-11,383.1566089520698,387.6783821118063,378.0982097868444,378.1379699707031,31211530
2015-08-12,375.65335643631704,382.4111295531284,373.86454306072676,381.2185974121094,46452717
2015-08-13,386.88330048400456,389.3181035628745,379.87707743946083,380.771484375,31285176
2015-08-14,377.8396526667668,380.07568420596965,374.7588920360192,376.8955383300781,29732534
2015-08-17,377.64098108507324,378.6347731405603,371.82729149484874,375.8024597167969,22658380
2015-08-18,375.9515207534301,377.4422088298959,370.7341124857997,371.4297790527344,21498497
2015-08-19,371.1813810387436,371.1813810387436,364.1254504607344,365.2186279296875,30153663
2015-08-20,362.83341754520404,372.52288827082964,360.29923008162933,367.30548095703125,38485997
2015-08-21,361.541578507746,366.8852130661609,354.9825744628906,354.9825744628906,35801078
2015-08-24,343.00731635119377,360.59744758074265,324.2246528711783,328.9948425292969,72815022
2015-08-25,333.6159606800784,336.6966913788593,330.58487711807544,333.26812744140625,89785236
2015-08-26,328.89547289967,337.7898930586717,325.41720091692497,329.1439208984375,66939846
2015-08-27,335.6036122408089,351.94650066256423,331.62844374676615,349.0198059082031,53787143
2015-08-28,352.79619785684486,358.5601799440998,346.68438246664067,358.2620544433594,47119280
2015-09-01,356.22485643613965,361.4879704261284,345.1440482037639,347.23101806640625,55287204
2015-09-02,346.8334146723006,350.808582748774,339.86692291328086,343.1563720703125,46152328
2015-09-03,348.8209721492908,356.52285971099167,250.982158349916,353.640869140625,40384465
2015-09-04,347.8271646550263,348.62218604298903,332.80998279039454,335.8022766113281,48708946
2015-09-07,337.69055199707924,343.5539497980083,333.4609911519136,333.9141540527344,20930730
2015-09-08,336.99486597092886,344.4483058095894,336.0010739924408,338.0880432128906,45803881
2015-09-09,343.1564156904436,345.3934488459633,339.8272362657109,340.3738098144531,29531519
2015-09-10,337.69060159701553,339.92663420704673,330.9825037669219,333.2185363769531,44684220
2015-09-11,335.05696113863917,337.34270089734036,330.98240794106266,331.42962646484375,27504805
2015-09-14,333.8147478229759,337.39240531461786,327.70293270248965,329.93896484375,26567261
2015-09-15,331.5787135107291,337.8396216621414,326.41101301497196,336.5973815917969,55440891
2015-09-16,337.49171242308347,344.99482862811004,335.15629555080454,343.7029113769531,33785344
2015-09-17,343.25586022130466,344.6272984712468,340.7713794288399,343.55401611328125,48618779
2015-09-18,341.71543718760563,345.2433871924103,327.5041912314017,331.3800048828125,75436952
2015-09-21,328.94509104769486,334.3085886319837,328.05365663474936,331.479248046875,28372226
2015-09-22,332.5724994227527,332.5724994227527,319.8519734686864,323.1811828613281,44325848
2015-09-23,324.4731168816251,332.03091663247625,323.8768355629246,327.4048156738281,29369385
2015-09-24,325.2681875971794,325.317895405994,319.70297532293233,320.8955078125,32789601
2015-09-25,327.106664831811,332.7215841514824,326.23709674116765,331.23089599609375,32227297
2015-09-28,331.5289869494619,333.1190600696851,320.97689305500705,321.0444641113281,23460307
2015-09-29,317.91398972366164,327.9512929367433,317.91398972366164,324.1748962402344,31380395
2015-09-30,327.9016683768637,331.926513671875,325.96376192926647,331.926513671875,36272700
2015-10-01,336.9451889405782,347.6781614851193,336.9451889405782,340.1253356933594,46504167
2015-10-02,340.57256854122767,350.80861515238297,339.678131378903,349.26824951171875,43168591
2015-10-05,357.6160852509455,366.85833944295,353.8396571585453,365.7154846191406,44442893
2015-10-06,368.2993367855261,376.64718387167414,360.0508446410649,375.7527770996094,39379110
2015-10-07,375.1565094388425,391.40501597950123,374.56022812642675,384.5975341796875,67363332
2015-10-08,382.3614619688769,387.28074437107114,378.0384608166643,386.535400390625,33194534
2015-10-09,390.5601255117208,394.83341755274046,387.92658365722656,389.1688232421875,34631564
2015-10-12,388.32426906511995,390.8584268279596,381.168953703494,382.41119384765625,25522097
2015-10-13,380.7217346450361,382.510548176649,373.914253140181,380.3739013671875,29372846
2015-10-14,376.9452927233198,381.16890871496736,372.97012473118093,375.3055419921875,26910649
2015-10-15,379.08196510917946,383.9515397739042,377.24344386985115,377.2931213378906,29203586
2015-10-16,380.6223882834117,387.4298704841325,379.7279814261783,381.6161804199219,24500389
2015-10-19,381.2683135859639,384.59752301619966,373.21859192232506,374.9080505371094,19028769
2015-10-20,374.4607892925533,375.85212226522503,368.6501028864568,374.21234130859375,23317484
2015-10-21,376.29943415973645,383.00355894671685,372.8708690507203,378.5851745605469,33070294
2015-10-22,378.6348505490808,388.02619952466154,378.1876319014311,386.1379699707031,37359480
2015-10-23,389.4672561223544,392.5976962825295,383.5045014065394,385.69085693359375,26356321
2015-10-26,384.3490586390827,386.8335386561421,380.1254426100818,382.0136413574219,22654729
2015-10-27,387.57891203227797,390.4310904555023,374.4111669440018,377.6409912109375,44460183
2015-10-28,380.2745231597558,390.7093397202328,375.10682267906225,388.57269287109375,38910492
2015-10-29,388.42367269603824,390.46093449747747,379.8273765578698,389.2684020996094,71056854
2015-10-30,390.6099314025419,391.5043684603106,381.2215874053284,384.001220703125,31703595
2015-11-02,384.0012916369053,386.7839279330773,378.48575717848604,385.8398132324219,20452411
2015-11-03,387.28077295698773,400.74664306640625,384.15030374554874,400.74664306640625,46089592
2015-11-04,400.39871470091884,408.9453303435898,399.20618272424895,399.5539855957031,45564464
2015-11-05,390.72421854587424,393.5072839881516,384.90956825893727,388.0902404785156,30484394
2015-11-06,386.84775631177934,392.6623756820758,382.4743248654522,384.1640625,31363217
2015-11-09,383.8658147626929,389.92892202399764,380.2875671386719,380.2875671386719,24678373
2015-11-10,382.8220872716868,384.51182433983274,378.7468622444307,380.1881103515625,25364595
2015-11-11,381.48030113748547,382.351013631846,374.67172679558774,375.615966796875,23116290
2015-11-12,374.1251507550833,376.8585306202791,364.88136916240416,365.03045654296875,32428210
2015-11-13,363.7382455430772,367.5649522469981,358.17208533764745,362.2969970703125,27349974
2015-11-16,360.15999430082303,370.8450222393289,360.15799231407493,366.4219055175781,28733683
2015-11-17,375.66573554297383,377.90213685974027,372.23657472401163,376.2620849609375,32865715
2015-11-18,372.7334415211397,382.57359831067276,370.8558514091022,380.1881103515625,33870614
2015-11-19,381.7784714638591,387.5931196095624,379.6414723219345,382.8221130371094,30063992
2015-11-20,382.37483555468,383.3190754318784,377.35534020825327,378.995361328125,32153367
2015-11-23,372.7333634915668,383.51778820854656,370.447277662066,378.4486083984375,29628073
2015-11-24,378.39913399566325,384.66104586486017,375.5166367756454,383.56768798828125,33094964
2015-11-25,384.3628592548915,386.99683701260466,379.8403405264266,383.7664794921875,33263830
2015-11-26,383.7665144507758,388.5374923207425,382.97133125035634,387.245361328125,20478427
2015-11-27,385.1082687588155,386.0028231024695,382.7724660653471,384.21368408203125,19857588
2015-11-30,382.47433843050277,386.64896665618915,380.8840327570378,382.921630859375,40098976
2015-12-01,384.0149080492886,385.1390538467931,379.9396823679895,382.22576904296875,20884696
2015-12-02,380.43675136066855,383.8659125264364,378.0512624481566,379.6912841796875,32004254
2015-12-03,378.2996044650546,379.9893112186142,366.1395397995128,366.3224182128906,39156513
2015-12-04,366.86911908856104,372.9819416458451,354.6434436408669,357.52593994140625,37017831
2015-12-07,354.0968909603265,356.03511765462673,344.5052198402388,345.4991760253906,32311531
2015-12-08,342.7160685602095,350.6180320899628,337.9450911710485,345.69793701171875,39928774
2015-12-09,346.64220213425364,354.6932528956115,341.8215088121397,348.3319396972656,35093272
2015-12-10,349.6736651326112,352.5561614402462,346.4433085347884,348.8288269042969,29934226
2015-12-11,347.3876797377005,349.127103026802,335.06262935583686,335.9571838378906,32322873
2015-12-14,336.4044138747092,337.9450335118792,326.8127143923538,327.3096923828125,39295227
2015-12-15,328.50244059284165,338.1935110793173,328.50244059284165,335.658935546875,40856201
2015-12-16,337.94505652031086,344.55485817680244,337.34867682453114,338.14385986328125,34985075
2015-12-17,343.11375481668193,343.7101043787031,337.6469947217838,338.2930603027344,30541924
2015-12-18,336.0067921401453,343.21297267847433,334.317085248276,337.2492370605469,44715167
2015-12-21,337.44807104695866,342.91482919352205,333.174072265625,333.174072265625,27116022
2015-12-22,339.93296041641565,343.2130031643744,336.35471266119566,342.8651428222656,24472063
2015-12-23,345.99600547795023,358.6689413943375,345.8469181808525,358.2216491699219,34897170
2015-12-24,361.7005011197457,364.08598891749944,360.75626133163644,363.7381286621094,7161881
2015-12-29,354.9913933058156,360.6569548620638,354.6932186273315,358.56964111328125,25250417
2015-12-30,355.8363212891368,355.8363212891368,351.76109478316465,353.0035400390625,17521298
2015-12-31,352.85439916923224,354.1962459087556,350.47485600004376,351.8604431152344,6942548
2016-01-04,349.12705125460576,351.31376662703263,341.7220667886936,345.44940185546875,30115031
2016-01-05,346.8907062205107,350.3695528444986,341.42394723995824,346.04583740234375,23383274
2016-01-06,348.28215153362396,349.89138462558,337.0504616666387,341.3741760253906,28972711
2016-01-07,334.9631542504921,337.34864245746047,322.63810657021537,335.658935546875,59009866
2016-01-08,337.64680127935355,337.6597231902322,326.7132873535156,326.7132873535156,38890589
2016-01-11,327.061247374361,333.96925450405234,325.37154017942885,326.0672912597656,36482011
2016-01-12,326.0175645613001,334.86376680136806,320.4514049533837,321.1471862792969,46002966
2016-01-13,325.12295493057775,340.03229223708735,323.03564164104154,333.820068359375,55594231
2016-01-14,330.1921345434028,350.96580505225114,328.3533102153126,345.59844970703125,61223405
2016-01-15,347.18883556214456,347.5367262457001,333.52193989706666,336.1062316894531,53838443
2016-01-18,334.61531012326685,345.2506523715707,331.0867781529282,338.4420471191406,41699867
2016-01-19,344.20689368832205,349.32579050746733,337.59709344910397,340.38018798828125,50643592
2016-01-20,331.68306844620355,334.16795799005246,323.1350423487384,326.1665954589844,63283399
2016-01-21,326.61396352730696,342.1196839469053,324.0793574043462,340.18145751953125,53447768
2016-01-22,348.7294736469569,355.6374497457342,345.3500292653198,350.56829833984375,48161137
2016-01-25,350.66760727336765,351.2918326510598,340.97653785949433,348.03363037109375,47281529
2016-01-26,340.1317773281817,355.63746766436736,335.9571497249737,354.3453369140625,42093229
2016-01-27,353.84831409509326,360.70660400390625,347.8309191608361,360.70660400390625,41412899
2016-01-28,360.3090334347411,376.5105033566242,358.66901217676724,366.22308349609375,62408952
2016-01-29,373.77721880431517,375.5166421632853,364.682525594041,373.8269348144531,56502071
2016-02-01,377.15650189416243,379.4922735189247,357.5258768506045,364.7320556640625,54869714
2016-02-02,345.99607338816503,347.6857803087896,328.1048662299125,333.07464599609375,83735685
2016-02-03,330.34130859375,335.06259996430464,322.5884329853809,330.34130859375,54849782
2016-02-04,338.9389891997262,352.25799326587554,336.15592458881594,348.7294616699219,59332758
2016-02-05,347.88460482368345,354.3950045807031,343.31240109366036,348.5306701660156,34045330
2016-02-08,350.7672016902853,351.2641798820633,335.808170251024,341.82159423828125,36702379
2016-02-09,342.41789717880533,345.59856902460547,332.42864990234375,332.42864990234375,44362725
2016-02-10,333.1740087165016,335.6588983091571,324.4271791504792,328.1048278808594,40080067
2016-02-11,317.8352921185032,319.2141955849729,307.29711286379904,308.4403991699219,48991591
2016-02-12,315.1510447566671,330.89170391676123,314.2622467818649,330.5606384277344,56260825
2016-02-15,337.6191807177835,337.8677225130204,329.8149622794284,330.85882568359375,36500385
2016-02-16,339.2595566195604,346.2187270117565,332.33021002974783,335.4320068359375,54103093
2016-02-17,334.0898035592881,348.9029159245518,333.19505933966843,347.809326171875,53916643
2016-02-18,348.95274988211327,350.245155338437,308.191887360271,343.3854064941406,43395070
2016-02-19,343.2362900947187,348.95275256552145,339.01107870325586,341.2479553222656,24990247
2016-02-22,345.5725314679273,356.80660890925503,345.5725314679273,354.5697326660156,20966888
2016-02-23,351.9351721289463,352.53167848860505,342.1426196049013,343.33563232421875,39008786
2016-02-24,341.14857110693885,342.0433157878414,330.61636645103624,333.0461120605469,52554241
2016-02-25,337.5694507295674,344.46499883826533,334.28971240751235,336.47589111328125,36265694
2016-02-26,341.2976537473562,349.44983850259484,339.60758738366695,347.5111999511719,40426721
2016-02-29,344.9760893980487,349.4995389531704,342.6397899293099,349.400146484375,41325531
2016-03-01,348.95273147777056,353.27736541442795,345.9205332688523,348.6047668457031,29134378
2016-03-02,350.94115866659024,351.8359034281344,344.0814083753023,350.84173583984375,35522725
2016-03-03,352.9294687344883,362.5729057906731,350.3277279721285,359.8886413574219,53825911
2016-03-04,362.8709804039652,368.9900775037697,358.7948893506913,365.7540588378906,36800787
2016-03-07,362.92076302654084,366.20153334105584,353.67501921384445,363.4178466796875,48195426
2016-03-08,361.7774681605851,362.3242783698983,349.1018353042691,352.1340637207031,45587032
2016-03-09,348.7538113052371,355.3650468821491,348.4058770871449,353.9234924316406,41266100
2016-03-10,352.8796452722273,354.5697112390193,341.1484545906424,341.19818115234375,44584386
2016-03-11,346.9644570065216,353.72478386107286,342.7889413766266,346.3679504394531,36637371
2016-03-14,347.411727245745,351.04043132277565,333.6613771853666,343.43505859375,34796869
2016-03-15,340.00531005859375,342.3416099236973,337.9175520868079,340.00531005859375,32097540
2016-03-16,343.98174053399396,352.3824628071388,342.2916447019025,348.0578308105469,36317190
2016-03-17,353.12829375774237,358.2979463435024,340.2031155777247,357.50262451171875,38711844
2016-03-18,357.303627883225,360.4352479893401,354.8679368405,354.9176330566406,49403019
2016-03-21,352.87957523327384,358.54630871189806,350.4438540409916,354.1222839355469,24875428
2016-03-22,354.9177162344887,360.0873981866203,352.7802626668183,358.6458435058594,33346693
2016-03-23,358.0990408438637,359.4908688686506,351.8357692229596,354.02294921875,24272908
2016-03-24,351.2392748989361,353.1779131590741,345.52281325033744,351.28900146484375,28192894
2016-03-29,352.38265349320665,355.19115824568433,341.94389560280626,343.7830810546875,33700933
2016-03-30,346.2683931702386,358.4966668585202,346.2683931702386,353.4761047363281,39361914
2016-03-31,351.98488147099226,354.8401388638002,348.00821271113546,348.1076354980469,34229740
2016-04-01,344.37958006826176,350.15569021456866,336.2134997532142,341.79473876953125,42251502
2016-04-04,340.89990356570627,346.56666835511277,339.9057364334997,342.6894226074219,24796730
2016-04-05,338.5139792569103,344.67782890050375,333.1206335734507,335.4817810058594,41790842
2016-04-06,338.5635639851978,339.8559993052435,333.54303270769077,337.56939697265625,31487745
2016-04-07,339.1600462095182,341.99342806224973,335.92205588696663,337.3208312988281,28450651
2016-04-08,340.85023396327193,348.85326786669395,340.7319096188385,348.3064880371094,31757227
2016-04-11,349.2509193376587,351.63694484910314,346.5169595837387,349.7977294921875,25610633
2016-04-12,349.94684136451315,356.30950513958953,347.7596614701553,354.86798095703125,30229028
2016-04-13,359.8884709278429,365.2569669124436,359.2054665163223,363.318359375,48865879
2016-04-14,363.31845795480825,363.765815043491,355.5142384522805,356.45867919921875,52638979
2016-04-15,357.9002055081676,358.7452537279772,349.748022024651,353.87384033203125,39306914
2016-04-18,346.9146495007029,355.96154656453643,247.980088047421,353.72467041015625,44648117
2016-04-19,356.6575536447631,362.1751705618322,353.8539943039515,360.83306884765625,43078773
2016-04-20,358.89433281053846,362.37391775468495,355.7627124287212,361.52886962890625,33218597
2016-04-21,363.9646549895134,367.8061006933993,363.41784477017814,366.4500732421875,39745769
2016-04-22,364.16349023986584,366.45009336161576,351.1647702684507,366.1518249511719,33896547
2016-04-25,366.35059462909265,366.35059462909265,355.9118395582501,358.2481384277344,36308097
2016-04-26,367.84196797870607,378.5501420333438,362.8711305735884,373.7075500488281,58643540
2016-04-27,377.78348630822455,382.7046254367523,374.45302055838255,380.2192077636719,53069757
2016-04-28,378.87720773602973,386.1306432408803,373.50870976561544,380.0701904296875,33233292
2016-04-29,376.789354407269,378.2309089280341,371.5699768066406,371.5699768066406,37805374
2016-05-03,373.558262916064,375.2980552250543,364.5113368414003,366.2511291503906,37091571
2016-05-04,364.0640064260829,367.4938647387278,359.63995066766626,360.4352722167969,36826058
2016-05-05,355.88028609915597,363.12220644678894,354.9356653637633,356.3277587890625,27373021
2016-05-06,354.98543276177156,359.9572175343454,348.77070179605425,358.76397705078125,32566478
2016-05-09,357.58367302716255,367.91205155222036,349.31756545724625,349.5164489746094,34145882
2016-05-10,352.44986607540596,357.47135700506254,350.3119741563825,355.5323486328125,34589743
2016-05-11,354.98537150249723,360.05659716446223,352.350332096831,359.16168212890625,29343567
2016-05-12,357.2724892870932,365.67481881194675,355.08492190251025,358.0679931640625,35253077
2016-05-13,356.17862353361886,361.0012298136333,354.3887630580828,360.454345703125,24476218
2016-05-16,360.4543519150364,365.57528353523963,357.96845983286374,363.9346008300781,17121834
2016-05-17,365.12776383985357,368.06109766837,361.5480739305695,364.2328186035156,30223540
2016-05-18,362.64195273968954,365.2769923042723,359.80802966838394,362.5425109863281,27195811
2016-05-19,360.1561764489043,360.9019443208896,352.99679273969673,353.99114990234375,35801645
2016-05-20,358.9131378118119,361.54817754696455,356.30789722469774,359.46002197265625,33847546
2016-05-23,358.51531994432423,360.15603288497545,354.438481478862,355.4825439453125,23353869
2016-05-24,354.1401706096291,357.819302932278,353.54355045658315,355.7808532714844,32425630
2016-05-25,359.8577317462425,364.1831900382954,357.73577159450804,363.9346008300781,35938638
2016-05-26,364.8296198622164,367.5143962140865,360.45445462004045,362.3934631347656,32779263
2016-05-27,362.59230820202254,362.8389250264149,357.4216695212433,359.9075622558594,26723199
2016-05-31,360.0565840444098,360.8520573036155,351.7656248668645,355.23394775390625,48291585
2016-06-01,353.14594730531417,355.7432077805482,347.378687784808,351.6047058105469,32082769
2016-06-02,353.44425878395924,356.82506700267714,349.86456699839897,351.1075134277344,37693098
2016-06-03,354.78654770039606,360.6532779829875,354.04077998773096,356.52667236328125,34736064
2016-06-06,360.6532593236571,367.7629050808219,360.5040815125494,366.3210754394531,36138644
2016-06-07,368.1109309147018,372.3866533814703,367.4645746632492,371.1437072753906,30310031
2016-06-08,370.59688996004115,376.51329628472257,369.25450185431697,374.4251403808594,30819336
2016-06-09,373.38111504698924,373.927999348989,367.46467778359505,372.0387268066406,28616392
2016-06-10,370.49731131959317,371.10288328744485,365.52552783528665,368.6577453613281,27089321
2016-06-13,364.2330549281376,369.0059880191145,363.7856123650113,366.8183898925781,24572563
2016-06-14,364.9289471231433,368.1635805820542,355.6814409826905,356.1786193847656,44816138
2016-06-15,357.521080228162,360.454445787199,354.8363342874519,357.47137451171875,39966253
2016-06-16,361.9459891153834,366.04273556549595,357.86911888319634,362.79119873046875,46714388
2016-06-17,366.81835457877975,373.69931955905264,362.79122017145903,371.04437255859375,61271837
2016-06-20,375.41955165820326,380.8885163009789,374.0771937040028,376.8116760253906,37551323
2016-06-21,374.57432481409506,382.5788871836226,372.5856106506974,380.1427001953125,32139120
2016-06-22,382.57883815264057,386.0093817829939,380.0929457669834,381.2364501953125,34605558
2016-06-23,382.82728888926744,387.1527461444899,379.4961882285625,384.76629638671875,27238495
2016-06-24,360.951583995284,396.74843530060144,352.99672814965794,391.4286193847656,93027779
2016-06-27,391.47830637132375,399.28398341515134,389.58900406850796,392.72125244140625,60909185
2016-06-28,398.8365921281884,405.2501764641776,382.8274386256776,402.1676940917969,44795047
2016-06-29,407.68633144360933,422.4028015136719,406.9843217798374,422.4028015136719,52670632
2016-06-30,422.651467370637,435.67755126953125,419.46954290187244,435.67755126953125,55619872
2016-07-01,438.5114017825582,443.33403891431925,434.543927381709,442.8865661621094,46240132
2016-07-04,444.7261898508969,447.46067173371404,441.36923341572015,444.2787170410156,25432002
2016-07-05,443.4831274223812,451.2390982301888,437.6164284425923,450.9905090332031,48388415
2016-07-06,450.2945880885972,456.55902525313945,439.55551393390823,446.8640441894531,52539211
2016-07-07,449.0018492894252,455.96234763953703,448.85270182242425,450.7419738769531,36150371
2016-07-08,451.7364575897488,455.4652970383062,443.2844215063521,454.4212341308594,35208674
2016-07-11,457.2550605712073,457.4042080482367,451.239182671179,456.40985107421875,29926569
2016-07-12,454.2221554135412,461.1667517584799,450.4436118671485,459.1939392089844,40366727
2016-07-13,456.6584033199535,461.77933525218225,453.1284484863281,453.1284484863281,42243480
2016-07-14,457.4041351000079,460.7849422034139,452.0843200683594,452.0843200683594,34110368
2016-07-15,449.4493496648273,454.5702819824219,448.13181454370306,454.5702819824219,32141002
2016-07-18,453.2776439514075,453.82452816257563,446.76458740234375,446.76458740234375,22564452
2016-07-19,444.87535089156927,451.2889661866152,443.1352260040388,450.244873046875,19879037
2016-07-20,452.4323523654707,452.879825071889,444.77579272575645,448.65380859375,19764929
2016-07-21,448.4550786382769,450.0460561615005,445.47200716174734,448.2561950683594,21672581
2016-07-22,446.1680202259469,450.4437434004304,444.3413807425611,449.548828125,20125348
2016-07-25,448.902418532484,451.04027972168535,436.67181089420967,437.86505126953125,28603025
2016-07-26,427.5735042823268,435.52836017595143,423.79990616582705,432.1475524902344,43562275
2016-07-27,433.0424461521696,439.6549137155004,426.7780095859331,431.6006164550781,28561549
2016-07-28,434.78268504907595,435.0312743487038,424.24249267578125,424.24249267578125,47034065
2016-07-29,424.0932531666321,425.68423040819465,419.22091001995756,424.4412841796875,34486588
2016-08-01,429.36340427822904,430.65608677758115,415.98931884765625,415.98931884765625,37884762
2016-08-02,415.19382017369225,417.3814180646517,410.5700654470535,411.5644226074219,39775790
2016-08-03,412.45925855791893,415.2434762780341,408.3187546828784,412.65814208984375,31092954
2016-08-04,412.43491560739795,417.1092259386891,406.3950883510236,414.0758972167969,40215902
2016-08-05,414.22497902485077,421.0674037025792,414.07580443031276,417.0594177246094,41256605
2016-08-08,418.8994453295595,420.3415073140007,414.9212930675538,419.84423828125,29715016
2016-08-09,419.4962614136897,426.01050577828244,416.91048599967286,422.8777160644531,27053151
2016-08-10,420.93820969601893,423.62347444400507,418.7999590601217,420.6895751953125,25954881
2016-08-11,421.3858387121269,429.9388427734375,416.9601316738585,429.9388427734375,30001613
2016-08-12,433.02181259405364,435.358982821009,425.84622500588375,430.3365783691406,40814966
2016-08-15,429.5907283034122,436.2879260074831,428.6956197663099,434.4639587402344,25466962
2016-08-16,433.61858350868556,437.8950849212813,431.98952972080696,433.8672180175781,25991601
2016-08-17,435.6076465520743,437.5470078037928,428.496705880592,430.3863220214844,24710744
2016-08-18,433.61854420603214,434.46390752982273,429.3728493338428,433.1709899902344,21285672
2016-08-19,434.066197364455,436.1467513103531,431.48039204674984,431.9776611328125,22107926
2016-08-22,431.48034937261144,432.70959090476197,423.8223940642727,425.5628356933594,25599311
2016-08-23,426.0103681798216,429.1431568817814,425.01583015692063,426.2590026855469,20594824
2016-08-24,423.6730944226672,428.9441325180884,422.77801649054265,426.6567077636719,26901045
2016-08-25,427.05466720241304,431.8413979210632,422.6637728576359,429.6404724121094,27212254
2016-08-26,428.6955909212967,433.51910627079053,427.8502579056345,432.474853515625,23911417
2016-08-30,431.28134010117896,432.47479768234,427.85020266939324,431.3310852050781,28754409
2016-08-31,430.53552606217846,431.7289838910524,424.56829761959557,425.5628356933594,34197173
2016-09-01,425.3141191156609,426.457831609645,414.2250278028801,416.4627380371094,26415330
2016-09-02,417.45723246421727,431.629395805766,416.1643454927104,428.6457824707031,42654974
2016-09-05,429.8393656814563,437.2984012010265,428.06210842673835,432.4251403808594,22830172
2016-09-06,433.2704826321092,434.91146429602645,423.4245622977135,425.3141784667969,21039262
2016-09-07,426.55741676457444,432.42518592107984,426.55741676457444,430.9831237792969,23820168
2016-09-08,431.62950982478935,436.55248526844747,430.0382428888974,434.7622985839844,21774330
2016-09-09,433.4694455170251,434.66287305006114,427.35304215139337,429.7896423339844,19454842
2016-09-12,424.7174474660314,430.62002816116325,420.6895806427869,426.35845947265625,29002741
2016-09-13,427.7010403696178,429.14313256145493,417.8054058130916,418.2529296875,36183045
2016-09-14,419.39658365308975,422.33045182141313,415.12005309372205,415.2195129394531,23679525
2016-09-15,414.07583983629286,419.2613495016616,411.19168614203704,418.849609375,31750166
2016-09-16,419.0984506942,419.3470852793711,409.35198709585404,418.1039123535156,71293199
2016-09-19,421.78368320292765,428.3476418057086,421.78368320292765,423.9716491699219,24824553
2016-09-20,422.7284281325068,425.16505873814805,420.1923679926726,421.63446044921875,18238618
2016-09-21,424.07108022473045,426.1099017347634,420.44102188361427,421.9825439453125,21744439
2016-09-22,426.01042437867534,436.5525348823086,426.01042437867534,432.2262878417969,33417076
2016-09-23,430.13768027566266,437.14916095829693,429.1928570456835,434.5136413574219,22336553
2016-09-26,428.5464743982884,432.3754522712143,426.70657278652976,429.6404724121094,22050261
2016-09-27,432.2760202348034,432.9722091114178,423.97162023928956,425.86126708984375,22582020
2016-09-28,427.65132765055665,433.7180153455449,427.65132765055665,429.8890380859375,20352312
2016-09-29,448.9842669613238,450.77442351888925,445.2845837715786,448.5367126464844,45738066
2016-09-30,444.60821492398776,449.28255581325953,440.9781571785195,447.5421142578125,33867137
2016-10-03,448.3874600133669,456.7912878399177,446.9951128939688,455.8962097167969,25346585
2016-10-04,457.48754417206555,469.2728271953728,455.8962770786793,465.3941345214844,69658808
2016-10-05,464.3498767280963,469.4220275878906,462.8083546676898,469.4220275878906,40270834
2016-10-06,469.4221632251518,473.89758639149323,467.33860389256324,470.9139709472656,34380896
2016-10-07,473.69836860699695,483.9918414853521,471.4109436788677,483.34539794921875,46703811
2016-10-10,481.8039784656657,492.5946922066863,481.306709432406,491.7493591308594,26689798
2016-10-11,490.8045320437392,495.7275075754165,481.06104559484635,484.0914001464844,34033504
2016-10-12,484.29031968050305,490.0586282788929,480.3618822094475,482.15203857421875,33465423
2016-10-13,480.26238579691875,491.30176347555573,478.22359507264974,482.3509216308594,44194396
2016-10-14,482.0028697860592,490.3569835078797,481.9839915304489,486.8263854980469,22209818
2016-10-17,486.7766363095213,486.8263510691719,479.59607073446534,481.1077575683594,23280453
2016-10-18,486.32910674187264,488.9646265057758,482.54987428996156,483.24603271484375,24843100
2016-10-19,483.29576732667965,489.8477661367263,483.0471328194328,487.4728088378906,29801660
2016-10-20,483.9422443423178,489.01439471004676,483.8924992269034,487.3733825683594,23613827
2016-10-21,486.9258354794251,491.00344755568597,485.3574531018802,490.0586242675781,25700824
2016-10-24,491.3017948058137,493.6389652844814,484.2903137207031,484.2903137207031,19706188
2016-10-25,484.33992674918295,495.7273971262482,484.33992674918295,492.4454040527344,21433420
2016-10-26,489.31284109858024,489.7603954716524,480.3699483801676,485.28497314453125,27442662
2016-10-27,483.89248322233135,490.8045349121094,481.4061380606692,490.8045349121094,27583972
2016-10-28,488.5170601718559,489.6607727605465,480.80939094904625,489.46185302734375,43351151
2016-10-31,483.7433095204359,485.13565674348683,479.66569737722784,481.0580749511719,27420426
2016-11-01,476.3837386910591,481.0580797914331,457.8853243961336,459.52630615234375,54167619
2016-11-02,461.01807808049796,472.9286782883723,454.2055170564695,454.8022155761719,46834641
2016-11-03,456.79138721042494,461.07189568683265,448.3378124347191,448.88482666015625,38129817
2016-11-04,447.54219519027396,448.88482784602434,440.6798876008693,444.0115966796875,27844548
2016-11-07,452.4153591009507,452.51481897749795,447.54212865906396,450.9732971191406,28389226
2016-11-08,451.4207853414512,455.001128157789,449.5311692400451,454.0563049316406,21488081
2016-11-09,440.6300545652992,455.5978698730469,438.59126377879295,455.5978698730469,37557815
2016-11-10,451.34977188296995,458.5116977610926,445.8788655571158,446.5254211425781,39144027
2016-11-11,447.96780465718,448.763560781332,431.85348511582487,433.0471496582031,33696087
2016-11-14,436.08099386610854,437.5233359581786,429.8640544281332,431.1571960449219,27955310
2016-11-15,437.1254374126064,444.7349648567178,431.15717583194674,442.4471130371094,33636841
2016-11-16,445.82906964236776,446.32642468197054,431.1570959740865,439.5623779296875,25446389
2016-11-17,439.4630125780059,447.6196494436616,438.7826401819704,444.83447265625,27538902
2016-11-18,444.83447253897384,447.0228170553202,439.5127661924277,445.2820739746094,37364206
2016-11-21,449.55927572403465,457.21852585768255,445.95940114425065,453.8365173339844,36067854
2016-11-22,458.01431221135266,462.09259964384853,452.74233007027885,453.8365173339844,31371519
2016-11-23,457.4672444271664,460.70005278576565,452.6428935746425,455.72650146484375,20556471
2016-11-24,455.62700413763974,458.11377968768943,454.03549207052544,456.42279052734375,12091662
2016-11-25,455.8259888345713,456.57202154952154,451.84714768817025,452.54345703125,13993954
2016-11-28,451.44933083143565,451.99640942075393,444.6355583734971,449.8577880859375,22170727
2016-11-29,447.4206953192207,447.4206953192207,437.32439151776055,440.20904541015625,35322618
2016-11-30,441.45238357204846,460.6503090351507,441.0545055552071,457.0196228027344,62566350
2016-12-01,470.49797566618304,475.9688823599759,460.6503496885859,467.5635681152344,53680155
2016-12-02,463.93290200189716,468.71648496866925,457.45335124203586,464.18157958984375,27480878
2016-12-05,458.56139169079125,466.12119510876664,458.3127141464904,462.4905090332031,33668594
2016-12-06,460.5508828866266,464.9276022683148,456.5223181917414,461.09796142578125,35309709
2016-12-07,466.5190538745302,472.4375913273364,461.545503193565,470.9455261230469,31261486
2016-12-08,469.5031948129586,475.1730548588782,467.61325158303373,474.47674560546875,24162987
2016-12-09,475.9689436868028,476.48123413236186,471.84090144810614,473.6811218261719,25046255
2016-12-12,479.0027668037688,485.3191837280955,477.0133460626361,480.8429870605469,43889602
2016-12-13,477.46090721733435,482.2355041470489,475.0099519123158,480.1466369628906,34172561
2016-12-14,479.5000610553162,481.14135724309983,476.4662069530844,478.45562744140625,31189592
2016-12-15,476.4661764039486,479.15190603344377,467.5137847804924,476.9635314941406,37885942
2016-12-16,479.2016305279223,487.2070622069315,476.96353261679036,487.1095886230469,55713036
2016-12-19,487.4080707679524,491.88426733622947,486.61231463160783,488.2038269042969,27542636
2016-12-20,487.7063909705195,493.37625116058945,484.9709379650929,492.48101806640625,21470576
2016-12-21,492.67994202619064,497.00693739811356,486.7116809217855,494.1222839355469,22392861
2016-12-22,495.3657730132875,500.3393249511719,494.6197402226048,500.3393249511719,24932412
2016-12-23,500.0409239773596,501.44841731935145,499.344614563595,500.3393249511719,7576779
2016-12-28,502.32864415657934,507.700073092173,498.05140249730835,506.2080078125,22661473
2016-12-29,505.11387138522434,510.52509777273673,504.1191610986397,508.49591064453125,14268655
2016-12-30,505.21339914608967,507.50125124834125,502.22926798709784,506.9044189453125,15875282
2017-01-03,508.2969362191451,517.3487751819652,507.5011801640008,514.5635986328125,30062704
2017-01-04,515.0609132624243,516.552978515625,512.4746911084593,516.552978515625,51985767
2017-01-05,513.7678425776681,517.4134337765123,509.9879557815113,514.5635986328125,24830093
2017-01-06,514.6629730504951,514.9613739050042,510.48517895052964,511.7782897949219,17355531
2017-01-09,511.77830988244165,514.1656382367769,502.45888352104095,510.7835998535156,22575964
2017-01-10,507.7996520447492,509.59011859705936,505.81023127278155,508.9933166503906,24385862
2017-01-11,505.61128684098793,512.7732139011763,503.9202973657716,510.5848388671875,19913918
2017-01-12,509.29148489741146,514.1655878463791,505.34148350279264,512.6735229492188,23620003
2017-01-13,513.0715738713928,518.4430339152792,512.2758177532653,515.2599487304688,28300981
2017-01-16,514.5636086463112,514.9615170377743,509.39110311877243,509.8884582519531,19326432
2017-01-17,508.3964127662269,509.88844777897475,499.34454345703125,499.34454345703125,32334856
2017-01-18,500.43877148506886,504.21865858445454,498.44935083146584,502.4281921386719,27657038
2017-01-19,501.930857719849,502.4033512158377,477.4609765979726,496.5096740722656,28425393
2017-01-20,497.10639428220554,501.23443530706703,494.5231470958299,495.71380615234375,27490489
2017-01-23,491.43658421631744,495.7138564819091,482.4841920146597,484.5730895996094,28404349
2017-01-24,486.06512471749784,491.10630912377314,482.2454412585701,487.1095886230469,25028032
2017-01-25,488.10432918711933,491.4863379476645,485.26939891866687,485.46832275390625,21598417
2017-01-26,487.05991644530445,487.905426313408,482.68319697977824,482.8323974609375,27240802
2017-01-27,485.21956359298343,485.5677181912874,478.80370180770706,484.224853515625,22529929
2017-01-30,480.1467086089346,481.290619465271,472.18902563455754,473.5318603515625,27283839
2017-01-31,473.5318402412703,477.9085899762239,470.29903167022286,470.3487854003906,39307342
2017-02-01,475.02389539566605,476.4662374845823,468.90643307330475,470.39849853515625,27816050
2017-02-02,469.6524455838793,473.68104037112147,468.053951530586,470.1995544433594,30916760
2017-02-03,472.28838144119874,477.9085182445391,470.64711571501203,476.06829833984375,26158923
2017-02-06,476.5159198428201,480.39531399464624,473.13391115828296,474.0291442871094,25355109
2017-02-07,461.5455006668668,465.7730187225439,453.83649715357325,454.6820068359375,56714531
2017-02-08,456.0250146323263,457.06944845477784,448.56468631151927,453.5382385253906,43741797
2017-02-09,457.5667624396551,460.89904819386976,452.7642979405545,456.2736511230469,36555284
2017-02-10,457.56673180314726,461.5455729492616,453.8365682286651,457.1688537597656,49022997
2017-02-13,459.20799770468966,460.0535075194687,452.36739133512845,457.1688537597656,23024970
2017-02-14,457.914937399042,460.40171339191596,456.02499371568825,457.0694274902344,25636370
2017-02-15,461.1974078715989,461.1974078715989,455.1296691894531,455.1296691894531,26671993
2017-02-16,449.49021683317767,452.22615780194474,446.0578727438428,446.10760498046875,28226174
2017-02-17,446.75433570362475,447.0528202480428,438.5465116979504,443.7199401855469,32799166
2017-02-20,445.0132510878499,447.64972775261106,442.42656738603273,442.92401123046875,26702119
2017-02-21,444.9636129828063,454.36531577626016,442.92410493377326,448.4954528808594,45845334
2017-02-22,449.68919841360406,451.6789736278235,443.2224289673907,445.41119384765625,33452253
2017-02-23,446.5553787380892,451.08210591757876,445.54057378787485,448.0974426269531,35098875
2017-02-24,447.64970586650145,448.9679137728706,441.13317360605254,444.81427001953125,29570668
2017-02-27,447.6994714071584,451.3308054918149,445.51070629120915,449.1918029785156,31786373
2017-02-28,451.67897377500066,453.31555295906776,447.69942334526496,451.23126220703125,47559258
2017-03-01,456.60380410802105,470.1840175809744,453.2211610309341,462.22491455078125,51245511
2017-03-02,462.523273498833,465.3587094416074,460.691681890787,462.4735412597656,39339235
2017-03-03,461.2299615569607,464.1151299257727,459.4092999933611,461.6776428222656,21062124
2017-03-06,460.23509217501123,460.633041213898,455.1611584348993,460.4340515136719,21837003
2017-03-07,459.9863246861105,463.4684315643376,458.99143700661705,460.63299560546875,32538606
2017-03-08,461.7273075659705,461.7273075659705,457.7974896878848,458.3446960449219,25813112
2017-03-09,453.6190592742521,454.97409583680695,445.709689909141,451.67901611328125,62197511
2017-03-10,454.46470679996276,472.12396415825185,453.4698190614676,468.2936706542969,106615502
2017-03-13,463.66738352673826,468.52741947965427,459.58836839478283,461.13043212890625,51641816
2017-03-14,460.33459943878984,464.314150658104,453.5196119034011,454.6637268066406,33322114
2017-03-15,457.64828589421523,461.37911431183113,453.8179626464844,453.8179626464844,43320401
2017-03-16,457.9965737401997,462.42380593299754,453.818033118969,456.9021911621094,51146076
2017-03-17,454.86265920903173,461.0807072058658,454.365215369285,460.63299560546875,61210423
2017-03-20,458.84232323397185,459.09104521526484,454.5145546871595,458.7428283691406,65641813
2017-03-21,459.78739748871214,462.3243796331229,453.91756545432844,456.0068359375,32227351
2017-03-22,455.758081429491,455.96997478773073,450.3856936861987,452.4252014160156,35002051
2017-03-23,452.9723139330872,454.31144090634615,448.2714942936791,454.26568603515625,30776510
2017-03-24,450.78364875872165,454.713437181843,447.5999957917684,449.5400390625,23814348
2017-03-27,446.10764282931683,447.94819116404705,442.2275868349115,445.6101989746094,28846589
2017-03-28,446.50561408655926,451.5875024596877,444.515838568595,451.1318664550781,28458033
2017-03-29,452.77334278825265,458.99139015031517,450.63434056801503,458.8421630859375,30722265
2017-03-30,460.38426898318653,463.61765390851417,451.5267690037927,459.2898864746094,37466788
2017-03-31,458.19553970564453,461.42892488317875,455.16114422212286,455.21087646484375,38296748
2017-04-03,457.99652189632184,461.62785563666887,453.76824951171875,453.76824951171875,27590507
2017-04-04,460.1356092191324,461.92639512119655,455.5591192497207,461.27972412109375,29089426
2017-04-05,463.8166650591393,469.2487434839274,462.72228249989837,462.82177734375,35248334
2017-04-06,458.9416412700526,464.6722036058875,455.36007017171613,462.0755615234375,34333851
2017-04-07,463.86637000150574,468.20406561177714,462.02582176403996,467.9951477050781,33210865
2017-04-10,468.04492128099605,468.7413244401781,456.7400060131173,467.2489929199219,17056013
2017-04-11,465.6074616157342,472.47218093903797,464.06539776569247,468.2936706542969,29058516
2017-04-12,471.5766818576389,473.96440582004965,468.4925244904779,470.0843505859375,26774007
2017-04-13,469.7362398542772,472.571675982485,462.4238089009722,468.6916198730469,32372652
2017-04-18,463.16994037714454,464.16482804231856,450.2861633300781,450.2861633300781,56252880
2017-04-19,445.7097318910063,448.93813792598235,443.3369147856622,445.5107421875,47662380
2017-04-20,443.5209165463195,452.67389536648665,441.220754927971,444.3665771484375,34904988
2017-04-21,442.9737871872493,447.7293495949204,438.646019241237,439.1434631347656,40137602
2017-04-24,445.65997759109194,450.03747759750314,442.9240362918894,447.0030517578125,27472265
2017-04-25,448.44567030459297,448.6943922515173,445.8539766874776,446.9533386230469,30660415
2017-04-26,447.50045647326095,452.41022463710897,444.1676071078419,451.3307800292969,32183104
2017-04-27,447.8487746034026,451.33088219501656,438.84505140399983,440.3871154785156,29001118
2017-04-28,444.1675806108967,451.2561547520597,440.1382676189839,440.2377624511719,32770927
2017-05-02,448.6943197597311,453.32054115279084,445.8091517138543,447.3014831542969,44147617
2017-05-03,447.05278603479775,447.50046727481606,443.12296754578233,444.3665771484375,33244205
2017-05-04,446.70457192852024,450.88311236289985,439.3782053918372,442.5260314941406,42779171
2017-05-05,437.75064999026023,449.09236530405803,435.44052941074466,449.0426330566406,40751334
2017-05-08,450.6841097335391,454.0667217033769,448.29638542315723,452.126708984375,33763550
2017-05-09,454.66371470339925,456.30527346535445,452.52471205227187,453.42010498046875,23046590
2017-05-10,454.3651419127504,460.7871274865603,453.3702543940989,458.1954345703125,34584337
2017-05-11,452.55121854934436,459.71563012656145,451.1084063284809,453.695556640625,75351701
2017-05-12,453.29748560763164,457.7254943847656,452.65070565629384,457.7254943847656,65810290
2017-05-15,460.7106150678993,466.3078012660784,455.8557423279151,461.9046936035156,39886461
2017-05-16,461.60616587840525,469.61637958065353,455.37811183677786,466.9297180175781,59379958
2017-05-17,464.5912874789135,469.76558689581674,463.745484447944,468.1734924316406,40748120
2017-05-18,466.2830141461147,467.8253380269972,458.72058626024454,466.6810302734375,40513572
2017-05-19,468.7207103750194,473.0989772733793,466.92962327417973,469.8152770996094,39719662
2017-05-22,471.10888720482984,475.6363761279978,469.96454945427877,471.6064147949219,34686475
2017-05-23,472.05425100815796,474.5418893781068,470.76069120245626,471.9049987792969,27894341
2017-05-24,472.8503017479645,477.0195859816537,471.8552464247295,476.13397216796875,32102780
2017-05-25,474.84047562940145,475.6365078473264,468.9696241471448,470.7607421875,29507119
2017-05-26,467.8749643751316,473.34776794224456,466.70973433652813,472.20343017578125,29908672
2017-05-30,471.0591541742003,474.1438315546065,468.72076823905314,469.7655944824219,28652931
2017-05-31,469.6661768073474,471.95479221715084,464.1605453969714,464.39239501953125,90237205
2017-06-01,468.22326314590794,469.56659388536826,464.3923245025244,467.6759948730469,28436366
2017-06-02,467.1784145658175,468.3227219679899,459.882669139261,460.4617919921875,44097970
2017-06-05,462.70065513656135,467.1784034120764,461.0588201755406,461.7553405761719,29041814
2017-06-06,460.7106277122588,463.6957937665499,456.3323902393011,462.6012268066406,33077466
2017-06-07,466.5316006696119,466.6808528647843,454.2924044320459,454.5411682128906,46155219
2017-06-08,453.1979012210427,457.47662641770313,451.50629524096314,454.09344482421875,34929381
2017-06-09,457.72542790173054,465.9843745628517,456.9293958259636,465.4868469238281,31239561
2017-06-12,469.3177941095629,472.80048742163785,461.9046508510089,468.5715026855469,27923013
2017-06-13,471.65631773592867,471.8553409871324,465.98448911015186,467.8253479003906,19478634
2017-06-14,467.7755055028169,468.42228537849036,459.1682831778011,459.3175354003906,33181310
2017-06-15,458.2230198001776,464.69088001451235,453.64575880592747,458.6708068847656,37046634
2017-06-16,460.81003471270697,466.2330669269176,459.7652086108824,464.34246826171875,65404112
2017-06-19,467.3774107369785,472.35268642987086,466.027095891789,470.31280517578125,1420378
2017-06-20,470.0144507740925,473.278231455516,457.1284704705976,457.9742736816406,4126758
2017-06-21,458.1732298753857,458.7702387683549,451.9043631991058,454.4417724609375,6899891
2017-06-22,453.29746802341646,455.9841297068228,447.8246634115506,454.4915466308594,18779305
2017-06-23,451.3072720550686,454.6208228634971,448.222625240426,454.09344482421875,4773544
2017-06-26,455.3372805785934,458.12342308361605,454.3919659608129,455.4417419433594,1948824
2017-06-27,455.2875717796356,459.91460353720714,453.74524810489834,457.9354248046875,1780601
2017-06-28,455.58605413734915,459.6856769253419,450.7102894658692,453.04864501953125,2019771
2017-06-29,453.5461121106818,455.72528525551274,447.67529296875,447.67529296875,3249045
2017-06-30,443.7946627318195,446.6305764033293,438.272117976783,440.6104736328125,4739449
2017-07-03,441.80467938013817,450.80992027037854,440.90913542770494,449.0685729980469,24306979
2017-07-04,447.8744139509399,448.8196983025471,445.6355394392212,447.77490234375,19876493
2017-07-05,448.5708769486086,449.66544375398627,440.7099468554558,441.9537658691406,25368129
2017-07-06,443.69512939453125,446.381790713131,439.06812856065505,443.69512939453125,26490663
2017-07-07,441.20752615982514,443.8941876908664,438.4711240090782,441.8045654296875,30707061
2017-07-10,444.83945645203056,445.2375028624501,439.3169117242518,441.5557861328125,18331990
2017-07-11,442.053386257827,442.6504256046688,435.933801277735,440.2622985839844,23678287
2017-07-12,442.94882712448117,452.45162273871125,442.79957491413734,448.421630859375,28320265
2017-07-13,447.87440217735724,448.3221588479231,443.4463938905773,444.6404724121094,43157295
2017-07-14,445.53594978348843,446.0334773656029,441.0582015444584,442.60052490234375,35068583
2017-07-17,443.7946093767089,448.76988526658226,443.7946093767089,445.6354675292969,25593317
2017-07-18,443.59562053419154,448.0216243649828,440.56071415309935,443.24737548828125,21329579
2017-07-19,445.78481600833237,445.9838392335798,440.7597984209821,443.7449645996094,19738356
2017-07-20,446.3319841529936,451.80478758549424,445.13793616954325,448.0235900878906,24557977
2017-07-21,447.62566547664113,452.15315527569555,442.7499002238102,444.09320068359375,23457226
2017-07-24,441.5060112536623,441.93785574277643,434.753555872368,437.5755310058594,48459293
2017-07-25,439.8144236002415,445.436479729036,439.06813215748093,444.242431640625,29056650
2017-07-26,444.8393595573011,447.625531989967,442.4512334483525,442.9487609863281,22508378
2017-07-27,441.8045782542189,445.58577646197506,440.411506828555,442.5011291503906,27443204
2017-07-28,440.11299846043016,443.39669955406197,437.5756192956668,441.4563293457031,25997567
2017-07-31,443.3468782640045,447.12810663676754,441.9538069126404,443.59564208984375,31199245
2017-08-01,452.7502117075442,460.61114337594336,450.21283255783374,454.19305419921875,42301264
2017-08-02,454.59097210254544,457.42688548283724,437.1775061826348,457.0288391113281,31899867
2017-08-03,455.18803080386914,459.08863033178284,451.33316348996124,458.32244873046875,29931025
2017-08-04,455.58612155638673,462.7007616023119,455.3870983294553,461.0091552734375,17606313
2017-08-07,461.7554296139079,467.7954229626518,458.32250682739925,466.1336975097656,43696822
2017-08-08,465.9346277875588,471.0591563284379,465.9346277875588,468.8202819824219,23637041
2017-08-09,466.8301511483306,469.21827760687654,465.5365915068985,466.5316467285156,20578342
2017-08-10,460.73581048449097,461.38269558398366,454.71472825907506,455.5606689453125,27170808
2017-08-11,450.63429371225544,451.48023432717434,445.5686422843405,445.60845947265625,29095344
2017-08-14,446.354792631315,447.4495373274753,442.4734526827561,443.9662780761719,24937146
2017-08-15,443.9166380623947,446.85254107108653,441.1300419371027,441.9759826660156,18929410
2017-08-16,444.46398216558794,447.49938230327876,443.12043294813157,443.3194885253906,26651218
2017-08-17,441.17972812556303,445.3596520927332,440.2342901038662,441.0802307128906,22126211
2017-08-18,439.63722958998244,440.9807789805409,436.15396914048625,437.8955993652344,27041062
2017-08-21,438.59218743179963,440.83142590329294,435.85534041108565,438.0447998046875,32830194
2017-08-22,439.5374819363842,447.8375861826763,439.18914999134245,440.0848693847656,25608132
2017-08-23,440.5328960251482,442.72238605613825,438.38225129516576,442.3740539550781,22983430
2017-08-24,443.2696950420975,446.8116936348356,440.2143712229873,441.03045654296875,28044120
2017-08-25,443.4687294408002,447.6665421358564,442.2247081117874,443.36920166015625,15271206
2017-08-29,443.9165802220837,443.9165802220837,435.05915400832373,438.2936096191406,27701012
2017-08-30,440.03524226756537,442.0256765018383,437.89553154004517,439.78643798828125,18506672
2017-08-31,440.68207747081925,444.563448085896,438.64189476011495,443.0208435058594,32564981
2017-09-01,445.0113176866118,446.15581127084863,440.68211725164895,442.622802734375,18437664
2017-09-04,440.9806229593431,446.0263800287305,440.3615888026488,444.3146057128906,14753950
2017-09-05,444.86206007241964,447.6984349861309,443.1831171002285,444.5635070800781,29220039
2017-09-06,442.8716207631287,446.00654863353316,438.94050096950605,444.6132507324219,29796815
2017-09-07,446.1557546867449,449.71864844093415,445.0689976812688,447.74810791015625,23675792
2017-09-08,447.7480902575143,448.6935584886551,443.1700863100505,443.9662780761719,15832104
2017-09-11,446.25527080627177,448.74331316176125,443.5184242152333,446.9519348144531,18167492
2017-09-12,447.8974232258439,447.996951005616,444.06586186333794,446.7529296875,20484518
2017-09-13,445.16056763473273,452.1768659548903,444.46393393315725,450.1864318847656,38628263
2017-09-14,450.83325957858045,455.4610121290717,447.99688531485685,449.53948974609375,34447499
2017-09-15,448.2457898595166,449.1912582828905,442.97115121231656,446.1060791015625,53873753
2017-09-18,448.34533737698024,452.47548257927036,447.30037149178537,448.6438903808594,24849577
2017-09-19,448.7931561583587,455.2122881269023,448.494572810203,453.91851806640625,26666830
2017-09-20,454.06783079869365,457.2027587890625,451.87834089057895,457.2027587890625,22835838
2017-09-21,458.94437574818244,461.4821976654979,457.79988211721275,461.28314208984375,39778073
2017-09-22,461.13383068877033,466.4084689565626,458.94434100877294,464.3682861328125,26839673
2017-09-25,461.88021400988777,471.58357972281976,461.0840221899618,470.1405029296875,32226345
2017-09-26,471.583542278959,473.81977355321663,467.86441714541184,469.2945251464844,31447121
2017-09-27,469.74247924411105,471.6831647709906,466.4582749065169,470.7874450683594,37164081
2017-09-28,470.68792268716936,474.56926316343373,468.74723726323,473.7730712890625,25615983
2017-09-29,475.0668078780881,478.3012629024146,472.9221166075915,475.01702880859375,26810406
2017-10-02,477.7539723407943,479.346325827227,474.8181000226876,477.7042236328125,40405793
2017-10-03,478.4505170075582,484.37206961630574,478.4505170075582,484.073486328125,30604574
2017-10-04,483.3271689949863,484.77024591013185,480.78937758875384,483.42669677734375,32018508
2017-10-05,482.6803376374279,488.0584830765387,482.5310611331008,488.05450439453125,23165525
2017-10-06,487.65628185426596,488.60175005956603,484.2725504626603,485.81512451171875,22257525
2017-10-09,484.7703130913337,485.9794983669317,480.67798037577285,483.97412109375,25059314
2017-10-10,484.7702536195563,489.2905218952346,483.376955759239,487.60662841796875,26032161
2017-10-11,487.70613357580436,489.44776352176456,485.46689507385554,486.3128356933594,28770872
2017-10-12,487.4572938568685,489.447727936107,485.8360874860849,489.09942626953125,19318392
2017-10-13,488.3031771491675,494.54120216734134,487.6433539176575,488.45245361328125,19288484
2017-10-16,489.44775341823697,491.93579614682017,488.80086838312843,489.1492004394531,22812727
2017-10-17,489.59708926636677,492.33393642984623,487.0095186011173,488.2535400390625,24299938
2017-10-18,488.3032738836826,491.87810422677825,484.9195417497979,485.66595458984375,23446693
2017-10-19,486.41231922683096,489.992099788616,484.57116166285175,489.7960510253906,45844585
2017-10-20,490.1941567511064,491.5874849494431,487.37770580036187,489.5472717285156,25563070
2017-10-23,488.25350510617704,490.1444114822424,484.67071754690767,488.6018371582031,19505181
2017-10-24,486.760638878213,495.3195111191956,486.760638878213,493.8764343261719,27825667
2017-10-25,492.0353943413283,493.22966717059666,484.2727120659428,485.4172058105469,23396930
2017-10-26,485.7654352822607,488.6515585763114,484.6507970753126,487.6563415527344,24942966
2017-10-27,485.815218535116,495.5185852050781,485.815218535116,495.5185852050781,29230632
2017-10-30,495.51855155154607,501.93771352282016,494.39695824156763,499.20086669921875,37583751
2017-10-31,519.503408673428,519.717407110923,499.12632924165484,507.7598571777344,60142668
2017-11-01,517.4134007158258,517.4134007158258,509.6506586492946,511.5415954589844,42364725
2017-11-02,510.14843542785843,517.1149575076012,507.16281347959466,515.6221313476562,35127658
2017-11-03,516.0200060208443,518.8066014264105,511.93964068518227,514.328125,24993131
2017-11-06,514.0296911276595,519.7024413971737,512.7359208978638,518.607666015625,28250645
2017-11-07,522.3892410244267,526.4696049698226,520.1001941473866,522.190185546875,37769979
2017-11-08,522.4888591328092,523.3845786171811,519.0056000719239,521.5931396484375,29735225
2017-11-09,516.1927364976586,518.1834528910192,511.81319688337123,512.2113037109375,34898362
2017-11-10,513.6049479295699,515.0979855689,504.54718017578125,504.54718017578125,24431441
2017-11-13,506.2393016507269,514.4509782911141,504.36999738463925,504.54718017578125,22127206
2017-11-14,503.6513584508574,505.64207528267895,499.66992478721426,500.665283203125,25618864
2017-11-15,497.43028320929017,498.37588569292365,490.8609127135326,492.70233154296875,32667416
2017-11-16,495.2904054121318,497.87834363819445,488.1735980724082,488.8703308105469,31845429
2017-11-17,487.8749292552139,492.7521794956845,485.7846704733183,490.8112487792969,21826848
2017-11-20,488.5218968655634,492.503330516875,487.72562228567233,489.7163391113281,20892430
2017-11-21,489.86569203341526,495.8378431837792,489.16895929143175,492.0057067871094,34930127
2017-11-22,494.69327618410927,497.23142873045373,493.05094039671366,495.5393371582031,41355266
2017-11-23,494.89232555280614,499.57049291250553,493.0509060025699,498.57513427734375,22042538
2017-11-24,499.0727780155911,499.37140381041127,495.14112991255365,498.9732360839844,21135966
2017-11-27,497.6792003582894,500.86435939095355,493.8968505859375,493.8968505859375,26928203
2017-11-28,493.00103073644266,500.96389837846675,493.00103073644266,499.0727233886719,40038258
2017-11-29,495.19084841706035,498.07738196078776,490.4628955929779,492.20477294921875,35546415
2017-11-30,490.7117259440405,493.4987175109978,486.829833984375,486.829833984375,61065242
2017-12-01,490.6619417538859,493.6977727626398,488.07400380534773,489.7163391113281,38094990
2017-12-04,493.00107397208967,494.046218667321,488.07406741205193,490.7117614746094,32669291
2017-12-05,490.76142196542094,493.3493597487515,488.9200333199816,489.46746826171875,45666974
2017-12-06,488.0740708665518,493.8471383037998,488.0740708665518,491.9559631347656,30207025
2017-12-07,490.96053832518885,492.5531178647846,485.68515087470155,485.9339904785156,27191525
2017-12-08,485.73496807220323,491.10989811912725,480.40979380196296,490.4629211425781,40251671
2017-12-11,490.0647218933266,497.43036809204006,489.91542420620345,496.38525390625,29547682
2017-12-12,497.48014690891756,508.72771574946125,497.48014690891756,508.628173828125,42704788
2017-12-13,507.334182769852,509.22535763282036,503.00336529907906,505.3414611816406,50358314
2017-12-14,502.65606410919673,505.44305587863727,501.36211015394196,501.66070556640625,35838377
2017-12-15,502.755621641664,504.3482014347409,499.5704620555103,502.85516357421875,44893955
2017-12-18,504.2485504939173,507.9313581948307,500.36665897093235,507.33416748046875,21916310
2017-12-19,506.23935925636454,509.52403028628646,504.9453749294771,505.44305419921875,26921844
2017-12-20,505.6420736306895,507.4337066231041,502.5564564762614,506.3388366699219,35234009
2017-12-21,506.1397417819305,517.785447106045,506.1397417819305,517.0886840820312,29203945
2017-12-22,516.4914376386672,516.5909491662836,512.5100045044377,514.79931640625,9431738
2017-12-27,515.7948012048996,517.6859459564131,514.8989542292236,516.29248046875,19759452
2017-12-28,516.7900615128201,517.2877406820829,514.5007494845818,516.1928100585938,10981504
2017-12-29,515.0979283194828,521.0700782130419,514.9984167886636,520.2738037109375,10752630
2018-01-02,521.7670601953631,521.8665717679521,511.91298443401496,515.09814453125,20152548
2018-01-03,516.790114535039,523.1603721040743,516.3919468580365,521.7669067382812,27207749
2018-01-04,526.6440092593853,528.1370465875656,524.7528650947969,527.5398559570312,32592520
2018-01-05,527.5397690851848,528.8337224061589,524.2550996544553,527.1416015625,24779506
2018-01-08,526.9427430985734,527.838529176585,524.454347184341,524.9520263671875,29326873
2018-01-09,525.1511486839842,526.9428426823156,522.165073022585,525.54931640625,31258273
2018-01-10,525.9473694497746,529.2320398107438,525.6487133472624,528.03759765625,32398552
2018-01-11,527.3409027723459,531.5214204770316,526.1464604635987,530.5260620117188,35293014
2018-01-12,529.7297195753521,533.7111529269115,526.3454769257859,532.317626953125,33811835
2018-01-15,531.1231419377348,531.6208210665189,528.5352347687957,530.2273559570312,21042103
2018-01-16,522.5631392396477,525.8478096787835,513.7044255308439,515.8942260742188,48639878
2018-01-17,513.6048470639583,516.8895170750449,510.12109325635396,513.9034423828125,28884152
2018-01-18,514.401439741867,517.2880046975881,510.81817219507343,514.1028442382812,21972681
2018-01-19,512.808712969954,513.2068199200944,505.34352419637696,507.5332946777344,46542765
2018-01-22,508.7275962739179,514.1025246285382,507.93129146617116,513.40576171875,38310875
2018-01-23,515.695343099044,515.695343099044,512.3111598065698,513.3065185546875,26614233
2018-01-24,513.7044294896662,518.283114434163,511.71371275341187,513.1072387695312,49666786
2018-01-25,513.1071936550844,518.3825803919542,512.9081098485925,514.3016357421875,28605999
2018-01-26,515.3964797289286,516.2923264373364,512.4104050366964,513.9034423828125,28245202
2018-01-29,512.7091078896211,516.1928624278978,510.61887946739836,513.206787109375,27223028
2018-01-30,508.0309069159477,512.0123707792659,503.8504199797429,505.5425109863281,41680480
2018-01-31,505.34354235385274,505.7416796942295,498.0774067942668,498.774169921875,40800024
2018-02-01,504.24863681869795,506.93608662118373,498.4755391254872,499.17230224609375,27436471
2018-02-02,501.95927185844226,503.35279803825125,486.7800549614873,487.17822265625,39293080
2018-02-05,482.30095732799685,487.1782383627095,472.79529563971823,479.81256103515625,49010159
2018-02-06,455.82434952380237,483.8436798326377,450.39963459215664,472.7951965332031,76141700
2018-02-07,483.2962447679957,488.57166235853447,474.6366451680142,482.7488098144531,62374981
2018-02-08,480.4594922922193,481.4050645082104,474.7859374925664,478.8669128417969,55597861
2018-02-09,475.7315811168538,477.12507686519155,464.63331015019094,467.86822509765625,50496700
2018-02-12,474.68643125115307,479.9120630313235,472.0487374753957,476.5776062011719,50653579
2018-02-13,474.98510392752223,478.36931686332144,472.6460053006253,473.74090576171875,34674798
2018-02-14,474.7860292980321,476.27906712601333,470.0580761760915,472.6957702636719,40742940
2018-02-15,470.5272282328915,475.9029696766622,465.00216654522774,467.6402587890625,34939564
2018-02-16,471.17427727782336,472.5182201608789,468.1877510401515,471.2738342285156,33389161
2018-02-19,472.51830141658746,476.2016965619971,471.02503804096534,471.9209899902344,25607113
2018-02-20,474.3101991896253,476.25142320021206,471.3236726682437,472.86669921875,34940491
2018-02-21,471.6223112120752,472.8169339678806,467.88915307583187,470.07928466796875,27369989
2018-02-22,466.7940323319986,472.2693302873079,464.3052605341307,471.7715759277344,77378075
2018-02-23,469.8801086736007,474.359897845277,466.6944686659806,473.9617004394531,29338300
2018-02-26,479.8352587723677,480.73121064832856,475.8034601402845,478.6904296875,48339304
2018-02-27,478.69030723966296,480.43244725637555,474.7082729157486,476.0522155761719,29042202
2018-02-28,472.9661668953597,479.88493380216835,472.9661668953597,473.01593017578125,40396337
2018-03-01,471.12452727879025,474.409694080667,465.69899230847597,471.47296142578125,39335985
2018-03-02,468.6357522267278,470.8756469532496,462.015625,462.015625,36154120
2018-03-05,462.6128871365863,468.03839111328125,461.81646197910356,468.03839111328125,42900545
2018-03-06,470.8756736490207,475.5047836035047,470.8756736490207,471.0249938964844,32839802
2018-03-07,468.1379602720154,473.0657404270844,467.88908310015364,469.4819030761719,32853320
2018-03-08,468.98422081705775,473.7128878092452,468.98422081705775,472.86669921875,29090753
2018-03-09,473.56344412372533,477.24680764503967,472.3688216743467,476.0522155761719,27291276
2018-03-12,476.99790621703846,477.6449806856315,473.1154290249712,475.8033142089844,26988068
2018-03-13,477.49574235204864,480.8307025764562,471.0747294589948,471.8711242675781,33537463
2018-03-14,471.3236274421335,472.61777665834387,461.8165006996856,462.6626892089844,52230048
2018-03-15,464.3550528771284,465.4500881606624,461.21917611632557,462.46356201171875,36118925
2018-03-16,461.71686980483713,471.6221923828125,461.71686980483713,471.6221923828125,88703968
2018-03-19,470.1788042211189,470.1788042211189,457.4363034586987,457.6851806640625,48161112
2018-03-20,460.92054601401543,463.55863809544394,454.3999759277945,461.8164978027344,47342385
2018-03-21,463.5586710324338,471.0747807718998,458.23269282590894,470.5770263671875,56848488
2018-03-22,467.64025157669766,469.3326286627638,458.03359788118826,461.2192077636719,49719439
2018-03-23,458.531258371767,463.5088012755411,455.2958554843139,460.3729553222656,33219378
2018-03-26,462.8120218795718,471.5227236318027,461.86630677478246,467.4411315917969,39528715
2018-03-27,473.7626055480284,476.15182045931317,470.9253995494021,473.215087890625,36505351
2018-03-28,467.9886876409677,471.6720519308237,463.7577752890199,469.2828369140625,31262780
2018-03-29,470.82587177363934,480.2334111590788,468.98417452447427,477.0975646972656,50711031
2018-04-03,475.90290531235223,480.38269430637064,473.663010815343,477.3464050292969,39240364
2018-04-04,479.23788047831295,481.12934092579417,476.3509113342085,479.6360778808594,39049510
2018-04-05,490.3378288060234,497.5552673339844,484.7132103741296,497.5552673339844,45789040
2018-04-06,496.9579241620172,500.24309051468475,493.8220476484106,496.1614990234375,36307245
2018-04-09,496.26109326822586,497.65479938986715,486.00736567988474,491.33331298828125,40800513
2018-04-10,493.3242567730129,502.9309387207031,491.0345992278545,502.9309387207031,41637779
2018-04-11,501.0395398359876,506.2161974686999,499.7453906180675,503.62786865234375,37931448
2018-04-12,504.125621914559,505.61888503064506,499.34719209528987,502.2341613769531,28929563
2018-04-13,503.7274111519693,503.7274111519693,496.7090868444493,502.0350341796875,30689687
2018-04-16,498.5507844128303,498.9490122288773,491.6071349831362,494.12078857421875,34483598
2018-04-17,498.74979088670307,499.1479882364586,493.42381398975493,494.4691162109375,27446000
2018-04-18,495.76334157415727,508.10764360150716,495.166030267242,507.3112487792969,38283560
2018-04-19,510.1981415060806,514.2797023337208,507.21161579970357,514.18017578125,35471777
2018-04-20,516.1711379452212,517.2661729498602,510.8949552447536,515.8724975585938,29127852
2018-04-23,515.0762967458938,519.3569725942631,513.8816739888744,519.2573852539062,35629982
2018-04-24,525.9271856682819,531.5020703319653,523.8366418950403,531.203369140625,48237242
2018-04-25,524.3343696337165,525.4294047430726,516.8680554489598,521.646484375,51115080
2018-04-26,524.2350549825636,533.7919785663407,523.4386598741785,532.89599609375,46617490
2018-04-27,531.9998631189072,535.4841435003644,529.3119775295775,534.9863891601562,31551871
2018-04-30,534.0902944231565,535.5835571289062,527.8186032112106,535.5835571289062,40074394
2018-05-01,542.6517532985066,547.6292966630537,538.669718606869,545.2401123046875,48361677
2018-05-02,544.5433614960281,548.2267565322129,543.0500981646861,544.9415893554688,47606324
2018-05-03,547.1318121209168,548.824189851591,539.7650807654196,541.4574584960938,43300799
2018-05-04,545.3397761003005,555.593505859375,544.5433811137686,555.593505859375,60880877
2018-05-08,555.5931607503245,556.7877828685992,546.5340594786684,547.9277954101562,63634964
2018-05-09,557.385398168221,569.8292580955251,555.991661551949,569.4310302734375,65130750
2018-05-10,568.8080633384776,569.1067426299003,556.9600058065608,561.5399169921875,44846021
2018-05-11,563.5313605012041,565.3234975504217,558.851847650673,562.0379028320312,33603758
2018-05-14,562.1375485708534,570.5009374058528,557.9559149223132,568.0118408203125,55245028
2018-05-15,566.518187936886,577.7688884785056,564.2282320199271,574.6824340820312,75053419
2018-05-16,574.981119534577,579.2623520803539,571.5959249994384,573.3881225585938,40930380
2018-05-17,573.6869127551118,581.452880859375,573.5873124442791,581.452880859375,33618448
2018-05-18,579.9594446206664,584.4398180125858,578.46598682336,583.7428588867188,42264713
2018-05-21,585.4352433761461,590.612574008769,583.2448272505444,590.2142944335938,32533546
2018-05-22,589.4180146646189,590.7123326105984,582.2494050351773,585.833740234375,54619825
2018-05-23,580.0587646914597,580.7557235536209,569.704164342674,574.4832153320312,66499464
2018-05-24,574.781871178887,576.3749286229776,562.0377154708015,564.0289916992188,56155106
2018-05-25,564.9252959200847,565.8213340876383,548.5968005965634,552.6788940429688,52379605
2018-05-29,545.2115448230854,557.1592052130926,539.1381750990757,556.760986328125,56020813
2018-05-30,557.1591987590506,570.9985961914062,557.1591987590506,570.9985961914062,42119394
2018-05-31,570.9987231652623,574.1847787613008,567.7131280192359,573.7864990234375,75523654
2018-06-01,574.2841708720887,578.6650037880454,572.6911738675266,574.1846313476562,34707322
2018-06-04,576.2752166410609,577.0717148242436,573.8857220915128,576.3748168945312,46152839
2018-06-05,573.6867169619601,581.0544028462813,566.7172498782093,574.4832153320312,49637814
2018-06-06,576.7731620656592,579.3618576897487,570.1023743771414,574.3836669921875,40957038
2018-06-07,579.3618937411948,587.0282592773438,572.4919658434994,587.0282592773438,49018704
2018-06-08,583.443894858525,588.4220850876933,578.4657046293568,581.2534790039062,39569180
2018-06-11,584.3401219305332,587.426576243901,580.8553880036626,584.0413818359375,37748326
2018-06-12,585.9330042358504,586.4308232708851,575.9766235351562,575.9766235351562,44792431
2018-06-13,572.7906538746705,577.5697051607178,569.0072408052553,570.7993774414062,39364631
2018-06-14,568.1110739999989,583.9417440543106,566.4185378497656,582.9461059570312,59081596
2018-06-15,580.2579942759687,582.4484107093474,562.53564453125,562.53564453125,86838145
2018-06-18,561.7390822226384,571.0980448017735,556.9600310365978,569.305908203125,31181171
2018-06-19,564.6263596274024,569.3058709956025,562.7346836403794,568.210693359375,40681357
2018-06-20,572.2928333885599,575.478887827899,560.2456353038885,561.938232421875,38623201
2018-06-21,563.6306963392648,564.6263344255514,555.7651919189565,557.0595092773438,34319248
2018-06-22,558.254409395075,577.968035667143,553.2762178733941,574.0850219726562,45735821
2018-06-25,569.5050064169097,570.1023649832023,553.574796447206,554.5704345703125,33395773
2018-06-26,557.2588744602602,565.4231222240434,554.6701779274287,560.9427490234375,45234687
2018-06-27,566.5182151110388,582.7471078892539,564.9252180755967,579.7601928710938,42139998
2018-06-28,578.266753202971,581.8510877967137,573.8859808358768,579.9593505859375,32802922
2018-06-29,582.4484380625079,582.5479775904971,574.2841913922877,575.7776489257812,37745377
2018-07-02,570.7991854767073,574.7817370038692,566.7170944689318,570.6996459960938,31472679
2018-07-03,574.8814612854677,585.7338800770716,571.9940864977517,578.864013671875,43902388
2018-07-04,579.3618906889882,580.8553479833207,574.2840994268977,577.4701538085938,22333424
2018-07-05,577.5697941901091,586.3314604621844,576.5741558200044,579.9593505859375,26182815
2018-07-06,579.1629152561804,579.8598743451117,568.6091109198142,576.57421875,28887565
2018-07-09,579.7601539900537,583.5435672722041,570.1024505918986,582.0501098632812,35186880
2018-07-10,584.3400759601916,590.9112636834711,582.0500595161124,586.9287109375,32253320
2018-07-11,581.8509479041132,581.8509479041132,567.2150552286486,568.210693359375,48176864
2018-07-12,567.5137361140753,571.2971488677166,564.7259614939674,568.9076538085938,36722314
2018-07-13,568.7087044990636,571.6956199000367,564.1287310895353,568.3104248046875,30987797
2018-07-16,568.8080308456191,569.6045291668898,552.9992984288209,555.0682373046875,32106826
2018-07-17,557.258833624,559.3496499901528,551.4841429646265,557.7566528320312,42574302
2018-07-18,560.345222441268,565.1242741219796,555.6657102828661,559.7478637695312,30553725
2018-07-19,562.4361150075924,569.1068431807033,558.3539614071412,567.414306640625,31067188
2018-07-20,563.6307834813855,568.4098956495935,560.4447897278276,564.8255615234375,29760504
2018-07-23,562.6352314769806,567.31474407704,560.5444151596291,564.4274291992188,17220403
2018-07-24,561.5399777604684,568.8081248932971,557.9557043376572,565.6220703125,27193125
2018-07-25,566.6176429007189,567.5137415370335,558.2543189604784,563.5311889648438,23645784
2018-07-26,565.6221769304667,566.4187363025173,556.4623518413654,562.0379028320312,24300571
2018-07-27,560.5443292442754,567.5137969258205,548.4971308451787,564.8255615234375,35955255
2018-07-30,561.042170705888,569.0072769448359,559.9469929056079,563.033447265625,33297688
2018-07-31,557.8560806251887,572.3924350493782,557.8560806251887,570.7993774414062,37588413
2018-08-01,574.6824046061487,574.6824046061487,559.3495513939203,560.7434692382812,42795079
2018-08-02,558.5531612139039,560.4448985452019,548.8954562548116,553.7741088867188,37225192
2018-08-03,557.3582169315732,560.0464520552241,554.4709027956683,558.05517578125,26443493
2018-08-06,558.6527293439493,566.2196182875003,558.6527293439493,564.327880859375,37294768
2018-08-07,566.8170289935215,576.8730150694882,566.6178891245899,573.7864990234375,30243533
2018-08-08,575.4789490099806,580.4571406104129,571.7950750718726,574.1846313476562,29589392
2018-08-09,568.3884272414143,569.5833695427663,562.0155029296875,562.0155029296875,30530058
2018-08-10,559.6256520662376,559.6256520662376,553.1531133857562,553.6510009765625,40006428
2018-08-13,555.3439653073979,558.6300120463263,553.651134933614,555.94140625,36059856
2018-08-14,557.1361861654742,558.331128478928,552.9539184570312,552.9539184570312,36388562
2018-08-15,553.4518702807503,554.4476455280267,539.7101840237958,542.697509765625,40941196
2018-08-16,546.5811298683705,547.875625705667,542.5980283521931,546.2823486328125,34292445
2018-08-17,545.6849077163082,549.9667296907378,543.2950224956794,546.2823486328125,22117907
2018-08-20,547.7760370582148,553.1532486648906,547.0790428824641,549.5684814453125,24527118
2018-08-21,549.6679266878778,552.2569179736773,545.8839929712104,549.2695922851562,24365138
2018-08-22,545.4856378249627,553.4518393580832,544.9877502291428,552.2568969726562,31904565
2018-08-23,552.0577139304492,557.0365891975806,551.4602124320218,555.1445922851562,34587123
2018-08-24,555.1447838979798,562.4139321415413,555.1447838979798,561.318603515625,26297901
2018-08-28,563.8079886879502,565.0029312069552,556.937114786648,557.33544921875,35278874
2018-08-29,556.6383321267903,558.6298825100704,549.8670729790967,552.2568969726562,24884200
2018-08-30,550.6637730628439,555.7422030785415,548.5726691216283,554.1489868164062,29010278
2018-08-31,553.3522675734857,553.6509879654907,544.9877319335938,544.9877319335938,36054447
2018-09-03,547.2780637377754,553.6510497726972,547.2780637377754,551.3607788085938,21153978
2018-09-04,552.854296240372,553.9496244375521,550.5640258789062,550.5640258789062,35306386
2018-09-05,553.1531488074683,553.7505896437759,541.4030130674676,543.9920043945312,29780888
2018-09-06,545.4857282978435,548.5726683702964,538.3161335734454,538.9136352539062,51518544
2018-09-07,540.0088016776618,540.1084156498114,528.7565556802253,534.6316528320312,39576286
2018-09-10,536.9219693063984,538.6147992050996,532.9388687340621,536.2249145507812,24249950
2018-09-11,539.4115111115799,541.7017822265625,531.9431960992652,541.7017822265625,29038597
2018-09-12,542.7969321996908,552.0576883899427,542.5978258200458,550.5640258789062,39910151
2018-09-13,548.9709964899621,552.0579368685574,545.1870619143293,546.6807250976562,29324419
2018-09-14,547.9749709944497,549.3690803070162,545.68470064719,548.0745849609375,23354882
2018-09-17,547.9750518636004,549.7674349747863,544.4898388451255,546.3818359375,22864263
2018-09-18,545.4857298050624,549.568445245593,542.2992364990472,547.7760009765625,35170146
2018-09-19,548.9709689708455,552.5557968975143,545.1372579700757,551.0621337890625,26153914
2018-09-20,552.2569151940671,554.7463532553048,549.0704830975199,553.1531372070312,40851376
2018-09-21,555.8416833001891,568.3884254823287,554.9454613826263,564.6044921875,93253985
2018-09-24,566.5961387794553,572.2720700755882,566.2974183485641,567.6914672851562,25875827
2018-09-25,569.2847451690498,584.9184293698368,569.1851311737184,584.2213745117188,43568199
2018-09-26,583.125774603871,583.9224431695665,579.0431217024351,583.5241088867188,31642859
2018-09-27,586.9099093008464,592.5857791459997,585.9141341311994,590.7933959960938,38718752
2018-09-28,588.503316333321,594.3784160526498,583.4248856302022,586.8104858398438,49947186
2018-10-01,588.5032124711447,594.7765848141077,584.0222235436994,592.7850341796875,41217487
2018-10-02,592.6854608834751,597.6643373008811,591.6896855999939,594.4778442382812,30040007
2018-10-03,599.4567389485946,599.4567389485946,591.9884240945839,595.3740844726562,36800876
2018-10-04,595.9714450234209,600.6516005232575,592.8845662774085,595.7722778320312,41224771
2018-10-05,593.1833268446355,594.2786553055112,584.8187904581933,586.0137329101562,27611597
2018-10-08,582.0306504785533,582.8272585461607,573.2678401802729,574.1640014648438,28936664
2018-10-09,577.5496081943545,581.7318761332897,573.0686198549155,576.5538330078125,29010025
2018-10-10,578.6448525480872,581.9309588082474,564.206114440265,566.795166015625,39624657
2018-10-11,557.7337936889421,561.9160626478308,548.5727083604254,552.0579223632812,50493111
2018-10-12,558.8289482448664,559.3268357502917,554.1487935384115,555.6424560546875,37029974
2018-10-15,557.7337372722832,561.9160058081212,552.8544746282244,557.0367431640625,26180580
2018-10-16,555.343818661473,558.2315301579224,547.4771705897572,557.733642578125,28181763
2018-10-17,563.9076096303397,564.8038318215514,551.6595840885291,555.94140625,31002931
2018-10-18,554.0493458245282,557.9328326397887,547.3776398262562,552.1573486328125,22864554
2018-10-19,553.6509297050168,563.5091270448514,551.9580999587349,555.1445922851562,29346253
2018-10-22,557.4348760858225,557.9327636244445,547.9750128520029,548.472900390625,30048435
2018-10-23,540.9052026047187,544.4899696885261,528.6571774948526,530.9474487304688,52236921
2018-10-24,533.138119890436,542.1000975897554,529.0554046943654,530.648681640625,40777528
2018-10-25,523.7778055883812,533.8351117649944,521.2883673488926,533.2376708984375,35053272
2018-10-26,531.7439948962078,531.7439948962078,512.4259303212687,525.868896484375,50956199
2018-10-29,526.9643129077826,537.4199537957255,526.8646989091351,532.93896484375,39294966
2018-10-30,550.6637252416366,558.4307602053174,536.7228714380509,543.6932983398438,61733683
2018-10-31,552.0577956529695,568.488086466721,550.7632392700501,564.9032592773438,73320273
2018-11-01,558.0325193604797,559.6257355778941,534.6317991005499,539.2123413085938,59792870
2018-11-02,544.6891945110247,547.8756882431513,530.8478908514646,531.0470581054688,48953473
2018-11-05,532.0427184118619,542.0004711831014,524.3752366225476,539.8097534179688,37138208
2018-11-06,541.0046317084607,542.4982944469033,535.7270355214218,537.3202514648438,32098593
2018-11-07,539.7102780043219,550.6638076317158,534.8309541321048,542.0005493164062,36201164
2018-11-08,540.0886499105842,540.1882786121226,525.1498154443891,526.8428955078125,34877269
2018-11-09,520.8671347775951,522.7594106333507,514.4932105346517,521.7634887695312,39685515
2018-11-12,532.7187915337367,536.6028515139408,525.9464721679688,525.9464721679688,44727109
2018-11-13,522.8592661826962,524.6519143666379,504.0363386787471,511.4061584472656,98793001
2018-11-14,503.04023375490607,515.8876221269317,499.753672752583,510.01165771484375,54248455
2018-11-15,511.20674763107405,524.9504589982316,511.20674763107405,524.8508911132812,43656133
2018-11-16,528.2371545715938,532.7188044323723,521.0665026370949,522.7595825195312,37761095
2018-11-19,525.0500692280979,525.4484015401634,520.2696559795439,520.5684204101562,26010023
2018-11-20,520.7677267324862,524.3530222280866,512.401956194398,516.8836059570312,47781156
2018-11-21,516.9831554456991,529.4321821207185,515.9872333116977,528.535888671875,40949882
2018-11-22,531.8221424896602,531.8221424896602,520.9665725700416,523.0580444335938,25191614
2018-11-23,522.1619442684546,526.0460647684639,504.9325041156463,510.5096435546875,59239662
2018-11-26,519.8710995155683,524.1535504386223,516.6841380892607,522.65966796875,35236932
2018-11-27,520.4687249280922,524.9503731707093,516.9829985171679,522.1618041992188,36826523
2018-11-28,525.3489031856017,527.5399439438174,518.0786840760198,521.4647827148438,36338623
2018-11-29,519.5723709107134,526.0458620586865,515.2899196931479,519.970703125,40488477
2018-11-30,521.4648120173755,523.0583239248309,515.8876723069411,517.8795166015625,59350000
2018-12-03,541.4828673359707,542.4787894532757,527.0419966350485,529.83056640625,69912022
2018-12-04,532.2208074557992,535.6069062061233,527.838725795071,534.8101806640625,41481764
2018-12-05,531.5235806338319,531.6231485187824,523.4565760064481,524.8508911132812,27734262
2018-12-06,522.9586154164148,522.9586154164148,498.06059592709505,501.2475280761719,56124352
2018-12-07,504.9325033911385,523.3570621933792,503.53821853337877,512.70068359375,45373811
2018-12-10,507.2230919569626,515.290097098117,506.8247292124082,507.02392578125,39009718
2018-12-11,512.0035031822014,522.4606847397105,508.91616913210675,514.6925048828125,28514344
2018-12-12,517.182184638057,520.8671074984496,512.600968618916,514.3936157226562,30607753
2018-12-13,509.2150117374992,512.1032104492188,501.8451934922042,512.1032104492188,59272566
2018-12-14,507.92028156408566,516.086855111192,502.9406709605162,510.6092834472656,34427472
2018-12-17,510.0116365803661,512.2026771577865,502.24345706610774,506.52593994140625,24555861
2018-12-18,501.94469279481984,503.73734025469315,494.67447428262216,495.2720031738281,41073649
2018-12-19,491.786332073741,502.3431126538831,488.00184016441233,500.45086669921875,38521707
2018-12-20,491.3879508940674,496.2181790872405,487.852439647888,490.39202880859375,58177055
2018-12-21,487.00581399290087,493.1805419921875,483.8686660550071,493.1805419921875,91835384
2018-12-24,489.6948282917453,496.8654479980469,489.6948282917453,496.8654479980469,7120071
2018-12-27,501.8451251067582,501.8451251067582,479.3870945804807,483.8687438964844,36112489
2018-12-28,490.9397844707486,503.6377905504668,489.84426414210793,500.6500244140625,31438450
2018-12-31,502.2434760458388,503.3389963759486,493.92755126953125,493.92755126953125,10947870
2019-01-02,489.49567583413216,507.52187058538806,483.9683207464609,505.2312316894531,33397201
2019-01-03,499.0565658639819,512.3023479097687,498.45900653077354,506.6255798339844,38347439
2019-01-04,514.9914058360379,522.3612552967747,512.8004253675302,518.6763305664062,34897489
2019-01-07,522.2616873795786,522.2616873795786,512.0036388848647,518.6763305664062,32659884
2019-01-08,519.5725129066869,526.0460058238258,517.6802368164062,517.6802368164062,28449464
2019-01-09,525.6474972839994,525.6474972839994,518.676044904142,520.7675170898438,30401761
2019-01-10,519.9708490256198,524.8508911132812,516.5847507159966,524.8508911132812,23546866
2019-01-11,526.7432588451331,532.4199665723785,517.4811340559115,519.0746459960938,34958800
2019-01-14,514.5930733809793,521.5645296003834,512.103267588335,518.6763305664062,23629289
2019-01-15,522.5602643292414,525.5480302078691,516.783929121145,520.5684204101562,25047792
2019-01-16,518.775917296695,521.2657228878937,509.21502735472984,513.8958740234375,44623263
2019-01-17,511.2067461186863,514.7921017601124,506.22713616080654,508.9161376953125,19342579
2019-01-18,512.8999345327078,521.9628022652837,509.61340342014,521.1660766601562,28149826
2019-01-21,523.1576647704803,523.7552542712665,517.7797239808299,519.970703125,13598752
2019-01-22,518.1782558730649,518.1782558730649,507.5219076512757,510.5096435546875,26637487
2019-01-23,509.4141579236956,512.8998852995176,504.23535080807926,506.4263916015625,27587654
2019-01-24,507.9202845557027,510.5096577703052,502.14394837879235,509.8125305175781,28603305
2019-01-25,509.8125576755088,512.4019614211812,503.83702459771075,504.83294677734375,31490953
2019-01-28,500.9487799227509,502.7414274153225,492.08507995502964,492.8818054199219,27379465
2019-01-29,496.96522440066633,502.3431987063349,493.977457520502,500.94891357421875,31233194
2019-01-30,505.4303940819529,511.4059258346459,504.53407039767416,509.3144836425781,35260467
2019-01-31,517.780051171858,522.7596628938944,512.900007369752,517.9791870117188,44628182
2019-02-01,515.6883676853013,520.1700164093096,513.0989949592637,519.373291015625,27436398
2019-02-04,519.9710317005333,527.0421168175906,514.1946942602262,517.9791870117188,29975932
2019-02-05,536.8020922226705,546.5621181058287,534.3122866001164,544.7694702148438,57162693
2019-02-06,547.7572169114536,553.9319467866181,539.7898392109234,551.7409057617188,50140902
2019-02-07,552.2387041744233,556.3219597284809,544.8688576581367,545.0680541992188,61241706
2019-02-08,542.7774771522073,545.9644396340215,539.490946787252,541.7815551757812,45635276
2019-02-11,545.3670368622746,548.354803815398,540.5866218945321,542.0805053710938,27297239
2019-02-12,546.263276405625,547.2591985139305,541.9808234971631,542.9767456054688,30110056
2019-02-13,546.064011405951,550.2468958939795,542.4787165797859,548.9522094726562,24958984
2019-02-14,543.7501452823893,545.8418506842504,537.9729383728952,538.7698364257812,39068596
2019-02-15,538.6704221642897,545.8420821174965,536.8775223746909,541.3598022460938,30288186
2019-02-18,542.2561069136852,542.2561069136852,534.7856428808633,535.8812866210938,26304047
2019-02-19,535.9808423312941,539.7659258923566,533.2915240465661,534.6859741210938,21942024
2019-02-20,536.1800523839635,538.570625011191,533.4906733770292,537.2757568359375,26642665
2019-02-21,535.7817091169359,537.1761592708814,530.7017570563553,536.7777709960938,29371636
2019-02-22,534.5862919983982,540.6622436577941,532.9925569045331,534.9846801757812,23537934
2019-02-25,538.5706951889579,541.758105508997,534.5864474876078,534.88525390625,34412409
2019-02-26,531.9965224434914,532.1957469397481,524.9245087872303,530.90087890625,44467967
2019-02-27,527.9126650920969,531.8969116210938,526.7173789744422,531.8969116210938,44561163
2019-02-28,529.9045946541703,532.295166015625,527.0159926586421,532.295166015625,59566232
2019-03-01,533.7894821150218,533.7894821150218,530.1040417160035,530.90087890625,37842476
2019-03-04,532.8931257401695,535.2836986595386,530.4029709469911,533.98876953125,37188765
2019-03-05,535.3832164314854,537.9729527884017,532.594255556009,536.1800537109375,39432654
2019-03-06,534.7856428808633,537.8734103631796,533.9887447481955,535.8812866210938,31872427
2019-03-07,534.5863705478595,540.861547615379,532.9926352198189,538.5706176757812,24023429
2019-03-08,533.4908524967248,535.6822013416315,527.813346991713,532.1959838867188,45478250
2019-03-11,535.4829076944284,536.5786123729705,532.395139807664,533.4907836914062,26128910
2019-03-12,532.9927234858507,536.0805519982205,526.0202898573208,534.48681640625,34602161
2019-03-13,534.4869142586252,545.642822265625,532.0964016252159,545.642822265625,36444868
2019-03-14,545.2443421660008,551.9179086737181,544.4474439607832,547.7344970703125,54062368
2019-03-15,549.8262391313705,551.9179450710149,542.3557739257812,542.3557739257812,108893102
2019-03-18,544.7463433471397,551.818359375,541.7581572855422,551.818359375,22357469
2019-03-19,550.6229724678326,559.2887226265248,550.1249415483076,556.300537109375,26982791
2019-03-20,553.9099398631622,557.8941870430297,550.3241417191964,554.0095825195312,26424960
2019-03-21,555.7030433173062,563.273090597154,555.7030433173062,561.5797729492188,24519692
2019-03-22,560.8824005080158,561.2808495638656,546.9375346803422,549.9257202148438,27569746
2019-03-25,546.9376180505872,551.4198970355776,543.9494320605935,546.0411987304688,24352492
2019-03-26,547.2364759204526,553.2128477981651,544.0490654267129,548.4317016601562,22084236
2019-03-27,549.3280153833647,550.8221079002732,540.3634602819135,543.6504516601562,20680295
2019-03-28,543.8498408718295,551.32030571897,542.0569414674754,548.4317016601562,23509839
2019-03-29,550.9217788605895,557.0973744216569,550.9217788605895,556.300537109375,36272896
2019-04-01,556.2010263553713,561.4801426183287,555.2049643889718,556.9978637695312,27892267
2019-04-02,556.8982691442694,563.5718970538948,556.8982691442694,561.5797729492188,35094541
2019-04-03,559.9861091496324,561.8785906099292,557.0975048223315,558.0935668945312,34023073
2019-04-04,554.4079936907281,558.2926591696819,550.0253580884822,557.3961791992188,26338687
2019-04-05,558.591508054456,566.7592278912857,558.591508054456,566.3607788085938,31824435
2019-04-08,566.2611615321449,575.9229736328125,564.667486890604,575.9229736328125,27003817
2019-04-09,573.83114626195,578.5126486165767,570.0461237946207,571.7394409179688,49629451
2019-04-10,572.7356826112623,577.3175437542311,570.843140385582,573.9309692382812,22178417
2019-04-11,572.6360227927852,575.2257594698831,568.5521324391523,570.3450317382812,23789439
2019-04-12,574.6280822745746,576.1221749889704,565.4643014673221,568.3528442382812,24267295
2019-04-15,569.3488960592158,570.2453759900408,565.1654851681317,567.6556396484375,19886504
2019-04-16,563.7710262952916,569.0501421210769,562.6753825409033,565.8627319335938,18704051
2019-04-17,568.2532827203923,571.3410501227798,564.2690353393555,569.7473754882812,21400687
2019-04-18,566.4602339454625,569.8468068480144,564.1693044654004,565.4641723632812,19062523
2019-04-23,572.7357712119434,581.1027181006169,569.3491353772869,580.2062377929688,35394984
2019-04-24,578.2138924661617,580.5048225168027,565.9623441129168,567.9544677734375,34062869
2019-04-25,565.1655632439931,567.9545244882646,560.3844173454759,567.0580444335938,23156060
2019-04-26,565.0659403418357,565.5639713241209,551.9179102505467,553.9100341796875,32374844
2019-04-29,554.4080483630771,555.1053038761087,547.7344820385066,550.32421875,31058058
2019-04-30,553.5115313054343,561.6792498833245,549.8260906403734,556.7985229492188,31780473
2019-05-01,558.4919846095482,560.0856595174545,547.6348843156846,549.8262329101562,11056329
2019-05-02,550.1251415827435,550.6231726833606,543.1527061741034,545.3440551757812,26389541
2019-05-03,543.3517308328331,551.9178382934,542.3556689981258,545.9414672851562,23509405
2019-05-07,540.2640014084432,543.7502180747722,530.303382361789,531.1002197265625,62918760
2019-05-08,531.1997447208771,537.8733709265155,530.602131959985,536.1800537109375,35629259
2019-05-09,527.9919224529466,529.0877304232682,523.2101209764178,523.5089721679688,27664914
2019-05-10,528.9880904601075,529.6854503860891,521.9150160203363,522.2138671875,50240369
2019-05-13,523.0109067727686,530.0839823332748,522.6123979508066,524.3059692382812,43253294
2019-05-14,526.9958254965301,535.7624735708495,524.5052970206485,532.5745849609375,49188544
2019-05-15,533.8695841872706,538.4521311950284,529.3866339738059,537.3563232421875,72935573
2019-05-16,537.9541087140814,547.6173706054688,536.0612828988925,547.6173706054688,24983457
2019-05-17,547.6173141565871,554.6903894242007,546.1229973419723,553.8934326171875,71760062
2019-05-20,555.786349379773,560.5681518099188,551.9011007030764,555.0889892578125,34042390
2019-05-21,559.6713541441079,562.5603905024843,556.2842730660391,557.977783203125,24203258
2019-05-22,560.8668093107088,563.6561880310487,557.2804739279713,558.3762817382812,48368811
2019-05-23,551.9009666685886,554.6903456750863,539.7471787075252,542.0384521484375,32589635
2019-05-24,541.4408614173518,547.9162351049558,540.5442468928869,542.4370727539062,26907118
2019-05-28,543.831553114037,547.5174847906413,542.6360878765952,543.4330444335938,52602603
2019-05-29,541.9388054045149,542.5365077065643,534.9653281290891,539.2490234375,29026488
2019-05-30,540.8429975827923,545.1266928912031,538.9501722864753,539.2490234375,20523480
2019-05-31,534.965298104938,539.1493963961462,532.4747706463489,538.0535278320312,41026387
2019-06-03,534.766050407437,542.7357383741764,530.0838465661989,541.9387817382812,30467035
2019-06-04,538.8504456389842,542.93488559438,534.7659448797066,542.536376953125,24311473
2019-06-05,541.3411221914823,546.820283101097,535.0649437791685,535.5630493164062,25626588
2019-06-06,539.4483126558727,543.4331570706898,537.9539960003162,541.4407348632812,25090931
2019-06-07,545.3258759627629,552.3989490958157,543.433050913918,549.7091674804688,26995198
2019-06-10,552.4987103004347,554.3915359126245,550.107839889355,553.3953247070312,20317814
2019-06-11,553.1958946594684,556.5830360045941,552.8970435534602,554.8894653320312,20068433
2019-06-12,548.0157280761397,551.8013790808533,537.5555110243748,538.7509765625,46147610
2019-06-13,538.0536326807897,542.9350917724156,536.0612103256616,536.9578247070312,36815978
2019-06-14,538.4521288572257,538.7509800427118,533.6703274777387,536.8582153320312,27468976
2019-06-17,538.0537416500582,539.3488650863101,530.6818139254283,533.9692993164062,31593604
2019-06-18,532.4748341518685,546.2225352021189,531.9767286007442,543.8316650390625,76716204
2019-06-19,546.9200228678997,547.9162342028139,539.3488410441175,539.5480346679688,33485431
2019-06-20,542.436948837693,550.904743263993,539.7471666826764,547.21875,70278349
2019-06-21,546.0233647514316,559.6714711108999,545.5252591237422,554.0927124023438,118958350
2019-06-24,554.092759114432,556.8821387038653,547.7169822209436,548.215087890625,36866278
2019-06-25,548.414308911443,551.8014515805077,545.9237807147516,548.9124145507812,23249001
2019-06-26,551.2036432892124,554.9892336780607,549.0119664944352,552.3991088867188,25623340
2019-06-27,550.6058865533794,554.491073356965,546.6210421575581,548.6134643554688,21844282
2019-06-28,546.7206777345515,549.0119512639296,544.2301498104656,546.5214233398438,28219458
2019-07-01,555.5871225078342,560.4685219958975,553.1961907721854,555.786376953125,28629755
2019-07-02,559.6713710809148,560.8668365344857,553.7937622070312,553.7937622070312,33099789
2019-07-03,552.0005368264957,553.0964055002498,542.9350402918068,544.2301025390625,31253000
2019-07-04,545.8240872435597,549.5100196787591,542.9350507254786,543.8316650390625,17641011
2019-07-05,543.1344851770571,546.5215675653126,539.3488938942209,540.4447021484375,29516996
2019-07-08,541.8392428345653,545.6248328623299,540.1456717999627,543.8316650390625,26483443
2019-07-09,546.4218532211794,546.7207044258789,541.7396483345282,544.329833984375,20445321
2019-07-10,544.2303319748127,547.4182209454711,541.3413550982197,543.6326293945312,26548286
2019-07-11,546.9196980627208,549.9083302925718,543.4329604612282,543.7318115234375,20751100
2019-07-12,545.3261166943626,546.7207761004348,542.735930704945,543.931396484375,22762671
2019-07-15,544.0308649632958,544.5289705202312,539.9464237179858,540.0460205078125,34692032
2019-07-16,537.4557817900996,542.2375819603553,534.9652545343531,541.5402221679688,22082603
2019-07-17,533.9693871700402,534.2682384722231,525.9000979914669,525.9996948242188,45803079
2019-07-18,523.0107829957029,523.1103797756679,513.3475239871938,513.7460327148438,53884140
2019-07-19,516.0373765753513,519.6237123998735,514.1445510655792,515.738525390625,33374611
2019-07-22,519.0260103127241,525.8998915846843,518.5279047366082,521.0184326171875,30037515
2019-07-23,526.4975895569112,530.4824341325548,521.6161306301866,525.3021240234375,39797804
2019-07-24,527.2945530753665,528.1911674379492,519.5241182139632,521.5165405273438,58606751
2019-07-25,520.6200605588017,524.9038182815116,518.3287864677202,521.6162719726562,39652945
2019-07-26,522.6123461391969,524.0070660738827,519.0260103127241,521.0184326171875,32247612
2019-07-29,520.1217762896723,529.9842902225154,519.2252228073493,525.0032348632812,44285667
2019-07-30,543.9312244368939,544.9274354706612,530.3996821823353,541.141845703125,51013233
2019-07-31,554.0928501769288,554.0928501769288,541.0424430041542,543.6326293945312,45348725
2019-08-01,540.4444641273157,542.1380349775256,533.3713903930134,536.6588745117188,46333750
2019-08-02,531.0802706025181,531.0802706025181,521.5166655275909,524.90380859375,51258257
2019-08-05,517.3324780760789,519.9226637489028,506.67303618720234,513.646484375,70962211
2019-08-06,513.1483263207169,513.6464318833672,505.07904052734375,505.07904052734375,39759919
2019-08-07,507.56954328839333,512.3513442930391,500.79532013148696,503.684326171875,115449169
2019-08-08,503.36892191698547,508.25115585498145,498.18775708056063,501.0772399902344,54586000
2019-08-09,505.95947392823035,506.1587611938496,499.48303308618307,501.0772399902344,115995660
2019-08-12,500.9777369390799,504.6643395387775,498.78572843699646,498.9849853515625,90693782
2019-08-13,500.28021427280845,508.0519320918821,496.7430625112396,505.06280517578125,58212747
2019-08-14,508.0519636321764,508.5501514824545,492.70778392500665,496.1950988769531,49854609
2019-08-15,496.7431332665216,497.2891513296514,483.590991206491,487.92523193359375,51297872
2019-08-16,492.8074788537024,494.2522055256505,450.73550443868265,488.4234313964844,28282483
2019-08-19,494.2521359030551,499.1284108081104,491.36265255920824,498.2874755859375,33660653
2019-08-20,499.8816627075428,500.5262904916041,491.5619201660156,491.5619201660156,31272968
2019-08-21,495.04933210082834,499.1842856712004,491.56201673186786,497.0420837402344,41796555
2019-08-22,496.19511116372416,498.09420913414846,489.7186689497398,492.6579895019531,31605276
2019-08-23,492.55831477970463,493.355403146821,484.686953128285,486.2313232421875,28283085
2019-08-27,488.1243677126446,492.70770124750334,486.28106689453125,486.28106689453125,66149742
2019-08-28,492.85723634106773,499.68241600093984,489.6190153001843,496.9423828125,66995474
2019-08-29,495.4477244166175,502.37254640282436,494.55099253526606,501.0772399902344,62760951
2019-08-30,497.6896098813988,507.99112645855325,496.1950464883615,498.3870849609375,30782283
2019-09-02,498.18781431501,503.56823662821785,497.3907259748944,501.9740295410156,44088598
2019-09-03,504.1660101655273,505.8598607023883,499.68232035180233,501.0772399902344,37263001
2019-09-04,502.671566724307,505.5610503227941,499.2838952499782,505.1625061035156,32579680
2019-09-05,503.26939825671207,507.15425417671275,501.07735944021846,505.1625061035156,30179461
2019-09-06,501.17698605474595,503.66792534925264,495.3481820242055,499.1842346191406,42824151
2019-09-09,502.870876247965,506.358191532883,498.68608574327294,502.9704895019531,25989828
2019-09-10,500.7783969461446,512.1370730292115,499.98127819919273,510.841796875,44299590
2019-09-11,508.25126698006216,513.9305904083387,505.1923861851155,510.2439880371094,35130383
2019-09-12,507.25483103765225,507.95227572308954,497.7892627070994,502.1733093261719,53113124
2019-09-13,500.28016617051344,504.0663810707387,499.4491741291358,502.18023681640625,26242907
2019-09-16,525.9866964853293,530.4703866249748,518.9223668182876,522.6986083984375,81977285
2019-09-17,525.2893269256953,530.6697196856544,512.0375411250058,515.1262817382812,73699685
2019-09-18,511.24034188300664,516.590874469733,510.44325349431097,513.2330932617188,51308631
2019-09-19,510.2439594314433,521.4033791671255,508.05195118809416,515.026611328125,33784793
2019-09-20,513.033827422648,521.1044455617953,510.8417889114162,519.1116943359375,74608607
2019-09-23,519.8092491610321,521.2041387447291,513.9306078174537,517.0194091796875,75738700
2019-09-24,517.0193372471825,535.053711772793,506.32122221814865,509.2475891113281,28729473
2019-09-25,503.4685912732017,507.8526683498538,502.5718592918759,506.8562927246094,22882923
2019-09-26,512.0375823330144,519.0400661935951,508.0520484583775,512.4360961914062,37673971
2019-09-27,514.329045916181,521.0047739374487,511.2402453738965,517.4177856445312,29744107
2019-09-30,516.2223164117639,519.1118307742862,512.0375863887416,513.9306640625,23644806
2019-10-01,514.6280165485748,517.118955641259,511.7385028754839,512.3363647460938,20820868
2019-10-02,510.1443407012195,511.73851744033306,490.2168273925781,490.2168273925781,44750343
2019-10-03,489.96772690549676,491.11355282398307,477.8119317874522,483.1425476074219,48193141
2019-10-04,489.3200472138359,494.25208802810596,484.3879759925966,493.10626220703125,35069781
2019-10-07,492.8074777908159,502.47230482681886,489.71870672296853,500.47955322265625,55253857
2019-10-08,500.18061818659027,505.76032837524593,499.08459879841206,499.7820739746094,36287581
2019-10-09,500.2802972406763,507.29479141438145,498.58644621118435,504.4650573730469,48375087
2019-10-10,503.3689867283934,508.4504781793098,500.1805725097656,500.1805725097656,31538568
2019-10-11,498.58641031577355,502.8708442084549,484.5225765858813,491.76123046875,44176058
2019-10-14,492.2592957418947,502.0736003413755,484.5224559197154,490.9640197753906,36504526
2019-10-15,493.55476070687513,493.55476070687513,484.53754143440506,488.4234313964844,52371045
2019-10-16,486.8789070321385,491.11350312490947,483.54104285409005,484.43780517578125,48125292
2019-10-17,484.3382669300894,490.9143530806089,483.5411480714649,486.48046875,47921860
2019-10-18,486.5302744627402,487.676130919427,482.19606420543886,483.29205322265625,23364371
2019-10-21,481.14978698451375,490.21681132413903,479.70506056117614,488.22406005859375,34014246
2019-10-22,489.8182576292678,499.68237012054243,488.62259473039853,497.34088134765625,37589035
2019-10-23,495.5474185535259,504.5745791992783,495.5474185535259,504.5646057128906,39214838
2019-10-24,504.96316657208416,511.73850882010277,503.3689898598245,508.1515808105469,28795563
2019-10-25,508.25127083831285,510.84185384260127,506.258519359164,510.1443786621094,25212350
2019-10-28,511.1407544016838,516.6208209693432,506.3900295237654,510.1443786621094,33735672
2019-10-29,511.1406946818309,512.1370703049923,485.8825665532936,490.7648010253906,81757021
2019-10-30,492.25942617234756,500.6031000392619,490.3165117077914,498.78570556640625,48698264
2019-10-31,491.5620126437039,497.11678954816466,485.6335644029853,487.52667236328125,60850944
2019-11-01,487.9252262692903,496.9424148164528,487.72593895268903,495.29840087890625,51201754
2019-11-04,498.38710085692446,511.33998400971086,496.69325012800243,509.2475891113281,46156307
2019-11-05,509.9450776158553,519.6099341921907,508.84908865742386,514.5284423828125,61901653
2019-11-06,512.4360426864598,515.5248440397585,509.44691539781945,512.2367553710938,26819180
2019-11-07,506.9335236349511,512.115478515625,503.545305991339,512.115478515625,42438534
2019-11-08,509.0262044267562,510.4213671726955,504.54183094464713,506.8338623046875,31133505
2019-11-11,505.5382912254912,506.6344773467017,498.2138398403666,504.9403991699219,43699655
2019-11-12,506.2358943835434,511.7167948148613,504.6414445393852,510.1223449707031,30516886
2019-11-13,505.0400139222742,510.2628411381608,504.04348664112405,509.026123046875,26285097
2019-11-14,509.2255616156728,510.6207244699324,504.09843848457,504.5418701171875,30371851
2019-11-15,505.4387036687426,508.7272318865219,500.75501277762436,507.1327819824219,36110188
2019-11-18,506.1362881555491,506.833869538475,500.0574645996094,500.0574645996094,61457321
2019-11-19,501.2533213176322,508.6276185707992,499.0609487018991,500.1571350097656,36117088
2019-11-20,497.865128481382,498.01460151907673,489.49430384282203,495.3738098144531,46305394
2019-11-21,491.3377665901915,496.91832547856967,488.6471611628016,495.523193359375,30253802
2019-11-22,498.2637088141126,503.04702825408674,497.2671813964844,497.2671813964844,29659293
2019-11-25,498.36345686837967,501.9509622964919,495.77247903632036,498.562744140625,19557757
2019-11-26,499.260225136916,499.260225136916,491.3876647949219,491.3876647949219,36647588
2019-11-27,494.22775188197545,495.6228840910238,487.6506652832031,487.6506652832031,31277068
2019-11-28,485.3587006885567,487.6507321570832,483.6377079357085,484.4120178222656,22037549
2019-11-29,483.31569760118623,485.7572014341197,478.5323791503906,478.5323791503906,37574252
2019-12-02,480.8244524066412,486.9032754002165,479.32966136289,480.0770568847656,33821357
2019-12-03,478.3331227627962,479.2260073659352,467.17200440035725,468.41766357421875,60453556
2019-12-04,468.4176248244609,472.65286566523037,467.221810363438,470.70965576171875,24945122
2019-12-05,471.7062275956681,472.4536231087874,463.2357451136496,463.7340087890625,27847425
2019-12-06,463.4350589214472,472.62702675958235,462.9367952174518,471.4571228027344,38883270
2019-12-09,469.86265723433354,472.95189817864,466.59803258120536,469.613525390625,32876479
2019-12-10,469.5636531582599,469.5636531582599,462.089698770628,467.67022705078125,31212863
2019-12-11,467.7699644495238,471.1581515921888,461.44200925583283,461.6413269042969,34609234
2019-12-12,461.44201277335947,470.5104184387399,460.7444618216247,467.72015380859375,33685733
2019-12-13,461.19284593697284,471.3574370831096,4.669727038132199,460.8440856933594,54113303
2019-12-16,460.39562244904346,469.4640271553599,460.3358332426924,466.3747863769531,60110002
2019-12-17,466.8730695011145,477.8846846961053,466.45752537617085,477.1871337890625,61826795
2019-12-18,473.64954036729716,481.3228147968171,473.00180353115513,477.6356506347656,45668102
2019-12-19,480.3261948974407,482.8673275398299,477.336612771523,481.970458984375,118973073
2019-12-20,481.22310315217703,485.45834484662026,479.6286531378305,483.3656311035156,88659433
2019-12-23,484.0134029200713,488.44793190156565,481.6217126698218,487.35174560546875,44590108
2019-12-24,488.44788249179106,489.8729093267636,486.00640869140625,486.00640869140625,6020955
2019-12-27,489.7932092825396,491.83607825529276,482.2694396972656,482.2694396972656,24712316
2019-12-30,479.9276200452257,482.4887028587213,476.83837890625,476.83837890625,35078105
2019-12-31,473.4501565638749,476.409844050451,469.9623107910156,469.9623107910156,17969411
2020-01-02,473.4502039023562,482.0900799787818,473.4502039023562,479.18023681640625,25049010
2020-01-03,484.5116047801337,493.23121900346894,483.44929714747707,492.3343200683594,42354025
2020-01-06,498.26362792068386,506.66434538864297,492.38412319353944,502.3493957519531,47220192
2020-01-07,503.2463224420818,503.744586127668,496.9183675528164,497.0678405761719,46243068
2020-01-08,499.75850574870185,500.17605706715426,490.69010006057215,492.58349609375,37974090
2020-01-09,491.58696787826983,495.3239457318294,488.06025585218026,490.34130859375,34183235
2020-01-10,496.2706935368422,497.76548478243507,492.08526588453975,493.5302429199219,37061310
2020-01-13,494.4769411766797,497.76546965238384,491.5371729850617,495.3738098144531,36032723
2020-01-14,494.07838070668623,496.42521419462355,491.5372474461144,494.17803955078125,35181698
2020-01-15,495.1246106941966,497.9706803447752,492.53363355020616,493.4803466796875,43772276
2020-01-16,494.7758063251595,500.35636530862934,493.46038298539025,496.1211242675781,35327489
2020-01-17,495.523324030718,498.1641159547945,492.7111322876273,494.67626953125,39732046
2020-01-20,497.86513968438226,498.36340342898,490.3911835154162,491.78631591796875,45101558
2020-01-21,490.29151154524124,490.4908292023812,485.3088742327896,488.6472473144531,38216582
2020-01-22,489.294896343124,489.99247760641987,478.53241384278255,478.83135986328125,33169974
2020-01-23,478.33314967297804,481.4722048853864,474.09790824358186,480.4756774902344,37661510
2020-01-24,485.3088864788171,487.8998640289922,481.8708544818301,484.4120178222656,31085412
2020-01-27,479.2300272448317,481.0237948367487,473.05157552583745,475.29376220703125,39427588
2020-01-28,477.635552681998,481.17324306583686,475.7421567755668,480.0770568847656,26093707
2020-01-29,480.57528676721654,482.8324356821047,476.14072815132926,476.2403869628906,34009086
2020-01-30,470.36094460886505,471.50694506531596,462.38474128865016,465.47796630859375,35934538
2020-01-31,468.96583089953293,469.6135676691694,452.373654697097,455.1141052246094,43566411
2020-02-03,457.4059777509537,458.75129553254044,451.12786865234375,451.12786865234375,44600994
2020-02-04,467.3712518646755,472.6528338042647,462.58793351982484,469.9123840332031,65869448
2020-02-05,465.97617623266206,483.5150629707691,464.48138526768025,482.6181640625,65155193
2020-02-06,486.8036450837788,488.24862200864834,473.35052490234375,473.35052490234375,38847936
2020-02-07,472.3539683240525,472.3539683240525,464.2322764278053,468.36785888671875,49500009
2020-02-10,467.42119276667296,468.96582857603534,462.3389270519321,462.9866638183594,41008815
2020-02-11,467.8197768537829,474.6958094898673,467.1720097466811,468.06890869140625,28570777
2020-02-12,470.9589102993734,476.38996701640224,464.3270208946686,472.95196533203125,41400821
2020-02-13,464.71070736685493,468.44832699715136,454.8433976262377,458.4315185546875,36758980
2020-02-14,461.072845171998,465.80716420717096,455.3418273925781,455.3418273925781,26586551
2020-02-17,459.9265844012427,462.86682704201576,457.33516193948356,459.4780578613281,19270109
2020-02-18,457.28535068226887,459.97644933481683,448.51441430263833,455.9896545410156,40009436
2020-02-19,461.4714466110519,462.91667173153223,456.4381309043792,461.2720947265625,35014591
2020-02-20,465.4582965064771,468.0188157299512,460.6741548761406,464.66094970703125,31502740
2020-02-21,458.28204007871733,461.0728146278305,450.65730127370205,452.05267333984375,47553079
2020-02-24,441.58739529171385,444.4778461721383,433.9168173154626,436.8032531738281,45302395
2020-02-25,439.9427209308912,459.77701540843174,425.3410936867554,427.28466796875,37704379
2020-02-26,424.1451203899036,428.8794392235166,420.3078547213869,426.9857177734375,33684707
2020-02-27,416.9689535684464,426.98576444993813,405.2078893512756,412.7828063964844,55665519
2020-02-28,397.2840869388101,401.0217068665771,383.97815391259394,394.8421630859375,98822262
2020-03-02,413.2811341980557,413.6299848469557,394.8920603507422,409.8923645019531,106087217
2020-03-03,417.61666429606,424.6932296073532,408.5676287939386,413.5800476074219,59586142
2020-03-04,416.96884704717627,424.54376215725347,413.00097208839674,421.254638671875,70620620
2020-03-05,422.00220354448675,424.5278345241906,413.6299409436911,415.3243408203125,51140821
2020-03-06,410.9388793888406,414.8260288182718,393.64618053897055,393.8953552246094,77589311
2020-03-09,281.11885406404406,341.419124962686,281.11885406404406,317.1495361328125,191281040
2020-03-10,332.7478179525599,346.3228473756938,317.93686164044954,327.81414794921875,130002839
2020-03-11,335.18973910369573,338.7529488939531,314.8570930136546,316.10296630859375,88601053
2020-03-12,303.99312633167614,305.9367011093822,274.0921630859375,274.0921630859375,105806073
2020-03-13,285.70371753626756,302.7861465661834,269.35786257877635,275.38787841796875,110398693
2020-03-16,266.26797948353357,266.51715409102644,248.77593420426183,258.4937438964844,107047231
2020-03-17,266.3178469265868,266.9656948574208,231.28388611063778,258.7927551269531,116194090
2020-03-18,249.872376244938,251.168087675423,232.14608513734908,232.92849731445312,91609058
2020-03-19,226.150903416519,248.97531019492695,222.16410906658714,239.95518493652344,98803395
2020-03-20,254.5069928174335,265.17164955482303,239.90534924690226,250.86903381347656,153885720
2020-03-23,238.60965331835894,260.23802642501306,232.43012466292117,256.0518798828125,134318776
2020-03-24,268.11195256316876,311.31884765625,265.57038302344716,311.31884765625,126295787
2020-03-25,323.92714391160365,348.09709234193105,313.9601548681697,338.27960205078125,178690767
2020-03-26,324.52506295291744,345.804583668239,319.0930435382167,335.8874206542969,95566207
2020-03-27,317.3488305126349,335.8874306936311,295.5709598575903,304.4914245605469,123141219
2020-03-30,294.0759135952063,335.8874325767596,293.3782428162118,322.53167724609375,104068283
2020-03-31,325.8207561715875,343.06365966796875,294.72377906422076,343.06365966796875,100648303
2020-04-01,325.9204649024087,342.56534484856013,322.68119422677313,332.5983581542969,98816506
2020-04-02,340.52208538680077,369.47619922363396,336.9838173699552,352.1834716796875,116974900
2020-04-03,343.8112006504662,349.293043052729,332.1996374103927,336.1864318847656,67864089
2020-04-06,340.0237010358492,345.24642207193506,327.61482245571085,334.7412109375,53379724
2020-04-07,345.854459969529,352.2333257703269,333.0967283679331,339.874267578125,73849489
2020-04-08,329.4088649217486,336.58510652096464,324.7243696532568,334.24285888671875,52426608
2020-04-09,342.0670505282611,345.8046711397289,327.36574278982135,334.6416320800781,69119866
2020-04-14,338.87751388663827,339.5253618739386,317.29899592398675,320.0399169921875,48510435
2020-04-15,322.38219507973986,322.38219507973986,297.32119145877635,298.7106018066406,60341731
2020-04-16,302.49803248128023,304.89010309628384,285.48936802390415,290.9861755371094,58831991
2020-04-17,296.01948781940916,305.1103780511744,288.88512961676645,302.5478515625,59875765
2020-04-20,301.1525032329251,307.1825485601821,289.55991925785617,301.302001953125,52881997
2020-04-21,289.14227136320955,297.46169953151605,283.06240378998865,292.18218994140625,70002282
2020-04-22,290.33834781518095,312.26572138058475,286.60072732107807,309.7241516113281,99410955
2020-04-23,313.6112403357911,318.93959986725514,309.77394425174566,316.551513671875,53804834
2020-04-24,312.4151707795155,317.2989875616876,304.8900785223168,307.5811767578125,43291171
2020-04-27,313.9601387947228,317.8971114320574,301.80040061752646,312.96343994140625,53181566
2020-04-28,318.94351765817527,323.6280127405094,304.0927162005813,321.0365905761719,52945033
2020-04-29,322.9303500105416,336.13660660819494,321.0366287327342,332.39898681640625,52522424
2020-04-30,333.0967248358937,342.06102121215616,311.2689985052576,312.0663757324219,87428249
2020-05-01,306.036376866054,306.3354047781318,297.01626422983526,297.86346435546875,40986238
2020-05-04,298.5112304380653,307.5313405934195,292.1821882502534,299.60760498046875,59716305
2020-05-05,314.20928460728356,324.72444437586176,310.56635185015944,317.84722900390625,48917047
2020-05-06,316.1527819700302,322.98014248257476,311.5679627054068,312.6643371582031,63840067
2020-05-07,309.30798760188344,320.1748858355479,306.87837538435315,314.9408264160156,46496909
2020-05-11,316.33653987565503,320.3902033884537,306.9182336996618,312.89703369140625,56458130
2020-05-12,311.3517614444517,318.9286918953323,309.5572388961804,312.29888916015625,35352156
2020-05-13,310.0058497432009,310.9529469270509,300.73406982421875,300.73406982421875,59171969
2020-05-14,298.09211068394166,301.63131922610984,285.231286575537,295.54986572265625,60945466
2020-05-15,301.3323037210243,305.31815081238625,290.2161636141492,295.5997619628906,47468935
2020-05-18,304.522589057049,321.77004973090686,295.5997513407092,319.8259582519531,67572886
2020-05-19,321.02237007006073,321.8199290058556,308.41078304515014,313.1961975097656,59902056
2020-05-20,309.20827496146836,318.47406160275034,305.32012274859204,317.582763671875,61404998
2020-05-21,315.3396375618068,321.919604722446,310.9530029296875,310.9530029296875,64059043
2020-05-22,306.0679459110383,312.41662405948006,302.27949490686575,309.058837890625,73861677
2020-05-26,318.2307625055644,318.9784851332327,307.46353841219496,309.00885009765625,69474707
2020-05-27,312.34872081322357,323.8636700160068,309.50739855564103,318.4800720214844,75607988
2020-05-28,319.0782815752445,321.04729134761175,311.50138033335656,312.996826171875,66114039
2020-05-29,307.96208488464794,309.2082895259948,301.93046659049645,304.8216552734375,96047742
2020-06-01,313.5451599317348,313.6946984381322,304.02416645035964,310.0557861328125,39914640
2020-06-02,313.6448316142475,328.3001818757602,312.64786776959,327.6023254394531,73028772
2020-06-03,331.68980930586474,343.42406018724915,329.764672794622,338.2697448730469,60652866
2020-06-04,338.96761814577667,343.4041182591209,332.18827795282675,335.1791687011719,32301146
2020-06-05,339.96455024208507,361.79804459787016,339.96455024208507,361.1500244140625,60922787
2020-06-08,362.8948092665969,375.4007290220136,361.1551123703801,364.6394958496094,51565372
2020-06-09,365.686310128515,368.7569756743205,350.31414937357914,351.9780578613281,49034192
2020-06-10,354.02176970236064,356.61388106868714,339.26669061514775,343.40411376953125,49532219
2020-06-11,332.3378699552803,335.9269455165895,319.9256591796875,319.9256591796875,43293350
2020-06-12,314.79126939337607,329.54631909838037,311.10249175466714,322.069091796875,37997750
2020-06-15,310.70375928679726,357.66075991377045,305.0210839347572,315.0405578613281,62503839
2020-06-16,321.17182164995046,330.7925144246356,317.6824490065475,320.67333984375,55470516
2020-06-17,321.86978513193804,327.3530863082064,314.1433152926508,315.7882995605469,38005133
2020-06-18,312.94691523569014,315.73843199238706,307.9620964825733,313.89404296875,33988764
2020-06-19,315.83812347522604,324.9603666950667,314.7414876219504,320.4740295410156,95409968
2020-06-22,317.18400180982496,317.93172460071327,310.15541974544243,314.4922180175781,58369094
2020-06-23,316.58584633423453,325.0650284233784,313.6458253661474,320.4740295410156,31617628
2020-06-24,318.8788557306829,321.96944938453225,306.41680908203125,306.41680908203125,32548193
2020-06-25,304.17368188566303,310.50440852566004,300.6843083514042,307.6630554199219,36205019
2020-06-26,312.99675679304704,315.140222601485,303.6751403808594,303.6751403808594,27630862
2020-06-29,302.478912683693,315.9439222269099,301.18287147726693,313.9440002441406,41781542
2020-06-30,311.7506045805096,315.7882959579112,303.0770070124862,306.2673034667969,46277150
2020-07-01,309.5073103941239,312.76837389381257,303.3261249305869,308.41064453125,35617348
2020-07-02,309.1584594882222,314.44235509973544,306.96512710707407,312.29888916015625,30872604
2020-07-03,309.15842539443935,310.2550914640738,303.97420238793933,306.61614990234375,19427131
2020-07-06,311.3019331605028,316.5359928853792,310.8064329240391,311.8004150390625,23014804
2020-07-07,308.5602901045357,311.35177652032763,305.61923478171343,307.4137878417969,24938513
2020-07-08,303.52565035389875,306.66608033486744,301.3821537784698,302.5286865234375,32382867
2020-07-09,304.12380010693755,304.67214846106185,288.2222454859137,289.1195068359375,40580181
2020-07-10,285.4806127352143,292.4094934368489,284.13470541405786,289.9170837402344,44892228
2020-07-13,295.30068265140915,297.3942822412876,292.35962734194,295.7492980957031,27328681
2020-07-14,293.55602569632197,303.57550048828125,293.0076773091233,303.57550048828125,32231686
2020-07-15,307.16454786588463,311.5013464102874,304.6721384064486,309.3080139160156,37269738
2020-07-16,309.8064921908407,313.7943472793792,308.5104514570336,311.5013427734375,29932634
2020-07-17,309.10859316087056,311.5511664760099,305.8186250128513,308.3608703613281,27433914
2020-07-20,304.2733157117566,305.46965382722044,300.43499960503067,302.2793884277344,34167667
2020-07-21,303.17666624793065,317.4831013803929,301.382113338941,314.9906921386719,52275846
2020-07-22,312.5979589258645,316.38643927669835,302.92742919921875,302.92742919921875,45087226
2020-07-23,303.525584094648,305.71888578791487,298.49089959493097,298.8896789550781,28467126
2020-07-24,298.39122343975646,299.7869969606248,294.33260027869636,297.19488525390625,34922591
2020-07-27,295.15108751502,296.945640407474,292.32272636030905,293.506103515625,21778015
2020-07-28,295.9486868841027,297.84291187042885,292.40944741696757,292.85809326171875,20751645
2020-07-29,291.21313874047695,293.3566048746276,288.2720832930907,292.907958984375,28938258
2020-07-30,293.70555899165043,295.64663861964556,280.346249363976,282.4897155761719,35688279
2020-07-31,281.9412792177334,285.57720844165186,273.61665793147114,274.31451416015625,42840421
2020-08-03,277.40510846146447,280.19659423828125,271.22392226648185,280.19659423828125,39719426
2020-08-04,286.12859429253473,303.4757573388753,286.12859429253473,298.3414001464844,92008339
2020-08-05,303.0769549537051,314.19808344890777,301.77093498312826,305.7189025878906,82338098
2020-08-06,301.0829890006483,303.913357780393,290.8641127183415,294.3534851074219,50541649
2020-08-07,293.00760978513483,293.2568506968991,285.2313055080549,286.3778076171875,30761207
2020-08-10,289.8672670506124,297.34449663919224,289.81743102332524,294.5031433105469,29323073
2020-08-11,298.2416615590797,309.15842539443935,297.4441028311175,306.61614990234375,36759142
2020-08-12,304.2734327014298,312.3986834229036,300.7840586127663,310.3548889160156,34756222
2020-08-13,303.01662687511373,316.0287117995621,299.53875911206114,300.3244934082031,39143258
2020-08-14,298.57953713907625,299.12792616549984,290.10424589772043,291.7992858886719,27730524
2020-08-17,291.59996159094885,294.790642045001,287.7112731933594,287.7112731933594,86894066
2020-08-18,287.16281351062213,289.40627299117386,281.4793706550111,282.5263366699219,36153963
2020-08-19,280.4324755854007,284.1715752598727,278.2887311911443,282.8753662109375,34162197
2020-08-20,278.48816305260965,280.64587454250136,275.9455871582031,275.9455871582031,26482637
2020-08-21,276.4939815427333,277.39038577313977,271.9572188444673,272.55548095703125,26242622
2020-08-24,274.05105742175095,281.1802673339844,271.9571557281711,281.1802673339844,30320660
2020-08-25,280.18322610891454,286.1159436019872,273.3032882083849,273.90155029296875,33447354
2020-08-26,270.81051747810136,275.19772144433864,268.3865841677961,269.9629821777344,31337016
2020-08-27,270.0128130447764,270.21224384646865,265.9247554698985,266.47314453125,33083794
2020-08-28,268.21797935755075,269.21507221761595,263.38207290046245,263.43194580078125,38264419
2020-09-01,263.03324937829973,263.23268024700786,255.75447910362698,258.9451904296875,64089023
2020-09-02,260.5404566210341,262.8836318673999,256.5022410902866,257.25006103515625,37615664
2020-09-03,257.4494822759529,263.1328953880928,256.75150484850593,258.9949645996094,35094546
2020-09-04,257.00076865779545,264.17985176760163,254.9068668816962,256.7514953613281,30201045
2020-09-07,256.60195341402397,267.7693795323625,256.12933218827794,265.8749084472656,31881612
2020-09-08,267.2707925823011,270.26207187445385,254.35246074179503,257.7485656738281,49095414
2020-09-09,257.99784497605606,266.5429403232153,257.00075185537565,261.4876708984375,37054851
2020-09-10,260.3908623799156,264.37923486263725,256.08840312987024,261.4876708984375,32944614
2020-09-11,260.1914908318352,263.1328976063115,257.8163957676965,261.28826904296875,29623720
2020-09-14,265.0273850399445,266.2737516558751,255.2060252350727,256.3526916503906,26845269
2020-09-15,256.5021576752534,259.54327895719575,254.00942533632963,258.2470703125,44118404
2020-09-16,255.10630070014275,258.24713818691237,250.37010801138663,255.15614318847656,43183706
2020-09-17,253.26171253542077,255.05648361989782,250.81883685503348,251.41708374023438,33460468
2020-09-18,251.01826602784445,251.31739709380395,243.4902077376471,245.03570556640625,99350424
2020-09-21,241.39629384642882,241.39629384642882,231.82419208736937,235.36387634277344,56722593
2020-09-22,238.25543232693545,246.23217843682698,236.31110350553655,241.29656982421875,48393765
2020-09-23,242.49305714876274,245.82734609848953,238.1557109656073,238.5046844482422,32659999
2020-09-24,234.31692065810293,238.85369812224275,231.62477184662043,231.72447204589844,47910882
2020-09-25,234.1673542593534,237.2583341847185,231.2757747253126,232.62185668945312,52545205
2020-09-28,234.5662018631408,237.00907743689407,233.22011980493158,233.76852416992188,48901437
2020-09-29,234.71572788160114,234.90020289955092,228.58361092617122,228.6334686279297,38854486
2020-09-30,227.53667462135544,232.27286751752177,224.3459792920884,224.54539489746094,53874468
2020-10-01,225.9912169740176,228.18483466390714,215.37217816419704,217.56578063964844,57409507
2020-10-02,215.3721190316533,215.77095020334576,210.18723772748177,213.77676391601562,65953841
2020-10-05,218.76228672870144,219.5599644947047,214.02011378609728,217.1669464111328,54140990
2020-10-06,218.96169844505135,223.99700752311205,216.02026098907646,219.7095184326172,49368687
2020-10-07,218.01444428749846,219.62775269058383,214.9733218894684,215.22259521484375,46553874
2020-10-08,218.2138821801273,223.81953493849187,214.87361342624163,220.20806884765625,44225510
2020-10-09,222.4016728874951,225.84164187313894,220.40748620428857,221.45443725585938,50724740
2020-10-12,218.46311675968028,220.45730307345394,216.2694996429819,217.11703491210938,39682565
2020-10-13,218.21383854533863,218.73831050774749,212.5303955078125,212.5303955078125,46105515
2020-10-14,213.37795759685366,214.72403958335576,209.38958455766013,212.03187561035156,46358147
2020-10-15,209.14031007382385,209.14031007382385,202.26037270544134,205.8498992919922,64591448
2020-10-16,209.04062466769574,210.73569561473323,204.70327751790578,208.79135131835938,60344183
2020-10-19,207.69449188410294,210.3507493133539,203.80581973825284,207.14608764648438,31972123
2020-10-20,204.85281748078071,207.42433110774232,202.55949982507067,205.3513641357422,31957199
2020-10-21,206.44812466892282,206.59768254472368,199.3787384033203,199.3787384033203,50672710
2020-10-22,198.44151867596176,201.36299482815542,194.19389135550537,200.81459045410156,54999536
2020-10-23,202.85860485954714,208.3426173612104,202.40991597047977,204.90264892578125,51659189
2020-10-26,200.86443760423805,208.3426371815696,199.4186553955078,199.4186553955078,61497077
2020-10-27,205.50092231468156,206.3484424378135,195.17103576660156,195.17103576660156,68783249
2020-10-28,193.63550143898777,194.13404805196893,187.97201921845092,192.87771606445312,97992511
2020-10-29,191.00318818105413,194.891861140369,188.33098546702183,192.89767456054688,82395753
2020-10-30,191.6412997037417,197.3267206864421,191.08292997604227,196.0285186767578,66721012
2020-11-02,195.43026149564244,204.603515625,191.50968433161225,204.603515625,95424176
2020-11-03,210.78551919195974,211.53333917284098,207.2956926145138,209.33973693847656,56171527
2020-11-04,204.3044337942304,209.2899008484033,201.76185776815265,208.14324951171875,49848049
2020-11-05,206.93567022854648,207.33457627701068,200.0045749197713,200.1042938232422,43075068
2020-11-06,199.4560248587096,202.84677119439286,197.95311993751204,199.31640625,111763926
2020-11-09,201.69991231919462,236.80417090063526,199.6554849481507,229.32456970214844,225938484
2020-11-10,230.0725794501209,248.92118766644538,227.55145478406658,241.04266357421875,128133220
2020-11-11,244.33370133141642,250.09099616784388,240.89308694796296,242.38900756835938,95377384
2020-11-12,236.70450141402452,239.73622703690998,232.6156458186138,237.1532745361328,60646230
2020-11-13,231.867679371933,238.54945461575215,231.01998499483992,236.25570678710938,48379643
2020-11-16,239.1977333823258,253.30924633326583,236.80425105825,250.06808471679688,89582193
2020-11-17,248.92117758121836,251.21491017676473,242.88762851396012,251.0154571533203,66182369
2020-11-18,250.86584923704243,255.15415734363842,246.12876806264558,251.26475524902344,53695598
2020-11-19,244.9320719923652,248.27295219742717,238.9483896005383,243.08709716796875,63930390
2020-11-20,243.38625156518455,245.9791711221968,242.43883835748224,243.73529052734375,41835225
2020-11-23,248.2729948808763,253.408998947225,247.42531552667464,252.76075744628906,62528004
2020-11-24,257.74707516220326,274.0525817871094,257.29828690655916,274.0525817871094,104760609
2020-11-25,273.25476538477244,278.29101804741344,263.83045564566453,266.8222961425781,65828061
2020-11-26,266.5731015039689,267.47067842294643,261.2875263134488,262.783447265625,33441392
2020-11-27,258.24584861957993,263.88047846978634,256.0518189127036,262.1850891113281,107589945
2020-11-30,258.096172580439,258.2956408475914,246.97650146484375,246.97650146484375,87215894
2020-12-01,244.33368329933484,257.7969678892982,243.33640295933756,254.35635375976562,55726838
2020-12-02,251.21484896572377,266.6228385534604,250.71620891996625,266.4233703613281,73261700
2020-12-03,264.5784589516149,266.6229018855903,258.9937134602196,265.77520751953125,66539903
2020-12-04,268.2683871843588,277.1441753202714,247.0263148210986,276.19677734375,71997406
2020-12-07,276.1968164660892,276.84504263333406,269.2657055746857,273.05535888671875,59901421
2020-12-08,268.56762915216,274.3598482320444,268.21060102526576,271.8586730957031,38366582
2020-12-09,272.40716520233406,279.53771476146534,271.3600328407347,271.8586730957031,82871254
2020-12-10,272.9556500003252,286.26931861935213,272.1578074419467,283.9755859375,62569948
2020-12-11,282.03082657893685,283.52674686935114,272.88977117638535,274.5013732910156,51656238
2020-12-14,277.2439512406597,281.83144716824904,267.8196392854446,269.0163879394531,53222525
2020-12-15,267.8196427921179,274.7507538377193,265.29454631620496,270.013671875,87112918
2020-12-16,271.21044685116135,275.9973811250239,267.0717083872547,271.8586730957031,47336707
2020-12-17,272.9058794094538,274.7508549397064,267.0717807584795,268.6175842285156,46308612
2020-12-18,268.2684151114811,272.7063248587191,267.52045484630037,270.6120300292969,89654141
2020-12-21,261.1378895020758,272.6066145709103,250.21765650183022,257.34820556640625,74037177
2020-12-22,254.3064990700135,262.3844763038598,252.61112545300497,257.8468322753906,34301381
2020-12-23,257.49770880004814,265.47594881945076,255.85217244839006,265.02716064453125,40242580
2020-12-24,265.2765082877852,266.3455835531533,261.9356138446145,262.28466796875,13991203
2020-12-29,262.43428662009893,507.3164655276528,260.24028837331946,261.636474609375,35554834
2020-12-30,261.53677415309306,263.28201478137873,258.3454648303954,258.69451904296875,20800281
2020-12-31,255.35362564599788,257.3083170770644,252.36179976405217,254.10704040527344,19037935
2021-01-04,256.65011654975723,267.04176125507104,252.11248769473525,253.807861328125,68541911
2021-01-05,255.0045399656092,271.75885009765625,254.85495402494772,271.75885009765625,51679499
2021-01-06,279.2385347939368,290.20862008941293,274.9502408977211,289.0118713378906,86834204
2021-01-07,292.4524826567052,296.5413384585152,249.07078446210443,294.1977233886719,128597618
2021-01-08,295.9429558597528,298.4860086815134,292.2929059786334,297.8876647949219,78224628
2021-01-11,296.3917111062678,298.83502952918286,291.7044816209206,297.9873352050781,37867052
2021-01-12,301.12880886572674,308.259357163136,298.4361397915199,304.1705017089844,54675065
2021-01-13,307.11255177563993,311.1016739006837,301.6773607064332,303.07354736328125,51923962
2021-01-14,302.42522376761286,309.9546771814012,301.82684955452913,308.4089050292969,48245526
2021-01-15,309.05703636485725,310.3036362456727,295.79322580680764,301.6273193359375,44676583
2021-01-18,297.3890258459312,300.1813987770006,294.6963566066567,299.5331726074219,47700699
2021-01-19,301.32830199322575,303.47244901692346,298.486046434098,300.4307556152344,29146696
2021-01-20,299.8322776002935,302.52494623830285,298.3563224239829,302.02630615234375,37313657
2021-01-21,301.72717712555044,302.32555146095365,291.7543729841066,292.5522155761719,42797551
2021-01-22,288.0146158905507,290.3582313124797,282.8287751972354,289.21136474609375,57008357
2021-01-25,290.2085446175918,290.50771651037707,277.5430736236805,279.8866882324219,66487011
2021-01-26,279.0888915927688,287.46603983227493,278.03676820488016,281.58209228515625,43495648
2021-01-27,278.4406654996638,281.93114646900625,273.2049440456501,281.58209228515625,56403948
2021-01-28,274.8006486779729,281.63202666412786,271.0608465433538,275.7480773925781,50159927
2021-01-29,272.10786980923615,277.6427619552127,270.76153564453125,270.76153564453125,37482798
2021-02-01,273.5041135032225,275.54852587882266,265.72533958653383,266.3735656738281,63605096
2021-02-02,259.8413661884874,263.18226123151055,249.66912553810204,254.3064727783203,127749256
2021-02-03,254.30649066266034,258.1958779623495,250.36723630173609,257.5975036621094,72784840
2021-02-04,258.44518123290163,261.0879679161865,252.96013963437184,254.25660705566406,69690819
2021-02-05,254.8549984640053,257.97948865951673,249.8187296139584,251.36451721191406,91285362
2021-02-08,252.61121390447784,263.1823805937873,251.4144800626895,261.2377014160156,77358530
2021-02-09,264.7779583071382,267.37089355261827,256.5892900291662,258.9937438964844,65410333
2021-02-10,261.8359233866137,262.73349997957996,253.30918923006305,258.39532470703125,71473243
2021-02-11,258.6945623994794,259.7915770651748,254.55585430282483,257.0989074707031,64183771
2021-02-12,256.15140284902054,261.3372411705732,254.05710852694745,261.0879211425781,36714525
2021-02-15,265.32642109372074,278.6900019374769,261.08797966772147,278.1414794921875,102213508
2021-02-16,280.2357933659483,283.7761266243185,274.5512828925213,277.44342041015625,94624303
2021-02-17,279.73714941899686,286.8178462755207,275.2264399886203,279.8368835449219,69601073
2021-02-18,279.5752726750896,280.6634553056695,267.80579372948716,268.7034606933594,59756797
2021-02-19,264.71383033648056,272.8427532873936,263.2177084275268,271.6458740234375,84957417
2021-02-22,272.3938116900601,281.2209330453895,268.00519549785804,279.2261047363281,76247048
2021-02-23,286.50724065871464,290.6963926453794,276.1341386425294,282.7669372558594,113795489
2021-02-24,283.2656551198959,298.62582892246644,281.6588282658752,298.0273742675781,93109121
2021-02-25,299.32400677353945,308.0014920290555,299.32400677353945,303.7624816894531,81321149
2021-02-26,299.2243043561215,300.0721126395312,288.3026050716549,290.9956359863281,85542566
2021-03-01,297.32920525229764,299.17442777228376,293.2398005849775,296.7806091308594,42542178
2021-03-02,291.0455222931879,298.4762720690393,288.9509763138174,295.8331298828125,42466979
2021-03-03,298.97498541932345,304.1116638183594,295.53389334494926,304.1116638183594,52751425
2021-03-04,304.2114032812585,313.63698188626176,299.3111117530536,312.29046630859375,59360830
2021-03-05,312.2904340498776,325.60592149594635,310.8850806624623,317.9756774902344,79113852
2021-03-08,322.16490075250516,323.72186949706224,311.69204794166524,317.8261413574219,54714912
2021-03-09,318.6240279557424,323.0126450310486,310.34547054407784,314.43487548828125,48901741
2021-03-10,310.1958891369048,317.8261034732773,309.09872717119396,314.185546875,45089517
2021-03-11,318.3247791602604,320.5191028743327,312.24054562457786,318.823486328125,39594966
2021-03-12,317.17772768829707,323.2619606279129,316.828626617259,322.6136474609375,29485852
2021-03-15,322.5637106492892,324.10972075213533,313.4872363416838,315.33245849609375,36594480
2021-03-16,315.48221333791093,316.5773969283006,306.95433102037055,310.4452819824219,54169289
2021-03-17,309.148565828931,314.78395037885537,308.3506161480088,312.98858642578125,69755338
2021-03-18,315.5320189183229,316.2800796410128,309.1485735057697,311.1434020996094,39066697
2021-03-19,303.76257790212827,308.9990040978511,299.8726673873264,305.90704345703125,129349678
2021-03-22,302.2165252213754,307.00410156426653,300.7164163438738,306.4555358886719,64448673
2021-03-23,301.66791635099247,302.26634047916656,293.38936079350805,294.9852294921875,93977665
2021-03-24,291.9432605190409,301.86751735326703,290.8520643711633,300.7703552246094,55064907
2021-03-25,299.4238062012553,299.57341226909693,288.95095531094626,292.94061279296875,50280532
2021-03-26,298.526057469954,303.2139163789101,296.33176449620083,301.8674011230469,55768753
2021-03-29,300.82024562990483,303.2140345517887,296.4206391707274,299.72308349609375,44177690
2021-03-30,300.91989297572997,305.75732776261924,298.42635733767673,300.72039794921875,31140489
2021-03-31,299.2242641731704,300.82013300316055,293.8880920410156,293.8880920410156,42616572
2021-04-01,296.08247969339817,296.182227224153,289.0506896972656,289.0506896972656,48976567
2021-04-06,294.2371811671383,305.3084845801433,292.6413124018886,299.07464599609375,86433178
2021-04-07,302.56564111809564,309.0986927614802,299.07469098588444,304.66021728515625,52343064
2021-04-08,306.2561471499004,307.6256137394296,294.7858790103734,297.67840576171875,45881462
2021-04-09,297.6284464745009,298.7754669298181,293.2288713453685,294.23724365234375,48119553
2021-04-12,294.0876697247001,299.7230555296186,290.796183630388,297.62847900390625,57939614
2021-04-13,298.42631535023474,298.7255274092362,294.68601241940127,297.478759765625,27915019
2021-04-14,297.67830842765954,307.9018049482994,295.7831969168011,307.5527038574219,59314326
2021-04-15,308.64986774738406,309.4976455526491,301.31886654427274,302.7152404785156,35133837
2021-04-16,304.5105863639191,307.10386974022964,299.9723632843783,302.16668701171875,43216302
2021-04-19,299.922445967741,304.950395825169,298.5759307825038,300.0720520019531,32154886
2021-04-20,300.1718601620506,302.5157595285707,289.44865144650356,290.9956359863281,68849957
2021-04-21,294.5863541885339,298.42640578223785,291.544221953069,294.9354553222656,38325296
2021-04-22,295.28451658140045,296.1822138790736,291.8933137592433,294.23724365234375,28044703
2021-04-23,290.3972012091531,292.74113117512104,289.0506856594547,291.3447570800781,43951601
2021-04-26,292.14264696067954,297.0299710195391,289.4995051119904,295.783203125,31857250
2021-04-27,306.20619776590235,306.6530374354142,293.6886601629921,294.53643798828125,57745765
2021-04-28,298.9748986405496,305.6575857814591,297.22942383614276,303.7126159667969,65529537
2021-04-29,307.2036330873603,307.4529866856455,301.2191467285156,301.2191467285156,63107741
2021-04-30,302.216552734375,306.65505883614026,300.96978477755005,302.216552734375,60595958
2021-05-04,305.1090119133578,314.3181393557593,304.9594058641178,309.3480224609375,67583503
2021-05-05,311.9911789854921,318.1751597837152,310.7444111180011,317.67645263671875,57920336
2021-05-06,315.46903661779453,317.9628629942198,309.63347680851615,313.7233581542969,64006211
2021-05-07,317.2646452446689,317.31454004787736,308.4863867555944,312.7757568359375,61513557
2021-05-10,316.56636016986295,319.06018681301265,313.37424988974345,314.9204406738281,68548250
2021-05-11,311.03007294471,312.77575174189667,303.8478698730469,303.8478698730469,59601706
2021-05-12,304.3964926363603,315.7683367378644,303.09971487930744,314.52142333984375,52081645
2021-05-13,308.23689102265655,326.9405858662643,300.7364475873495,307.63836669921875,54553767
2021-05-14,307.3391153117954,313.224538448987,307.2393561856305,312.8753967285156,39477078
2021-05-17,313.1247980944589,316.21714853768646,307.68827547798736,314.62109375,33293068
2021-05-18,318.7609402865866,321.5041498602826,314.62119374563537,316.0177307128906,52448720
2021-05-19,309.63342609340464,313.6235476421398,304.84529241180707,307.5885009765625,57021039
2021-05-20,311.2295053752443,311.2295053752443,304.8951808280425,309.53369140625,43136062
2021-05-21,310.28186215658013,313.8231138373858,306.79050526808265,311.4290466308594,36899531
2021-05-24,313.2246457419345,315.61871337890625,310.43157190583776,315.61871337890625,21611246
2021-05-25,316.46653312621476,317.1648166133864,309.2843017578125,309.2843017578125,26412542
2021-05-26,310.18215242553424,311.87793618118013,307.4888076270958,309.9327697753906,35538722
2021-05-27,308.23686917809107,309.3341586195941,303.8477418542883,305.79290771484375,72964180
2021-05-28,307.33920945952264,309.03499335495246,303.94761122644235,305.3940124511719,44691217
2021-06-01,307.8380007107577,316.01773473286056,307.4389944924981,313.9728088378906,85199886
2021-06-02,316.11744529020154,320.9554748535156,314.57128501635714,320.9554748535156,47207068
2021-06-03,323.1999234659456,325.29474387315014,316.91549268655086,323.2996826171875,43079004
2021-06-04,324.29720514902385,325.14511225008357,318.61126853459336,318.6611633300781,22659543
2021-06-07,318.6611257854497,321.50406331549215,315.02011515942496,318.4117431640625,15193805
2021-06-08,318.51149248695833,323.79842266809897,315.36927734241976,322.4018859863281,51039366
2021-06-09,322.9006033016683,325.6438119071461,319.9080120956925,323.947998046875,33239619
2021-06-10,322.8507301180321,327.4513401527681,319.9090076514371,322.5514831542969,23746817
2021-06-11,324.4468423151127,325.84337912979305,321.25473207394094,323.4991760253906,29358280
2021-06-14,324.2972064054053,333.474469723944,323.9480646045318,329.5841064453125,79496123
2021-06-15,330.332166638292,333.7736584947993,325.75350602194544,331.87835693359375,41382961
2021-06-16,333.6241134831821,336.11793992440124,327.5890352301014,328.1376953125,61740304
2021-06-17,326.591458388078,333.62406622139446,322.90061404325576,323.2497253417969,59260059
2021-06-18,322.00281289556017,322.6013372462192,312.3267859217222,314.62109375,86947519
2021-06-21,311.82809112080747,318.11252211635673,307.9377276263141,316.0675964355469,36399543
2021-06-22,320.0078350487357,323.05032193638175,319.2596870268554,321.9031677246094,35455597
2021-06-23,322.70116095753275,328.9855917915646,322.58645467582767,323.3994445800781,34230187
2021-06-24,321.2048677185743,326.5416627582429,320.2073370734855,323.4991760253906,25287877
2021-06-25,326.0927035574745,328.43690624324955,324.6961669921875,324.6961669921875,27770412
2021-06-28,324.6962130217051,326.14264458071676,314.06752560730087,314.37176513671875,34241648
2021-06-29,314.2720297185315,318.81081259463724,312.92538764933124,315.2196960449219,20719788
2021-06-30,314.37179148410047,317.46414271763393,310.43156351617404,314.22216796875,29392103
2021-07-01,317.3643442360492,326.392014145059,315.21965960251345,323.69866943359375,36468096
2021-07-02,324.1974085695146,325.09517992018726,320.25715096539926,320.6062927246094,31187847
2021-07-05,321.0551822696918,323.94801449389666,319.45912745702975,323.4492492675781,13395844
2021-07-06,326.64141022077723,327.68880518374664,309.4838715624274,310.0325012207031,55173904
2021-07-07,311.8281105254045,316.9075170037811,305.1945372968118,306.9402160644531,51089435
2021-07-08,306.9402160644531,308.58613567121347,300.45626635607107,306.9402160644531,37798725
2021-07-09,306.8403941259842,310.4813744365561,303.5485251437371,310.1322326660156,31130565
2021-07-12,309.68343544568654,310.6809662019075,304.37656451645756,308.3866271972656,20909471
2021-07-13,309.2345045971405,310.3317944115743,304.3964748077413,305.1446228027344,19229617
2021-07-14,304.3964120992127,309.8329652530692,303.3490172988835,303.9974060058594,50621963
2021-07-15,299.9574191299661,304.3964113765809,293.22408857814276,295.3188781738281,67202302
2021-07-16,295.16930094481125,360.8167878499492,289.533259095648,291.5283203125,34118331
2021-07-19,285.2937648573855,288.4858751026077,275.6177054108592,277.7624206542969,65451501
2021-07-20,280.20627766785066,284.29615831450155,275.16876142547824,279.4581298828125,81703580
2021-07-21,280.55543716310206,290.38111811752356,278.9095180201879,288.7351989746094,53660767
2021-07-22,290.08193358090955,291.0295999822482,281.9520639543402,283.2987365722656,34370652
2021-07-23,285.29370874930675,287.3885287831115,281.3534512942404,283.3984069824219,24361379
2021-07-26,281.00438457049296,292.42609177163973,280.30610096770744,291.5283203125,37157587
2021-07-27,295.0196842572127,295.0196842572127,288.18659334320034,290.680419921875,30263430
2021-07-28,288.5855803253686,291.92731380711496,287.5880497602035,291.07940673828125,41006903
2021-07-29,294.52091571522664,299.15942701230637,292.42609532364327,294.919921875,37771558
2021-07-30,291.42850579663417,293.3886494167303,287.1391371721985,288.4858093261719,45682999
2021-08-02,291.4785085065649,295.06959499052317,288.984681535914,289.0345458984375,31427948
2021-08-03,295.26908078883105,306.34167740685626,294.9199389629677,305.3441467285156,83908375
2021-08-04,306.44147257292923,309.8829355522769,298.46122620844903,302.2518310546875,73708367
2021-08-05,297.71303357582354,305.2942421342005,296.95788388060237,304.9949951171875,54836534
2021-08-06,305.04484605062964,307.2394255528947,302.2517725406724,306.6907958984375,37607345
2021-08-09,304.8951665294431,305.64331434381705,299.2591257496014,304.6956787109375,37437060
2021-08-10,304.4463016433808,309.35115101041924,301.60333380860953,308.13714599609375,41907557
2021-08-11,309.7332185636159,311.9277978285532,307.23939232719385,310.9302673339844,27870340
2021-08-12,308.5753353560723,310.3212353178743,305.0835354324681,306.2308654785156,51710456
2021-08-13,305.5823690501247,307.777226931145,303.17502797931894,304.6346130371094,80590108
2021-08-16,300.09524657786045,300.59407513297396,294.65803359477036,297.30181884765625,72501819
2021-08-17,293.95962087187615,303.8863199271526,291.86453514031166,301.7413635253906,36927308
2021-08-18,300.24488880482863,302.63925953536216,298.3992172503906,301.9408874511719,31215425
2021-08-19,289.8692639382519,293.5606074594188,286.02830838443117,287.0758361816406,72940536
2021-08-20,286.9760240526311,288.67205309614405,285.42966791289706,287.1755676269531,39110800
2021-08-23,291.31589686506885,296.7032395534943,290.3182396840241,294.3088684082031,42383976
2021-08-24,296.35397952785604,299.5464938892853,295.1069083626217,298.1497802734375,32580211
2021-08-25,298.29950258445575,299.0976161654464,295.9051313954022,297.6510314941406,20469164
2021-08-26,295.9549658887414,298.8481653236657,294.8575370145073,295.8551940917969,24901687
2021-08-27,295.8053473354371,302.5894038311398,295.50606236648093,301.7912902832031,25936073
2021-08-31,298.39925976257854,301.69151618034215,296.1545311742634,296.2543029785156,75469744
2021-09-01,297.4015629990794,300.24489158810377,293.5605773925781,293.5605773925781,32877687
2021-09-02,293.06177212292954,300.9931582192411,291.8645714285918,299.1973571777344,41292118
2021-09-03,298.8980615145277,301.2425616966987,295.90509033203125,295.90509033203125,35754065
2021-09-06,298.0002077486032,300.4943506643227,296.255281982176,297.75079345703125,16758821
2021-09-07,297.3517415954321,300.9433139104027,296.1545711211647,297.700927734375,24785686
2021-09-08,296.753064616684,302.53946260514624,294.0593787398742,297.5511779785156,44406666
2021-09-09,292.71254915464095,295.10691979543714,290.6174634266663,294.009521484375,48860637
2021-09-10,295.7055793038,298.0999504242439,293.8599074488043,294.95733642578125,34101685
2021-09-13,296.40503177126027,302.4398422930276,296.2423887669806,301.5918273925781,50617176
2021-09-14,301.24262402535726,304.5847515137866,298.6566859151858,299.29718017578125,46189094
2021-09-15,299.24725300450666,310.52076581802305,298.59875154633767,308.52545166015625,71019810
2021-09-16,309.6726475086088,312.86516127051857,304.98367907550914,305.23309326171875,81654031
2021-09-17,307.77717314160566,308.8247007745169,302.04064560330994,303.9361877441406,98600571
2021-09-20,300.2947780878774,305.4327059094677,298.9978360752312,302.98846435546875,50856932
2021-09-21,304.5846472926244,312.5659026996615,304.5347766247597,308.0764465332031,50626001
2021-09-22,312.5161040079528,318.9510048403395,311.7269720555193,316.0079040527344,51097066
2021-09-23,317.65399466683306,318.5518799114131,311.6181817680838,317.0055236816406,31378887
2021-09-24,317.2549409024549,320.44745563084746,314.56125469749384,319.4497985839844,39785130
2021-09-27,323.6399156575586,330.5736437920306,323.09121650133767,330.52374267578125,63674198
2021-09-28,331.47155657053145,342.69519844086545,331.2720129810724,335.8113708496094,82346561
2021-09-29,333.41701549468104,337.95634312800587,328.129414589164,337.50738525390625,54608329
2021-09-30,337.05850461176396,341.49108890901084,334.06553289186564,339.50274658203125,60020400
2021-10-01,334.8635737042929,340.5003297954242,333.31721749696453,337.158203125,58623676
2021-10-04,338.1558912396969,346.9851323488087,336.5097326434147,343.64300537109375,48266571
2021-10-05,344.0420916273827,353.68941970489055,342.5456058268687,349.8284912109375,73082543
2021-10-06,349.32964393030704,349.57905821705526,339.8628920687286,340.7497863769531,72011909
2021-10-07,343.5931307125592,346.5861022874875,337.5074157543219,343.9921875,54104479
2021-10-08,347.3343070162267,354.11839344161297,345.7879507175261,352.7216491699219,51878353
2021-10-11,354.6172585915793,360.80271487101606,353.1706434948769,359.45587158203125,39709454
2021-10-12,355.76455177007585,358.70762214448735,352.32262236618385,357.3608093261719,58381512
2021-10-13,354.46753329185645,357.1612194718907,348.83077711845675,354.1183776855469,70908431
2021-10-14,359.1565989376095,360.25402796802416,355.11609937799426,356.86199951171875,49581753
2021-10-15,361.1020406321291,364.3444265762499,359.75519730458564,362.7481689453125,35439104
2021-10-18,364.1448197288854,365.5415334961644,360.15419156747294,360.6031494140625,39953467
2021-10-19,360.6031307341793,363.5861153875666,358.70755809884105,361.1019592285156,64669036
2021-10-20,359.5058319376475,365.0587717973792,358.3585320750798,362.2493896484375,34756900
2021-10-21,360.353795064292,362.43688553036293,354.8666804300942,355.3655090332031,38745935
2021-10-22,354.06856314356264,357.95942045250825,351.17536311619716,354.1683349609375,27345718
2021-10-25,357.70993721645925,362.2492952407559,356.66639788728816,359.8050231933594,26259746
2021-10-26,359.75520402611954,362.09970461104245,355.7146739679973,358.3584899902344,30731421
2021-10-27,357.9593161173979,360.9024164186616,353.51976077602285,356.76214599609375,31054647
2021-10-28,352.6718349053144,355.21584869295924,348.38192094487107,351.2252197265625,31937639
2021-10-29,351.3748614249128,354.4675742419956,348.39285055509237,349.3795471191406,51773323
2021-11-01,350.277403591185,357.66005982471114,348.3928218341174,356.16357421875,35798802
2021-11-02,356.1635390020739,358.00921048947885,341.0989126357405,344.14178466796875,86162288
2021-11-03,338.7544299450315,342.1464881797301,333.21744564640346,334.0654602050781,83459281
2021-11-04,334.06546025819506,342.04671644261146,333.0578169221681,338.7045593261719,105959776
2021-11-05,336.7591150603463,345.88770115394186,335.4123024396561,344.5907287597656,38450352
2021-11-08,344.84018836322304,349.8284741212505,343.4434744401914,344.4411315917969,36700886
2021-11-09,343.7926478490979,347.4340902289,340.9991896600121,343.64300537109375,33226420
2021-11-10,345.1893065630344,352.59290884263044,344.5408356312493,346.9850769042969,77184530
2021-11-11,341.8376445076883,346.5271676872836,339.0438568637776,344.3819580078125,54009703
2021-11-12,341.8376784428613,343.4341243336268,339.49290139545633,340.1414489746094,72994977
2021-11-15,338.7445821580052,345.1303354960859,335.95082458811794,340.7900085449219,38450672
2021-11-16,342.53613699321005,349.8199125859502,341.78780576140167,343.7833557128906,79506785
2021-11-17,342.48623228909673,345.0804531028527,340.1414551987852,341.239013671875,50057127
2021-11-18,334.5040130001522,337.6938901304096,332.8257489091312,335.70135498046875,33627717
2021-11-19,341.03939873879983,341.8875133696373,322.68034935505466,325.8233337402344,93905289
2021-11-22,326.27229674621833,334.15471005779955,323.47854002428164,333.65582275390625,51379697
2021-11-23,329.36551121835373,341.6381307048867,329.3156042019377,338.6448059082031,50332934
2021-11-24,341.2389615838171,346.1280517271018,339.7422994716074,343.7333984375,47066212
2021-11-25,343.9828796386719,345.0804380639291,341.78776278815747,343.9828796386719,39639265
2021-11-26,318.2902090595849,327.36996719479333,309.84005885411807,316.9432067871094,106509613
2021-11-29,325.2745654388301,333.25676336370935,318.0905751265713,326.9707946777344,77994066
2021-11-30,319.5873254215161,328.367763831479,316.9432277192452,324.72589111328125,98727251
2021-12-01,330.51297904646,337.3477440993185,329.5152040153763,332.1593017578125,41342015
2021-12-02,326.37215231790816,337.5502266387898,325.5140501320276,335.85101318359375,76610491
2021-12-03,344.2323121382781,345.5972795380939,340.0416457236828,340.091552734375,53379455
2021-12-06,343.23456664862914,349.3708762124418,342.4363589060599,345.72900390625,43105316
2021-12-07,348.27328167310526,351.24666153824364,346.97618661329756,350.1191711425781,43238986
2021-12-08,347.8242581905001,350.31869488083686,343.3342721478938,347.9240417480469,52399146
2021-12-09,346.5771467042451,347.6247982573386,339.4430616601877,342.78558349609375,65304586
2021-12-10,341.2390059892305,346.3775404865607,340.39089125867946,341.8376770019531,44281078
2021-12-13,344.48176993754373,344.5316465006057,334.25457763671875,334.25457763671875,39065742
2021-12-14,336.5993918474042,338.94416911424776,332.2590646427663,336.8987121582031,45420398
2021-12-15,333.3066502115096,335.55164344719464,328.36768336280414,330.1636657714844,55703450
2021-12-16,335.0028788217649,339.0438544579155,334.3543313115971,338.1957702636719,67205372
2021-12-17,334.40426407589786,337.6470326214415,330.1637205932638,333.00738525390625,138032247
2021-12-20,320.88442830522234,326.57172722020334,319.2381057364035,322.58062744140625,81696810
2021-12-21,325.27460484910745,331.610481309569,323.7540091144394,331.0118103027344,35667539
2021-12-22,331.21135007062645,334.2046744076419,328.4674694283623,333.9552307128906,37755442
2021-12-23,336.649203649756,341.0893135870086,335.6015523138364,337.197998046875,30092509
2021-12-24,335.95083152059794,340.2911281116519,335.40203703862403,337.0982666015625,9597346
2021-12-29,336.3000012669391,341.688009820751,333.1071400143278,335.2523498535156,41545288
2021-12-30,334.1547686830079,336.05854294364906,331.5106715984173,332.2590026855469,19793695
2021-12-31,329.26573044954375,331.7102912342663,329.1659468655332,329.7646179199219,10633768
2022-01-04,339.04387340164527,351.6158422883043,338.3953258552405,350.2189636230469,57430776
2022-01-05,352.214545892745,357.50274077585425,350.51633712424217,354.0105285644531,48899585
2022-01-06,347.97389818995487,357.95164437461307,345.08035788633697,354.3596496582031,57860437
2022-01-07,359.0991886769506,361.7432861328125,355.6568834626046,361.7432861328125,51426584
2022-01-10,363.68891209474583,368.4782189218867,360.9769731176871,362.24212646484375,74320649
2022-01-11,363.6889602002402,370.12462064702777,362.2421743789704,368.7776184082031,43912140
2022-01-12,372.41943103619593,381.99807487012845,368.77755923388037,380.6011962890625,139200949
2022-01-13,378.50594292753016,383.0458068847656,377.8074882650282,383.0458068847656,60031350
2022-01-14,383.1454990460019,390.215729371501,382.5657982572784,387.8350524902344,70163258
2022-01-17,391.07779705709885,394.7475908846704,388.5334533594714,392.873779296875,60591123
2022-01-18,394.6200020573821,399.30955661315556,392.72423569748406,394.86944580078125,74852832
2022-01-19,396.21646961453837,399.6587751905136,387.83516547126646,393.22314453125,60553500
2022-01-20,391.1277526303031,394.0212936899295,383.20742733221385,388.2840881347656,43887033
2022-01-21,383.94369687987376,385.6898026253378,375.56239539158014,381.3993835449219,68009741
2022-01-24,381.24970851212043,382.7962470748719,359.19888215647046,363.2897644042969,67979261
2022-01-25,369.5758487137519,379.10461809958133,365.53487220043945,378.8052673339844,55892544
2022-01-26,384.14338568867316,396.31625320725016,383.9438185032497,393.22314453125,53943299
2022-01-27,387.4359811925679,399.66871120106833,384.44265649486687,391.62664794921875,104731641
2022-01-28,397.0146568913451,397.0146568913451,382.49704316928626,384.5923767089844,146985725
2022-01-31,387.78520080458287,388.40083228995053,381.2996640882202,381.9482116699219,50951787
2022-02-01,382.2974563264211,393.123320349848,382.1976727440117,392.42486572265625,65719741
2022-02-02,394.12111330760735,394.46933579788697,388.1344634852133,388.6832275390625,47610113
2022-02-03,392.3250019004041,393.7218803110019,388.1343362189451,391.5267639160156,55250427
2022-02-04,396.2662659295814,408.3393474102651,396.16648235707896,404.9967956542969,73990562
2022-02-07,405.1464410785752,408.5388997224603,397.11436620332574,407.74066162109375,65339642
2022-02-08,409.0876437309093,417.06984165736606,397.4635740904403,398.11212158203125,112333300
2022-02-09,400.9558145119827,414.0266706462837,394.52015479118563,409.3869934082031,72690506
2022-02-10,405.4956827951436,413.4778813952435,404.6475681039487,409.7861328125,59632180
2022-02-11,405.8449084216663,418.21731011151985,404.58173426784805,416.27166748046875,79062950
2022-02-14,413.12869220210126,416.221800534722,397.30399663439675,399.7585144042969,77689204
2022-02-15,399.4591446931913,404.79724592869155,388.38383839469935,396.4658203125,83837943
2022-02-16,397.16429431714323,404.8471733731013,394.85645262223466,402.85162353515625,126156554
2022-02-17,399.79964428797086,401.3463728007301,391.61706644558046,397.05548095703125,70519486
2022-02-18,395.5586936609858,399.43844244448206,389.97057274043243,390.5693054199219,54052070
2022-02-21,388.1744468551376,392.6648967544901,382.7779344296388,387.5757141113281,60707310
2022-02-22,388.2741445947275,395.4588443832605,381.73802864326484,385.6796569824219,63257007
2022-02-23,383.03533724534327,388.4737520980388,379.4429716597777,382.08734130859375,42269953
2022-02-24,371.8091975155022,377.3474059795978,360.13401748770235,364.5745849609375,133425410
2022-02-25,364.22530825575876,378.59473898405486,363.7323686801675,377.6966552734375,91620798
2022-02-28,351.45249519813825,364.7741365039141,349.10747679897383,362.77838134765625,219782031
2022-03-01,367.26884365242154,368.81557222580994,353.64782031185183,356.34210205078125,78717225
2022-03-02,362.0299906415896,378.2455020690127,360.0971204383708,373.6053771972656,73748792
2022-03-03,376.8983833879232,384.7816103726429,357.6892395019531,357.6892395019531,85445300
2022-03-04,354.24650814122043,355.64353053347,340.8749558963098,347.4110412597656,79610876
2022-03-07,352.25088724687714,363.12774991266235,350.20323991367434,360.73284912109375,149892296
2022-03-08,360.83256905314414,382.2639773905449,358.4376687523615,379.1935119628906,87217840
2022-03-09,382.6362129827702,383.783766237421,364.27523909711516,370.7614440917969,68459736
2022-03-10,368.216811567094,372.3081155639562,361.1917451719281,362.7284851074219,185905473
2022-03-11,366.9694459044165,370.7613681745165,357.5394914695987,359.6350402832031,86039063
2022-03-14,363.57669203908694,363.8760431234635,348.6584104605981,355.74334716796875,52431444
2022-03-15,348.30914627510407,360.2337951660156,343.94145256611375,360.2337951660156,141706131
2022-03-16,364.27526915134854,366.1213491234755,356.1924835456684,359.8846130371094,54161889
2022-03-17,363.5268488522425,370.26252360375287,360.8126201787066,367.2688903808594,86427408
2022-03-18,363.87601960364844,368.16691107013446,358.2380178917349,359.6350402832031,257457024
2022-03-21,362.72844995117185,375.20191796875,362.72844995117185,374.20404052734375,41146800
2022-03-22,379.1935107117278,380.8120775335251,367.7677993262638,370.511962890625,51647059
2022-03-23,376.5990062224435,390.0703540396814,374.6531631427496,387.07672119140625,102246139
2022-03-24,388.72325627961806,393.26760752638376,385.4302719624229,388.3740234375,71889985
2022-03-25,384.83147483544656,393.2635523966411,380.4907013598778,390.86865234375,51967724
2022-03-28,385.0310587883865,390.4195914682497,378.6446485584447,380.091552734375,46068031
2022-03-29,380.1914346647303,386.4281707976819,366.32093959560854,370.5619201660156,51529814
2022-03-30,374.204071264186,382.53635467489624,373.0565182028702,381.9376220703125,45830134
2022-03-31,375.90051613783896,379.3431756963918,373.45570375843056,374.5533752441406,45119366
2022-04-01,371.95886825329615,378.1457214355469,368.11703347655043,378.1457214355469,24976836
2022-04-04,378.0459309715764,380.7401821922472,373.1563368723082,376.798583984375,33237341
2022-04-05,379.4429716597777,383.2069692755238,376.4992204480261,382.08734130859375,52462429
2022-04-06,379.2433971198901,383.5841710843092,377.39734778865846,380.0417175292969,49193103
2022-04-07,376.14997237646463,382.8856461563255,370.6117334413389,376.5989990234375,48300305
2022-04-08,381.83781499879274,390.6690368652344,381.2889945610744,390.6690368652344,50221963
2022-04-11,389.22209247100784,393.01404510412584,384.63188050098603,385.8293151855469,38512438
2022-04-12,388.4238575273479,397.15528656617715,386.73244767915224,395.1096496582031,43879867
2022-04-13,392.5151728197587,399.8495795089211,391.6669707416037,396.5066833496094,35639692
2022-04-14,394.8102805981822,399.55019936924634,393.11390688864446,398.60223388671875,62698869
2022-04-19,402.1446343011653,406.8346707532933,400.1987609863281,400.1987609863281,41992367
2022-04-20,401.9451065392179,401.9451065392179,397.15530598484594,400.2986145019531,75442419
2022-04-21,403.9907461155372,404.7391543038013,399.350621438861,402.2943420410156,67003362
2022-04-22,394.4110700177967,399.30066353023966,392.3155212402344,392.3155212402344,34518582
2022-04-25,378.34526520727024,382.33677538844216,368.067138671875,368.067138671875,62955005
2022-04-26,376.5491650455993,380.3910003715581,367.11920837759226,378.64471435546875,47728719
2022-04-27,377.9461260296961,381.987517968495,374.25396687481805,377.59686279296875,53157809
2022-04-28,380.9896745994365,387.6754670357455,377.5968966799043,387.2264099121094,42181626
2022-04-29,391.3676389960646,392.81454336303653,387.17654055124154,390.718994140625,61462460
2022-05-03,404.14045077170243,413.3708190917969,394.21155591112574,413.3708190917969,112955426
2022-05-04,418.75928302302856,420.8548318447667,410.02785497645664,415.0172424316406,79063745
2022-05-05,424.0979538506314,426.44297215660197,415.7656703138285,418.0108947753906,88308896
2022-05-06,418.31033637844877,429.83581142175007,418.31033637844877,425.7445068359375,156245671
2022-05-09,425.34537665085554,430.03541409944984,403.9408874511719,403.9408874511719,88818514
2022-05-10,404.68921728829935,410.7762762694127,399.30068475443704,404.09051513671875,60263673
2022-05-11,406.73496627707783,419.5577011173867,401.74557765849937,419.00885009765625,83263501
2022-05-12,402.5856019209386,409.27208800932823,397.30627295106564,399.3421630859375,71800335
2022-05-13,409.17220906196167,416.05827185498254,401.5875473881571,413.86273193359375,52225780
2022-05-16,408.3239931040497,419.6011986950114,406.2282265379446,417.50543212890625,30922807
2022-05-17,421.9464252770433,427.98422961171593,417.50542735692875,420.3995666503906,57290742
2022-05-18,420.64902444549375,430.0300404890282,420.19992077793444,421.497314453125,102756117
2022-05-19,419.8507013753201,424.04220412529537,408.3739176203434,411.8668518066406,62607968
2022-05-20,416.65713973787945,423.99230745080587,411.8668422897475,416.3577575683594,77194004
2022-05-23,422.8446162644831,427.9342956542969,421.76878968434846,427.9342956542969,78874531
2022-05-24,419.0522394038441,424.46030508218945,418.1321037938077,422.7447814941406,91363183
2022-05-25,426.28757665702136,430.2296137764438,423.24274175263565,426.9861755371094,77303012
2022-05-26,427.1358838199131,435.5189184392045,426.8365016912101,434.3712463378906,39717396
2022-05-27,431.2775809707133,433.02404811720953,425.0401983046554,429.7806091308594,35604740
2022-05-30,430.07997721283255,434.766480486492,428.6408718651743,432.62481689453125,67097357
2022-05-31,433.82245578969867,440.4939579207731,430.4792125554531,433.37335205078125,88970553
2022-06-01,432.47510923395896,436.26243039582545,430.4292297363281,430.4292297363281,46327181
2022-06-06,435.31934108530635,443.60257152074325,435.31934108530635,439.5607604980469,38340956
2022-06-07,438.5628470726528,448.42887549397244,438.31335177461534,445.5986022949219,45203419
2022-06-08,449.0914800586149,451.611376161084,447.8440037251187,450.4886474609375,74146887
2022-06-09,450.8878926860886,455.07942589647007,447.39495849609375,447.39495849609375,57899416
2022-06-10,445.74827227306156,446.69636654309227,434.4211801873885,436.5668640136719,50515237
2022-06-13,428.2835525613319,431.07791771648334,418.50335065821184,425.4393005371094,69576254
2022-06-14,431.8763591355081,440.4090861110838,424.7407997320309,434.0719299316406,53900332
2022-06-15,432.4252226205335,432.7246352408506,421.7468425271831,426.5371398925781,70081548
2022-06-16,420.49934922370807,423.86753548945444,401.0886043394645,403.58355712890625,63534857
2022-06-17,400.9888143228746,404.38197460133193,378.6839599609375,378.6839599609375,132698179
2022-06-20,378.08514009415154,391.8073800111125,376.73785953838404,390.7095947265625,55876190
2022-06-21,395.10069624922386,399.49180682965965,391.75745360122255,394.55181884765625,50454312
2022-06-22,383.2746699865403,386.79754242552406,378.035268654977,382.52618408203125,64956072
2022-06-23,381.42836512108676,390.8592676619266,374.8915710449219,374.8915710449219,45686408
2022-06-24,371.2988569340771,386.8174813486621,370.7499795101901,385.7196960449219,47387512
2022-06-27,382.17688701644363,393.3043705567941,381.57809224552585,390.8094177246094,87244319
2022-06-28,395.2005145984016,404.182344475638,394.3023377018712,396.2483825683594,48021884
2022-06-29,395.1505670390532,407.47560733517525,395.1505670390532,396.89703369140625,42314657
2022-06-30,389.1128281108785,397.695471735126,383.52412781211507,387.51605224609375,41015966
2022-07-01,379.4822444246091,390.90913812878637,376.68791003397854,383.7236633300781,43140059
2022-07-04,391.90722155995354,403.1764172475431,391.20862255158113,400.6395568847656,31108039
2022-07-05,401.73730523738703,401.8870267767062,371.4984881617463,372.5463562011719,73064490
2022-07-06,381.0291767453905,386.9671765498837,364.56248838156563,367.9057312011719,77499983
2022-07-07,377.8356606035332,390.75949791879293,377.13706163256046,384.47222900390625,91144870
2022-07-08,382.12696726444557,394.8512266279462,381.40942468200245,385.76959228515625,33547710
2022-07-11,379.9314874771559,385.8694578508117,376.93754362140515,383.8236083984375,32272439
2022-07-12,384.47218325294324,385.22066900878934,372.74590641135444,376.2887268066406,36790825
2022-07-13,375.49044323301854,382.62600303980736,371.5484051349614,376.43853759765625,38576591
2022-07-14,377.13705881636844,379.63201161411627,358.4748301627948,363.2152404785156,62414862
2022-07-15,366.60837965726205,376.3885826945496,364.31300475049255,372.3467712402344,39243191
2022-07-18,379.23286304523685,388.17476623568456,379.23286304523685,381.578125,31223799
2022-07-19,379.781740296631,387.2665994310224,378.7837590787122,384.8215637207031,30143535
2022-07-20,391.20857087556305,393.0298984708262,385.91928350274355,387.71563720703125,41561571
2022-07-21,388.91330958728133,393.45411214236344,378.3347021296723,383.125,42121265
2022-07-22,386.2187267266636,389.81146515950087,379.3326624963743,382.52618408203125,27371435
2022-07-25,379.78173329912477,386.76760169584156,373.5094482613255,385.9193420410156,30813587
2022-07-26,389.96113467901284,395.05084463933747,387.76556396484375,387.76556396484375,23914013
2022-07-27,389.4122059557748,394.4519979214047,387.3164397238232,392.3562316894531,23684384
2022-07-28,395.4500381822401,395.9989156427556,384.3724411160992,388.6138610839844,34532837
2022-07-29,387.7655479601305,404.08254519359673,385.30455358870796,399.19244384765625,48528027
2022-08-01,400.7392997195466,403.68335615572636,390.11080706399446,391.5578918457031,45462794
2022-08-02,403.3341394654318,410.27012173719,400.83918619587456,402.5357666015625,63754353
2022-08-03,405.62942993792456,415.25994145367173,401.5377013401556,409.870849609375,75060369
2022-08-04,407.5256300784291,420.05028198576787,405.97874094117617,407.17633056640625,54555299
2022-08-05,404.68132874939977,413.56335428797155,398.1046370737617,410.3199157714844,40008266
2022-08-08,411.16822699976643,418.75288970551867,410.4197411496455,415.45953369140625,43982321
2022-08-09,416.5572727215402,424.79061615758485,414.9565072630052,421.6968688964844,40670869
2022-08-10,420.1001844826411,424.49129552678687,416.20803356608843,420.3995666503906,43226085
2022-08-11,417.357058550936,427.63754499804287,416.3519795718948,426.7392272949219,37130077
2022-08-12,427.338047457816,435.1172732010412,426.9388121123637,429.7334899902344,38848926
2022-08-15,432.2287237055941,434.6241965576761,416.65833292527674,424.69305419921875,64380728
2022-08-16,423.2457962392852,431.2805480555067,423.2457962392852,425.691162109375,41081602
2022-08-17,427.8870758396994,432.32861910637126,424.64323875810055,430.0828857421875,48669836
2022-08-18,431.7796063061437,442.2297518015607,428.3940407351266,441.1617736816406,42248322
2022-08-19,441.16175638957554,449.04676811545784,440.7125976211351,446.95074462890625,46023417
2022-08-22,439.2653530285463,451.6418302404323,439.11564359665,448.1484680175781,43508227
2022-08-23,448.19839994213277,458.97793687057947,445.10430321516117,458.5287780761719,39377788
2022-08-24,459.12765207145594,459.7265203182726,451.6917681311996,452.0910339355469,52844661
2022-08-25,459.22746607303185,462.91744601490353,457.78020368925326,458.5787048339844,32948449
2022-08-26,460.62478853344305,463.219863856558,456.4327414376648,456.9317932128906,35420028
2022-08-30,462.2716746722505,468.709455054187,446.1523076791397,448.3980407714844,63076041
2022-08-31,450.2445511318773,451.5420736599258,427.4378772186936,440.6627502441406,124438705
2022-09-01,441.16178244785556,444.9545638687293,435.67221275676235,440.3633117675781,57245909
2022-09-02,446.1522634733052,456.6822431901928,443.1080599891912,452.8395690917969,56820686
2022-09-05,451.89140912568774,466.60646209093875,449.3632231613847,462.4713134765625,54294811
2022-09-06,460.7246072500581,461.373368469107,448.9469670208874,451.84149169921875,52588257
2022-09-07,446.7012484255154,453.5382640921951,439.67462110012855,440.4132080078125,87143450
2022-09-08,443.307667265886,449.0966858917586,438.92201848111114,442.2097473144531,45650262
2022-09-09,446.4517967747181,454.88578567601786,444.2060633292523,449.9451599121094,38650513
2022-09-12,457.88003765823095,460.9741649855737,453.8876231609385,456.98175048828125,38435954
2022-09-13,459.97605887733545,465.1162864229007,455.48459259213575,460.6747131347656,46399900
2022-09-14,456.58250075084675,465.06638129040124,453.3386640739583,461.42327880859375,52690774
2022-09-15,461.6229947667917,465.9148288045233,453.0892196960679,455.68426513671875,44965722
2022-09-16,453.43845159744643,459.6696238017521,450.094828917736,451.1927185058594,192087202
2022-09-20,451.0429774953351,462.1219327304903,450.5878486229076,451.641845703125,50205810
2022-09-21,454.9855150183744,465.1162600849361,452.3904396641572,454.6860656738281,47779470
2022-09-22,452.34054019359036,463.6689910970332,450.34433309734277,457.3809509277344,44199242
2022-09-23,452.3904365584938,455.3348542312831,427.53766411693965,432.2786560058594,105384380
2022-09-26,422.7467678431518,433.8756473574187,421.4991383424227,429.2853698730469,51536820
2022-09-27,424.34377215902833,434.27491592846246,422.2637396916557,430.2825012207031,79653935
2022-09-28,424.5932464077319,437.01964785729473,420.3014133030645,435.0733337402344,56269353
2022-09-29,433.4764156510311,437.66846328715116,425.44169321812586,431.2306823730469,87126356
2022-09-30,431.1807360028005,439.11567145339995,427.28813822804915,432.2786560058594,40927178
2022-10-03,431.1807232038507,445.5534078853719,431.1807232038507,441.8604431152344,47579414
2022-10-04,446.651366751055,456.03353461991827,441.8604815932497,453.6380920410156,78836406
2022-10-05,453.4384050095713,460.9241812124128,445.6532099424967,459.3272399902344,91652551
2022-10-06,459.52682169949355,461.3234261830125,449.69549663764565,459.4769287109375,76525774
2022-10-07,461.4731891234389,470.2914255867913,459.67658443157546,468.21038818359375,63452909
2022-10-10,462.62096400173107,468.9589272056691,459.876179425669,461.5729675292969,37919486
2022-10-11,455.13524539510587,456.58250781105556,446.10241992366826,451.74169921875,39754065
2022-10-12,452.6898190549676,457.87996931059746,445.60330874783944,448.497802734375,37645792
2022-10-13,450.19459319736177,460.3752615721058,445.3538153567237,457.3809509277344,35183819
2022-10-14,459.92610717516163,464.73100353145367,452.0410951617715,454.18701171875,51560919
2022-10-17,454.73598703870596,461.6228954957835,446.4517092329056,448.59765625,54483696
2022-10-18,452.24079026313,457.33112519919655,444.4056701660156,444.4056701660156,34616457
2022-10-19,451.94123103756425,455.13517426894566,444.6550880193318,454.3865966796875,32242924
2022-10-20,459.47699844715373,463.7688317441612,456.43276419070014,460.07586669921875,38979430
2022-10-21,456.33296300659117,464.11815864514443,455.6342783258246,463.5692138671875,36037227
2022-10-24,465.91475983032996,473.2478425127593,457.38098602294923,469.10870361328125,40237177
2022-10-25,469.0088743003253,470.05690135335993,463.8686468659411,464.717041015625,33789726
2022-10-26,463.76879560784937,467.1623414921906,459.4769626452563,465.1162414550781,60655005
2022-10-27,465.9646972029413,482.38348404391303,465.33689219734936,480.98614501953125,75447056
2022-10-28,471.10482908801646,478.39097209977734,470.1067256365588,472.05303955078125,29398808
2022-10-31,473.10105707346975,483.08209203282564,466.2141490434545,478.8900451660156,39528766
2022-11-01,478.5906041432638,485.97656357929077,473.3006680435999,485.5274353027344,42001921
2022-11-02,482.48330788450437,485.9766707287691,475.94574103126314,483.4315185546875,38110483
2022-11-03,481.2356356905628,493.3625881128964,477.0436189244138,492.5641174316406,42181307
2022-11-04,495.0094475357549,503.4434039120627,492.0650299999475,499.0018615722656,46266880
2022-11-07,496.15728966130786,502.3425284550915,493.51232129849336,500.8483581542969,34010048
2022-11-08,496.6562948805852,500.84831119663033,484.77387423798285,484.77886962890625,52833847
2022-11-09,484.9285875569397,487.6733721592424,480.4371218440808,481.1856994628906,62100075
2022-11-10,472.6504922422145,485.5273422212956,469.9054260253906,469.9054260253906,78155123
2022-11-11,474.49723190816644,482.5327780859578,471.1372731665849,477.541748046875,41500170
2022-11-14,476.5434950415072,482.43290381423515,471.5025673843106,479.637939453125,31077051
2022-11-15,476.99264419124626,479.7377101214992,471.70213521161025,476.1940612792969,33369952
2022-11-16,478.5898041488915,487.37400339202543,478.105658473824,480.48638916015625,43262475
2022-11-17,475.8447764901542,481.58446055718565,475.7449498051186,477.791259765625,44122770
2022-11-18,482.1334353171565,485.3277062869967,468.6576560691615,475.1958923339844,43306864
2022-11-21,474.447195461431,476.74308703512116,455.68093896624174,457.3279724121094,62668424
2022-11-22,470.1549513769931,487.12445068359375,469.6558484562108,487.12445068359375,59516989
2022-11-23,489.12086003094964,497.7054363199762,481.8838677141652,482.2332458496094,50190396
2022-11-24,484.2795695594117,486.97473758141774,479.08891733645714,482.68243408203125,23740889
2022-11-25,481.4845810271068,492.16536497144955,481.305886101825,487.47381591796875,27943103
2022-11-28,478.9391620863703,483.98011998488903,474.19768422519974,482.68243408203125,40608786
2022-11-29,485.12804209807126,495.8587549634093,485.12804209807126,491.16717529296875,73104465
2022-11-30,491.61636229855327,502.3969728805798,491.16715749812556,496.6073913574219,118086790
2022-12-01,492.6145596621287,495.0102474767355,486.07632389226933,488.57183837890625,38905995
2022-12-02,484.1298511225728,485.4275065796267,473.6486893972388,480.0372009277344,44398679
2022-12-05,478.3901023983093,488.3941235241597,476.51246545404285,482.6324768066406,42774634
2022-12-06,479.8375645525296,482.63252874898626,470.0551289392812,473.79840087890625,59104182
2022-12-07,469.60595085650505,472.9499160590991,462.2192032506874,463.1675109863281,46500857
2022-12-08,466.4615799621669,473.59877613609297,463.11761474609375,463.11761474609375,36084523
2022-12-09,461.5204309894639,464.75061721637843,454.18361269187693,461.12115478515625,60905839
2022-12-12,458.87524708165336,464.81455368460706,455.9305276027561,461.27093505859375,37882663
2022-12-13,465.0142424184162,472.0016839860473,462.66845237100307,470.20489501953125,34093855
2022-12-14,469.45620444489987,474.7766587454983,466.7111383259703,468.7075500488281,36570028
2022-12-15,467.5596033479497,471.20304852450926,463.9161581713902,465.0141906738281,38854764
2022-12-16,465.9125582080593,467.4098669114596,454.5829162597656,454.5829162597656,156646360
2022-12-19,458.12660938561044,469.45622196539927,456.5793719649562,465.76287841796875,29797513
2022-12-20,461.27095100215246,469.9553240265847,460.22281653282045,466.6113586425781,33262806
2022-12-21,466.1122498579362,479.7876521951189,465.3136668728024,479.1388244628906,32751179
2022-12-22,481.23501801191725,484.1956998003409,475.64505948884363,477.04254150390625,57397378
2022-12-23,474.1477445253637,478.0407409667969,472.89998730292854,478.0407409667969,62024066
2022-12-28,486.87487406893274,489.0709389920459,476.39371327400954,479.5380554199219,61058866
2022-12-29,473.3492452941033,479.98730837103335,471.9517326776328,479.8874816894531,15838786
2022-12-30,477.5916228391777,479.6379327396168,474.0479736328125,474.0479736328125,12498129
2023-01-03,480.5362745562603,496.0084647308693,480.4244759920812,482.4827880859375,40781538
2023-01-04,473.14956207259587,475.04614705163004,464.1657096281795,465.0141906738281,48319569
2023-01-05,467.1604139755565,473.44909967086465,464.6150008281293,470.9036865234375,27641337
2023-01-06,473.3990972445323,479.28850532960126,473.3990972445323,476.1940612792969,45580214
2023-01-09,477.14237758999883,484.5790230660185,476.3937232318556,478.4400329589844,31000006
2023-01-10,474.69679399716176,481.3847855775636,473.19948517732485,474.24761962890625,41713226
2023-01-11,476.0443422469614,480.28671691763236,473.3991029566372,477.6913757324219,27187699
2023-01-12,480.4864069217624,485.77688590604043,477.74134074895613,484.1298522949219,28669324
2023-01-13,482.13346448509407,485.67708335363204,481.6842596311882,483.4810485839844,32218369
2023-01-16,484.6289503450453,486.9747402343372,479.1388180548337,480.13702392578125,21938115
2023-01-17,479.2386321346979,486.6752474000438,477.14239376825566,483.78045654296875,34124939
2023-01-18,479.13880928221425,488.57186677508787,478.78943114121427,485.32769775390625,38676651
2023-01-19,477.6414976692337,479.88746082441816,470.8037815264404,473.84832763671875,33902832
2023-01-20,478.98910039871055,481.88389137499564,473.84834617935195,474.99627685546875,40442971
2023-01-23,474.6967366581165,481.58438076766225,474.19763377845794,479.93731689453125,24811193
2023-01-24,482.58260812751485,482.58260812751485,471.9017938396167,474.3973083496094,51300832
2023-01-25,474.447226774508,477.14239474585935,467.7592658789869,473.84832763671875,33017334
2023-01-26,475.2457651010167,483.7804121041304,474.4471822209148,483.33123779296875,39708502
2023-01-27,486.7251874423265,495.7090402564115,483.3312935829039,488.422119140625,39339742
2023-01-30,486.8749023319635,495.4594787167989,485.42749166732284,491.16717529296875,34439065
2023-01-31,488.6716261571343,489.2206576124161,481.334838063261,487.972900390625,28682258
2023-02-01,490.16898520044066,495.75894422113777,485.9765387820372,491.5664978027344,44890407
2023-02-02,490.618206285321,491.6663103089381,477.641529415109,477.94097900390625,54054450
2023-02-03,476.9926481884521,491.46663230562353,476.64327006547296,485.17791748046875,35547116
2023-02-06,487.6235432378286,487.6235432378286,474.6468675733623,477.49176025390625,39657484
2023-02-07,493.26340074455425,515.4735107421875,487.1244410331157,515.4735107421875,112423187
2023-02-08,527.052725239124,534.0401666722184,515.4735609488292,532.243408203125,83266622
2023-02-09,531.943924506591,544.720947265625,530.9776436923513,544.720947265625,97964110
2023-02-10,546.517726625715,569.5433585400959,540.6282874845101,558.9953002929688,115397585
2023-02-13,558.8955393048223,559.6401726787204,550.7102382779989,556.4000244140625,76344432
2023-02-14,556.9989455879349,564.1860409419434,554.9027373672762,559.0951538085938,81010130
2023-02-15,560.7920085997563,564.0860755684006,556.3999396167795,558.69580078125,79287029
2023-02-16,559.2504581752784,566.7377454743092,550.3655195410819,566.6378784179688,47259232
2023-02-17,563.0438918952859,563.6428503863292,555.3569329578958,558.9508666992188,59214984
2023-02-20,557.0540500083702,561.246942141007,555.0574405101323,557.2537231445312,24159385
2023-02-21,555.656558068869,559.2504927536361,548.7363616740932,549.3672485351562,58925165
2023-02-22,546.0726872780064,549.3670807004763,535.4906815133004,538.485595703125,68447518
2023-02-23,535.7901662337156,550.4652581005008,533.8933628547248,546.0726928710938,63107361
2023-02-24,550.3653837761798,554.9576220791189,546.7715111318665,549.2672729492188,48017492
2023-02-27,553.0608310118944,559.4500057789302,552.5616786373349,557.2537231445312,48174573
2023-02-28,556.954252085585,560.847604105315,549.5667724609375,549.5667724609375,132842967
2023-03-01,552.7615100265969,559.0508195603095,549.1675753418297,549.3672485351562,100023591
2023-03-02,551.0642410231719,562.844225293489,549.3671107032484,560.2486572265625,77874419
2023-03-03,560.0490537791952,560.7478794016225,541.8798922545648,554.3587036132812,35685967
2023-03-06,549.8662634800136,559.050679689827,549.8662634800136,558.4517211914062,39342667
2023-03-07,559.5499547345358,562.3252718928358,554.159083340327,557.5533447265625,33730187
2023-03-08,557.4534301757812,563.1996541378675,556.5549314742678,557.4534301757812,90878064
2023-03-09,557.4536208226956,559.4990983573014,551.4637899152814,556.0559692382812,51064103
2023-03-10,545.873086924773,549.8663063769391,541.6801943136599,548.26904296875,49786469
2023-03-13,543.3772266766457,543.6767058951575,514.027105560528,521.6141967773438,66961684
2023-03-14,521.1150769143026,532.5955814823379,511.93066107353695,529.900146484375,58061156
2023-03-15,526.1066599412643,526.3442326121432,485.1262577242084,485.97479248046875,80860103
2023-03-16,499.1523773727266,499.52473091009534,470.00186634782204,481.63214111328125,91002516
2023-03-17,488.52053507892316,503.34536973128064,475.94188657189716,479.136474609375,243758899
2023-03-20,471.050156390675,491.6651457486946,466.20837170485356,486.1744689941406,59602146
2023-03-21,491.16602187117377,507.53821650704316,489.069575440749,502.54669189453125,49719627
2023-03-22,499.1524172142618,507.039019313078,496.5568185515785,503.5449523925781,81495865
2023-03-23,503.84444303749734,504.4434015427902,495.90790771807707,497.8546142578125,44282935
2023-03-24,495.1093133582565,495.1093133582565,472.89702996058503,485.47564697265625,48133058
2023-03-27,496.40706737997306,499.55172144215226,484.37750659109,495.5585021972656,46212840
2023-03-28,507.73790173843514,509.6426570955624,502.24722453424926,506.9392395019531,43547632
2023-03-29,509.53477646146484,512.2501668034306,506.34021930175817,509.6346130371094,28038788
2023-03-30,508.4366647087509,517.321602539835,505.80414131299,512.330078125,48557333
2023-03-31,510.03391860488443,513.9273012498686,507.13884076455497,509.93408203125,50242422
2023-04-03,529.1016225589232,539.3841513392947,528.9049350361652,531.7970581054688,63834285
2023-04-04,535.8899756054741,535.9898426391117,525.9069281428845,526.3062744140625,90212520
2023-04-05,526.7055921996093,535.6903354694172,526.1066336876315,532.7952880859375,56824025
2023-04-06,532.2961972999125,536.8314653695209,530.1997204019249,530.9984130859375,41038513
2023-04-11,535.4907631231142,539.4839826514545,531.3976765475487,536.0897216796875,52431560
2023-04-12,536.8884269220393,542.7784509056157,534.7920107552493,538.6853637695312,31617199
2023-04-13,535.5905822540768,538.6853030910679,533.2076045574066,537.786865234375,36713538
2023-04-14,537.8867246147224,542.4330216943667,533.4942191508693,540.0830078125,29093336
2023-04-17,544.0761518534069,550.0659810481234,542.5786945547278,542.878173828125,42722801
2023-04-18,543.576904296875,545.4737075826134,537.387403025799,543.576904296875,33195166
2023-04-19,541.1810252723642,542.678482520967,529.9001928525616,534.492431640625,42764947
2023-04-20,532.6954626486398,532.6954626486398,527.1049796612739,529.8004150390625,38107704
2023-04-21,532.2962115617082,532.2962115617082,526.1067086849573,529.1016235351562,52359077
2023-04-24,523.0119464049847,534.692064652907,520.3165110663512,532.9949951171875,48007264
2023-04-25,534.5921500576968,539.6834794950976,525.6074080399204,528.4026489257812,54938104
2023-04-26,528.7022221012861,534.5922450657235,526.406133141684,532.1962890625,37826711
2023-04-27,526.106663253547,529.500924163344,520.1168340703947,522.71240234375,29337723
2023-04-28,525.0086093941691,534.4925066326253,516.1655917761003,533.4942016601562,102346561
2023-05-02,516.1235499151276,519.1184641312695,484.9265268303157,487.5221252441406,100298625
2023-05-03,489.96806310680836,492.16434620929516,478.73713228560234,486.27435302734375,63327020
2023-05-04,488.52051549079044,494.06109557410844,472.74727957874364,475.6922912597656,59405734
2023-05-05,479.186316916905,493.9891838150509,479.186316916905,491.4654541015625,45939194
2023-05-09,488.4206273097444,490.6169100736633,483.82841909981545,487.7218017578125,104449028
2023-05-10,489.66858380458274,490.76672535582617,481.88181728821974,486.27435302734375,30772404
2023-05-11,481.63478708745197,486.626855839331,471.5008936149715,476.9422607421875,104416824
2023-05-12,474.6458452973133,485.512582195136,474.5939258372481,482.2337951660156,26990523
2023-05-15,480.1871027772937,483.88121535176793,476.1435088291157,480.9359130859375,18786577
2023-05-16,478.68945523466715,483.7643693452662,474.94540390204384,475.19500732421875,37094876
2023-05-17,474.24652492925964,481.4850245202852,474.24652492925964,477.5912170410156,27699907
2023-05-18,482.78289958754027,487.6252117967902,477.3415635743964,479.78765869140625,35282424
2023-05-19,482.732996767254,487.26778373719264,480.6363220214844,480.6363220214844,31851791
2023-05-22,480.23696251853374,481.28528465653136,477.0919656353745,480.88592529296875,33987698
2023-05-23,480.9358545684649,489.072919505156,478.4897290035245,487.5253601074219,28870682
2023-05-24,486.5269596995279,488.2242750930394,479.6379116049318,485.7282409667969,41234730
2023-05-25,485.87804739876606,486.69675398982963,472.3994617167562,474.1966247558594,40900844
2023-05-26,477.24175483051545,478.9390703303416,472.00008283708405,476.14349365234375,34146765
2023-05-30,476.54287215771075,476.5928111268666,464.1126392133589,465.85986328125,41562250
2023-05-31,465.46046275181453,466.70847983290673,446.49060311921306,452.5809020996094,143080245
2023-06-01,455.62611963165637,462.71486333065855,453.62929213724277,460.7679443359375,51707926
2023-06-02,463.263916668452,475.44457494093524,463.263916668452,473.5975036621094,37489819
2023-06-05,478.38991467854794,482.9327152610282,472.19976806640625,472.19976806640625,67794484
2023-06-06,471.10152625777715,472.24969595749747,462.8646129561929,470.5024719238281,55937665
2023-06-07,470.75204337328904,474.79560653167067,466.25918187767974,472.99847412109375,32380470
2023-06-08,479.03889003178983,480.43669361326744,471.3511226795065,471.9002380371094,27698609
2023-06-09,471.6506677432811,472.2497221104054,466.3091478792764,468.1562194824219,22650325
2023-06-12,468.30593045749436,468.30593045749436,458.97078680440467,461.8661804199219,41930728
2023-06-13,463.96285390362357,470.2029394657598,461.4298605782472,464.11260986328125,31504439
2023-06-14,462.06586411684054,471.00167922785596,460.1189756161601,460.4184875488281,47486230
2023-06-15,460.4683846255875,461.41685930552745,453.03019079294586,458.97076416015625,132663040
2023-06-16,459.56987359651174,462.9145660196466,455.9756081851384,458.8710021972656,148346033
2023-06-19,455.8757170842959,462.8146742547956,455.5262661835268,460.6680908203125,21983147
2023-06-20,459.4200043343786,462.06579423670945,453.2298583984375,453.2298583984375,44022728
2023-06-21,453.67913924560656,464.3431947927216,453.62923075266764,463.263916015625,32776702
2023-06-22,461.06748790521095,461.86623723927846,455.92566284816104,459.2703552246094,26326366
2023-06-23,458.17203009820906,459.0206878171531,451.73228016563525,453.92877197265625,24377511
2023-06-26,457.8724912326369,460.91764057936524,446.7900939808432,458.2718505859375,32437972
2023-06-27,463.51360064672724,464.7117093788782,448.98669223254336,451.98193359375,55047258
2023-06-28,451.9819015005754,455.57616650347444,449.4359282428253,454.4779357910156,34607059
2023-06-29,455.82583754371836,458.62141464517157,452.93044343117685,454.07861328125,28849470
2023-06-30,458.072192687515,462.6649017944825,456.5246636424958,457.6229248046875,38590046
2023-07-03,461.91609599330167,473.6973960312669,461.34202639260207,470.05316162109375,58834740
2023-07-04,469.45418085314725,472.0500323572877,467.20774980359954,469.50408935546875,34711932
2023-07-05,467.7568292540795,468.1561886494701,458.1221429203746,459.07061767578125,34390086
2023-07-06,457.5730283898915,459.1205880479928,448.6871517406746,449.2362976074219,29972317
2023-07-07,450.83367804198446,455.7758378691967,447.1894742601934,452.83050537109375,29769711
2023-07-10,453.8289794921875,459.76854829267904,453.4296200669986,453.8289794921875,21957479
2023-07-11,455.37648677158165,460.2687077229597,452.8804525648411,459.5198974609375,26070869
2023-07-12,460.96760565155034,473.09832570150326,460.24073319622363,466.00958251953125,67993693
2023-07-13,465.2607667937288,472.6989607681193,464.76155996240504,464.91131591796875,58290659
2023-07-14,462.6648472178775,466.40889814562655,453.080070749007,455.72589111328125,53684148
2023-07-17,449.33606428854836,461.7663267864673,448.38758957448744,451.6823425292969,37740332
2023-07-18,448.58724446201086,458.9208319186846,448.4754226197941,457.82257080078125,34338027
2023-07-19,458.8709172614538,471.5507522693987,458.37171043903476,468.80511474609375,86547464
2023-07-20,469.25439336806016,476.7924038823704,468.1561323110253,471.5008239746094,41939441
2023-07-21,475.6442508095343,477.09196277157076,472.1877371901946,475.0451965332031,20833037
2023-07-24,474.2464376075481,483.5816104206031,470.95168507078216,482.9326477050781,26569921
2023-07-25,484.63001378763875,484.67995275515995,478.53968399937366,480.23699951171875,21473322
2023-07-26,482.0341089382952,482.0341089382952,474.24649447976805,477.8407897949219,23917334
2023-07-27,477.8408256978625,481.1355788772931,474.7457369864513,478.9390869140625,41621236
2023-07-28,475.6942267057025,478.93907127949535,471.3011819843096,474.6458740234375,28998293
2023-07-31,479.2385542022516,483.4818122342507,473.5475841834332,482.2337951660156,27480160
2023-08-01,480.2869075349168,494.2147911083655,478.9710050778271,480.9858093261719,41593105
2023-08-02,479.7877121166897,483.3210998164653,471.09552840580386,472.8487548828125,31237504
2023-08-03,470.7021686726865,477.0920104980469,464.36223534652714,477.0920104980469,40240657
2023-08-04,480.9857580404359,486.2773380014242,477.39146293996953,485.6783142089844,25148934
2023-08-07,484.87968338112603,485.97794471725945,480.3369125211043,482.333740234375,17649617
2023-08-08,479.3883118630911,481.8344375132059,471.2512466430664,479.2385559082031,30528232
2023-08-09,484.23061105465445,493.77842890813525,484.23061105465445,491.86846923828125,26026553
2023-08-10,487.88176841289976,493.02419186387306,487.6321359106902,490.1783752441406,24406467
2023-08-11,485.08575152994456,486.58354618943105,479.9682864433657,485.68487548828125,41378261
2023-08-14,483.53807263455985,484.43674339158395,477.89638516093447,481.041748046875,19971382
2023-08-15,482.4896982073551,483.25355779573937,471.5058684345882,473.2532958984375,20487257
2023-08-16,470.7569049480146,473.80240876893015,468.2106355740589,472.25469970703125,32815381
2023-08-17,470.15777094017034,475.2502791069495,469.508732652957,473.8023986816406,17517196
2023-08-18,471.3061172449934,474.4015660587301,466.08080852254034,472.7539978027344,24016116
2023-08-21,474.40158523728695,483.58804249167736,474.1349794471665,477.59686279296875,24233966
2023-08-22,476.84798765471726,479.74374902283347,474.10203016425453,477.1974792480469,14469276
2023-08-23,475.25026719854344,477.6467326073581,466.6129601103593,470.4573059082031,25396149
2023-08-24,470.3574477799534,474.5512851083435,468.9595121613937,472.9037170410156,45301426
2023-08-25,475.8494335536956,479.2444597481003,473.35310868881896,474.9008483886719,17348826
2023-08-29,479.54393184960645,488.1312941417678,479.54393184960645,484.9859313964844,60002080
2023-08-30,488.830296044684,491.07698829986936,486.783321956823,488.4808349609375,24266637
2023-08-31,490.1783207534139,491.6761156001687,486.7833251953125,486.7833251953125,67483521
2023-09-01,493.5234529391268,501.86118454108896,492.6247820328706,500.0638122558594,51611884
2023-09-04,504.2575998621873,505.95511288249224,500.96246337890625,500.96246337890625,33755811
2023-09-05,498.0168203314728,513.5439491071069,496.4691110739151,510.7480773925781,39236536
2023-09-06,509.0504119573182,517.887436075951,507.15321168489584,515.1414794921875,31596122
2023-09-07,513.2442792284957,518.1370992646777,512.3455780968156,514.0430908203125,24270501
2023-09-08,512.6452598189612,517.2384728444283,511.7465585574701,516.5394897460938,56410630
2023-09-11,517.8375663884713,520.933045553831,514.5424300053817,516.5394897460938,27042179
2023-09-12,515.7405861616672,522.5305758813921,512.2457322380161,522.0313110351562,39010905
2023-09-13,514.2428716355752,525.2266999617719,506.1547737735605,507.452880859375,63569624
2023-09-14,511.3470499869029,525.3424948417907,509.2501619335789,523.3294067382812,42108759
2023-09-15,526.5247337981637,528.1224179921551,519.9344617160325,522.4307861328125,116246149
2023-09-18,524.5276524533053,526.6246014434554,517.287336818992,518.4366455078125,40471624
2023-09-19,521.9316757006817,525.6262491199069,519.7348973747555,524.028564453125,31257833
2023-09-20,520.4337155349157,524.0283982404875,513.244289178353,522.6304931640625,50633664
2023-09-21,518.6364188988924,528.322109508843,513.8534220005705,519.6349487304688,37642478
2023-09-22,516.2400226910988,528.3222116099502,514.8420562785578,524.92724609375,54784695
2023-09-25,525.1268750439026,528.7215581431931,521.1327556245017,526.5247802734375,73361478
2023-09-26,524.6276532182193,532.5160031523624,520.4338152942107,530.1195678710938,37341036
2023-09-27,531.3177580134173,538.0079208170941,529.819963099703,537.7083740234375,32127157
2023-09-28,541.8022380398525,548.7919465487469,536.4102137573867,540.304443359375,32567410
2023-09-29,537.2090468936966,539.5046781797896,530.518884864114,530.6187744140625,35035280
2023-10-02,530.9182414545893,535.3117354661786,517.4380908149724,518.3367309570312,36107770
2023-10-03,518.0372151865217,521.6319588057238,513.6437209124994,515.0416259765625,28338046
2023-10-04,515.0416668721972,517.6378809608923,494.72160949601005,498.7157287597656,65919171
2023-10-05,496.36916935456935,500.5629762282392,488.83025108580244,498.3162841796875,29909637
2023-10-06,499.4646646433091,508.8508395425082,495.67023276646586,504.8567199707031,32751712
2023-10-09,515.7407543701489,523.1299008825713,513.244429324795,519.53515625,41660240
2023-10-10,521.4323029149723,525.026986017869,512.4954485160123,524.3280029296875,29229090
2023-10-11,526.9243027624223,535.0123715311952,518.6365158009339,519.53515625,34467712
2023-10-12,528.2222308242467,538.0078100568599,516.9388569862718,535.311767578125,44740720
2023-10-13,540.5042810328459,549.6907692936894,540.1438497299818,546.8948974609375,57809715
2023-10-16,548.792025709345,553.0857531690668,543.3001110887457,548.1929321289062,27537172
2023-10-17,548.1927820154139,557.3792670542995,545.6964578714457,554.1839599609375,29268291
2023-10-18,557.7787199645941,561.4732924008468,552.3866956305746,557.1796264648438,41580407
2023-10-19,557.9783858484307,561.2735216792539,546.1957475420904,552.0870971679688,37415124
2023-10-20,553.3852560734276,558.5776234920302,543.3999575551248,544.5982055664062,38451397
2023-10-23,539.2062471006294,544.8978807868907,528.0226979346395,531.417724609375,50972360
2023-10-24,527.7231500717825,539.1064174221785,525.3266534889287,533.614501953125,28977543
2023-10-25,531.1180082318756,538.3263887797614,527.8228112395602,533.9138793945312,29861833
2023-10-26,534.6128820092617,538.6070012295165,527.4234552237187,533.0151977539062,38413624
2023-10-27,538.1076440047701,545.7962734282971,527.0239285029239,529.719970703125,41695925
2023-10-30,528.2223268380974,532.1166178980624,521.6320537547731,525.9257202148438,121755943
2023-10-31,504.3574698251669,508.95071356207944,493.62327316093365,501.86114501953125,76877717
2023-11-01,494.2723113034975,502.54614096213714,487.7319525046281,493.6731872558594,68277080
2023-11-02,496.06960191902135,500.7627042576795,488.3309958213204,497.8669738769531,45955885
2023-11-03,502.36037278518427,505.45582140952405,482.93895504624237,489.1298522949219,42349431
2023-11-06,486.33393491286927,492.62469104013104,483.9874142223812,490.77740478515625,22437947
2023-11-07,485.7348590200846,494.022644608155,479.29432928128233,480.3427734375,45496434
2023-11-08,478.79506811243385,481.6408843094174,476.4485168457031,476.4485168457031,41605283
2023-11-09,469.715032482532,476.1063863721152,467.29529939347674,474.7082824707031,57804997
2023-11-10,475.1576139052897,480.15086344391773,471.86208140034586,477.2048645019531,52311069
2023-11-13,477.35471738028605,485.5935801802596,474.1091047621146,484.0456848144531,88202438
2023-11-14,484.89445493365224,486.2426384166687,476.60567281438756,480.3006896972656,35677953
2023-11-15,481.54899828343537,483.0369768953217,476.7055401297808,481.4491271972656,35501660
2023-11-16,483.9457492677001,483.9457492677001,466.31958456851953,467.7676086425781,53854850
2023-11-17,470.2143561858703,478.6529303568029,464.7217812140146,477.05511474609375,31396118
2023-11-20,476.35597640812466,482.2979551807046,474.358676716686,479.80133056640625,25351952
2023-11-21,475.8566348757876,483.4463795336142,472.0118270086938,475.90655517578125,28546512
2023-11-22,476.8553745013929,479.7015330936928,459.9282448285404,465.52069091796875,47631831
2023-11-23,469.465314279632,474.6582753653417,469.16570103006416,472.8607177734375,30356397
2023-11-24,471.4126850945439,477.7041979103905,468.6164774939746,475.856689453125,28715999
2023-11-27,471.91200558127355,478.75276360065635,468.21701917816563,474.40863037109375,26852117
2023-11-28,472.81083887319426,477.7541379219941,470.3641342644942,474.3587341308594,31685115
2023-11-29,470.4639771773247,476.3560055320262,468.95701178607897,471.3128356933594,25614563
2023-11-30,475.5071565604838,489.03888135473295,472.3614153862735,478.45318603515625,108153194
2023-12-01,478.4032056724909,482.69741837812836,474.6582686784686,477.75408935546875,27229904
2023-12-04,467.2682852850917,480.65018794061126,465.071273776011,471.3128356933594,32172134
2023-12-05,466.9687263080593,474.3088095923083,464.1225678333858,471.2629089355469,24907516
2023-12-06,469.115872496848,474.40870570115067,465.2281223929724,465.3210144042969,41030519
2023-12-07,463.5233910107891,468.11718710216087,459.0794168003936,459.628662109375,55747706
2023-12-08,462.3749464272307,470.11448386742734,456.8324511606093,467.61785888671875,24167396
2023-12-11,468.5665813054692,471.11312655575966,462.97413534010917,466.61920166015625,35796728
2023-12-12,466.4694196572753,469.9646946465003,460.078065772254,460.3277282714844,38314237
2023-12-13,458.38026753400254,463.12385418059625,455.9835140604721,459.2291259765625,69403048
2023-12-14,461.37626746368267,470.51390822401913,456.43293812173516,465.27099609375,52321651
2023-12-15,469.46536542850555,471.31287400148074,456.18330230300154,457.2319030761719,96522587
2023-12-18,457.53143008933506,468.16704506874316,454.4855601880745,464.5719299316406,33098312
2023-12-19,461.57602369541183,467.3681812727709,459.0294480116243,463.0240478515625,53598202
2023-12-20,468.56654882314564,474.15896392444535,460.2278159996475,466.3695068359375,42991600
2023-12-21,465.87020692390666,469.2156903893754,460.36666064086614,465.62054443359375,33563181
2023-12-22,467.0685693336036,469.16570973762214,465.6205147914229,466.5692443847656,13038240
2023-12-27,468.266930924989,471.46262278810264,463.7230860811138,466.5692443847656,28098605
2023-12-28,465.5206290186745,467.71767091479296,463.42345820444785,464.5719299316406,20417183
2023-12-29,464.1725073241025,465.52069091796875,459.52879092423393,465.52069091796875,7867412
2024-01-02,468.1671239932655,472.0618835090048,467.6059014473146,470.3641662597656,33328827
2024-01-03,469.61511866129,472.56114807682906,464.4221269555055,471.3128356933594,45614156
2024-01-04,477.3546973348606,480.75010122062764,472.81085205078125,472.81085205078125,42735951
2024-01-05,468.56655012544223,476.3560072355995,466.6690909146813,473.21026611328125,24320784
2024-01-08,468.21699881073704,470.91333518062623,458.6299539395881,460.8269958496094,55325731
2024-01-09,464.472126482619,468.26698433608317,458.7298889160156,458.7298889160156,40706060
2024-01-10,457.18189316263886,461.6758175271853,454.38568574858226,455.833740234375,37881695
2024-01-11,456.38303019788856,459.32905976061437,452.98762644048844,453.5868225097656,58744356
2024-01-12,457.1319803627127,461.52603371822056,453.5368347167969,453.5368347167969,52003173
2024-01-15,454.9349729184875,457.7811313736814,450.59087001339884,452.388427734375,18140591
2024-01-16,450.1913562263261,458.0807147034635,447.5948909049338,451.6893310546875,59228159
2024-01-17,448.3938562569677,449.8419109677258,441.6030483527593,447.89453125,31448085
2024-01-18,446.2466725968453,448.1940214357343,442.30199366649236,443.6501770019531,41131760
2024-01-19,446.99570825082407,449.04292838694647,444.9984084199235,445.1981201171875,37796850
2024-01-22,444.29937355052186,448.09426179061774,440.45456500157934,445.44781494140625,49223741
2024-01-23,450.391108657861,452.7878623425832,447.6448214099472,450.5908508300781,73316873
2024-01-24,448.34387098205815,452.5881329262923,447.3452211128266,452.3384704589844,32364493
2024-01-25,453.43703544319186,459.97821144733535,453.43703544319186,455.0348815917969,35277281
2024-01-26,460.3775930521715,464.4221128613204,460.3775930521715,461.07666015625,62851396
2024-01-29,469.3155643235257,471.01325098210987,464.1724926108243,465.171142578125,41911027
2024-01-30,465.3708632470051,470.06453006687116,464.7217468935454,468.0672302246094,37940033
2024-01-31,470.6138221000449,471.2629385180103,461.8257141113281,461.8257141113281,47790959
2024-02-01,465.3708653563649,469.56520723467696,463.27369441720884,465.0213317871094,61323779
2024-02-02,461.5759936263895,461.5759936263895,454.1360397186235,458.0807189941406,49932383
2024-02-05,456.3829929563292,459.1292801130686,450.34117340205273,453.5368347167969,80116015
2024-02-06,474.40864657546445,484.8944710508737,473.9093216004449,478.30340576171875,82162539
2024-02-07,477.8040673278275,482.6474950679837,473.6596457708043,473.9592590332031,38147418
2024-02-08,473.95928928302186,480.00110950563055,467.66777608762266,475.6070556640625,56004480
2024-02-09,476.6056850269648,484.34522208083376,476.285104010593,477.8040771484375,36801010
2024-02-12,475.557122012711,482.1981381356575,474.05914707626994,478.802734375,34478010
2024-02-13,479.4018471680384,486.2925554978399,477.10496470902103,479.1022644042969,64524012
2024-02-14,480.10095163607525,483.6960974627908,474.1090520836749,475.856689453125,83053311
2024-02-15,468.3728312186996,470.5201789150139,461.13175447716316,468.1730651855469,47956226
2024-02-16,471.4689936513334,475.31426120798056,468.47268601966294,471.4190673828125,68994296
2024-02-19,468.9720683593612,476.1132925643574,468.17306518678265,474.2156066894531,42919187
2024-02-20,474.6650423929759,475.21435323793145,465.2766184027214,465.9757385253906,74569340
2024-02-21,465.87592470750377,470.62007860277356,464.1280785355622,469.821044921875,21160072
2024-02-22,470.37036406254134,472.9172133149976,464.8271767483469,467.6237487792969,28685711
2024-02-23,467.1244041304174,469.7711366246141,460.03313615123477,465.5263671875,38609321
2024-02-26,461.5811880595431,467.20825651668963,461.0318771815825,465.72607421875,51036423
2024-02-27,464.17796321592766,468.7223506637976,464.0780802047624,465.6761169433594,26874287
2024-02-28,464.877165628691,465.8759348916337,461.0508564421824,461.73101806640625,44063707
2024-02-29,460.43264471935953,463.3790263298537,458.43510613055537,460.1330261230469,82613316
2024-03-01,464.92709414224896,471.26928508852836,463.22917419504944,471.06951904296875,28020852
2024-03-04,474.41538292528026,478.95977071708364,468.772342887541,469.1718444824219,28926170
2024-03-05,467.9733207326102,470.8697759468063,466.22547454198366,470.3204345703125,38759663
2024-03-06,470.3203935574639,479.7587743558098,469.9708182538185,478.310546875,60267530
2024-03-07,477.41172364798564,478.31060991868287,473.86610483800547,475.464111328125,45702232
2024-03-08,476.3130622728726,479.70887171986345,471.3691726379949,471.51898193359375,28931120
2024-03-11,469.67124868648904,472.5676734702105,467.0245162199853,471.1194763183594,35867890
2024-03-12,473.41663009500365,479.8587040256458,473.41663009500365,476.8623962402344,31190073
2024-03-13,478.3106079113756,486.20087922330293,476.2131863018709,484.4031066894531,42579563
2024-03-14,484.4030655841438,489.4468378894563,483.2544870916488,489.39691162109375,35567441
2024-03-15,491.04488482012545,494.3907678297241,489.79642328520185,490.39569091796875,90759376
2024-03-18,492.74282784550434,495.83901869355736,490.54552324881655,492.69287109375,25477960
2024-03-19,494.3907195693561,498.3358698266125,491.9936797522956,497.6866455078125,41509699
2024-03-20,495.53934248398167,496.78780400917566,490.99495472428276,493.04241943359375,38050619
2024-03-21,496.78777315765973,498.88519448573504,494.34080700825166,496.0386962890625,51406366
2024-03-22,495.938865871473,502.7894330318299,495.1897889234363,498.2360534667969,30594894
2024-03-25,499.68423000596795,506.9752636208729,499.3106973879816,505.27734375,33098744
2024-03-26,504.5782540008955,504.7250457754098,497.28721994644496,499.18487548828125,76471060
2024-03-27,495.03994925160157,495.6891431373916,488.79264301153995,492.1934509277344,36217347
2024-03-28,494.84027348945295,498.13620006479056,492.6928950600442,495.0899658203125,36119907
2024-04-02,503.4795983149216,511.07025091134955,502.18117996762686,507.97406005859375,87644567
2024-04-03,510.07145071582,511.2699554868041,504.67807256632994,510.9703369140625,66997272
2024-04-04,511.36984180812306,512.1688449939411,504.7779588450617,508.2736511230469,46518238
2024-04-05,508.3735057858879,510.3710441190348,504.27854610693356,505.4770812988281,66027941
2024-04-08,504.67811605280383,513.1676551188654,503.27984512616246,509.2724609375,59384259
2024-04-09,513.3673966862375,519.6596307960262,512.7681595177004,515.9641723632812,57845460
2024-04-10,519.0603677614153,522.8556785464408,515.4647620492586,519.4598388671875,34307836
2024-04-11,522.3563543466421,530.845893566425,517.7620398587762,519.3600463867188,36072573
2024-04-12,529.3478068893309,540.3342708059018,527.4501205560853,538.4365844726562,57022457
2024-04-15,527.8494750663915,533.64232371712,521.8568604014939,526.6509399414062,45839250
2024-04-16,521.0579837318206,522.3563716989106,511.27002578291024,514.9654541015625,40501558
2024-04-17,512.6683086478953,519.4599282145291,511.36992065075196,516.1640014648438,41516392
2024-04-18,511.17017199264365,514.4660988545799,507.5746264996309,511.76947021484375,38651074
2024-04-19,510.17124545457654,515.379853147441,503.9669166604486,514.2662353515625,50577770
2024-04-22,515.4648462915392,523.1553826149215,514.2663718183218,521.8569946289062,37823225
2024-04-23,523.5549206859422,529.9470081357854,520.3588464809981,522.4562377929688,56993159
2024-04-24,528.5487310923534,530.7460357665625,524.6535063989808,524.953125,59957431
2024-04-25,522.6559747446356,528.9482092900644,519.360048169415,525.6522827148438,65563155
2024-04-26,528.6486371550784,533.3628604751573,521.6572512766926,524.1541748046875,26337593
2024-04-29,524.1540375134493,527.1503449622229,522.3562652361913,522.6558837890625,22279994
2024-04-30,525.3526046786893,528.6485308810544,519.759521484375,519.759521484375,28971121
2024-05-01,519.3600630337169,509.6719881274254,508.1738340994435,508.7731018066406,4659383
2024-05-02,507.8740375395803,519.7594130479175,502.7803095331516,515.1650390625,31294101
2024-05-03,515.6645834288508,519.3600420740785,505.47715473771774,509.7718505859375,26147916
2024-05-07,505.7767674647835,514.8655741915205,498.9851484162439,503.0801086425781,57493548
2024-05-08,497.3871099603522,499.9839162288399,490.0461495305959,499.884033203125,101765120
2024-05-09,501.48201484881514,507.5745129850339,496.8377442256379,503.47955322265625,88510542
2024-05-10,505.47717385381605,511.0702883067533,500.383444075605,505.5770568847656,45039104
2024-05-13,504.5782145193197,508.6731438754919,501.4820238880537,504.3784484863281,25990894
2024-05-14,506.9752886433389,510.1713320262325,500.68302394073277,501.6817932128906,65513117
2024-05-15,503.37965880494903,506.47584931026836,492.0436226941915,496.3383483886719,28251819
2024-05-16,491.15100678705625,499.39179528694973,485.00784915487793,488.753662109375,31637236
2024-05-17,490.4517509810287,492.54941222449116,486.55611180517104,490.75140380859375,66722822
2024-05-20,491.65042848733395,496.5449511184682,490.60158261269635,490.70147705078125,74139583
2024-05-21,488.2542471416006,493.6482424785053,485.00787573644766,490.25201416015625,74516350
2024-05-22,481.21210238929126,493.19870379805405,476.5673004400964,481.16217041015625,48069299
2024-05-23,479.31423290754645,485.9568017994715,476.16775611489817,482.0111999511719,35339546
2024-05-24,478.76481250048795,484.9079699393817,476.16773998721914,482.460693359375,30736913
2024-05-28,487.70484209941884,490.25198269117567,479.5639481180648,486.45623779296875,96467106
2024-05-29,488.65378848314646,494.84684748862185,486.905742472298,488.55389404296875,33714893
2024-05-30,484.4585005589701,491.50061708503335,481.51178202196184,484.7082214355469,59508416
2024-05-31,484.70819404328626,488.30418055947354,481.5117548103412,487.6049499511719,49747460
2024-06-03,491.0511013238454,493.79803076215836,479.91355715247715,480.6627197265625,51535949
2024-06-04,471.772646633981,472.47187725037475,460.3853812705248,462.3831481933594,59374020
2024-06-05,463.3820172996235,466.02905229367576,459.5862724572282,459.88592529296875,37366840
2024-06-06,462.43311513104237,465.08015023271014,457.0890824640502,462.63287353515625,24191464
2024-06-07,462.8326482665974,466.6783556093412,459.8359979450053,462.1833801269531,28556083
2024-06-10,463.0823747533174,470.6738950902906,459.38649378504647,470.32427978515625,31405955
2024-06-11,470.474091856899,473.270953245662,465.3797803069709,467.8270568847656,36666931
2024-06-12,470.02457504633884,474.020108674984,463.1322856336265,464.3808898925781,24703041
2024-06-13,463.8814702641178,465.03018014031744,457.276853349404,459.48638916015625,34613400
2024-06-14,459.7860420031635,462.8326548300886,457.7882750937715,459.48638916015625,24629988
2024-06-17,459.43642004551754,461.6339451781249,456.9891435859191,460.1356201171875,21606961
2024-06-18,461.43421264168967,467.4774451992618,461.034634882922,466.3287353515625,32364208
2024-06-19,465.4796693775297,468.62614602447564,464.89932445649237,465.82928466796875,22876709
2024-06-20,466.0290685289329,472.3719846301066,463.03241813311894,469.97467041015625,49565069
2024-06-21,467.8770179379328,472.82150337849833,464.03131042677126,470.47412109375,86474396
2024-06-24,466.0790172048675,474.56952640850966,462.8825780171539,473.6205749511719,41705397
2024-06-25,475.16888870024366,480.31313258044037,472.4219591009293,473.3708801269531,32854319
2024-06-26,474.020130984663,477.96573282205014,470.02459716796875,470.02459716796875,26737597
2024-06-27,471.47300014006584,476.617243938961,467.17781339151367,472.2720947265625,20914870
2024-06-28,475.7681504275247,479.0644839320897,473.72045165436475,474.6694030761719,34507960
2024-07-01,478.76479275431194,481.66157894864165,471.77260908096747,477.9656982421875,20833173
2024-07-02,482.3108730238192,489.7015983956805,475.06896811500366,484.1588134765625,28157656
2024-07-03,484.45843548802674,486.9556439183774,481.1621325533644,482.1110534667969,40487574
2024-07-04,482.9601378363827,489.7525329589844,479.2143249782929,489.7525329589844,20860189
2024-07-05,488.85350183616123,492.6992088023781,481.46177119664725,481.66156005859375,68684950
2024-07-08,479.16443621292586,479.41415709265254,474.12005615234375,474.12005615234375,33327293
2024-07-09,459.4863775712025,463.2481637874605,450.74614756305465,453.7427978515625,94514575
2024-07-10,450.9958876614809,457.98807196631003,447.8993428012128,454.1423645019531,59103197
2024-07-11,452.2944156803473,456.88928566445804,447.7994401383158,451.2955322265625,27230410
2024-07-12,454.4920081629643,459.5863202852284,448.54863893973834,452.9936828613281,24153584
2024-07-15,446.9503890216629,455.74055073839435,443.8038819283933,448.898193359375,22978638
2024-07-16,447.79946306279413,451.5952386715981,442.50539268011363,446.10137939453125,23748366
2024-07-17,446.3011429444243,453.956587677499,445.36219000030616,452.194580078125,21130713
2024-07-18,457.4886043772978,462.38312701738494,449.44760507454765,458.48748779296875,24358024
2024-07-19,457.2887788259831,466.77817051380345,449.4475690286371,456.7893371582031,23647860
2024-07-22,457.4886377680704,459.0368949819621,424.15590063163097,457.2888488769531,32925599
2024-07-23,455.64067903631195,457.23889865096254,449.6973408065382,450.1468200683594,64027598
2024-07-24,449.54750842591915,520.7579523885931,417.53330434146494,452.5441589355469,24766718
2024-07-25,448.24898607281364,453.4431926452215,444.3533463852609,452.9936828613281,18153449
2024-07-26,456.83934709226264,459.48638210989066,404.28807349562055,453.9925231933594,19286977
2024-07-29,461.5340846654842,464.38090858719914,452.49420166015625,452.49420166015625,30170740
2024-07-30,467.4275405864395,467.4275405864395,450.09690596613723,451.1457214355469,28709940
2024-07-31,458.4375714436261,462.8925830940082,455.19120023202737,458.3376770019531,55453062
2024-08-01,458.48750013026614,463.88146462333333,432.44660146695725,453.3931884765625,20946819
2024-08-02,449.8970981226153,456.689523847645,443.8538654658239,444.3033447265625,38462239
2024-08-05,432.9660449641824,520.7579262942085,424.1558855912992,430.5187683105469,80556024
2024-08-06,433.9149667038974,435.21353348534586,425.62424622178105,430.2191162109375,64260354
2024-08-07,429.86943014258316,438.4098700825455,417.533215408805,436.76171875,53311556
2024-08-08,429.779103482452,445.24393830115383,427.43139663054893,430.82806396484375,20697887
2024-08-09,432.0269066630162,434.4744913104846,430.27861884865877,433.32562255859375,34523577
2024-08-12,435.5734681179131,440.918240395345,434.5744464020463,439.1699523925781,16891334
2024-08-13,440.5185655382775,440.81825980878256,435.12382476744017,436.5724182128906,36515280
2024-08-14,439.86917713931945,441.0180763142648,389.3886193375527,436.5724182128906,17216347
2024-08-15,438.4705771945556,444.7644316109976,432.5064169815316,443.0161437988281,24187011
2024-08-16,441.5676257082153,446.16313198281415,437.1719359842306,440.818359375,22988743
2024-08-19,438.92015260815697,443.3727926775152,424.21455321717616,441.61749267578125,20318176
2024-08-20,435.57342013762553,439.4196594175774,428.97987144166797,429.429443359375,32364821
2024-08-21,428.5303492526678,436.6923390655689,417.59104998267435,429.9789123535156,24742499
2024-08-22,426.48234741772677,445.24397327485593,424.0847014926976,425.7830505371094,41043486
2024-08-23,428.33052466279605,430.42847618726,427.4623868158905,428.8799743652344,33227687
2024-08-27,432.8760415794068,437.1718526974026,431.67723396728553,431.7271728515625,30872762
2024-08-28,431.4275324234205,433.0759121506708,427.5313538441771,431.1278076171875,16085937
2024-08-29,429.3795069896752,435.92311730338855,427.9309438425274,434.3246765136719,26449293
2024-08-30,435.4735296183634,437.7712976979807,427.2316010346143,428.9798889160156,53814676
2024-09-02,428.6301719878066,430.92793978194186,427.3813950848148,429.8290100097656,12103622
2024-09-03,428.73012200811513,429.62923536832494,415.3432384013231,415.9426574707031,43111786
2024-09-04,413.0954657081166,418.68999322758475,410.64785039093607,413.44512939453125,36693626
2024-09-05,411.147333061078,414.8936641137098,410.19328083427126,411.2972106933594,46140205
2024-09-06,408.8496152919766,411.7467720150718,404.5468221632461,405.3031005859375,31827157
2024-09-09,406.6517387814706,408.6497820242003,404.4539095071002,406.25213623046875,33085523
2024-09-10,404.4539422430559,407.30116019193974,395.36283865527014,397.0611877441406,37034637
2024-09-11,398.9592814182831,404.20414480987915,397.11108536370057,397.8603515625,36821119
2024-09-12,403.95442879508033,406.55189130171004,398.5097483578704,402.6057434082031,31903145
2024-09-13,402.6056663938054,406.0523027801046,402.0062473934425,403.80450439453125,24362540
2024-09-16,402.20614020973545,409.59889464977215,401.7066293626016,405.7526550292969,25543399
2024-09-17,408.300143581641,411.34714729242285,406.6517335374699,410.0484313964844,29084397
2024-09-18,410.59790534962315,412.04649896261196,408.99946458405105,409.94854736328125,46564123
2024-09-19,414.54404136110503,419.78890496665167,414.23233490240483,417.0415954589844,37958785
2024-09-20,411.1473658974099,414.8737277909466,406.3520739621527,409.1493225097656,92290197
2024-09-23,411.5469844955781,413.4950584374056,408.4400112834133,411.34716796875,20031081
2024-09-24,412.3961502166142,416.3293104011646,409.7487487792969,409.7487487792969,75926000
2024-09-25,407.2012133508232,409.399042594887,398.2909332912911,399.8583984375,71570657
2024-09-26,382.62528230846294,386.67130769392116,379.32852314162443,383.4744567871094,116231175
2024-09-27,384.82313768731814,390.217848302282,384.0738714772476,387.7702331542969,94870761
2024-09-30,392.6155189632033,395.06313426633244,388.4695851022304,391.3168029785156,35750230
2024-10-01,390.6174201489684,402.35592318413563,387.0209365257566,400.6076354980469,47005085
2024-10-02,406.1023012099927,413.1953610310079,405.45294323426145,406.20220947265625,49730594
2024-10-03,409.5989057545557,410.7477746365665,404.853552578131,408.5998840332031,63566854
2024-10-04,411.99651077687906,417.740885102844,411.1473363007141,416.4421691894531,32703997
2024-10-07,419.28942673115887,425.5832513518361,416.6919641699645,421.68707275390625,30854016
2024-10-08,418.4402307195266,418.6899861359179,405.50288795536864,406.0523681640625,41006876
2024-10-09,401.90641584023297,407.75069885551704,401.90641584023297,406.0024108886719,25396232
2024-10-10,406.60181955625205,413.14539929751083,405.8965165989102,410.44805908203125,25972269
2024-10-11,407.6008448475791,411.6468704506096,403.70466639878634,409.0494384765625,29864221
2024-10-14,405.45293428685716,409.6488068366422,404.753606951366,408.00042724609375,29113517
2024-10-15,391.91618078952285,396.21199217375346,387.62039989301354,392.1159973144531,58233839
2024-10-16,393.11500600473556,398.9413008025644,393.11500600473556,395.0631103515625,84889024
2024-10-17,395.2629528639419,401.3190344744874,394.96325853132174,399.60870361328125,33733273
2024-10-18,401.15714994283064,405.90250300012144,397.21103253519084,399.2090759277344,30968082
2024-10-21,400.95734270488055,407.95049420918195,400.95734270488055,404.45391845703125,27816924
2024-10-22,403.8045694165408,407.45099239830944,401.95637323770086,406.0523681640625,27637025
2024-10-23,404.55382898383306,407.10132199385953,401.90639722363466,402.3060302734375,24362222
2024-10-24,404.05432265882064,410.3980858108481,401.4068908691406,401.4068908691406,58531657
2024-10-25,401.5567497476054,406.5518578151824,400.75751416416097,404.50384521484375,24028000
2024-10-28,398.30993114190056,399.70855530903054,392.36574032194784,398.70953369140625,35303917
2024-10-29,394.6134949736322,397.3108652356273,377.2804657424369,378.87890625,62007775
2024-10-30,375.58218644512084,380.1277225751762,370.736925539457,373.68402099609375,106193039
2024-10-31,372.7849184049723,377.9798431216018,371.6360496179449,376.281494140625,44848773
2024-11-01,378.0797419757407,385.6722818512086,377.8299865722656,377.8299865722656,74742153
2024-11-04,379.8779634206083,385.7222458784693,379.67814690550955,381.6262512207031,27542215
2024-11-05,380.4274247792988,385.87210486175684,380.4274247792988,384.7232360839844,25926595
2024-11-06,384.82314077665956,393.0650691536013,382.2496418115715,386.1218566894531,47116382
2024-11-07,384.9357842161646,387.6835412741645,380.96002564627094,381.1888427734375,76438610
2024-11-08,381.48858107905147,382.33789389389244,372.0463070581121,372.9955139160156,36605259
2024-11-11,374.44434291236206,377.1421529102731,372.0962535427264,372.6957702636719,22710044
2024-11-12,372.9954717662004,374.5442256635869,366.001181951727,367.0003662109375,40772606
2024-11-13,367.4500570601622,370.147867092893,364.90214907911775,369.7481689453125,43776178
2024-11-14,373.14541665617384,381.23878569118114,372.096254767893,378.940673828125,34226590
2024-11-15,377.04226592153765,385.68520549006985,376.9922884024145,382.3879089355469,31313356
2024-11-18,381.93822100339366,388.9325115122851,380.78916508975595,386.7842712402344,38396152
2024-11-19,386.93417594165624,389.1823409406717,380.4894240807363,382.48779296875,29990253
2024-11-20,381.2887775650211,383.7867385940206,380.4894117401283,381.2388000488281,28987219
2024-11-21,383.5369248009199,389.7468519734643,382.68761199169603,388.2830505371094,31243080
2024-11-22,392.82928380865474,394.5778562551448,388.3829321689043,392.3796691894531,36507407
2024-11-25,392.12994593179695,397.17581516002474,387.53369140625,387.53369140625,55878231
2024-11-26,386.5344889073803,388.39198147767206,383.0872905510949,383.13726806640625,36191208
2024-11-27,383.287161188928,385.0357339767491,381.18886774500476,383.8367004394531,45565981
2024-11-28,381.488572843525,385.1356201171875,381.2387767558871,385.1356201171875,15369425
2024-11-29,383.4370133322903,385.4853291543192,382.3379043942334,384.3362731933594,20089503
2024-12-02,383.53693053529935,393.7785704349393,376.4926623574955,380.2895812988281,21721770
2024-12-03,382.73756725511555,390.28142767281145,381.87029423460973,387.28387451171875,38341720
2024-12-04,388.0332671337564,390.88094876712177,383.88665797982543,384.0365295410156,26302667
2024-12-05,382.38789256624165,383.84169249133765,377.94150966719906,378.8907470703125,23462098
2024-12-06,380.4894254166734,383.93662395767626,374.844039386751,377.4419250488281,49269965
2024-12-09,378.5909592495027,397.1757950009132,378.3331740678454,393.5287780761719,41255190
2024-12-10,391.9800269302409,396.37646267325744,391.3995071377902,395.17742919921875,27056028
2024-12-11,392.87935526949684,396.22659893051355,391.68032167952396,393.7286376953125,32162289
2024-12-12,397.2756743839431,399.4738614963504,395.3772303573736,396.7261047363281,23371766
2024-12-13,398.27487703373384,398.57462013339955,392.2797710989341,395.6270446777344,54185785
2024-12-16,394.02840615569016,395.77697899732834,383.6368936524928,384.78594970703125,55594578
2024-12-17,379.0405593065075,382.8374473392752,377.691654442106,379.7899475097656,44072222
2024-12-18,380.48942513088974,387.2339201465509,380.48942513088974,383.0873107910156,53111191
2024-12-19,380.38949277427184,385.0596611367733,378.1413279954468,378.7408142089844,53166712
2024-12-20,376.6924984964628,379.69005153489616,373.4451493714933,378.7408142089844,89845670
2024-12-23,378.74081727099286,380.6892389588015,377.2920182529821,380.3894958496094,15893791
2024-12-24,382.3878553547331,383.38703968490734,380.93902587890625,380.93902587890625,13684120
2024-12-27,382.58768172766906,386.7842681970603,381.5385503566645,385.1356201171875,15838283
2024-12-30,383.5868886473415,387.23390564289724,382.9873719031994,386.4345703125,16079192
2024-12-31,386.4845183260938,392.6794738769531,386.4845183260938,392.6794738769531,8893052
2025-01-02,394.67785049058625,403.7204573996874,393.22902086765913,402.8211975097656,26179116
2025-01-03,403.6205717605492,411.01453061007345,402.7712588774366,407.6173095703125,28423669
2025-01-06,409.16600354226506,415.3609588943145,406.4042503542158,413.7122802734375,30143079
2025-01-07,414.2118566929014,421.6557922363281,411.5640242856892,421.6557922363281,42143206
2025-01-08,424.50348098291136,425.8024084524241,416.51000611160384,420.0570983886719,37979014
2025-01-09,418.6582606757012,425.8524005025258,417.7090233052563,422.3552551269531,23103305
2025-01-10,422.5051309912397,434.34547226768564,421.4559690722679,424.7532958984375,40095354
2025-01-13,431.6976099868254,433.54610723462866,425.6525565335995,430.84832763671875,46834170
2025-01-14,418.8581256247228,424.2037379358148,416.3601645475064,419.9072570800781,104427143
2025-01-15,425.1029820480157,426.1021663701474,420.35685651789004,422.65496826171875,48695344
2025-01-16,427.8007925894912,432.49697144272363,426.55181209583236,428.45025634765625,35060269
2025-01-17,434.1455888079818,438.74184279723636,433.37122705536547,433.94573974609375,40947844
2025-01-20,432.29715474763054,434.8950404675716,428.6001905050941,429.3495788574219,41151712
2025-01-21,429.34954317297047,431.1980098942624,424.7532888954962,426.5018615722656,36304387
2025-01-22,424.10382405557937,429.14969299853374,423.10463967141516,425.90234375,27891024
2025-01-23,422.20538538485147,426.9515116149169,422.00556678656807,423.4044189453125,25528694
2025-01-24,423.70415528580367,425.4027810537341,418.3585428540306,419.5075988769531,46315438
2025-01-27,419.10791587629706,422.1054691270723,415.91051354506146,416.6099548339844,39404680
2025-01-28,420.6066745340655,423.0047109337078,415.91049577805524,418.0087890625,36882689
2025-01-29,416.2602128397415,418.75817375393495,411.8138302154023,416.06036376953125,51549072
2025-01-30,416.95966306982797,422.7049737163286,414.96129414930607,421.15625,28815750
2025-01-31,423.15457987587837,425.6525407960429,419.157842403615,422.1553955078125,52394739
2025-02-03,416.6599173409598,426.6517618815104,409.86547525046126,419.657470703125,47210612
2025-02-04,414.21189701999884,422.2103733335962,411.0644721354616,421.8556823730469,46640495
2025-02-05,422.1554184374108,426.90154444351185,421.0563094743023,423.604248046875,50277715
2025-02-06,424.10380886122584,435.69432290812784,424.00388432785195,428.65008544921875,36040516
2025-02-07,428.7500278429723,435.1448018403667,428.10056408801677,432.8966369628906,79059373
2025-02-10,461.0236580119308,468.567518232194,454.6288842008301,464.7705993652344,104471976
2025-02-11,468.3177683176246,469.4668243473961,455.628113486175,461.8730163574219,50335807
2025-02-12,459.6248125,471.86482109375,453.67965327167514,468.36767578125,24815171
2025-02-13,464.6207459011945,468.6174835003446,460.5240837635281,463.5216369628906,43959044
2025-02-14,462.7722858153473,469.46683402845076,459.9246039487976,467.4184875488281,49636369
2025-02-17,465.3201646273488,465.61990773568346,462.122762505909,462.37255859375,11120120
2025-02-18,462.072835181326,466.4192629008778,460.0744663934171,462.0228576660156,23265012
2025-02-19,466.6190828469601,469.3668397587998,461.22349355497573,462.9220886230469,31834480
2025-02-20,452.2911249439817,453.8400549331053,447.84414968991535,451.6915283203125,62815077
2025-02-21,450.09265615187127,451.6915704652584,445.4957889371661,447.19464111328125,86698966
2025-02-24,448.0940098580962,450.04269139470335,444.3965530021727,446.1953125,29505331
2025-02-25,444.4965019450322,449.0933694766253,436.6018981933594,436.6018981933594,59017141
2025-02-26,436.5519090782389,442.69770635148785,424.80992702489806,430.60595703125,69134691
2025-02-28,436.2521022992586,439.54986879990696,431.4054361564829,437.05157470703125,68589964
2025-03-03,437.601191698842,440.7990203692364,432.4547119140625,432.4547119140625,101741803
2025-03-04,416.565555153216,419.71339955049405,405.8228907599593,407.7215881347656,117915456
2025-03-05,412.7681753727037,415.91605061346934,405.3732302844787,407.9215087890625,44752858
2025-03-06,412.96802401631163,413.2178534319295,406.2226297946296,408.82086181640625,65366412
2025-03-07,410.7195671958742,415.56626405167293,409.62031164660715,413.16790771484375,43666529
2025-03-10,415.1165525652124,422.13477078395937,413.867405482086,418.16448974609375,46811623
2025-03-11,419.06387199442776,421.861949278273,410.1199666282977,411.4190979003906,39596852
2025-03-12,413.8673891721851,416.6654968261719,407.6216540026883,416.6654968261719,40079176
2025-03-13,413.21787275429955,420.21309671870125,412.3184929153706,417.5649108886719,30381819
2025-03-14,418.81403667326924,428.8072132558013,417.0152465903606,428.707275390625,51564755
2025-03-17,428.95712674303,432.9044438937068,427.60804173604197,431.55535888671875,42880741
2025-03-18,433.70382612926545,441.0668094645245,433.5908966563619,437.501220703125,33049836
2025-03-19,435.3526864085447,443.0973974539623,435.3526864085447,442.0481262207031,39490699
2025-03-20,444.0468075441627,448.1939697265625,441.9012693602305,448.1939697265625,53475526
2025-03-21,446.69500956217445,449.7109557324192,443.3472891853439,449.6929626464844,129841217
2025-03-24,447.29458483975856,448.6936234460301,440.116472275749,440.49920654296875,28081446
2025-03-25,441.2486824410541,449.19326971027084,439.3999692434313,441.59844970703125,82148900
2025-03-26,444.4964962080371,449.7928982618363,442.54784501105195,446.69500732421875,30169898
2025-03-27,442.39791232246836,446.3451985319588,440.84895174930523,445.6956481933594,55300657
2025-03-28,439.3499818127453,442.4478725078596,433.65388972503825,435.20281982421875,40556610
2025-03-31,433.9536854646128,438.1008475740775,431.6052829096676,435.80242919921875,43785191
2025-04-01,435.55262083910173,437.35138048055444,430.05637354973925,432.7045593261719,25402881
2025-04-02,432.85442756000833,438.7044368996817,432.25483087957565,432.8044738769531,34314699
2025-04-03,421.911884126843,424.46013169464345,397.0288525977252,400.1767272949219,57403350
2025-04-04,399.77699959868437,399.97687532034405,364.8508672597694,370.4470520019531,69140272
2025-04-07,347.6126281018808,367.94874705950775,342.26627292185316,348.7118835449219,77746410
2025-04-08,358.5551841889121,364.3512452379363,352.05961903696254,354.00830078125,52382300
2025-04-09,341.96649668565306,344.4148065202518,328.9753678185275,332.7228088378906,109096037
2025-04-10,365.25059840270495,368.9980395627874,341.3669128417969,341.3669128417969,46714392
2025-04-11,338.3690110423344,340.5175381994133,329.57499615981885,331.4737243652344,80521952
2025-04-14,339.71804654385556,350.0110061167528,337.7693649320841,340.9671936035156,60724929
2025-04-15,342.16635931386105,350.8604351197327,341.76663835081337,346.5133972167969,37146060
2025-04-16,340.1677443196678,355.6571689127782,339.2483890994216,354.00830078125,42450199
2025-04-17,352.8590956718412,360.55382387536787,351.11028964875464,359.15478515625,57541666
2025-04-22,356.7064731978428,360.0541631703692,355.4073418607108,358.7051086425781,61004040
2025-04-23,366.59971791616715,379.49091062405824,356.60654054621165,357.50592041015625,107716696
2025-04-24,361.05344009588856,365.2006325725121,359.75433940230374,361.9528503417969,43690936
2025-04-25,365.0007969571685,366.9994323956746,360.10414623218,364.20135498046875,49611980
2025-04-28,365.7502613383762,367.64895878149224,361.60309917391766,361.75299072265625,23412809
2025-04-29,349.76115589384096,355.40729416820534,344.7625551668307,352.958984375,46069812
2025-04-30,348.46205983853275,352.35939238499617,344.36485157307,350.0609436035156,63167054
2025-05-01,343.5653879477829,349.76116943359375,337.4195906413719,349.76116943359375,28353933
2025-05-02,353.808384609106,357.8056550150691,344.3498471706062,350.0609436035156,77010895
2025-05-06,358.8049865059231,362.8022570666208,350.860429564589,354.90765380859375,68516653
2025-05-07,354.3580368062008,354.9076493026171,349.6112780756381,350.610595703125,41413782
2025-05-08,353.5585939815234,356.35670187060214,349.6612610076613,355.2574462890625,46424062
2025-05-09,362.00282900335634,372.94536978062786,360.00419364654005,372.04595947265625,71754912
2025-05-12,373.84473682582876,386.0863779683023,373.84473682582876,380.3403015136719,53156865
2025-05-13,378.6414515142646,383.93785335771753,375.8933279765569,382.48883056640625,59136448
2025-05-14,384.48746190108653,385.2369501309132,378.6414476090876,380.7400207519531,19978916
2025-05-15,369.4050189885339,370.35449950324175,361.15937137942143,368.05572509765625,147397335
2025-05-16,371.5039067528592,373.8526425136301,367.15619567192783,372.6033020019531,63199859
2025-05-19,365.8069261793562,370.85424998205883,364.65753893236723,365.30718994140625,31004504
2025-05-20,365.45708815570725,367.9058078113161,362.70853897150374,365.507080078125,42706803
2025-05-21,365.3071844233901,366.10675019144065,360.85951977222646,362.05889892578125,39693317
2025-05-22,357.86109592452596,361.30928805259015,353.26354708907814,356.61175537109375,33567788
2025-05-23,358.060960509467,360.3097732412083,351.0146928172677,356.0120544433594,68761148
2025-05-27,356.3618927828982,363.8579362196565,356.1620165921386,359.86004638671875,25792649
2025-05-28,359.8600428451973,361.92996468252795,357.0615321902736,358.0610046386719,20800349
2025-05-29,360.90949731430186,363.75799981437564,356.3618794979798,357.8111267089844,100124387
2025-05-30,359.81007929226024,362.10885370936944,356.96157673090084,359.5602111816406,70816140
2025-06-02,360.10990614660835,365.45708977440194,359.56020850792413,362.908447265625,57424797
2025-06-03,362.8084563425325,365.45705192077116,358.2608694346968,365.2071838378906,43808164
2025-06-04,364.9573642078658,364.9573642078658,357.71118884230594,358.36083984375,39426523
2025-06-05,355.8621515187571,361.2093351949509,355.36241529671054,357.711181640625,31743541
2025-06-06,357.86110756188026,361.25933837890625,357.3114099010857,361.25933837890625,43475081
2025-06-09,360.6596173087223,363.5081197148068,358.9605020485381,362.0089111328125,57331584
2025-06-10,364.7074846509512,373.9026432338704,364.63952735784767,373.602783203125,40145605
2025-06-11,372.1535525720068,377.8505269255822,370.15460778096764,373.40289306640625,80967448
2025-06-12,377.6506431376838,382.04831548906117,376.3513107488038,380.4991455078125,31667426
2025-06-13,390.04411557358554,395.4792349320985,383.6474981257173,386.14617919921875,55383616
2025-06-16,392.19300338894004,394.24194031738404,378.85003939699953,382.4981384277344,49134940
2025-06-17,384.347130909244,391.1925169652062,382.7979607621041,388.8447570800781,28624075
2025-06-18,390.29397113202924,392.2929159265595,384.24717532916605,386.29608154296875,33191048
2025-06-19,389.9941570972245,394.3918297194947,389.54438230000716,392.7427062988281,20510885
2025-06-20,387.7953172534974,391.24350946575026,383.74746596213885,384.4970703125,86764409
2025-06-23,390.7937157007966,393.15346251691506,385.79635360743606,386.1961364746094,27073210
2025-06-24,364.30769783592683,371.1540900272405,361.80901678081074,367.7558898925781,129366562
2025-06-25,366.2067086212283,394.19193791217447,362.05890395161606,364.207763671875,53717578
2025-06-26,366.90632449152014,370.5543926547169,362.00891582712745,368.9552307128906,34892096
2025-06-27,368.60539743569757,371.4538997872493,367.206142219586,370.2045593261719,25884475
2025-06-30,369.5049698006028,370.6043650731018,364.3576623817302,365.507080078125,31200259
2025-07-01,364.10779676906566,368.95524419108193,362.8084948009483,368.05572509765625,23390766
2025-07-02,371.05416486120413,383.6974858598825,370.4544752621425,379.1998596191406,41820614
2025-07-03,383.5475328904961,383.5475328904961,377.9504813590951,378.5501708984375,22330639
2025-07-04,375.8515724563381,379.7465194535363,375.8515724563381,379.0498962402344,13796592
2025-07-07,377.55069790643256,378.800038402483,370.65434446852976,371.5538635253906,21738133
2025-07-08,371.50391977870146,384.3971082109794,371.3539745108609,383.4975891113281,33963249
2025-07-09,384.7969164308863,388.74484504680834,383.7474824957579,384.29718017578125,31344969
2025-07-10,385.24664467317785,390.5937975549861,381.6984993901212,388.5448913574219,24807720
2025-07-11,392.2429794034355,403.28713789361075,389.7942596741219,401.837890625,45905506
2025-07-14,402.03777139860705,403.1371971347967,395.7910689219351,396.9904479980469,34437153
2025-07-15,396.1908631136965,399.58906325792054,395.5412121378339,397.5901184082031,60586915
2025-07-16,396.89053302019073,401.98784883413936,395.0914642321313,395.7911071777344,40480091
2025-07-17,396.5906304992206,398.13983099815266,393.9420347770499,397.0404052734375,18616386
2025-07-18,401.538056008113,405.8857672574698,399.43915776689124,399.68902587890625,33574405
2025-07-21,401.88788210127916,403.2371760220209,397.4152367443198,400.7384948730469,75777242
2025-07-22,398.53959041804154,404.736331046448,398.4896290022781,402.4875183105469,50772910
2025-07-23,404.13667167213623,408.1345612783867,403.38706737096425,404.3365478515625,28920350
2025-07-24,404.7863673624342,407.5848781954588,397.0904168193957,397.5401916503906,26851726
2025-07-25,397.5901184082031,400.38865949869415,393.09249249633893,397.5901184082031,51000737
2025-07-28,401.08827584210997,407.18506379403897,400.5385782036195,406.385498046875,19955995
2025-07-29,407.13508940655174,409.7337237542911,404.08668027693324,405.43597412109375,21342212
2025-07-30,409.733722179681,411.4827988779696,403.5869425245138,405.0861511230469,21332138
2025-07-31,403.33708938196474,407.98466061094774,401.58801261881405,404.5364685058594,22493257
2025-08-01,404.78634940429106,406.6853409925586,396.94048443282566,398.48968505859375,16472706
2025-08-04,402.83736749716513,408.53437278615087,400.838422553869,405.8357849121094,72572085
2025-08-05,411.1329790869212,419.12875831116577,407.7347790169127,417.2297668457031,50131497
2025-08-06,419.77838005308433,433.4211713045146,418.1792182192538,430.1229248046875,42527695
2025-08-07,424.8257477175678,430.47279139539455,423.27657763872577,425.525390625,46680063
2025-08-08,423.52644324271466,425.6253414511158,420.4780645243908,422.97674560546875,45055968
2025-08-11,422.676891242751,426.2749981480478,419.32865244891264,423.2765808105469,14438974
2025-08-12,422.72689861589714,425.3754945938624,419.7284811688091,423.8262939453125,24965275
2025-08-13,421.0277669653404,421.87732464289553,416.53014096808454,418.1293029785156,26121859
2025-08-14,414.34266365655213,415.79212546643356,409.3445615617807,413.892822265625,34587274
2025-08-15,418.1411914821623,422.9393875951912,416.2419188671269,421.2400207519531,31568974
2025-08-18,421.5399479717922,422.6895053662888,415.39225791610306,419.2908020019531,35449902
2025-08-19,418.7909935940053,421.83982371943745,416.7417533979325,420.34039306640625,14057912
2025-08-20,417.8913138370228,421.0401426360878,413.99280021198393,418.7409973144531,25269959
2025-08-21,420.5403465688433,421.8898098070099,417.6914221102769,419.3407897949219,11443606
2025-08-22,421.3400041151344,427.0878214903705,420.29041488379323,423.2892761230469,17464270
2025-08-26,429.0370686322639,429.7367845772727,422.8394102279444,424.18890380859375,36811362
2025-08-27,426.3880948470523,432.3358487841691,425.58841068175724,428.88714599609375,22284850
2025-08-28,429.58688096914324,431.8360269428037,425.9382724908486,428.9371337890625,20812352
2025-08-29,434.6349615631496,437.3339489936227,429.39696014169306,431.9360046386719,25391010
2025-09-01,432.5857500251688,433.53540165569837,430.2366358649076,430.8863830566406,10711713
2025-09-02,432.33581989737604,435.7345231317868,430.2366109712421,434.0351867675781,25817829
2025-09-03,437.93369372217364,439.68302938375024,426.3380912356673,427.1877746582031,28435122
2025-09-04,424.838672884942,427.4376920437898,422.73946392948824,426.7379455566406,17266479
2025-09-05,423.93902269875275,426.63797950671824,413.9428185818569,415.4922180175781,23606597
2025-09-08,420.1904655955903,422.8894225284266,413.79290076598386,417.3915100097656,16152813
2025-09-09,418.04127374381903,426.38807988390846,417.44149538789793,422.7394714355469,18521788
2025-09-10,419.7906267958141,425.6883814425639,418.94094329872405,423.58917236328125,19543015
2025-09-11,426.98787351570206,430.53654445336235,422.48958144435466,424.7887268066406,15131375
2025-09-12,420.1404757392574,425.9382928295827,418.8909501386696,420.390380859375,25498496
2025-09-15,420.9401703666833,423.43922144876285,416.54184656342215,418.89093017578125,104013174
2025-09-16,420.79023960249566,421.639892578125,415.5922010727891,421.639892578125,22498521
2025-09-17,421.63988636606877,421.9148063898933,416.201948770984,418.89093017578125,17359648
2025-09-18,419.5906907333906,426.088223764402,418.14122885484363,425.4384765625,22085919
2025-09-19,426.6880081899354,427.3377554010418,420.3484046087302,420.390380859375,56987459
2025-09-22,420.99013268800167,425.13855131902454,419.3907339189583,424.3388671875,16640447
2025-09-23,425.638385555443,434.4350640287658,424.23892299327684,431.6361083984375,24821995
2025-09-24,430.83637795513505,439.2331829324125,427.4376748102838,438.18359375,25832606
2025-09-25,436.4842387785354,440.53271967634413,435.5346177081804,439.98291015625,15982764
2025-09-26,439.9829266914904,445.98064927869046,439.23321136809034,445.3309020996094,21759064
2025-09-29,437.0340778943983,443.381643419026,432.43581767109674,434.43505859375,21452484
2025-09-30,429.936733682122,432.38578532173295,423.53916931943337,425.58837890625,30090159
2025-10-01,426.038246992908,431.0363492311824,426.038246992908,427.587646484375,33344723
2025-10-02,426.33808102579513,428.78716309574935,422.339599609375,422.339599609375,21743652
2025-10-03,420.5903109660191,426.9379070247565,420.5903109660191,423.58917236328125,19667945
2025-10-06,427.5876406801866,434.28510979095915,426.4980580677525,432.6357116699219,25329234
2025-10-07,434.28511209761575,436.6841950509651,428.687231535804,431.4361877441406,27008645
2025-10-08,434.83489372469637,436.1343881012457,430.13666542918094,432.0859375,24008022
2025-10-09,432.63569679197076,437.2339567318342,430.5864871749633,432.435791015625,16298538
2025-10-10,429.8367872022704,432.13590200118693,419.8405828487292,420.34039306640625,21816120
2025-10-13,423.789085235301,425.4384528114328,420.8401928219185,421.8398132324219,23009060
2025-10-14,415.5422084139664,417.99126006639244,410.3441701824612,416.19195556640625,37492258
2025-10-15,415.9920315697765,419.5407023634174,413.69291680679333,415.74212646484375,27199747
2025-10-16,416.9916689832608,419.6906564289241,412.8932189941406,412.8932189941406,20595890
2025-10-17,403.8966386445731,411.5937284648941,399.1984407398281,410.89398193359375,29561888
2025-10-20,409.9943155364436,416.6917846569744,408.6948211726366,410.2942199707031,27937503
2025-10-21,412.4433876289038,416.1499879219689,411.193862115308,413.6429138183594,34307966
2025-10-22,417.7913487550188,422.38957808426454,417.5914124772286,421.2400207519531,51539011
2025-10-23,434.2850981516845,438.1336123149749,430.6364592602629,436.7841491699219,34979207
2025-10-24,435.7345332009082,437.78377335715277,433.58535540786625,434.784912109375,45733512
2025-10-27,435.48462992558603,435.9844401356478,431.08630617824167,435.8345031738281,17203212
2025-10-28,432.3358436509296,437.03407195774236,430.7364448333341,433.535400390625,21589356
2025-10-29,433.6852963205753,441.9341471236571,433.33542309577007,441.3823547363281,23179189
2025-10-30,442.83185792525853,448.0798652708739,438.98331310394155,447.6800231933594,33507216
2025-10-31,443.6815405889611,446.0306547357752,439.2032300134602,442.1321105957031,22344887
2025-11-03,448.8295929518445,451.17870716760234,442.83187010616285,447.2301940917969,23160235
2025-11-04,449.52932460764714,456.67660466099017,441.12949890931475,452.9779968261719,53948718
2025-11-05,450.92879800465323,462.274496387174,447.28018940745375,461.1249084472656,49135185
2025-11-06,459.2756247561065,460.27524519914425,453.37783973738755,458.5259094238281,22057131
2025-11-07,459.5255298668659,462.3744237247276,455.4770487689659,458.5259094238281,18278453
2025-11-10,464.32368916924133,464.82349938363234,459.7154536354337,463.97381591796875,18582406
2025-11-11,466.9726847935772,476.06923694452996,466.9696952060646,475.9692687988281,61361094
2025-11-12,475.1195472134058,475.1195472134058,467.57242566114405,467.6723937988281,18659885
2025-11-13,464.53554913284864,464.53554913284864,458.7369898952243,459.9366760253906,21663321
2025-11-14,458.43707746268785,464.31664132390847,454.8379883110394,460.6865234375,19434034
2025-11-17,461.23639392934336,465.38536584723636,458.88696653895056,463.48583984375,56747827
2025-11-18,457.6872574366705,460.7365246994672,454.3381067610683,458.43707275390625,22735461
2025-11-19,462.68600132083526,463.2358841632566,451.08888277968765,455.48779296875,30402217
2025-11-20,459.08692424200916,462.8859762055459,456.1876140218726,458.13714599609375,22955844
2025-11-21,452.8884223910096,453.888176082822,448.48951224904744,453.23834228515625,24952732
2025-11-24,454.8379859720207,454.93793694011407,449.9391681329045,453.7382507324219,45344747
2025-11-25,454.1881185627446,456.6375274658203,448.3395835057158,449.3893127441406,50397396
2025-11-26,449.98916566128133,454.28809455057956,449.88918418500543,452.5885314941406,19997907
2025-11-27,450.78895659116984,451.78871033411326,445.99015082906664,446.8899230957031,33507623
2025-11-28,448.18956363121447,454.6879625670366,448.1395881511172,454.088134765625,21303329
2025-12-01,453.1883634497299,461.38635641784253,452.4385481359414,457.43731689453125,19943597
2025-12-02,460.7364988670241,461.6862465762345,455.93766279973715,457.83721923828125,18393841
2025-12-03,456.8874659044989,463.8857421875,455.78773067230037,463.8857421875,20162063
2025-12-04,464.8854675292969,466.0851841656551,459.73674210921047,464.8854675292969,36118113
2025-12-05,449.88916023861196,457.33733742880906,449.33930791345597,452.73846435546875,26597588
2025-12-08,447.78967823822154,454.8379601624739,446.19006620867094,450.2890625,100912735
2025-12-09,450.1890842185245,450.8889240208078,445.09036469640535,446.0901184082031,41328236
2025-12-10,444.6404692106037,446.8399396097121,442.141084898009,443.1408386230469,37599908
2025-12-11,443.89066360218305,445.9121688513639,441.3413037517363,441.9411315917969,27542814
2025-12-12,441.4912424957232,443.98263312353157,435.54269574336837,439.1418151855469,18527794
2025-12-15,441.79117098699913,443.3408075878727,437.1773172465628,437.34228515625,25242861
2025-12-16,434.2430224160956,435.9925913778767,418.2969388175513,422.39593505859375,84961396
2025-12-17,426.0450487736933,433.993103184129,425.09530102990834,425.4451904296875,46016356
2025-12-18,429.644163507002,431.69364644012506,418.08701288174314,420.3464660644531,45041243
2025-12-19,419.14676467704413,424.7453918457031,417.14725715324187,424.7453918457031,88936638
2025-12-22,426.29498556836194,428.5944374598635,423.5456628031332,427.544677734375,33370321
2025-12-23,424.1954902545141,428.19450512567636,423.495680958098,427.39471435546875,35920233
2025-12-24,430.3939966188086,433.74317783969013,425.7451477050781,425.7451477050781,31464892
2025-12-29,425.69510161035936,427.8445964146056,423.3956803672886,426.9447937011719,18729341
2025-12-30,427.44468505976766,431.39372440492673,426.9448082064595,430.8438720703125,14472720
2025-12-31,430.44394406374875,432.6933898925781,429.1262755191594,432.6933898925781,5408801
2026-01-02,431.8936039713133,441.54122119875274,431.8936039713133,437.7921447753906,47347821
2026-01-05,443.89066762995407,444.09063058516404,428.4944658907476,435.142822265625,40882598
2026-01-06,444.24060531007524,445.3403405875779,431.69367686549435,431.7436828613281,39042836
2026-01-07,421.3462149512198,422.2459871917687,414.19795148837727,418.0970153808594,49873816
2026-01-08,416.89731159699556,418.29696073775466,413.19821053707375,415.5476379394531,50522706
2026-01-09,421.5461691620995,427.810617470434,420.89633531647394,425.4952087402344,31223132
2026-01-12,425.8950757606377,429.2942322351188,421.6960980209448,426.49493408203125,36238818
2026-01-13,428.0445738775476,437.0923638729823,426.7948816552553,436.79241943359375,28684632
2026-01-14,432.39348659923945,443.3907775878906,429.24426846359273,443.3907775878906,36852121
2026-01-15,438.89187996158927,440.14157210271,431.293745641563,437.7921447753906,45477937
2026-01-16,436.34251914907,443.19080765790335,433.4932149721501,440.1415710449219,27938000
2026-01-19,437.59222412109375,439.79166404264924,435.3427782065098,437.59222412109375,12322378
2026-01-20,434.0930738113211,439.491737752329,432.3934802974566,437.5422058105469,99113779
2026-01-21,437.54223375517705,446.68997469919026,436.79241842353554,445.09039306640625,24872347
2026-01-22,448.4395195572432,448.94440006819093,434.8428933534254,436.6924133300781,29761515
2026-01-23,439.64170748001567,449.139368016821,438.34203982110955,443.5407409667969,29881332
2026-01-26,446.5399924882175,450.28906893445804,443.89065123488655,444.7404479980469,62015631
2026-01-27,446.24008173538135,452.48353887310685,443.81166382543336,451.93865966796875,34470918
2026-01-28,453.8881697522846,459.63675340002834,453.8881697522846,455.9376525878906,24321801
2026-01-29,459.8867304106862,468.6845513101696,459.6367919702456,462.53607177734375,36933512
2026-01-30,457.43732988987506,464.3856308657346,455.08793291464434,463.685791015625,33750425
2026-02-02,452.8884404622443,462.88597777929164,449.7891977919471,461.73626708984375,34353545
2026-02-03,460.3865791149078,466.41310955496607,455.837711981315,466.3851013183594,39485696
2026-02-04,471.1339553521604,481.23147434341826,470.68405396000037,477.6323547363281,37881461
2026-02-05,476.73258874587066,480.2317269219291,467.8847618272528,468.9844970703125,33106078
2026-02-06,470.88399949389526,480.33168429923074,467.9337375103317,477.9322509765625,30209011
2026-02-09,474.6330993375452,479.0820157902322,473.0834932077672,477.5323791503906,47365254
2026-02-10,467.88474831047245,469.38437891403163,440.9413729291669,448.2395935058594,88084535
2026-02-11,449.8891781020707,472.8335383893013,449.589264187361,472.6335754394531,55908986
2026-02-12,467.8847443026747,471.98374068597127,456.1376380087507,457.88720703125,49295015
2026-02-13,455.63776746902965,460.886474609375,451.83871545718574,460.886474609375,35504292
2026-02-16,458.6370085441356,467.1349149694765,458.03715022386393,465.6352844238281,11664763
2026-02-17,465.98521125741183,473.1834196776541,456.53752647514517,460.33660888671875,27672681
2026-02-18,462.1361544673054,472.13369161100053,461.48632065497765,469.3843688964844,47326712
2026-02-19,472.94623860337293,484.0449830751112,467.59684058400126,478.945556640625,50995586
2026-02-20,476.79579284643233,477.9946616580403,466.8969244839888,467.5468444824219,31063360
2026-02-23,468.84669097285274,478.99553105326424,467.14690253141697,474.0461120605469,26986508
2026-02-24,477.84567400198455,478.24562243367177,470.2465317434888,471.1464538574219,40245866
2026-02-25,473.49617652362537,474.49606288985757,466.2470003684417,470.1965637207031,89104997
2026-02-26,469.3466264306547,475.09597269624373,458.79783809682607,474.2460632324219,60962652
2026-02-27,469.6466250483276,482.44717189714726,467.0469144673474,477.595703125,50408190
2026-03-02,496.5935432250251,497.4244424242324,482.79512397849066,487.7945556640625,86658590
2026-03-03,493.14395920187235,497.24346881873646,485.5448168517443,492.9439697265625,106061852
2026-03-04,490.04431292100384,490.6442508420077,478.3456302608143,481.1953125,42277455
2026-03-05,491.39416082695914,493.4938977588491,478.79558666506995,491.89410400390625,39889177
2026-03-06,492.59400256982246,504.74261557868755,490.6442425023385,498.8432922363281,69075210
2026-03-09,509.9420166015625,514.9414481368719,498.0933577600575,509.9420166015625,75018721
2026-03-10,498.74327984663944,504.4426440264169,492.593985135264,499.4931945800781,142385718
2026-03-11,502.2429067306438,513.9415893554688,496.4435780447281,513.9415893554688,88833012
2026-03-12,514.9414341623634,530.3397072845241,509.8420080319146,529.1398315429688,71791645
2026-03-13,532.9394177796568,539.4386789720917,527.9399860931685,534.2392578125,52099209
2026-03-16,538.9387463674592,545.9379508657379,533.13740377184,540.2385864257812,49136340
2026-03-17,539.838644523581,553.347057341592,538.838758211093,551.8372802734375,56725527
2026-03-18,549.9374878311291,559.7363617722946,546.1379319390306,555.73681640625,68924237
2026-03-19,559.9363526408641,583.5336459480128,558.9364662968626,583.1337280273438,94347792
2026-03-20,572.9348801651803,572.9348801651803,561.2361976315563,562.236083984375,128817197
2026-03-23,561.0361999329244,565.6357137054134,531.5395529570659,538.5387573242188,88626635
2026-03-24,541.1385100510756,558.5364960921452,540.5385416183503,557.4366455078125,64297418
2026-03-25,549.9374805284474,567.0355123299537,548.8376299786778,565.3357543945312,53132142
2026-03-26,569.9352049665516,583.03369140625,569.8592248350815,583.03369140625,64924269
2026-03-27,580.633992498424,584.0335693359375,573.6347883275106,584.0335693359375,94712590
2026-03-30,584.9335117276721,601.9315795898438,584.5335327784509,601.9315795898438,68877881
2026-03-31,594.4324324297116,609.3307633897003,594.3324682064443,606.2310791015625,58582069
2026-04-01,593.5324837606425,600.8317025792655,571.6350103894235,575.9345092773438,88508663
2026-04-02,594.7323788888812,604.9312316950027,587.4332208608497,591.1328125,79116151
2026-04-07,590.03288479496,600.431726789275,590.03288479496,597.4320678710938,42446666
2026-04-08,539.3387081931065,568.3354116222366,536.1390597470072,562.6360473632812,107998580
2026-04-09,575.7345429873808,585.7334063981663,570.6351470591678,580.4340209960938,35147288
2026-04-10,570.9351057308411,579.334175480376,566.7355708560735,574.0347290039062,30578931
2026-04-13,587.5331635490655,588.9330287757783,575.1346100865052,579.1341552734375,23437511
2026-04-14,571.9350070064604,580.6340306823078,561.7361537667849,565.0357666015625,39219034
2026-04-15,562.5360149335336,568.2353791197413,561.1362107131324,562.0360717773438,40575265
2026-04-16,562.935981645976,583.93359375,561.3361879921939,583.93359375,31218921
2026-04-17,586.2333127640311,587.0332095810313,531.6395463799153,540.9384765625,70382255
2026-04-20,559.6364005224918,561.936126914541,552.3372423963276,556.8367309570312,27550370
2026-04-21,554.1370318354767,564.0358701632133,553.9370423582233,563.3359985351562,46158503
2026-04-22,564.9357776682566,576.3345062661248,561.3362112837817,572.3349609375,39914676
2026-04-23,577.9343054936458,578.6342381384687,569.135317892466,570.2351684570312,31346202
2026-04-24,576.9344064192163,580.434008537877,566.7355537534758,571.7349853515625,22417593
2026-04-27,572.2349356873533,580.4340158166779,569.6352556350346,572.3349609375,22372886
2026-04-28,580.9339540120967,591.9327035717062,570.235158143924,578.7341918945312,52666962
2026-04-29,577.234337868004,581.333908237405,573.5347464223254,575.8345336914062,50848078
2026-04-30,584.8335541869415,585.8334405432,574.2347221936683,583.733642578125,61313121
2026-05-01,583.8336580466839,585.7334054748069,562.2360764965027,571.8350219726562,65451640
2026-05-05,577.9343229286472,580.534003084166,565.7356969864469,572.534912109375,39310734
2026-05-06,568.0353823128105,569.6352370088788,538.1388185758406,551.2373046875,64284553
2026-05-07,545.9379376362646,547.4377671352653,531.3396215906116,537.4389038085938,32657041
2026-05-08,541.0384986540985,542.8383429701479,533.1394328274599,535.5391235351562,32078266
2026-05-11,539.8386427927659,547.437754332024,536.5389691495608,538.938720703125,42037420
2026-05-12,544.4381049219619,553.2370923918247,542.3383680470488,546.537841796875,39547144
2026-05-13,544.8381048875083,552.0372378954123,542.0383742419673,544.0381469726562,47554640
2026-05-14,539.4000244140625,543.0,536.2999877929688,540.7000122070312,13451290
2026-05-15,547.2000122070312,552.2000122070312,544.7000122070312,552.2000122070312,81382738
2026-05-18,558.7999877929688,567.0999755859375,552.4000244140625,567.0999755859375,30147616
2026-05-19,570.0,573.2000122070312,564.7999877929688,569.0,46654816
2026-05-20,570.2000122070312,575.7000122070312,560.0,563.7000122070312,43388713
2026-05-21,562.0999755859375,570.7000122070312,558.4000244140625,565.2000122070312,19246016
2026-05-22,559.0,561.4000244140625,549.135009765625,551.2000122070312,26367014
2026-05-26,543.0999755859375,549.2999877929688,500.0,529.0,83591125
2026-05-27,531.5,533.1090087890625,510.20001220703125,514.5999755859375,85092480
2026-05-28,521.0,521.5,509.8599853515625,515.0,36689621
2026-05-29,512.4000244140625,521.7999877929688,510.6000061035156,521.7999877929688,112817061
2026-06-01,523.7000122070312,541.0,520.5,535.9000244140625,64591987
2026-06-02,531.4000244140625,538.041015625,524.2000122070312,536.5999755859375,35766841
2026-06-03,542.0,548.2050170898438,490.0,545.5,22157882
2026-06-04,542.0999755859375,544.7000122070312,536.2000122070312,544.7000122070312,23813738
2026-06-05,546.7000122070312,548.0,540.2999877929688,546.0,28505406
2026-06-08,550.0,557.4000244140625,544.2999877929688,546.2999877929688,29529860
2026-06-09,542.9000244140625,543.9000244140625,528.0,529.2999877929688,39080065
2026-06-10,529.2999877929688,533.0999755859375,526.9000244140625,532.5999755859375,2304004
