Price,Open,High,Low,Close,Volume
Ticker,,,,,,
,,,,,,
1986-07-09,7.120013293894854,7.369838321750814,7.036738284609534,7.328200817108154,1116800
1986-07-10,7.36984226499285,7.411479791913714,7.120017103467669,7.286567211151123,595600
1986-07-11,7.244928376914481,7.286565896322036,7.036740779876708,7.036740779876709,800400
1986-07-14,7.078379799680013,7.078379799680013,6.745279573812718,6.828554630279541,738000
1986-07-15,6.786920097638976,6.786920097638976,6.203994445081028,6.620369911193848,2059200
1986-07-16,6.620368136299981,6.99510595533583,6.620368136299981,6.745280742645264,1160400
1986-07-17,6.7452801546436145,6.82855521828119,6.662005091006039,6.786917686462402,1046000
1986-07-18,6.78691710204613,6.891010922629659,6.662004517345894,6.828554630279541,1420000
1986-07-21,6.828554630279542,6.870192158512953,6.78691710204613,6.828554630279541,322800
1986-07-22,6.82855521828119,6.849373984190584,6.786917686462402,6.786917686462402,390800
1986-07-23,6.828555930475271,6.828555930475271,6.662005785829532,6.703643321990967,1004000
1986-07-24,6.703645004416412,6.745282551027694,6.537094817971284,6.620369911193848,1071600
1986-07-25,6.620368249668098,6.745280858152402,6.578730713506663,6.703643321990967,688400
1986-07-28,6.703643207196836,6.828555813542119,6.641186904024195,6.745280742645264,414800
1986-07-29,6.662005091006039,6.786917686462402,6.662005091006039,6.786917686462402,278400
1986-07-30,6.703643207196836,6.745280742645264,6.578730600851554,6.745280742645264,459200
1986-07-31,6.745280858152402,6.828555930475271,6.662005785829532,6.703643321990967,1213600
1986-08-01,6.662003932855068,6.745278982015757,6.495453834533691,6.495453834533691,1118000
1986-08-04,6.537091359114036,6.537091359114036,6.349722498502487,6.495453834533691,892400
1986-08-05,6.495455124798943,6.495455124798943,6.328904993393842,6.370542526245117,868800
1986-08-06,6.370542849579903,6.412180384544477,6.079080104827881,6.079080104827881,550400
1986-08-07,5.995803434457351,6.03744095830775,5.412878100551776,5.579428195953369,7560000
1986-08-08,5.621065388263111,5.954165559419444,5.57942786686857,5.912528038024902,2802000
1986-08-11,5.995805034898732,6.079080104827881,5.912529964969583,6.079080104827881,1428000
1986-08-12,6.079078731536866,6.287266359329224,6.079078731536866,6.245628833770752,1155200
1986-08-13,6.2872663128760555,6.724460328009821,6.245628787625221,6.4538164138793945,865600
1986-08-14,6.495454750562969,6.537092281015296,6.245629567849009,6.328904628753662,762000
1986-08-15,6.328903884887695,6.328903884887695,6.120716257095337,6.245628833770752,654400
1986-08-18,6.2872663128760555,6.578728989631899,6.162353737123551,6.4538164138793945,606800
1986-08-19,6.495455124798943,6.495455124798943,6.328904993393842,6.370542526245117,2744000
1986-08-20,6.370542159205988,6.370542159205988,6.245629567849009,6.328904628753662,500000
1986-08-21,6.328904739278832,6.370542270458297,6.287267208099365,6.287267208099365,353200
1986-08-22,6.328903884887695,6.370541410446167,6.245628833770752,6.245628833770752,286000
1986-08-25,6.328901162018647,6.328901162018647,6.07907611614949,6.162351131439209,766400
1986-08-26,6.120716257095337,6.245628833770752,6.120716257095337,6.245628833770752,408800
1986-08-27,6.245629419416389,6.245629419416389,6.120716831028061,6.203991889953613,686400
1986-08-28,6.203991627206608,6.203991627206608,6.079079044108488,6.120716571807861,286000
1986-08-29,6.079080104827881,6.16235517475703,6.037442569863306,6.079080104827881,1128800
1986-09-02,6.120716857910156,6.120716857910156,5.787616620744977,5.829254150390625,916800
1986-09-03,5.829256164444077,5.954168796539307,5.787618620412333,5.954168796539307,684400
1986-09-04,5.995804242639734,6.203991889953613,5.912529183714182,6.203991889953613,576800
1986-09-05,6.203988999128342,6.28726401925087,5.9958014488220215,5.9958014488220215,961600
1986-09-08,6.079079328264509,6.079079328264509,5.74597909109933,5.829254150390625,1793200
1986-09-09,5.787616360014763,5.829253887784653,5.662703776705092,5.745978832244873,388000
1986-09-10,5.745979533475988,5.745979533475988,5.6627044677734375,5.6627044677734375,802400
1986-09-11,5.704343089907189,5.704343089907189,5.163055059478039,5.287967681884766,6240000
1986-09-12,5.246327806691654,5.287965328966985,5.038140195315001,5.079777717590332,2066800
1986-09-15,5.079777717590332,5.1630527621409925,4.9548651507643395,5.079777717590332,1746800
1986-09-16,5.03814099015308,5.07977851899732,4.8715908747761185,4.9548659324646,1547200
1986-09-17,4.996504056251656,4.996504056251656,4.705041319636976,4.913228988647461,997600
1986-09-18,4.913228498186384,5.829254150390625,4.913228498186384,5.829254150390625,833200
1986-09-19,5.82925497180354,5.82925497180354,5.454517152187598,5.704342365264893,928000
1986-09-22,5.704342000624713,5.787617066327264,5.579429402070887,5.6627044677734375,464000
1986-09-23,5.704341476613825,5.704341476613825,5.371241244402799,5.496153831481934,436400
1986-09-24,5.4961543363683365,5.704342000624713,5.412879270665786,5.6627044677734375,649600
1986-09-25,5.662703836770882,5.662703836770882,5.5377912521362305,5.5377912521362305,305600
1986-09-26,5.5377912521362305,5.621066308559332,5.49615372392468,5.5377912521362305,278400
1986-09-29,5.57942888953469,5.57942888953469,5.371241244402799,5.496153831481934,724800
1986-09-30,5.454517152187598,5.82925497180354,5.454517152187598,5.704342365264893,773200
1986-10-01,5.787617436290658,5.82925497180354,5.704342365264893,5.704342365264893,668400
1986-10-02,5.704342365264893,5.745979900777775,5.704342365264893,5.704342365264893,592000
1986-10-03,5.745978291354962,5.745978291354962,5.4961531482525725,5.579428195953369,228000
1986-10-06,5.662701698585793,5.662701698585793,5.537789161116988,5.621064186096191,467600
1986-10-07,5.57942667360659,5.662701698585793,5.57942667360659,5.621064186096191,176000
1986-10-08,5.662703776705092,5.745978832244873,5.621066248935201,5.745978832244873,558800
1986-10-09,5.745976723564995,5.745976723564995,5.57942667360659,5.621064186096191,243200
1986-10-10,5.621066308559332,5.621066308559332,5.49615372392468,5.5377912521362305,238400
1986-10-13,5.579428236613903,5.579428236613903,5.371240615844727,5.371240615844727,362800
1986-10-14,5.371241737814511,5.745979533475988,5.371241737814511,5.6627044677734375,612000
1986-10-15,5.704341561453683,5.870891680036272,5.662704031808035,5.829254150390625,606800
1986-10-16,5.829254740433727,5.870892274293968,5.787617206573486,5.787617206573486,269200
1986-10-17,5.8292545991785385,5.8292545991785385,5.621066934922163,5.6627044677734375,216000
1986-10-20,5.621066308559332,5.662703836770882,5.371241139290028,5.5377912521362305,595200
1986-10-21,5.537792438769158,5.537792438769158,5.454517364501953,5.454517364501953,327200
1986-10-22,5.537791360508312,5.537791360508312,5.454516302455556,5.496153831481934,396000
1986-10-23,5.537789870208164,5.537789870208164,5.49615235238705,5.516971111297607,1358400
1986-10-24,5.5377912521362305,5.579428780347781,5.49615372392468,5.5377912521362305,809600
1986-10-27,5.579428780347781,5.579428780347781,5.49615372392468,5.5377912521362305,305200
1986-10-28,5.4961543363683365,5.6627044677734375,5.4961543363683365,5.6627044677734375,329200
1986-10-29,5.662702909657653,5.995803080813985,5.662702909657653,5.912528038024902,835600
1986-10-30,5.912528209028573,6.120715822022537,5.870890686429781,6.037440776824951,973200
1986-10-31,6.0374389588832855,6.0374389588832855,5.912526428699493,5.9958014488220215,632400
1986-11-03,5.912526428699493,6.0374389588832855,5.912526428699493,5.9958014488220215,408800
1986-11-04,5.954168796539307,6.037443884602793,5.954168796539307,5.954168796539307,283200
1986-11-05,5.995803080813985,5.995803080813985,5.912528038024902,5.912528038024902,231200
1986-11-06,5.91253102079351,5.9541685631934635,5.704343308793738,5.870893478393555,434000
1986-11-07,5.870894496551188,5.954169595793048,5.829256946930257,5.850075721740723,517200
1986-11-10,5.870891680036272,5.870891680036272,5.74597909109933,5.829254150390625,503200
1986-11-11,5.87089370847582,5.954168796539307,5.787618620412333,5.954168796539307,142000
1986-11-12,5.954167309538412,6.016623609988116,5.912529775905276,5.9749860763549805,669600
1986-11-13,5.954165910606953,5.995803434457351,5.579428195953369,5.579428195953369,578800
1986-11-14,5.537790672102971,5.6210657198037675,5.454515624402174,5.579428195953369,806000
1986-11-17,5.579428195953369,5.6210657198037675,5.4961531482525725,5.579428195953369,734400
1986-11-18,5.621066418561069,5.621066418561069,5.454516302455556,5.496153831481934,605600
1986-11-19,5.5377912521362305,5.579428780347781,5.454516195713129,5.5377912521362305,495600
1986-11-20,5.537791869219612,5.6627044677734375,5.537791869219612,5.6627044677734375,828400
1986-11-21,5.7043435323488465,5.99580634057105,5.662705988317103,5.954168796539307,666800
1986-11-24,5.870892430005008,6.16235517475703,5.870892430005008,6.079080104827881,715600
1986-11-25,5.9958014488220215,6.07907646894455,5.9541639387607574,5.9958014488220215,424000
1986-11-26,5.9541657316273655,6.037440776824951,5.9541657316273655,6.037440776824951,171600
1986-11-28,6.0374389588832855,6.0374389588832855,5.912526428699493,5.9958014488220215,236000
1986-12-01,5.995803080813985,6.037440602208527,5.87089051663036,5.912528038024902,596000
1986-12-02,5.954168796539307,5.9749875685551785,5.891712480491692,5.954168796539307,845600
1986-12-03,5.912528209028573,6.037440776824951,5.912528209028573,6.037440776824951,1016800
1986-12-04,5.99580634057105,6.120718972666281,5.87089370847582,5.954168796539307,643200
1986-12-05,5.912530042829305,5.9541675783421875,5.66270482975201,5.704342365264893,636400
1986-12-08,5.6627044677734375,5.745979533475988,5.537791869219612,5.6627044677734375,712000
1986-12-09,5.621064186096191,5.704339211075394,5.621064186096191,5.621064186096191,302400
1986-12-10,5.662703243654166,5.662703243654166,5.537790672102971,5.579428195953369,341200
1986-12-11,5.6210657607677375,5.6210657607677375,5.287965567537057,5.371240615844727,1172000
1986-12-12,5.454515664152397,5.454515664152397,5.371240615844727,5.371240615844727,332000
1986-12-15,5.371241082315859,5.745978832244873,5.329603554545969,5.745978832244873,768400
1986-12-16,5.704342138853005,5.787617206573486,5.704342138853005,5.787617206573486,770000
1986-12-17,5.787617066327264,5.8292545991785385,5.6627044677734375,5.6627044677734375,345200
1986-12-18,5.662701698585793,5.745976723564995,5.537789161116988,5.621064186096191,349200
1986-12-19,5.6210657198037675,5.662703243654166,5.579428195953369,5.579428195953369,883600
1986-12-22,5.621066934922163,5.745979533475988,5.579429402070887,5.6627044677734375,371600
1986-12-23,5.704340767504564,5.745978291354962,5.537790672102971,5.579428195953369,282800
1986-12-24,5.579428780347781,5.579428780347781,5.5377912521362305,5.5377912521362305,189200
1986-12-26,5.537790672102971,5.579428195953369,5.4961531482525725,5.579428195953369,180000
1986-12-29,5.537790672102971,5.579428195953369,5.412878100551776,5.579428195953369,462000
1986-12-30,5.537792438769158,5.579429975902761,5.41287982736835,5.454517364501953,485200
1986-12-31,5.516973670202357,5.579429975902761,5.454517364501953,5.454517364501953,378400
1987-01-02,5.454516142941593,5.579428726367737,5.412878615132879,5.558609962463379,363600
1987-01-05,5.579429685252987,6.120717639792455,5.579429685252987,6.079080104827881,1222000
1987-01-06,6.079078123603068,6.079078123603068,5.87089051663036,5.912528038024902,1120000
1987-01-07,5.995803680419922,6.245628833770752,5.995803680419922,6.245628833770752,976800
1987-01-08,6.245628787625221,6.49545393913023,6.2039912623743865,6.4538164138793945,1178800
1987-01-09,6.453816309953347,6.57872888369438,6.412178785373003,6.495453834533691,659600
1987-01-12,6.45381733281723,6.495454863996695,6.287267208099365,6.287267208099365,1713600
1987-01-13,6.287267208099365,6.287267208099365,6.120717083381502,6.287267208099365,1000000
1987-01-14,6.287266359329224,6.328903884887695,6.162353782653809,6.245628833770752,1237600
1987-01-15,6.2039908672201225,6.245628389818915,5.9541657316273655,6.037440776824951,2141600
1987-01-16,6.037440602208527,6.037440602208527,5.87089051663036,5.912528038024902,722400
1987-01-19,5.912529964969583,6.120717639792455,5.912529964969583,6.079080104827881,1030000
1987-01-20,6.120716831028061,6.245629419416389,6.079079301565286,6.203991889953613,895200
1987-01-21,6.120717639792455,6.16235517475703,5.995805034898732,6.079080104827881,923200
1987-01-22,6.120716257095337,6.245628833770752,6.079078731536866,6.245628833770752,372800
1987-01-23,6.2456296769199,6.578729926355628,6.162354614560967,6.287267208099365,1741600
1987-01-26,6.328901162018647,6.328901162018647,6.120713623794349,6.162351131439209,456800
1987-01-27,6.162353737123551,6.4538164138793945,6.162353737123551,6.4538164138793945,666400
1987-01-28,6.45381972474872,6.6203699111938485,6.370544631526156,6.620369911193848,937200
1987-01-29,6.662004040133569,6.7036415653844035,6.41217888862856,6.4538164138793945,712000
1987-01-30,6.4954529299230055,6.4954529299230055,6.287265336015217,6.474634170532227,445200
1987-02-02,6.49545393913023,6.5370914643810645,6.41217888862856,6.4538164138793945,483600
1987-02-03,6.45381733281723,6.45381733281723,6.287267208099365,6.287267208099365,739200
1987-02-04,6.328903736212315,6.537091359114036,6.28726621163197,6.495453834533691,1103600
1987-02-05,6.4954549637308885,6.786917686462402,6.453817431912101,6.786917686462402,904000
1987-02-06,6.745280842872182,6.828555915006406,6.537093162536621,6.537093162536621,1008800
1987-02-09,6.578730190501494,6.578730190501494,6.328904993393842,6.370542526245117,663200
1987-02-10,6.453817591947668,6.453817591947668,6.328904993393842,6.370542526245117,423600
1987-02-11,6.4121805543352846,6.6203682346708455,6.4121805543352846,6.537093162536621,394000
1987-02-12,6.578730600851554,7.078381026232685,6.537093065403126,6.745280742645264,1348800
1987-02-13,6.745279573812718,6.870192158512953,6.57872946087907,6.828554630279541,1257600
1987-02-17,6.87019070224649,7.078378299284263,6.828553182838936,7.036740779876709,1275200
1987-02-18,7.078380584716797,7.286568248973174,6.995105519014246,7.078380584716797,1346000
1987-02-19,7.078381077996616,7.244931221008301,7.078381077996616,7.244931221008301,432800
1987-02-20,7.161658160259268,7.286570802589372,7.161658160259268,7.203295707702637,350000
1987-02-23,7.203291089472201,7.244928610220596,7.120016047975413,7.140834808349609,479200
1987-02-24,7.1200169463490335,7.161654472351075,7.078379420346993,7.161654472351074,934800
1987-02-25,7.161652709004546,7.328202772004651,7.1200151932545195,7.307384014129639,831600
1987-02-26,7.328209946275423,7.536397728840066,7.328209946275423,7.453122615814209,720000
1987-02-27,7.39065890258315,7.453115174999345,7.286565115222824,7.369840145111084,314000
1987-03-02,7.369843828267065,7.369843828267065,7.161656149502458,7.244931221008301,560400
1987-03-03,7.203295707702636,7.244933255146004,7.1200206128159005,7.203295707702637,411200
1987-03-04,7.12001914440746,7.411481916400748,7.12001914440746,7.390663146972656,508000
1987-03-05,7.41148505930128,7.536397728840066,7.369847502788351,7.453122615814209,684400
1987-03-06,7.453122615814208,7.619672841865922,7.41148505930128,7.453122615814209,741200
1987-03-09,7.453116998243868,7.494754523373722,7.349023185419233,7.411479473114014,481600
1987-03-10,7.411483981874254,7.536396633254157,7.411483981874254,7.4947590827941895,206000
1987-03-11,7.494756354660284,7.661306495874958,7.494756354660284,7.619668960571289,837600
1987-03-12,7.619665240193461,7.619665240193461,7.494752695272257,7.578027725219727,597600
1987-03-13,7.578034715554149,8.410785783197461,7.578034715554149,8.077685356140137,3545200
1987-03-16,8.119318962097168,8.160956495236128,8.077681428958208,8.119318962097168,504000
1987-03-17,8.160957105232008,8.410782322739111,8.119319568980824,8.244232177734375,1909600
1987-03-18,8.244232177734375,8.369144786487928,8.244232177734375,8.244232177734375,1048000
1987-03-19,8.244232177734375,8.285869713985559,8.160957105232008,8.244232177734375,594800
1987-03-20,8.285867586135865,8.41078016281128,8.16095500946045,8.327505111694336,1144000
1987-03-23,8.327508092525617,8.369145632988245,8.285870552062988,8.285870552062988,636800
1987-03-24,8.285870552062988,8.327508092525617,8.244233011600361,8.285870552062988,490400
1987-03-25,8.327508092525617,8.327508092525617,8.244233011600361,8.285870552062988,939600
1987-03-26,8.327503765330595,8.618966397117166,8.285866246503941,8.494053840637207,2110800
1987-03-27,8.577328878290512,8.618966397117166,8.494053840637207,8.494053840637207,810400
1987-03-30,8.494057614752586,8.494057614752586,7.619669330880996,7.82785701751709,1305600
1987-03-31,7.78621856123209,8.07768128812313,7.744581028819084,7.994406223297119,876400
1987-04-01,7.8278558429918785,7.952768436231111,7.8278558429918785,7.911130905151367,830000
1987-04-02,7.994405967310855,8.119318560550088,7.869493374071623,7.911130905151367,566400
1987-04-03,7.952767164596004,8.036042213439941,7.869492115752067,8.036042213439941,264800
1987-04-06,8.036041906901769,8.160954475402832,8.036041906901769,8.160954475402832,297600
1987-04-07,8.160956091629831,8.24423115378932,7.911130905151367,7.911130905151367,304000
1987-04-08,7.9111311584711075,8.036043755710125,7.9111311584711075,7.994406223297119,507200
1987-04-09,7.994406223297119,8.036043755710125,7.9111311584711075,7.994406223297119,310400
1987-04-10,7.952768436231111,7.952768436231111,7.911130905151367,7.911130905151367,442400
1987-04-13,7.869490136270938,7.911127650219462,7.661302566528321,7.66130256652832,524000
1987-04-14,7.661306044634651,7.661306044634651,7.036743051865522,7.078380584716797,1610000
1987-04-15,7.244933255146004,7.286570802589372,7.036745517929165,7.203295707702637,730400
1987-04-16,7.20329368525538,7.328206292514143,7.161656149502458,7.244931221008301,970800
1987-04-20,7.244931221008301,7.328206292514143,7.161656149502458,7.244931221008301,482800
1987-04-21,7.20329368525538,7.244931221008301,7.078381077996616,7.244931221008301,798800
1987-04-22,7.244929524355157,7.369842102361281,7.161654472351075,7.161654472351074,466800
1987-04-23,7.203291140104595,7.203291140104595,7.036741055940326,7.120016098022461,288400
1987-04-24,7.078380409193916,7.120017941012704,6.7452801546436145,6.786917686462402,686000
1987-04-27,6.786920097638976,6.786920097638976,6.495457271360002,6.620369911193848,927200
1987-04-28,6.745280858152402,6.786918394313836,6.662005785829532,6.703643321990967,978800
1987-04-29,6.703643668781628,6.745281207097041,6.4121809005737305,6.4121809005737305,1031200
1987-04-30,6.453817591947668,7.203293183270623,6.328904993393842,7.078380584716797,1474800
1987-05-01,7.078378299284263,7.078378299284263,6.995103260469154,7.036740779876709,763600
1987-05-04,7.0367458052264,7.0367458052264,6.8701956086529945,6.953470706939697,791600
1987-05-05,6.953468917364098,6.953468917364098,6.828556302082108,6.911831378936768,403600
1987-05-06,6.8701956086529945,6.995108256083048,6.828558059509643,6.953470706939697,1174800
1987-05-07,6.995108256083048,7.0367458052264,6.8701956086529945,6.953470706939697,630400
1987-05-08,6.995103534899259,7.161653619063528,6.9534660138581925,7.120016098022461,518800
1987-05-11,7.161655650419347,7.453118380378275,7.078380584716797,7.078380584716797,783600
1987-05-12,7.1200169463490335,7.161654472351075,6.99510436834291,7.161654472351074,351200
1987-05-13,7.161650798537514,7.369838321750814,7.120013293894854,7.328200817108154,519200
1987-05-14,7.369843828267065,7.453118899772908,7.244931221008301,7.244931221008301,436400
1987-05-15,7.286563312465494,7.4947508356787935,7.244925807822834,7.328200817108154,1227600
1987-05-18,7.369840145111084,7.369840145111084,7.244927600278693,7.369840145111084,665200
1987-05-19,7.286570802589372,7.369845897476107,7.203295707702636,7.203295707702637,691200
1987-05-20,7.286567050357198,7.286567050357198,7.1200169463490335,7.161654472351074,1437200
1987-05-21,7.286567211151123,7.36984226499285,7.286567211151123,7.286567211151123,426800
1987-05-22,7.32820835003274,7.32820835003274,7.1200206128159005,7.203295707702637,463600
1987-05-26,7.161658160259268,7.203295707702636,7.078383065372533,7.203295707702637,851200
1987-05-27,7.203292157309396,7.36984226499285,7.161654630388532,7.286567211151123,642800
1987-05-28,7.286563312465494,7.328200817108154,7.203288303180174,7.328200817108154,269600
1987-05-29,7.244933255146004,7.32820835003274,7.161658160259268,7.203295707702637,454000
1987-06-01,7.203293183270623,7.203293183270623,7.078380584716797,7.078380584716797,270000
1987-06-02,7.078381532646087,7.2449316863554065,6.911831378936768,6.911831378936768,1157200
1987-06-03,6.995103260469154,7.120015818691818,6.995103260469154,7.036740779876709,454400
1987-06-04,7.036743051865522,7.120018117568073,6.995105519014246,7.078380584716797,339600
1987-06-05,7.078381077996616,7.328206292514143,7.078381077996616,7.244931221008301,298800
1987-06-08,7.244929844089476,7.2865673719290704,7.161654788410286,7.224111080169678,102000
1987-06-09,7.286565115222824,7.453115174999345,7.244927600278693,7.369840145111084,553200
1987-06-10,7.4531166527860915,7.911129407985237,7.369841606386246,7.744579315185547,1327600
1987-06-11,7.78621768951416,7.78621768951416,7.702942634011335,7.78621768951416,438000
1987-06-12,7.78621856123209,8.036043755710125,7.702943496406078,7.994406223297119,802000
1987-06-15,7.994402039725825,8.036039550349397,7.66130195473725,7.723758220672607,1014000
1987-06-16,7.744581942862652,7.869494554844308,7.702944405535433,7.82785701751709,950400
1987-06-17,7.786219480189871,7.869494554844308,7.744581942862652,7.82785701751709,305200
1987-06-18,7.744580780832391,8.160956091629831,7.661305718672903,7.911130905151367,716400
1987-06-19,7.952766931185159,8.036041977585004,7.702941791985625,7.744579315185547,1115200
1987-06-22,7.827854478579399,7.9527670500460905,7.7445794309349365,7.890310764312744,1788800
1987-06-23,7.869493171691895,7.911130701700847,7.702943051656088,7.807036876678467,522000
1987-06-24,7.827851997231538,7.86948950785511,7.702939465360822,7.723758220672607,341200
1987-06-25,7.744577594425368,7.7862151083738915,7.661302566528321,7.66130256652832,141200
1987-06-26,7.661306495874958,7.661306495874958,7.411481284052948,7.619668960571289,665600
1987-06-29,7.661306495874958,7.7029440311786255,7.578031425267621,7.619668960571289,174000
1987-06-30,7.578031348650835,7.661306418416228,7.411481209120047,7.473937511444092,658800
1987-07-01,7.473940307564206,7.4947590827941895,7.411483981874254,7.4947590827941895,284000
1987-07-02,7.4947525107342265,7.661302566528321,7.453114996785703,7.66130256652832,1198000
1987-07-06,7.578027725219727,7.6613027551671955,7.578027725219727,7.578027725219727,557200
1987-07-07,7.578030656513414,7.952768436231111,7.578030656513414,7.911130905151367,1249200
1987-07-08,7.869492745016985,7.95276780051981,7.78621768951416,7.78621768951416,974800
1987-07-09,7.827856232589435,7.827856232589435,7.744581166285292,7.765399932861328,676000
1987-07-10,7.786217477586534,7.869492530822754,7.744579950968424,7.869492530822754,1556400
1987-07-13,7.786222482464978,8.160960462904468,7.786222482464978,8.077685356140137,1487200
1987-07-14,8.077679429735456,8.202591998236521,8.077679429735456,8.160954475402832,2787200
1987-07-15,8.160956352949142,8.202593885362148,7.9111311584711075,7.994406223297119,836400
1987-07-16,7.952771186828613,7.994408732309392,7.744583459424724,7.952771186828613,608800
1987-07-17,7.9944071668259635,7.9944071668259635,7.827857017517089,7.82785701751709,574000
1987-07-20,7.827855217265572,7.869492745016985,7.744580161762747,7.78621768951416,333200
1987-07-21,7.78621768951416,7.95276780051981,7.702942634011335,7.78621768951416,506400
1987-07-22,7.744579315185547,7.827854361585392,7.744579315185547,7.744579315185547,419600
1987-07-23,7.786215251765839,7.786215251765839,7.536390163473887,7.598846435546875,607200
1987-07-24,7.661306742075327,7.702944278717041,7.578031668791899,7.702944278717041,157600
1987-07-27,7.66130430527155,7.702941828669765,7.536391735076904,7.536391735076904,364000
1987-07-28,7.619665240193461,7.6613027551671955,7.578027725219727,7.578027725219727,281200
1987-07-29,7.578031668791899,7.744581815358754,7.578031668791899,7.702944278717041,695200
1987-07-30,7.82785855038628,7.952771186828613,7.744583459424724,7.952771186828613,636400
1987-07-31,7.911133641347836,7.952771186828613,7.869496095867057,7.952771186828613,402000
1987-08-03,7.911129640174035,8.119317262283879,7.786217066908129,8.036042213439941,455200
1987-08-04,7.952767164596004,8.036042213439941,7.911129640174035,8.036042213439941,434400
1987-08-05,7.994404689017973,8.119317262283879,7.952767164596004,8.036042213439941,400800
1987-08-06,8.036047802757972,8.119322909522303,7.994410249375806,8.077685356140137,300800
1987-08-07,8.11931779541945,8.306686667621438,8.077680268263453,8.202592849731445,726800
1987-08-10,8.20259253501892,8.41078016281128,8.20259253501892,8.327505111694336,2041600
1987-08-11,8.327502648807267,8.660602754759557,8.327502648807267,8.577327728271484,2023600
1987-08-12,8.577327728271484,8.74387778124763,8.494052701783412,8.577327728271484,939600
1987-08-13,8.577328977913693,8.618966497223953,8.45241641998291,8.45241641998291,1182000
1987-08-14,8.45241641998291,8.49405393929317,8.36914138136239,8.45241641998291,324400
1987-08-17,8.410781974223122,8.494057043274836,8.16095676706798,8.369144439697266,548000
1987-08-18,8.369142089571271,8.369142089571271,8.036041906901769,8.160954475402832,503200
1987-08-19,8.160956495236128,8.160956495236128,8.077681428958208,8.119318962097168,449200
1987-08-20,8.16095676706798,8.45241950874898,8.077681698016265,8.369144439697266,536800
1987-08-21,8.452415188539376,8.577327728271484,8.41077767529534,8.577327728271484,403600
1987-08-24,8.49405393929317,8.577328977913693,8.45241641998291,8.45241641998291,344000
1987-08-25,8.452416321810553,8.53569135946386,8.452416321810553,8.494053840637207,244400
1987-08-26,8.452416321810553,8.577328878290512,8.452416321810553,8.494053840637207,475200
1987-08-27,8.494053840637207,8.53569135946386,8.4107788029839,8.494053840637207,652800
1987-08-28,8.494055213928222,8.494055213928222,8.244230060577392,8.327505111694336,486400
1987-08-31,8.285867586135865,8.369142637252807,8.244230060577392,8.327505111694336,378400
1987-09-01,8.285869094653007,8.327506627791967,8.077681428958208,8.119318962097168,633600
1987-09-02,8.119318962097168,8.160956495236128,7.994406362680288,8.119318962097168,476800
1987-09-03,8.119317262283879,8.244229835549785,7.93194840238502,8.036042213439941,445200
1987-09-04,8.077683823270949,8.077683823270949,7.952771186828613,7.952771186828613,405600
1987-09-08,7.952769243000635,8.036044313607972,7.494756354660284,7.619668960571289,1049200
1987-09-09,7.619669734606123,7.66130727413949,7.453119576472655,7.515575885772705,1743600
1987-09-10,7.598847983985819,7.744579315185547,7.557210460785897,7.744579315185547,691200
1987-09-11,7.744579315185547,7.786216838385469,7.702941791985625,7.744579315185547,207600
1987-09-14,7.786216838385469,7.827854361585392,7.744579315185547,7.744579315185547,589200
1987-09-15,7.827856321308567,7.827856321308567,7.5572123527526855,7.5572123527526855,787600
1987-09-16,7.578025844964114,7.578025844964114,7.244925807822834,7.328200817108154,736800
1987-09-17,7.328206292514143,7.369843828267065,7.078381077996616,7.244931221008301,932000
1987-09-18,7.203291547891185,7.536391735076904,7.16165402449297,7.536391735076904,531200
1987-09-21,7.536392372676304,7.786217534201485,7.286567211151123,7.286567211151123,1220800
1987-09-22,7.161652399146039,7.661302566528321,7.036739857300469,7.66130256652832,1428400
1987-09-23,7.661306742075327,7.786219352000468,7.619669205433613,7.702944278717041,1136400
1987-09-24,7.619668960571289,7.7029440311786255,7.619668960571289,7.619668960571289,267600
1987-09-25,7.6613048977322045,7.869492530822754,7.619667371114095,7.869492530822754,391200
1987-09-28,7.911130905151367,8.077681029470343,7.8278558429918785,7.911130905151367,432400
1987-09-29,7.952769629498745,7.952769629498745,7.786219480189871,7.82785701751709,264400
1987-09-30,7.786219352000468,7.786219352000468,7.619669205433613,7.702944278717041,539200
1987-10-01,7.702942424350314,7.869492530822754,7.6613048977322045,7.869492530822754,1227200
1987-10-02,7.786219480189871,7.869494554844308,7.786219480189871,7.82785701751709,56800
1987-10-05,7.78621768951416,7.827855217265572,7.744580161762747,7.78621768951416,217600
1987-10-06,7.744585511404709,7.7862230679176365,7.453122615814208,7.453122615814209,829600
1987-10-07,7.36984226499285,7.453117318834577,7.182473393848964,7.286567211151123,576800
1987-10-08,7.369845897476107,7.369845897476107,7.0575642916508485,7.203295707702637,429600
1987-10-09,7.120017941012704,7.20329300465028,6.724461388734221,6.786917686462402,3379600
1987-10-12,6.745280842872182,6.745280842872182,6.4121805543352846,6.537093162536621,1616400
1987-10-13,6.57872888369438,6.662003932855068,6.412178785373003,6.495453834533691,2360400
1987-10-14,6.49545393913023,6.49545393913023,6.079078686621882,6.4538164138793945,2875600
1987-10-15,6.45381646156311,6.537091512680054,6.20399130821228,6.245628833770752,1123200
1987-10-16,6.245630244686179,6.328905314615328,5.995805034898732,6.079080104827881,1344800
1987-10-19,5.995802521705627,5.995802521705627,5.287964724004269,5.329602241516113,1888800
1987-10-20,5.371241220907002,5.496153807439724,4.829953345931878,4.9548659324646,2169600
1987-10-21,4.954866918898721,5.496154901635555,4.913229381765118,5.454517364501953,3149200
1987-10-22,5.371241421926589,5.454516482731653,5.121416239511399,5.246328830718994,1898400
1987-10-23,5.204692852398581,5.204692852398581,4.954867595483449,5.038142681121826,2797200
1987-10-26,5.0381410121917725,5.0381410121917725,4.538490663875233,4.580128192901611,1159600
1987-10-27,4.663405291802061,4.871593028043224,4.538492650057362,4.705042839050293,2040400
1987-10-28,4.600947798909368,4.7050416405136515,4.455216420663369,4.621766567230225,2135600
1987-10-29,4.746678288243397,4.99650346130884,4.705040759399157,4.9548659324646,2072000
1987-10-30,4.913230611431983,5.246330991868049,4.913230611431983,5.163055896759033,980400
1987-11-02,5.163052171468735,5.371239759027958,5.0797771364450455,5.329602241516113,960400
1987-11-03,5.287968178105548,5.329605722815041,4.9965053651391,5.121417999267578,468400
1987-11-04,5.121418349204525,5.204693444313541,4.996505706541,5.163055896759033,1114800
1987-11-05,5.079780454558086,5.267149405750802,5.0381429098485935,5.121417999267578,1002400
1987-11-06,5.163055309579392,5.163055309579392,5.038142681121826,5.038142681121826,1094800
1987-11-09,4.954867820429608,5.121417999267578,4.746680096882145,5.121417999267578,1442800
1987-11-10,4.99650346130884,5.07977851899732,4.8715908747761185,4.9548659324646,510800
1987-11-11,4.954867595483449,5.038142681121826,4.91323005266426,5.038142681121826,510000
1987-11-12,5.03814121393057,5.163053806011493,4.871591091156006,4.871591091156006,563200
1987-11-13,4.871589759300495,4.954864797921016,4.746677201369713,4.829952239990234,951200
1987-11-16,4.871590344802193,4.913227869116742,4.746677771858547,4.788315296173096,815200
1987-11-17,4.788317933546758,4.788317933546758,4.663405291802061,4.705042839050293,350400
1987-11-18,4.746679177155365,4.788316713797079,4.538491493946797,4.621766567230225,1465600
1987-11-19,4.621766434775458,4.663403970223886,4.455216292981748,4.496853828430176,2077600
1987-11-20,4.455215712206079,4.580128302267932,4.330303122144226,4.5384907722473145,1171200
1987-11-23,4.538492650057362,4.746680386298526,4.496855102809129,4.705042839050293,1280400
1987-11-24,4.746678499075083,4.996503683236929,4.705040968381441,4.871591091156006,1074000
1987-11-25,4.871589759300495,4.871589759300495,4.746677201369713,4.829952239990234,408800
1987-11-27,4.7466795444488525,4.829954624176025,4.66340446472168,4.66340446472168,267600
1987-11-30,4.663403970223886,4.663403970223886,4.288666151188038,4.496853828430176,901200
1987-12-01,4.496853090682119,4.580128147916974,4.330302976212412,4.413578033447266,778000
1987-12-02,4.496852220807757,4.496852220807757,4.351120898837134,4.371939659118652,853600
1987-12-03,4.371943105127394,4.413580658509559,3.997205124687903,4.038842678070068,2047200
1987-12-04,3.9972023445089864,4.080477393352924,3.913927295665049,4.018021106719971,2125200
1987-12-07,4.038839714867728,4.122114760535104,3.9555646692003523,4.080477237701416,1709600
1987-12-08,4.122116009394328,4.538491363878603,4.080478473945901,4.496853828430176,783600
1987-12-09,4.4552158016628685,4.705040986802842,4.4552158016628685,4.684222221374512,819600
1987-12-10,4.66340446472168,4.829954624176025,4.455216765403748,4.66340446472168,1622800
1987-12-11,4.6425856947898865,4.7466795444488525,4.580129384994507,4.66340446472168,678000
1987-12-14,4.621766924858093,4.7466795444488525,4.621766924858093,4.66340446472168,485600
1987-12-15,4.705039648731728,4.72585840823939,4.621764610701078,4.64258337020874,830000
1987-12-16,4.621766042709351,4.996503829956055,4.53849097887675,4.996503829956055,1090800
1987-12-17,4.996504056251656,5.079779123855849,4.913228988647461,4.913228988647461,572800
1987-12-18,4.871590325998706,5.412878139998562,4.871590325998706,5.371240615844727,1738400
1987-12-21,5.329604753101145,5.496154901635555,5.287967215967542,5.454517364501953,1043200
1987-12-22,5.454516482731653,5.51697277833545,5.204691300316463,5.246328830718994,864800
1987-12-23,5.24632927467083,5.5377920121525435,5.204691740744872,5.4336981773376465,754800
1987-12-24,5.412881374359131,5.496156472426194,5.412881374359131,5.412881374359131,136000
1987-12-28,5.412881182086084,5.454518729640592,5.163055896759033,5.163055896759033,765200
1987-12-29,5.204693444313541,5.246330991868049,5.163055896759033,5.163055896759033,633200
1987-12-30,5.329604753101145,5.496154901635555,5.2463296788339395,5.454517364501953,1693600
1987-12-31,5.454517364501953,5.496154901635555,5.329604753101145,5.454517364501953,376800
1988-01-04,5.412878100551776,5.704340767504564,5.412878100551776,5.579428195953369,1062000
1988-01-05,5.704343308793738,5.995806105593418,5.662705766393784,5.870893478393555,2014800
1988-01-06,5.829254150390625,5.870891680036272,5.787616620744977,5.829254150390625,1394000
1988-01-07,5.829254740433727,5.829254740433727,5.704342138853005,5.787617206573486,458800
1988-01-08,5.7876181715116735,5.829255712313915,5.267148911483645,5.287967681884766,730400
1988-01-11,5.204691026443825,5.579428780347781,5.163053498232275,5.5377912521362305,963600
1988-01-12,5.537790712460067,5.579428236613903,5.204690519229387,5.371240615844727,607200
1988-01-13,5.412881374359131,5.496156472426194,5.246331178225004,5.412881374359131,508000
1988-01-14,5.454514794051647,5.5377898290753365,5.329602241516113,5.329602241516113,258400
1988-01-15,5.4961531482525725,5.662703243654166,5.454515624402174,5.579428195953369,706000
1988-01-18,5.662704604992764,5.829254740433727,5.579429537272282,5.787617206573486,683600
1988-01-19,5.745978832244873,5.912528943324434,5.704341304474982,5.745978832244873,753600
1988-01-20,5.787614236054597,5.787614236054597,5.537789161116988,5.621064186096191,1011600
1988-01-21,5.6210657198037675,5.662703243654166,5.537790672102971,5.579428195953369,303200
1988-01-22,5.579428780347781,5.621066308559332,5.454516195713129,5.5377912521362305,354800
1988-01-25,5.5377912521362305,5.662703836770882,5.454516195713129,5.5377912521362305,366800
1988-01-26,5.5377900521253745,5.641883850097656,5.496152532936462,5.641883850097656,350800
1988-01-27,5.579428721165311,5.745978832244873,5.579428721165311,5.745978832244873,154400
1988-01-28,5.787617625301457,5.82925516217413,5.745980088428785,5.808436393737793,299200
1988-01-29,5.829255756578947,5.933349609375,5.766799444901316,5.933349609375,760000
1988-02-01,5.9541639387607574,6.0374389588832855,5.829251408576965,5.9958014488220215,664000
1988-02-02,5.9541639387607574,6.0166202038526535,5.9541639387607574,5.9958014488220215,554800
1988-02-03,5.99580634057105,6.037443884602793,5.912531252507564,5.954168796539307,929600
1988-02-04,5.912528209028573,6.0790782994237444,5.912528209028573,6.037440776824951,969200
1988-02-05,6.07907611614949,6.203988639084068,6.07907611614949,6.162351131439209,1072400
1988-02-08,6.162352226699985,6.162352226699985,6.079077196609445,6.09989595413208,482800
1988-02-09,6.120717639792455,6.16235517475703,6.037442569863306,6.079080104827881,802000
1988-02-10,6.120713623794349,6.245626146728927,6.07907611614949,6.162351131439209,1297200
1988-02-11,6.203992394840016,6.453817591947668,6.203992394840016,6.370542526245117,1812000
1988-02-12,6.328903838126891,6.4538164138793945,6.328903838126891,6.4538164138793945,587200
1988-02-16,6.412178582782986,6.578728675842285,6.370541059518162,6.578728675842285,638800
1988-02-17,6.537090951204299,6.745278561115264,6.537090951204299,6.662003517150879,2141600
1988-02-18,6.6203682346708455,6.70364330680507,6.453818090402397,6.537093162536621,1182400
1988-02-19,6.495457271360002,6.6203699111938485,6.370544631526156,6.620369911193848,977200
1988-02-22,6.620365995168686,6.662003517150879,6.578728473186493,6.662003517150879,856000
1988-02-23,6.66200745780513,6.66200745780513,6.495457271360002,6.620369911193848,858400
1988-02-24,6.537090951204299,6.745278561115264,6.537090951204299,6.662003517150879,1168400
1988-02-25,6.6203699111938485,6.745282551027694,6.578732364582566,6.620369911193848,1423200
1988-02-26,6.620365669298623,6.662003189231319,6.5787281493659275,6.599546909332275,723600
1988-02-29,6.620365995168686,6.662003517150879,6.578728473186493,6.662003517150879,684400
1988-03-01,6.662005829734924,6.662005829734924,6.516274452209473,6.516274452209473,948800
1988-03-02,6.578730698603733,6.578730698603733,6.537093162536621,6.537093162536621,545200
1988-03-03,6.53709115257746,6.578728675842285,6.516272390945048,6.578728675842285,1142000
1988-03-04,6.537093515519972,6.537093515519972,6.287268285627489,6.4121809005737305,730400
1988-03-07,6.370541410446167,6.370541410446167,6.162353782653809,6.245628833770752,776400
1988-03-08,6.245629567849009,6.328904628753662,6.1623545069443555,6.328904628753662,577200
1988-03-09,6.328904993393842,6.412180059096393,6.287267460542567,6.370542526245117,667600
1988-03-10,6.412178567644052,6.495453613977091,6.328903521311012,6.391359806060791,1422400
1988-03-11,6.370542159205988,6.4538172201106425,6.287267098301335,6.328904628753662,493200
1988-03-14,6.328904628753662,6.4538172201106425,6.328904628753662,6.328904628753662,522400
1988-03-15,6.328904993393842,6.370542526245117,6.328904993393842,6.370542526245117,364800
1988-03-16,6.370541887375915,6.453816944727234,6.328904358700256,6.432998180389404,860000
1988-03-17,6.453815411141448,6.578727967486121,6.41217789235989,6.474634170532227,505200
1988-03-18,6.537093162536621,6.578730698603733,6.4121805543352846,6.537093162536621,978400
1988-03-21,6.5370914643810645,6.5370914643810645,6.3705413633777255,6.4538164138793945,438000
1988-03-22,6.453818438889145,6.495455977204559,6.328905823942903,6.4121809005737305,821600
1988-03-23,6.370543362258317,6.453818438889145,6.370543362258317,6.4121809005737305,907200
1988-03-24,6.412180582682292,6.412180582682292,6.1623553651751894,6.183174133300781,724400
1988-03-25,6.203988639084068,6.287263654373787,6.120713623794349,6.162351131439209,916400
1988-03-28,6.079079044108488,6.120716571807861,5.995803988709742,6.120716571807861,605600
1988-03-29,6.120717083381502,6.39136103604803,6.120717083381502,6.287267208099365,1316000
1988-03-30,6.328904739278832,6.370542270458297,6.2456296769199,6.287267208099365,1020400
1988-03-31,6.245628833770752,6.328903884887695,6.20399130821228,6.245628833770752,700800
1988-04-04,6.16235334462133,6.2039908672201225,6.037440776824951,6.037440776824951,897200
1988-04-05,6.079080104827881,6.16235517475703,5.995805034898732,6.079080104827881,816800
1988-04-06,6.079077196609445,6.120714711654715,6.037439681564175,6.09989595413208,1465600
1988-04-07,6.120716831028061,6.245629419416389,6.079079301565286,6.203991889953613,569200
1988-04-08,6.162356194843815,6.24563127855792,6.162356194843815,6.2248125076293945,361200
1988-04-11,6.2456296769199,6.370542270458297,6.2456296769199,6.287267208099365,1106000
1988-04-12,6.2456296769199,6.370542270458297,6.2039921457404335,6.287267208099365,654000
1988-04-13,6.287267208099365,6.308085973689098,6.2039921457404335,6.287267208099365,743600
1988-04-14,6.162354099507234,6.203991627206608,6.079079044108488,6.120716571807861,934800
1988-04-15,6.120713979005814,6.120713979005814,5.9541639387607574,5.9958014488220215,837200
1988-04-18,5.995803254226159,6.0790782994237444,5.9541657316273655,6.037440776824951,406400
1988-04-19,6.037441516409115,6.245629154905981,6.037441516409115,6.120716571807861,271200
1988-04-20,6.120716571807861,6.162354099507234,6.079079044108488,6.120716571807861,571600
1988-04-21,6.120716571807861,6.245629154905981,6.120716571807861,6.120716571807861,636400
1988-04-22,6.203993736700868,6.24563127855792,6.162356194843815,6.2248125076293945,187200
1988-04-25,6.245630094320468,6.328905162244741,6.245630094320468,6.308086395263672,106800
1988-04-26,6.308085075501473,6.4538164138793945,6.2872663128760555,6.4538164138793945,507600
1988-04-27,6.41217888862856,6.49545393913023,6.41217888862856,6.4538164138793945,495200
1988-04-28,6.49545393913023,6.49545393913023,6.41217888862856,6.4538164138793945,267600
1988-04-29,6.4538172201106425,6.4538172201106425,6.328904628753662,6.328904628753662,448000
1988-05-02,6.370542159205988,6.370542159205988,6.328904628753662,6.328904628753662,231200
1988-05-03,6.328904993393842,6.412180059096393,6.328904993393842,6.370542526245117,493200
1988-05-04,6.370543362258317,6.537093515519972,6.370543362258317,6.4121809005737305,734000
1988-05-05,6.412180059096393,6.453817591947668,6.370542526245117,6.370542526245117,551600
1988-05-06,6.370542526245117,6.412180059096393,6.370542526245117,6.370542526245117,518000
1988-05-09,6.328904628753662,6.412179689658315,6.287267098301335,6.328904628753662,647200
1988-05-10,6.370543362258317,6.4121809005737305,6.328905823942903,6.4121809005737305,367200
1988-05-11,6.349723504868565,6.370542270458297,6.2039921457404335,6.287267208099365,548000
1988-05-12,6.245629567849009,6.328904628753662,6.245629567849009,6.328904628753662,545200
1988-05-13,6.328904628753662,6.328904628753662,6.287267098301335,6.328904628753662,172400
1988-05-16,6.287267208099365,6.328904739278832,6.2039921457404335,6.287267208099365,489200
1988-05-17,6.287263654373787,6.328901162018647,6.162351131439209,6.162351131439209,972000
1988-05-18,6.162353885215047,6.2039914114665,5.9958037802092345,6.016622543334961,542800
1988-05-19,6.037441306460688,6.037441306460688,5.912528727706329,6.016622543334961,1054000
1988-05-20,6.0374389588832855,6.07907646894455,5.912526428699493,5.9958014488220215,360800
1988-05-23,5.954168796539307,6.037443884602793,5.912531252507564,5.954168796539307,1054400
1988-05-24,5.995805034898732,6.079080104827881,5.954167499934157,6.079080104827881,430800
1988-05-25,6.0374389588832855,6.07907646894455,5.9958014488220215,5.9958014488220215,245200
1988-05-26,5.995802166518905,6.14153346917735,5.995802166518905,6.09989595413208,602400
1988-05-27,6.07907646894455,6.120713979005814,5.9958014488220215,5.9958014488220215,222400
1988-05-31,6.037440776824951,6.0790782994237444,5.995803254226159,6.037440776824951,994800
1988-06-01,6.120716976492028,6.412179689658315,6.037441915587375,6.328904628753662,1298400
1988-06-02,6.328904993393842,6.578730190501494,6.287267460542567,6.370542526245117,805200
1988-06-03,6.412180059096393,6.453817591947668,6.370542526245117,6.370542526245117,845200
1988-06-06,6.412179537267493,6.412179537267493,6.162354360490838,6.203991889953613,482800
1988-06-07,6.2039927097216045,6.245630244686179,6.079080104827881,6.079080104827881,521200
1988-06-08,6.162353782653809,6.245628833770752,6.120716257095337,6.245628833770752,382400
1988-06-09,6.2039912623743865,6.5370914643810645,6.2039912623743865,6.4538164138793945,1342400
1988-06-10,6.495457271360002,6.6203699111938485,6.412182178137438,6.620369911193848,717200
1988-06-13,6.6203699111938485,6.66200745780513,6.578732364582566,6.620369911193848,426000
1988-06-14,6.578730698603733,6.70364330680507,6.537093162536621,6.537093162536621,746000
1988-06-15,6.537091359114036,6.557910121404208,6.412178785373003,6.495453834533691,1202800
1988-06-16,6.453816309953347,6.57872888369438,6.453816309953347,6.495453834533691,454800
1988-06-17,6.537094817971284,6.6203699111938485,6.495457271360002,6.620369911193848,662800
1988-06-20,6.578732364582566,6.66200745780513,6.537094817971284,6.620369911193848,254000
1988-06-21,6.578728675842285,6.620366199107109,6.53709115257746,6.578728675842285,828000
1988-06-22,6.6203699111938485,6.66200745780513,6.537094817971284,6.620369911193848,980400
1988-06-23,6.578728675842285,6.620366199107109,6.516272390945048,6.578728675842285,158800
1988-06-24,6.537090448704563,6.578727967486121,6.453815411141448,6.474634170532227,899600
1988-06-27,6.45381646156311,6.495453987121582,6.245628833770752,6.245628833770752,591600
1988-06-28,6.245630747312076,6.4121809005737305,6.162355670681247,6.4121809005737305,316400
1988-06-29,6.412179689658315,6.4538172201106425,6.287267098301335,6.328904628753662,347200
1988-06-30,6.328904993393842,6.412180059096393,6.328904993393842,6.370542526245117,628800
1988-07-01,6.328904739278832,6.370542270458297,6.2456296769199,6.287267208099365,355200
1988-07-05,6.245629567849009,6.328904628753662,6.1623545069443555,6.328904628753662,441600
1988-07-06,6.328903884887695,6.370541410446167,6.20399130821228,6.245628833770752,632800
1988-07-07,6.2039927097216045,6.287267779650754,6.037442569863306,6.079080104827881,1738000
1988-07-08,6.0790782994237444,6.120715822022537,6.037440776824951,6.037440776824951,350000
1988-07-11,6.037442569863306,6.120717639792455,6.037442569863306,6.079080104827881,445600
1988-07-12,6.120715822022537,6.120715822022537,5.995803254226159,6.037440776824951,446400
1988-07-13,6.120716571807861,6.120716571807861,6.037441516409115,6.120716571807861,275600
1988-07-14,6.120713979005814,6.120713979005814,5.9958014488220215,5.9958014488220215,1079600
1988-07-15,6.037443884602793,6.037443884602793,5.954168796539307,5.954168796539307,440000
1988-07-18,5.954164164647618,5.99580167628851,5.870889141365833,5.891707897186279,983600
1988-07-19,5.912527910638802,5.912527910638802,5.745977828648977,5.766796588897705,334000
1988-07-20,5.829255935993601,5.870893478393555,5.745980851193692,5.870893478393555,1479600
1988-07-21,5.829255935993601,5.870893478393555,5.787618393593647,5.870893478393555,725600
1988-07-22,5.787616360014763,5.829253887784653,5.704341304474982,5.745978832244873,1145600
1988-07-25,5.787616620744977,5.829254150390625,5.704341561453683,5.829254150390625,750800
1988-07-26,5.787617206573486,5.870892274293968,5.787617206573486,5.787617206573486,1224400
1988-07-27,5.78761581520536,5.829253339055758,5.579428195953369,5.579428195953369,1560800
1988-07-28,5.579429758726246,5.745979900777775,5.579429758726246,5.704342365264893,1185600
1988-07-29,5.745980851193692,5.870893478393555,5.745980851193692,5.870893478393555,1997200
1988-08-01,5.870893478393555,5.91253102079351,5.829255935993601,5.870893478393555,370400
1988-08-02,5.870892699046802,5.870892699046802,5.745980088428785,5.808436393737793,220400
1988-08-03,5.829256164444077,5.954168796539307,5.787618620412333,5.954168796539307,881600
1988-08-04,5.9541657316273655,6.120715822022537,5.912528209028573,6.037440776824951,1024400
1988-08-05,6.037440776824951,6.0790782994237444,5.995803254226159,6.037440776824951,291200
1988-08-08,6.037440776824951,6.120715822022537,5.9541657316273655,6.037440776824951,560800
1988-08-09,6.037442376804684,6.120717444070955,5.954167309538412,5.9749860763549805,984000
1988-08-10,5.995803080813985,5.995803080813985,5.891709277327631,5.912528038024902,737600
1988-08-11,5.9125298081542095,5.9541673420144505,5.787617206573486,5.787617206573486,454800
1988-08-12,5.829254740433727,5.870892274293968,5.745979672713245,5.787617206573486,476800
1988-08-15,5.787617066327264,5.8292545991785385,5.6418857013478,5.6627044677734375,575600
1988-08-16,5.662705766393784,5.91253102079351,5.621068223993829,5.870893478393555,752000
1988-08-17,5.87089370847582,6.037443884602793,5.87089370847582,5.954168796539307,398000
1988-08-18,6.037439681564175,6.162352226699985,5.954164651473635,6.09989595413208,329200
1988-08-19,6.079079683703655,6.141535981823898,6.037442151623493,6.058260917663574,136000
1988-08-22,6.037440602208527,6.079078123603068,5.912528038024902,5.912528038024902,636000
1988-08-23,5.954168796539307,5.99580634057105,5.912531252507564,5.954168796539307,484400
1988-08-24,5.954164651473635,6.120714711654715,5.954164651473635,6.09989595413208,347200
1988-08-25,6.0374389588832855,6.07907646894455,5.9541639387607574,5.9958014488220215,217200
1988-08-26,5.995805034898732,6.079080104827881,5.995805034898732,6.079080104827881,174800
1988-08-29,6.07907611614949,6.203988639084068,6.03743860850463,6.162351131439209,415600
1988-08-30,6.141535335657548,6.183172863356921,6.120716571807861,6.120716571807861,269200
1988-08-31,6.203989164708024,6.203989164708024,6.12071414236295,6.141532897949219,408400
1988-09-01,6.120713979005814,6.162351489067078,5.933345183730125,5.9958014488220215,363600
1988-09-02,6.079080104827881,6.120717639792455,5.995805034898732,6.079080104827881,710800
1988-09-06,6.120716571807861,6.120716571807861,6.037441516409115,6.120716571807861,126800
1988-09-07,6.079079301565286,6.245629419416389,6.079079301565286,6.203991889953613,612000
1988-09-08,6.1623545069443555,6.328904628753662,6.1623545069443555,6.328904628753662,708400
1988-09-09,6.328903838126891,6.49545393913023,6.2872663128760555,6.4538164138793945,1598000
1988-09-12,6.4538172201106425,6.495454750562969,6.287267098301335,6.328904628753662,525600
1988-09-13,6.245629567849009,6.328904628753662,6.245629567849009,6.328904628753662,620000
1988-09-14,6.287267208099365,6.328904739278832,6.2456296769199,6.287267208099365,1198800
1988-09-15,6.328903884887695,6.328903884887695,6.245628833770752,6.245628833770752,673200
1988-09-16,6.287267098301335,6.370542159205988,6.224810802622845,6.328904628753662,859200
1988-09-19,6.370542526245117,6.412180059096393,6.287267460542567,6.370542526245117,306000
1988-09-20,6.370543362258317,6.4121809005737305,6.328905823942903,6.4121809005737305,646000
1988-09-21,6.4121805543352846,6.537093162536621,6.370543018268172,6.537093162536621,997600
1988-09-22,6.495455977204559,6.537093515519972,6.4121809005737305,6.4121809005737305,643600
1988-09-23,6.453817591947668,6.453817591947668,6.370542526245117,6.370542526245117,360000
1988-09-26,6.370543362258317,6.432999669731438,6.370543362258317,6.4121809005737305,237600
1988-09-27,6.370543362258317,6.474637208046851,6.370543362258317,6.4121809005737305,372800
1988-09-28,6.370541147325859,6.4121786711645905,6.287266099648397,6.349722385406494,470400
1988-09-29,6.328904993393842,6.412180059096393,6.287267460542567,6.370542526245117,356000
1988-09-30,6.328903838126891,6.4538164138793945,6.328903838126891,6.4538164138793945,1102800
1988-10-03,6.412180059096393,6.453817591947668,6.328904993393842,6.370542526245117,676400
1988-10-04,6.370541044477531,6.412178567644052,6.370541044477531,6.391359806060791,438800
1988-10-05,6.3705413633777255,6.5370914643810645,6.3705413633777255,6.4538164138793945,1163600
1988-10-06,6.495453629312636,6.578728675842285,6.453816106047811,6.578728675842285,1264000
1988-10-07,6.537089968767493,6.703640031666028,6.537089968767493,6.682821273803711,1537600
1988-10-10,6.662003517150879,6.703641039133071,6.578728473186493,6.662003517150879,404000
1988-10-11,6.662005770737958,6.745280842872182,6.495455626469509,6.537093162536621,552400
1988-10-12,6.537093515519972,6.537093515519972,6.370543362258317,6.4121809005737305,1670400
1988-10-13,6.453818090402397,6.537093162536621,6.4121805543352846,6.537093162536621,574400
1988-10-14,6.578732364582566,6.703645004416412,6.537094817971284,6.620369911193848,1806800
1988-10-17,6.662002515941394,6.703640031666028,6.62036500021676,6.682821273803711,1332000
1988-10-18,6.682822278141975,6.745278561115264,6.578728473186493,6.662003517150879,507600
1988-10-19,6.662005785829532,6.870193466636705,6.662005785829532,6.703643321990967,2214000
1988-10-20,6.786918763654778,6.9951064557914275,6.786918763654778,6.911831378936768,1706400
1988-10-21,6.911833157796345,6.995108256083048,6.828558059509643,6.953470706939697,631600
1988-10-24,6.953465658245664,7.036740696068966,6.870190620422363,6.870190620422363,932000
1988-10-25,6.870193466636705,6.91183100279814,6.703643321990967,6.703643321990967,323200
1988-10-26,6.7452801546436145,6.786917686462402,6.703642622824827,6.786917686462402,420400
1988-10-27,6.786918394313836,6.786918394313836,6.662005785829532,6.703643321990967,399600
1988-10-28,6.786918278093691,6.870193348990546,6.703643207196836,6.745280742645264,736800
1988-10-31,6.745278561115264,6.745278561115264,6.578728473186493,6.662003517150879,530800
1988-11-01,6.6203682346708455,6.662005770737958,6.495455626469509,6.537093162536621,1245200
1988-11-02,6.495455626469509,6.578730698603733,6.4121805543352846,6.537093162536621,547200
1988-11-03,6.537094817971284,6.703645004416412,6.537094817971284,6.620369911193848,787200
1988-11-04,6.578732364582566,6.703645004416412,6.578732364582566,6.620369911193848,674400
1988-11-07,6.578728675842285,6.620366199107109,6.495453629312636,6.578728675842285,297200
1988-11-08,6.578728473186493,6.703641039133071,6.578728473186493,6.662003517150879,243200
1988-11-09,6.620366199107109,6.662003722371934,6.495453629312636,6.578728675842285,353600
1988-11-10,6.537090629433232,6.662003189231319,6.537090629433232,6.599546909332275,322800
1988-11-11,6.578730190501494,6.578730190501494,6.370542526245117,6.370542526245117,391200
1988-11-14,6.412179689658315,6.412179689658315,6.287267098301335,6.328904628753662,672800
1988-11-15,6.328905823942903,6.4121809005737305,6.328905823942903,6.4121809005737305,258000
1988-11-16,6.370538669663506,6.412176177308366,6.162351131439209,6.162351131439209,774400
1988-11-17,6.203991889953613,6.287266948879165,6.162354360490838,6.203991889953613,275600
1988-11-18,6.287266785124212,6.287266785124212,6.2039917283676,6.266448020935059,442000
1988-11-21,6.287263654373787,6.287263654373787,6.07907611614949,6.162351131439209,726000
1988-11-22,6.120713623794349,6.203988639084068,6.120713623794349,6.162351131439209,502400
1988-11-23,6.203992394840016,6.370542526245117,6.162354861988741,6.370542526245117,431200
1988-11-25,6.24563127855792,6.287268820414973,6.162356194843815,6.2248125076293945,136000
1988-11-28,6.1623545069443555,6.349723393979826,6.1623545069443555,6.328904628753662,368400
1988-11-29,6.370541260792659,6.537091359114036,6.328903736212315,6.495453834533691,568000
1988-11-30,6.537093162536621,6.6203682346708455,6.495455626469509,6.537093162536621,382000
1988-12-01,6.537093220427394,6.578730756863237,6.495455683991551,6.516274452209473,399600
1988-12-02,6.495455626469509,6.578730698603733,6.4121805543352846,6.537093162536621,536800
1988-12-05,6.578728675842285,6.662003722371934,6.53709115257746,6.578728675842285,359200
1988-12-06,6.5787281493659275,6.620365669298623,6.537090629433232,6.599546909332275,380800
1988-12-07,6.6203699111938485,6.66200745780513,6.578732364582566,6.620369911193848,764800
1988-12-08,6.6203646196467,6.745277159640034,6.6203646196467,6.641183376312256,510800
1988-12-09,6.620366199107109,6.662003722371934,6.557909914209873,6.578728675842285,974000
1988-12-12,6.578728989631899,6.662004040133569,6.4538164138793945,6.4538164138793945,635200
1988-12-13,6.453818090402397,6.6203682346708455,6.4121805543352846,6.537093162536621,587600
1988-12-14,6.578732364582566,6.66200745780513,6.578732364582566,6.620369911193848,304000
1988-12-15,6.62036500021676,6.745277547390661,6.62036500021676,6.682821273803711,1519200
1988-12-16,6.703643321990967,6.703643321990967,6.620368249668098,6.703643321990967,972400
1988-12-19,6.703641039133071,6.703641039133071,6.620365995168686,6.662003517150879,465200
1988-12-20,6.662003932855068,6.786916506596101,6.453816309953347,6.495453834533691,1414800
1988-12-21,6.453817591947668,6.537092657650218,6.370542526245117,6.370542526245117,984800
1988-12-22,6.453815411141448,6.4954529299230055,6.370540373578332,6.474634170532227,1215200
1988-12-23,6.453818438889145,6.495455977204559,6.4121809005737305,6.4121809005737305,237200
1988-12-27,6.495455124798943,6.495455124798943,6.370542526245117,6.370542526245117,701600
1988-12-28,6.370542159205988,6.412179689658315,6.245629567849009,6.328904628753662,286800
1988-12-29,6.328905823942903,6.4121809005737305,6.287268285627489,6.4121809005737305,353200
1988-12-30,6.412178936004639,6.412178936004639,6.245628833770752,6.245628833770752,272400
1989-01-03,6.245626146728927,6.287263654373787,6.07907611614949,6.162351131439209,625200
1989-01-04,6.162354614560967,6.287267208099365,6.162354614560967,6.287267208099365,291200
1989-01-05,6.370543362258317,6.453818438889145,6.370543362258317,6.4121809005737305,1929600
1989-01-06,6.412179416051575,6.537092002078554,6.412179416051575,6.432998180389404,1464000
1989-01-09,6.495455626469509,6.578730698603733,6.453818090402397,6.537093162536621,888400
1989-01-10,6.495453834533691,6.537091359114036,6.453816309953347,6.495453834533691,178000
1989-01-11,6.453816309953347,6.495453834533691,6.453816309953347,6.495453834533691,528000
1989-01-12,6.474637208046851,6.495455977204559,6.328905823942903,6.4121809005737305,1461200
1989-01-13,6.328904478341941,6.370542007804717,6.203991889953613,6.203991889953613,674000
1989-01-16,6.20399130821228,6.287266359329224,6.162353782653809,6.245628833770752,1195600
1989-01-17,6.245629927691292,6.412180059096393,6.245629927691292,6.370542526245117,1012800
1989-01-18,6.287267779650754,6.328905314615328,5.870892430005008,6.079080104827881,4593200
1989-01-19,6.120713623794349,6.224807392906498,6.07907611614949,6.162351131439209,5237600
1989-01-20,6.16235517475703,6.16235517475703,6.079080104827881,6.079080104827881,1235600
1989-01-23,6.0790782994237444,6.120715822022537,5.912528209028573,6.037440776824951,2091200
1989-01-24,6.037442021022569,6.287267208099365,6.037442021022569,6.287267208099365,1978000
1989-01-25,6.287267208099365,6.412179801637763,6.2456296769199,6.287267208099365,828000
1989-01-26,6.328904739278832,6.328904739278832,6.2456296769199,6.287267208099365,637200
1989-01-27,6.245629567849009,6.328904628753662,6.245629567849009,6.328904628753662,836800
1989-01-30,6.287267208099365,6.328904739278832,6.287267208099365,6.287267208099365,537600
1989-01-31,6.287266359329224,6.370541410446167,6.20399130821228,6.245628833770752,1057200
1989-02-01,6.203991627206608,6.245629154905981,6.037441516409115,6.120716571807861,2261600
1989-02-02,6.120715822022537,6.16235334462133,5.995803254226159,6.037440776824951,2148000
1989-02-03,6.037441516409115,6.120716571807861,5.995803988709742,6.120716571807861,1454800
1989-02-06,6.037441516409115,6.162354099507234,6.037441516409115,6.120716571807861,1843200
1989-02-07,6.079079301565286,6.287266948879165,6.079079301565286,6.203991889953613,2887600
1989-02-08,6.203988639084068,6.245626146728927,6.07907611614949,6.162351131439209,1203600
1989-02-09,6.037442151623493,6.1207172157838174,5.954167087463169,6.058260917663574,832000
1989-02-10,6.037442569863306,6.079080104827881,5.93334873245187,6.079080104827881,1826800
1989-02-13,5.9958037802092345,6.079078832712141,5.9958037802092345,6.016622543334961,840400
1989-02-14,6.079079683703655,6.162354747863979,5.995804619543331,6.058260917663574,2119200
1989-02-15,6.079078832712141,6.079078832712141,5.954166253957782,6.016622543334961,758000
1989-02-16,6.0374389588832855,6.0374389588832855,5.9541639387607574,5.9958014488220215,1321600
1989-02-17,5.995803254226159,6.0790782994237444,5.9541657316273655,6.037440776824951,2524800
1989-02-21,5.995803254226159,6.0790782994237444,5.995803254226159,6.037440776824951,1425200
1989-02-22,6.037441516409115,6.162354099507234,6.037441516409115,6.120716571807861,1284000
1989-02-23,6.120713623794349,6.245626146728927,6.120713623794349,6.162351131439209,1791200
1989-02-24,6.203991627206608,6.203991627206608,6.079079044108488,6.120716571807861,528400
1989-02-27,6.162351131439209,6.162351131439209,6.120713623794349,6.162351131439209,614400
1989-02-28,6.120713623794349,6.203988639084068,6.120713623794349,6.162351131439209,1466400
1989-03-01,6.120717639792455,6.2039927097216045,6.037442569863306,6.079080104827881,1537200
1989-03-02,6.07907611614949,6.308082408196217,6.07907611614949,6.162351131439209,2263600
1989-03-03,6.203991889953613,6.203991889953613,6.162354360490838,6.203991889953613,1136400
1989-03-06,6.162351131439209,6.203988639084068,6.162351131439209,6.162351131439209,1976000
1989-03-07,6.203991627206608,6.203991627206608,6.120716571807861,6.120716571807861,1757600
1989-03-08,6.120716571807861,6.162354099507234,6.079079044108488,6.120716571807861,599200
1989-03-09,6.120716571807861,6.162354099507234,6.079079044108488,6.120716571807861,632800
1989-03-10,6.120715822022537,6.120715822022537,6.037440776824951,6.037440776824951,239600
1989-03-13,6.037440776824951,6.0790782994237444,6.037440776824951,6.037440776824951,202400
1989-03-14,6.037442569863306,6.079080104827881,5.995805034898732,6.079080104827881,522400
1989-03-15,5.995803988709742,6.120716571807861,5.995803988709742,6.120716571807861,250800
1989-03-16,6.120716571807861,6.203991627206608,6.037441516409115,6.120716571807861,1344000
1989-03-17,6.16235517475703,6.2039927097216045,5.995805034898732,6.079080104827881,2729200
1989-03-20,6.120713979005814,6.120713979005814,5.912526428699493,5.9958014488220215,890400
1989-03-21,5.995803254226159,6.120715822022537,5.995803254226159,6.037440776824951,201200
1989-03-22,6.037443884602793,6.037443884602793,5.954168796539307,5.954168796539307,1443200
1989-03-23,5.995806105593418,5.995806105593418,5.829255935993601,5.870893478393555,790000
1989-03-27,5.829255935993601,5.870893478393555,5.787618393593647,5.870893478393555,430800
1989-03-28,5.787615473841277,5.912528038024902,5.787615473841277,5.912528038024902,1478000
1989-03-29,5.912531252507564,5.99580634057105,5.87089370847582,5.954168796539307,620400
1989-03-30,5.912531252507564,5.99580634057105,5.912531252507564,5.954168796539307,735200
1989-03-31,5.995803254226159,6.037440776824951,5.9541657316273655,6.037440776824951,754400
1989-04-03,5.995803254226159,6.0790782994237444,5.995803254226159,6.037440776824951,1197600
1989-04-04,6.0374389588832855,6.07907646894455,5.912526428699493,5.9958014488220215,532000
1989-04-05,5.995805034898732,6.120717639792455,5.995805034898732,6.079080104827881,1739600
1989-04-06,6.058261337345594,6.120717639792455,6.037442569863306,6.079080104827881,794800
1989-04-07,6.0790782994237444,6.120715822022537,6.037440776824951,6.037440776824951,574000
1989-04-10,6.120713623794349,6.162351131439209,6.07907611614949,6.162351131439209,378800
1989-04-11,6.1415360955631035,6.370542526245117,6.120717329137466,6.370542526245117,2172800
1989-04-12,6.3705413633777255,6.5370914643810645,6.328903838126891,6.4538164138793945,3228800
1989-04-13,6.495453834533691,6.495453834533691,6.412178785373003,6.495453834533691,729200
1989-04-14,6.495455626469509,6.578730698603733,6.453818090402397,6.537093162536621,895600
1989-04-17,6.537094817971284,6.66200745780513,6.495457271360002,6.620369911193848,890000
1989-04-18,6.662002056386895,6.99510215920624,6.662002056386895,6.891008377075195,3035200
1989-04-19,6.870193840509438,6.9951064557914275,6.870193840509438,6.911831378936768,1218400
1989-04-20,6.953467813737554,6.953467813737554,6.7452801546436145,6.786917686462402,1084800
1989-04-21,6.745279573812718,6.828554630279542,6.662004517345894,6.828554630279541,1018000
1989-04-24,6.82855521828119,6.870192750099978,6.786917686462402,6.786917686462402,556000
1989-04-25,6.828555930475271,6.870193466636705,6.703643321990967,6.703643321990967,482800
1989-04-26,6.786915063115296,6.786915063115296,6.662002515941394,6.682821273803711,599600
1989-04-27,6.703642045579306,6.870192158512953,6.703642045579306,6.828554630279541,1080800
1989-04-28,6.786917686462402,6.82855521828119,6.7452801546436145,6.786917686462402,489200
1989-05-01,6.7452801546436145,6.786917686462402,6.7452801546436145,6.786917686462402,983200
1989-05-02,6.745280742645264,6.786918278093691,6.745280742645264,6.745280742645264,557600
1989-05-03,6.745279573812718,6.9118296867463656,6.745279573812718,6.828554630279541,1350400
1989-05-04,6.786917686462402,6.82855521828119,6.786917686462402,6.786917686462402,324400
1989-05-05,6.828557780712326,7.244933255146004,6.786920233268958,7.203295707702637,3137200
1989-05-08,7.203291140104595,7.244928661145662,7.120016098022461,7.120016098022461,1471600
1989-05-09,7.161654472351075,7.203291998353116,7.1200169463490335,7.161654472351074,1134400
1989-05-10,7.161656149502458,7.2865687567612225,7.161656149502458,7.244931221008301,332000
1989-05-11,7.286563312465494,7.369838321750814,7.244925807822834,7.328200817108154,304800
1989-05-12,7.328206213445611,7.661306495874958,7.328206213445611,7.619668960571289,3988000
1989-05-15,7.619669330880996,7.911132092171527,7.5780317935537775,7.82785701751709,1413600
1989-05-16,7.827855217265572,7.869492745016985,7.744580161762747,7.78621768951416,1528400
1989-05-17,7.744580161762747,7.95276780051981,7.744580161762747,7.78621768951416,1193200
1989-05-18,7.78621768951416,7.827855217265572,7.723761397887041,7.78621768951416,1341600
1989-05-19,7.827854478579399,7.91112952622386,7.786216954757167,7.890310764312744,1488800
1989-05-22,7.911130272768398,7.911130272768398,7.78621768951416,7.78621768951416,852400
1989-05-23,7.786216875466194,7.786216875466194,7.432297926581367,7.536391735076904,10332000
1989-05-24,7.453118380378275,7.473937146803912,7.369843314675724,7.432299613952637,451600
1989-05-25,7.453116998243868,7.453116998243868,7.328204422854306,7.411479473114014,734400
1989-05-26,7.453122615814208,7.453122615814208,7.41148505930128,7.453122615814209,476000
1989-05-30,7.453116998243868,7.494754523373722,7.36984194798416,7.411479473114014,1071600
1989-05-31,7.411479473114014,7.494754523373722,7.36984194798416,7.411479473114014,1681600
1989-06-01,7.411477665324787,7.619665240193461,7.411477665324787,7.578027725219727,727600
1989-06-02,7.578032197623417,7.8486762046813965,7.578032197623417,7.8486762046813965,947600
1989-06-05,7.827856888642182,7.9111319619256095,7.702944278717041,7.702944278717041,545600
1989-06-06,7.702941828669765,7.744579352067979,7.4739354499795825,7.536391735076904,1190800
1989-06-07,7.557208781657012,7.702940080476845,7.4947525107342265,7.66130256652832,588800
1989-06-08,7.702942902479715,7.702942902479715,7.619667844074529,7.682124137878418,832400
1989-06-09,7.619669854478551,7.661307394666958,7.578032314290144,7.640488624572754,322400
1989-06-12,7.619668960571289,7.619668960571289,7.536393889963953,7.619668960571289,276400
1989-06-13,7.578032195072756,7.619669734606123,7.4947571160060225,7.515575885772705,205200
1989-06-14,7.494756052316713,7.619668653188659,7.494756052316713,7.5572123527526855,440400
1989-06-15,7.536393889963953,7.619668960571289,7.494756354660284,7.619668960571289,1793600
1989-06-16,7.578029844495985,7.869492530822754,7.578029844495985,7.869492530822754,1165600
1989-06-19,7.869493374071623,7.952768436231111,7.786218311912135,7.911130905151367,427200
1989-06-20,7.661305194947778,7.70294272318119,6.78691710204613,6.828554630279541,6996000
1989-06-21,6.870193840509438,7.036743994218757,6.828556302082108,6.911831378936768,3853200
1989-06-22,6.91183100279814,6.91183100279814,6.662005785829532,6.703643321990967,3253200
1989-06-23,6.703643321990967,6.703643321990967,6.620368249668098,6.703643321990967,2486800
1989-06-26,6.662007740565708,6.995108127593994,6.662007740565708,6.995108127593994,2170000
1989-06-27,6.995103260469154,7.120015818691818,6.953465741061599,7.036740779876709,2090800
1989-06-28,6.995108127593994,7.036745675972529,6.911833030836923,6.995108127593994,1169600
1989-06-29,6.9951053455563414,6.9951053455563414,6.786917686462402,6.786917686462402,856000
1989-06-30,6.828553605079651,6.828553605079651,6.537090951204299,6.662003517150879,2120000
1989-07-03,6.662003722371934,6.662003722371934,6.578728675842285,6.578728675842285,769200
1989-07-05,6.6203699111938485,6.66200745780513,6.537094817971284,6.620369911193848,491600
1989-07-06,6.662004517345894,6.828554630279542,6.662004517345894,6.828554630279541,1062000
1989-07-07,6.911828221654045,7.09919705898804,6.87019070224649,7.036740779876709,1504400
1989-07-10,7.015924285439884,7.120018117568073,6.995105519014246,7.078380584716797,375200
1989-07-11,7.078383224351065,7.120020772729601,6.995108127593994,6.995108127593994,572800
1989-07-12,7.036741055940326,7.120016098022461,7.036741055940326,7.120016098022461,256000
1989-07-13,7.161656074859529,7.161656074859529,7.078381004221628,7.0991997718811035,245600
1989-07-14,7.078379420346993,7.161654472351075,7.036741894344951,7.161654472351074,396400
1989-07-17,7.120015818691818,7.161653338099372,7.036740779876708,7.036740779876709,395600
1989-07-18,7.07838364100244,7.120021191831866,6.953470988514162,7.015927314758301,896400
1989-07-19,7.036743051865522,7.078380584716797,6.953467986162972,7.078380584716797,552000
1989-07-20,7.078383224351065,7.078383224351065,6.995108127593994,6.995108127593994,691200
1989-07-21,6.953470579215458,7.036745675972529,6.953470579215458,6.995108127593994,496800
1989-07-24,6.9951064557914275,7.036743994218757,6.911831378936768,6.911831378936768,148800
1989-07-25,6.953470579215458,7.036745675972529,6.911833030836923,6.995108127593994,344400
1989-07-26,6.995108256083048,6.995108256083048,6.911833157796345,6.953470706939697,197200
1989-07-27,6.911828221654045,7.036740779876708,6.911828221654045,7.036740779876709,417200
1989-07-28,6.995108127593994,7.078383224351065,6.953470579215458,6.995108127593994,508800
1989-07-31,7.036742049625942,7.328204738071987,6.995104522705078,7.286567211151123,1876000
1989-08-01,7.328204576359239,7.411479628363321,7.1200169463490335,7.161654472351074,921200
1989-08-02,7.1200206128159005,7.203295707702636,7.078383065372533,7.203295707702637,418400
1989-08-03,7.203292157309396,7.286567211151123,7.203292157309396,7.286567211151123,785200
1989-08-04,7.120020772729601,7.203295869486673,6.953470579215458,6.995108127593994,1121600
1989-08-07,6.995103260469154,7.078378299284263,6.911828221654045,7.036740779876709,842400
1989-08-08,6.995105519014246,7.120018117568073,6.953467986162972,7.078380584716797,1458800
1989-08-09,7.120018539540578,7.120018539540578,7.036743468902677,7.0991997718811035,959200
1989-08-10,7.078378576981394,7.161653619063528,7.015922295419793,7.120016098022461,2273200
1989-08-11,7.120018539540578,7.20329361017848,7.036743468902677,7.0991997718811035,480800
1989-08-14,7.078378576981394,7.244928661145662,7.078378576981394,7.120016098022461,309600
1989-08-15,7.161653619063528,7.203291140104595,7.120016098022461,7.120016098022461,487200
1989-08-16,7.120018784896188,7.203293858403746,7.120018784896188,7.1824750900268555,90800
1989-08-17,7.161654630388532,7.286567211151123,7.161654630388532,7.286567211151123,548000
1989-08-18,7.244933255146004,7.244933255146004,7.161658160259268,7.203295707702637,496000
1989-08-21,7.161653619063528,7.244928661145662,7.120016098022461,7.120016098022461,443200
1989-08-22,7.1200206128159005,7.203295707702636,7.036745517929165,7.203295707702637,418000
1989-08-23,7.161655650419347,7.203293183270623,7.036743051865522,7.078380584716797,1354800
1989-08-24,7.120016098022461,7.203291140104595,7.078378576981394,7.120016098022461,1609200
1989-08-25,7.120016098022461,7.203291140104595,7.078378576981394,7.120016098022461,778800
1989-08-28,7.1200169463490335,7.161654472351075,7.078379420346993,7.161654472351074,480800
1989-08-29,7.120013293894854,7.328200817108154,7.120013293894854,7.328200817108154,1412800
1989-08-30,7.328200817108154,7.369838321750814,7.286563312465494,7.328200817108154,1832800
1989-08-31,7.36984194798416,7.411479473114014,7.286566897724452,7.411479473114014,1110000
1989-09-01,7.369840145111084,7.411477660055215,7.328202630166954,7.369840145111084,369600
1989-09-05,7.411477660055215,7.411477660055215,7.328202630166954,7.369840145111084,414800
1989-09-06,7.411477803504704,7.411477803504704,7.286565256254625,7.307384014129639,540400
1989-09-07,7.328200817108154,7.328200817108154,7.286563312465494,7.328200817108154,308400
1989-09-08,7.286563312465494,7.328200817108154,7.286563312465494,7.328200817108154,281600
1989-09-11,7.286563312465494,7.328200817108154,7.286563312465494,7.328200817108154,466000
1989-09-12,7.286565115222824,7.369840145111084,7.286565115222824,7.369840145111084,264000
1989-09-13,7.369838321750814,7.369838321750814,7.286563312465494,7.328200817108154,775600
1989-09-14,7.286563312465494,7.432294578714804,7.286563312465494,7.328200817108154,1236400
1989-09-15,7.36984226499285,7.36984226499285,7.286567211151123,7.286567211151123,858000
1989-09-18,7.286565115222824,7.369840145111084,7.286565115222824,7.369840145111084,748400
1989-09-19,7.328207432041763,7.453120058724293,7.328207432041763,7.349026203155518,2082800
1989-09-20,7.369840145111084,7.453115174999345,7.328202630166954,7.369840145111084,907200
1989-09-21,7.3282062161353325,7.369843751454283,7.078381004221628,7.0991997718811035,1180800
1989-09-22,7.036741206076292,7.120016249935183,7.036741206076292,7.057559967041016,586400
1989-09-25,6.995103260469154,7.078378299284263,6.995103260469154,7.036740779876709,204800
1989-09-26,6.995105519014246,7.161655650419347,6.953467986162972,7.078380584716797,604000
1989-09-27,7.1200169463490335,7.328204576359239,7.036741894344951,7.161654472351074,1269600
1989-09-28,7.161658160259268,7.203295707702636,7.1200206128159005,7.203295707702637,876800
1989-09-29,7.203291998353116,7.203291998353116,7.1200169463490335,7.161654472351074,1080800
1989-10-02,7.078380584716797,7.161655650419347,7.036743051865522,7.078380584716797,514000
1989-10-03,7.036745675972529,7.036745675972529,6.995108127593994,6.995108127593994,464800
1989-10-04,6.995103260469154,7.078378299284263,6.995103260469154,7.036740779876709,648400
1989-10-05,7.057560657345972,7.161654472351075,7.036741894344951,7.161654472351074,1351200
1989-10-06,7.161656149502458,7.328206292514143,7.120018613749537,7.244931221008301,1024000
1989-10-09,7.244925807822834,7.369838321750814,7.244925807822834,7.328200817108154,347600
1989-10-10,7.41148505930128,7.453122615814208,7.328209946275423,7.453122615814209,804400
1989-10-11,7.411480847527,7.453118380378275,7.369843314675724,7.432299613952637,431200
1989-10-12,7.4531215323342215,7.536396633254157,7.411483981874254,7.4947590827941895,1812400
1989-10-13,7.494754845755441,7.536392372676304,7.265748447690691,7.286567211151123,718000
1989-10-16,7.120020903513103,7.203296001799806,6.8701956086529945,6.953470706939697,5190800
1989-10-17,7.036738284609534,7.411475826393474,6.995100779966874,7.328200817108154,6692800
1989-10-18,7.2449290712894,7.536391735076904,7.203291547891185,7.536391735076904,1090000
1989-10-19,7.536395732020833,8.077683823270949,7.4947581865400545,7.952771186828613,1981600
1989-10-20,7.911130057440864,7.952767584058973,7.744579950968424,7.869492530822754,1752400
1989-10-23,7.827855004204644,7.869492530822754,7.744579950968424,7.869492530822754,1640400
1989-10-24,7.8278558429918785,7.952768436231111,7.786218311912135,7.911130905151367,1207600
1989-10-25,7.952767584058973,8.036042637295193,7.869492530822754,7.869492530822754,1382000
1989-10-26,7.869494172393298,7.869494172393298,7.619668960571289,7.619668960571289,1714800
1989-10-27,7.6613092846340605,7.6613092846340605,7.411483981874254,7.4947590827941895,1342800
1989-10-30,7.494760172327137,7.536397728840066,7.328209946275423,7.453122615814209,482400
1989-10-31,7.453120058724293,7.494757600951803,7.328207432041763,7.349026203155518,748000
1989-11-01,7.328202630166954,7.453115174999345,7.286565115222824,7.369840145111084,1126000
1989-11-02,7.369840145111084,7.411477660055215,7.286565115222824,7.369840145111084,321200
1989-11-03,7.328202630166954,7.411477660055215,7.328202630166954,7.369840145111084,934000
1989-11-06,7.328206292514143,7.369843828267065,7.244931221008301,7.244931221008301,672800
1989-11-07,7.24493114549743,7.286568680816382,6.9951059335837265,7.0991997718811035,921600
1989-11-08,7.120018613749537,7.2865687567612225,7.078381077996616,7.244931221008301,1083200
1989-11-09,7.2865682208435585,7.328205753534093,7.2449306881530235,7.265749454498291,1431600
1989-11-10,7.286565115222824,7.453115174999345,7.286565115222824,7.369840145111084,977600
1989-11-13,7.36984226499285,7.36984226499285,7.286567211151123,7.286567211151123,275200
1989-11-14,7.328204738071987,7.328204738071987,7.244929684230259,7.286567211151123,421200
1989-11-15,7.286565120403583,7.578027725219727,7.244927605429848,7.578027725219727,1626800
1989-11-16,7.619668187593159,7.911130905151367,7.578030656513414,7.911130905151367,1394800
1989-11-17,7.8694926324834675,8.244230376887442,7.8694926324834675,8.202592849731445,2503200
1989-11-20,8.202594028375087,8.244231561514047,8.036043895819247,8.119318962097168,1131200
1989-11-21,8.077685356140137,8.160960462904468,8.036047802757972,8.077685356140137,1362800
1989-11-22,8.0360434983906,8.077681029470343,7.911130905151367,7.911130905151367,382800
1989-11-24,7.911129640174035,8.07767973786191,7.911129640174035,8.036042213439941,597200
1989-11-27,7.952768690884113,8.036043755710125,7.952768690884113,7.994406223297119,642400
1989-11-28,7.952769629498745,7.9944071668259635,7.786219480189871,7.82785701751709,1402400
1989-11-29,7.827855217265572,7.911130272768398,7.744580161762747,7.78621768951416,750000
1989-11-30,7.744580161762747,7.78621768951416,7.661305106259922,7.78621768951416,474800
1989-12-01,7.82785855038628,8.03604627779017,7.786221004905501,7.952771186828613,903600
1989-12-04,7.994406223297119,7.994406223297119,7.952768690884113,7.994406223297119,413200
1989-12-05,7.952768690884113,8.036043755710125,7.952768690884113,7.994406223297119,747200
1989-12-06,7.952765164167985,7.952765164167985,7.619665052579798,7.66130256652832,1150400
1989-12-07,7.661306495874958,7.7029440311786255,7.578031425267621,7.619668960571289,974800
1989-12-08,7.702941828669765,7.702941828669765,7.536391735076904,7.536391735076904,1112000
1989-12-11,7.536397728840066,7.578035285352994,7.369847502788351,7.453122615814209,515200
1989-12-12,7.453115174999345,7.494752689943476,7.328202630166954,7.369840145111084,438000
1989-12-13,7.453122615814208,7.494760172327137,7.369847502788351,7.453122615814209,329200
1989-12-14,7.349021387639019,7.453115174999345,7.286565115222824,7.369840145111084,319600
1989-12-15,7.369838321750814,7.453113331036134,7.328200817108154,7.328200817108154,688400
1989-12-18,7.411480847527,7.411480847527,7.036743051865522,7.078380584716797,1060800
1989-12-19,7.036743051865522,7.120018117568073,6.953467986162972,7.078380584716797,841200
1989-12-20,7.120013293894854,7.328200817108154,7.078375789252195,7.328200817108154,362400
1989-12-21,7.369846431414286,7.5780341837141245,7.349027656184302,7.4947590827941895,1112800
1989-12-22,7.578027725219727,7.702940270140931,7.536390210245991,7.578027725219727,840000
1989-12-26,7.619665240193461,7.619665240193461,7.494752695272257,7.578027725219727,130800
1989-12-27,7.578027538631274,7.661302566528321,7.53639002468275,7.66130256652832,510800
1989-12-28,7.661306742075327,7.744581815358754,7.619669205433613,7.702944278717041,677600
1989-12-29,7.702944278717041,7.786219352000468,7.619669205433613,7.702944278717041,520400
1990-01-02,7.744579315185547,7.744579315185547,7.578029222385858,7.744579315185547,839200
1990-01-03,7.786217477586534,7.952767584058973,7.786217477586534,7.869492530822754,658000
1990-01-04,7.869496095867057,8.03604627779017,7.869496095867057,7.952771186828613,1148400
1990-01-05,7.952768690884113,8.036043755710125,7.9111311584711075,7.994406223297119,414400
1990-01-08,7.911132514002468,7.994407593097231,7.786219895360324,7.8486762046813965,770800
1990-01-09,7.827855217265572,7.911130272768398,7.78621768951416,7.78621768951416,602000
1990-01-10,7.786219101785962,7.869494172393298,7.619668960571289,7.619668960571289,738800
1990-01-11,7.702938358892093,7.744575863534753,7.328200817108154,7.328200817108154,4134800
1990-01-12,7.2032941479280765,7.2449316863554065,6.807737532868442,6.911831378936768,4424800
1990-01-15,6.953467214979777,6.953467214979777,6.78691710204613,6.828554630279541,1728800
1990-01-16,6.745283234367031,7.07838364100244,6.703645683537605,7.015927314758301,2256800
1990-01-17,7.078380351401979,7.1200178828808145,6.786917631050133,6.807736396789551,672800
1990-01-18,6.703643321990967,6.786918394313836,6.662005785829532,6.703643321990967,1188000
1990-01-19,6.786916892225897,6.828554419172068,6.703641838333555,6.724460601806641,736000
1990-01-22,6.745281207097041,6.745281207097041,6.370543362258317,6.4121809005737305,1088000
1990-01-23,6.453818090402397,6.578730698603733,6.370543018268172,6.537093162536621,1053200
1990-01-24,6.370541059518162,6.662003722371934,6.287266012988513,6.578728675842285,1460000
1990-01-25,6.703645004416412,6.703645004416412,6.578732364582566,6.620369911193848,1076400
1990-01-26,6.620365995168686,6.662003517150879,6.578728473186493,6.662003517150879,1361200
1990-01-29,6.6203682346708455,6.70364330680507,6.537093162536621,6.537093162536621,1201200
1990-01-30,6.537091359114036,6.57872888369438,6.412178785373003,6.495453834533691,1848000
1990-01-31,6.5370907283964605,6.578728248959496,6.495453207833426,6.5579094886779785,738400
1990-02-01,6.57872888369438,6.620366408274724,6.453816309953347,6.495453834533691,3755600
1990-02-02,6.45381972474872,6.66200745780513,6.45381972474872,6.620369911193848,2730400
1990-02-05,6.620366408274724,6.620366408274724,6.495453834533691,6.495453834533691,1164000
1990-02-06,6.578728248959496,6.662003290085565,6.5370907283964605,6.5579094886779785,2242000
1990-02-07,6.537093515519972,6.578731053835386,6.370543362258317,6.4121809005737305,2304000
1990-02-08,6.412180059096393,6.495455124798943,6.370542526245117,6.370542526245117,1482400
1990-02-09,6.453818438889145,6.453818438889145,6.328905823942903,6.4121809005737305,941600
1990-02-12,6.328904993393842,6.412180059096393,6.287267460542567,6.370542526245117,1024400
1990-02-13,6.328901162018647,6.370538669663506,6.120713623794349,6.162351131439209,1512400
1990-02-14,6.162353782653809,6.287266359329224,6.162353782653809,6.245628833770752,3671200
1990-02-15,6.245629927691292,6.370542526245117,6.203992394840016,6.370542526245117,877200
1990-02-16,6.370542526245117,6.453817591947668,6.328904993393842,6.370542526245117,661200
1990-02-20,6.370542159205988,6.412179689658315,6.245629567849009,6.328904628753662,715200
1990-02-21,6.245628787625221,6.5370914643810645,6.162353737123551,6.4538164138793945,988800
1990-02-22,6.432998825522031,6.495455124798943,6.370542526245117,6.370542526245117,1247200
1990-02-23,6.370542270458297,6.412179801637763,6.287267208099365,6.287267208099365,1093600
1990-02-26,6.328904993393842,6.412180059096393,6.328904993393842,6.370542526245117,987200
1990-02-27,6.41217888862856,6.49545393913023,6.3705413633777255,6.4538164138793945,914800
1990-02-28,6.495455124798943,6.495455124798943,6.370542526245117,6.370542526245117,1212000
1990-03-01,6.453816944727234,6.537092002078554,6.370541887375915,6.432998180389404,1227600
1990-03-02,6.4121805543352846,6.578730698603733,6.4121805543352846,6.537093162536621,995200
1990-03-05,6.495455977204559,6.537093515519972,6.370543362258317,6.4121809005737305,887200
1990-03-06,6.453814566322254,6.662002132977811,6.412177052991144,6.641183376312256,1578800
1990-03-07,6.662003722371934,6.662003722371934,6.53709115257746,6.578728675842285,544000
1990-03-08,6.620368136299981,6.786918278093691,6.578730600851554,6.745280742645264,1054800
1990-03-09,6.766096823143236,6.953465658245664,6.745278063687411,6.870190620422363,1955200
1990-03-12,6.870193840509438,6.953468917364098,6.828556302082108,6.911831378936768,703200
1990-03-13,6.870192750099978,6.911830281918766,6.786917686462402,6.786917686462402,1664000
1990-03-14,6.828554630279542,6.828554630279542,6.662004517345894,6.828554630279541,464000
1990-03-15,6.786915582599061,6.891009379878188,6.745278063687411,6.870190620422363,1423200
1990-03-16,6.870192158512953,6.9118296867463656,6.745279573812718,6.828554630279541,2073600
1990-03-19,6.828554630279542,6.870192158512953,6.745279573812718,6.828554630279541,1077600
1990-03-20,6.870192158512953,6.870192158512953,6.703642045579306,6.828554630279541,2209200
1990-03-21,6.745280742645264,6.828555813542119,6.703643207196836,6.745280742645264,1132000
1990-03-22,6.578730713506663,6.703643321990967,6.432999336941642,6.703643321990967,3020400
1990-03-23,6.662003517150879,6.828553605079651,6.662003517150879,6.662003517150879,2300000
1990-03-26,6.7869160830974575,6.7869160830974575,6.662003517150879,6.662003517150879,1417600
1990-03-27,6.620368136299981,6.786918278093691,6.620368136299981,6.745280742645264,1514000
1990-03-28,6.786918378939294,6.786918378939294,6.495455626469509,6.537093162536621,2724800
1990-03-29,6.495453629312636,6.578728675842285,6.412178582782986,6.578728675842285,912800
1990-03-30,6.620366514882734,6.620366514882734,6.328903838126891,6.4538164138793945,1996800
1990-04-02,6.287267460542567,6.412180059096393,6.203992394840016,6.370542526245117,1993600
1990-04-03,6.370542270458297,6.370542270458297,6.2456296769199,6.287267208099365,2556400
1990-04-04,6.328904313502518,6.328904313502518,6.2039917283676,6.266448020935059,1036800
1990-04-05,6.287268820414973,6.3289063622720265,6.162356194843815,6.2248125076293945,1163600
1990-04-06,6.203991889953613,6.245629419416389,6.162354360490838,6.203991889953613,745200
1990-04-09,6.162351489067078,6.203988999128342,5.9958014488220215,5.9958014488220215,1194800
1990-04-10,6.037442409734932,6.037442409734932,5.745979672713245,5.787617206573486,3369600
1990-04-11,5.787619397309326,5.912532046172118,5.787619397309326,5.850075721740723,1415600
1990-04-12,5.912529964969583,6.079080104827881,5.829254895040434,6.079080104827881,2156400
1990-04-16,6.079079446039701,6.370542159205988,6.079079446039701,6.328904628753662,963600
1990-04-17,6.245629567849009,6.370542159205988,6.203992037396682,6.328904628753662,565600
1990-04-18,6.370541410446167,6.45381646156311,6.162353782653809,6.245628833770752,727600
1990-04-19,6.203991627206608,6.203991627206608,6.079079044108488,6.120716571807861,772800
1990-04-20,6.120713979005814,6.203988999128342,5.9958014488220215,5.9958014488220215,1165600
1990-04-23,5.995804875874692,5.995804875874692,5.704342138853005,5.787617206573486,2245200
1990-04-24,5.787616360014763,5.787616360014763,5.662703776705092,5.745978832244873,4610000
1990-04-25,5.745977952446736,5.954165559419444,5.537790345474028,5.912528038024902,4701600
1990-04-26,5.9749873343934405,6.037443647993372,5.870893478393555,5.870893478393555,1812800
1990-04-27,5.954167197732365,5.954167197732365,5.579429402070887,5.6627044677734375,942800
1990-04-30,5.621067294239127,5.787617436290658,5.621067294239127,5.704342365264893,1498800
1990-05-01,5.745979706150892,5.745979706150892,5.537792035638178,5.600248336791992,849600
1990-05-02,5.579429758726246,5.704342365264893,5.579429758726246,5.704342365264893,736000
1990-05-03,5.787617436290658,5.787617436290658,5.66270482975201,5.704342365264893,1423200
1990-05-04,5.704340767504564,5.704340767504564,5.412878100551776,5.579428195953369,4342400
1990-05-07,5.641885183074258,5.662703947587447,5.412878773429178,5.496153831481934,3678800
1990-05-08,5.49615372392468,5.579428780347781,5.454516195713129,5.5377912521362305,702400
1990-05-09,5.5377912521362305,5.621066308559332,5.454516195713129,5.5377912521362305,1294800
1990-05-10,5.5377912521362305,5.5377912521362305,5.454516195713129,5.5377912521362305,1178800
1990-05-11,5.4961531482525725,5.579428195953369,5.4961531482525725,5.579428195953369,1576800
1990-05-14,5.57942667360659,5.704339211075394,5.537789161116988,5.621064186096191,3083200
1990-05-15,5.621067294239127,5.787617436290658,5.621067294239127,5.704342365264893,1602400
1990-05-16,5.662705592105263,5.974987150493421,5.662705592105263,5.933349609375,2227600
1990-05-17,6.079078731536866,6.245628833770752,5.995803680419922,6.245628833770752,1682000
1990-05-18,6.245628833770752,6.287266359329224,6.120716257095337,6.245628833770752,1376800
1990-05-21,6.245628687051626,6.516272596823864,6.245628687051626,6.495453834533691,1322400
1990-05-22,6.495455977204559,6.578731053835386,6.4121809005737305,6.4121809005737305,1930800
1990-05-23,6.412179537267493,6.453817066730269,6.162354360490838,6.203991889953613,1668800
1990-05-24,6.2039908672201225,6.2039908672201225,5.995803254226159,6.037440776824951,2350800
1990-05-25,5.995805921052631,5.995805921052631,5.870893297697368,5.933349609375,2991600
1990-05-29,5.954166461010368,6.120716571807861,5.912528933310996,6.120716571807861,1123200
1990-05-30,6.120717329137466,6.412180059096393,6.120717329137466,6.370542526245117,2590800
1990-05-31,6.370541044477531,6.495453613977091,6.287265998144492,6.391359806060791,1750800
1990-06-01,6.412180059096393,6.412180059096393,6.328904993393842,6.370542526245117,1045600
1990-06-04,6.4121805543352846,6.6203682346708455,6.245630410066835,6.537093162536621,2051600
1990-06-05,6.453816793402847,6.49545432110222,6.120716571807861,6.120716571807861,2615600
1990-06-06,6.120716257095337,6.287266359329224,6.120716257095337,6.245628833770752,899600
1990-06-07,6.287266948879165,6.328904478341941,6.141535595759449,6.203991889953613,713600
1990-06-08,6.162351131439209,6.203988639084068,6.07907611614949,6.162351131439209,1420800
1990-06-11,6.079079301565286,6.203991889953613,6.037441772102509,6.203991889953613,439600
1990-06-12,6.203992901426374,6.2456304376775575,6.1623553651751894,6.183174133300781,1474400
1990-06-13,6.162354099507234,6.245629154905981,6.079079044108488,6.120716571807861,978000
1990-06-14,6.120716571807861,6.120716571807861,5.995803988709742,6.120716571807861,559600
1990-06-15,6.079079044108488,6.162354099507234,6.037441516409115,6.120716571807861,930400
1990-06-18,6.079077196609445,6.162352226699985,6.079077196609445,6.09989595413208,967600
1990-06-19,6.120713623794349,6.245626146728927,6.07907611614949,6.162351131439209,582400
1990-06-20,6.245626675880562,6.245626675880562,6.079076631190413,6.141532897949219,570400
1990-06-21,6.120716257095337,6.245628833770752,5.995803680419922,6.245628833770752,848800
1990-06-22,6.203991627206608,6.245629154905981,6.120716571807861,6.120716571807861,782800
1990-06-25,6.1207162118727165,6.578728989631899,6.1207162118727165,6.4538164138793945,2943600
1990-06-26,6.537093177345229,6.745280858152402,6.495455641183794,6.703643321990967,3039600
1990-06-27,6.745281225227448,6.911831378936768,6.662006148372788,6.911831378936768,3430800
1990-06-28,6.870193840509438,6.953468917364098,6.870193840509438,6.911831378936768,2169200
1990-06-29,6.953468917364098,6.9951064557914275,6.870193840509438,6.911831378936768,1334800
1990-07-02,6.870192158512953,6.9118296867463656,6.828554630279542,6.828554630279541,1346800
1990-07-03,6.828553182838936,7.120015818691818,6.828553182838936,7.036740779876709,1550800
1990-07-05,7.036743051865522,7.244930716121898,7.036743051865522,7.078380584716797,1080400
1990-07-06,7.1200169463490335,7.161654472351075,6.99510436834291,7.161654472351074,903600
1990-07-09,7.120018539540578,7.24493114549743,7.036743468902677,7.0991997718811035,1184400
1990-07-10,7.161658321108137,7.161658321108137,6.953470579215458,6.995108127593994,727200
1990-07-11,7.0367458052264,7.0367458052264,6.953470706939697,6.953470706939697,718000
1990-07-12,6.995105519014246,7.120018117568073,6.995105519014246,7.078380584716797,560000
1990-07-13,7.03674371138863,7.203293858403746,7.03674371138863,7.1824750900268555,1208400
1990-07-16,7.20329368525538,7.328206292514143,7.161656149502458,7.244931221008301,455200
1990-07-17,7.203293183270623,7.244930716121898,7.036743051865522,7.078380584716797,1184000
1990-07-18,7.078378214980616,7.1200157338922665,6.786915582599061,6.870190620422363,1314000
1990-07-19,6.786918763654778,6.911831378936768,6.786918763654778,6.911831378936768,492000
1990-07-20,6.911829364483173,6.911829364483173,6.703641733022836,6.7660980224609375,1214000
1990-07-23,6.66200745780513,6.703645004416412,6.537094817971284,6.620369911193848,1169200
1990-07-24,6.662003722371934,6.745278768901583,6.495453629312636,6.578728675842285,1095600
1990-07-25,6.620368249668098,6.745280858152402,6.578730713506663,6.703643321990967,508400
1990-07-26,6.662004040133569,6.7036415653844035,6.4538164138793945,6.4538164138793945,1734800
1990-07-27,6.537093162536621,6.578730698603733,6.453818090402397,6.537093162536621,715200
1990-07-30,6.453816309953347,6.495453834533691,6.370541260792659,6.495453834533691,989600
1990-07-31,6.453815907239914,6.703641039133071,6.453815907239914,6.662003517150879,906800
1990-08-01,6.6203699111938485,6.703645004416412,6.537094817971284,6.620369911193848,1316800
1990-08-02,6.412179689658315,6.4538172201106425,6.287267098301335,6.328904628753662,680000
1990-08-03,6.308082408196217,6.308082408196217,5.954163593214911,6.162351131439209,1550400
1990-08-06,6.120718972666281,6.120718972666281,5.87089370847582,5.954168796539307,793200
1990-08-07,6.0790801848808345,6.120717720393717,5.683523597508452,5.704342365264893,1817200
1990-08-08,5.704339094802263,5.912526653006725,5.704339094802263,5.891707897186279,680400
1990-08-09,5.912528629302979,6.245628833770752,5.870891103744507,6.245628833770752,1156400
1990-08-10,6.203988999128342,6.203988999128342,5.912526428699493,5.9958014488220215,383200
1990-08-13,5.954164164647618,5.954164164647618,5.829251629724941,5.891707897186279,435200
1990-08-14,5.954165559419444,5.995803080813985,5.912528038024902,5.912528038024902,142000
1990-08-15,5.995803434457351,6.03744095830775,5.579428195953369,5.579428195953369,1226800
1990-08-16,5.6210657198037675,5.78761581520536,5.579428195953369,5.579428195953369,2365600
1990-08-17,5.579429546078503,5.621067080004462,5.329604342522749,5.4336981773376465,1499200
1990-08-20,5.454518923392663,5.475337697909429,5.3712438253256,5.412881374359131,1374800
1990-08-21,5.3296060869770665,5.371243634531575,5.038143254095508,5.163055896759033,1666800
1990-08-22,5.246330141082524,5.371242763489251,5.204692600280281,5.287967681884766,842800
1990-08-23,5.163053769913931,5.371241421926589,5.0381411787063355,5.246328830718994,979200
1990-08-24,5.496154478226584,5.579429546078503,5.371241876448708,5.4336981773376465,1394400
1990-08-27,5.537790420727852,5.704340508569291,5.537790420727852,5.683521747589111,768800
1990-08-28,5.579428780347781,5.704341364982433,5.49615372392468,5.5377912521362305,440800
1990-08-29,5.496153670750307,5.579428726367737,5.412878615132879,5.558609962463379,336800
1990-08-30,5.57942888953469,5.57942888953469,5.412878773429178,5.496153831481934,551600
1990-08-31,5.4128786675015785,5.621066308559332,5.371241139290028,5.5377912521362305,524800
1990-09-04,5.496156472426194,5.537794021459726,5.412881374359131,5.412881374359131,451200
1990-09-05,5.496151648627387,5.621064186096191,5.454514136137785,5.621064186096191,563600
1990-09-06,5.537790659311655,5.537790659311655,5.371240564294763,5.392059326171875,474400
1990-09-07,5.371239759027958,5.496152311563492,5.287964724004269,5.329602241516113,701600
1990-09-10,5.371242763489251,5.4545178450937355,5.287967681884766,5.287967681884766,350000
1990-09-11,5.287966361121526,5.371241421926589,5.246328830718994,5.246328830718994,478400
1990-09-12,5.329605222687008,5.329605222687008,5.246330141082524,5.287967681884766,1058000
1990-09-13,5.32960693359375,5.32960693359375,5.121419162750244,5.2046942710876465,2843600
1990-09-14,5.121416239511399,5.308785126322792,5.121416239511399,5.246328830718994,1141600
1990-09-17,5.246327206492424,5.454514794051647,5.246327206492424,5.329602241516113,994800
1990-09-18,5.287967681884766,5.350423993088129,5.246330141082524,5.287967681884766,687200
1990-09-19,5.329603891524058,5.329603891524058,5.246328830718994,5.246328830718994,419600
1990-09-20,5.28796626499721,5.28796626499721,5.079778616768973,5.100597381591797,721600
1990-09-21,5.121419162750244,5.246331825256347,5.079781608581543,5.2046942710876465,912800
1990-09-24,5.121416855649829,5.204691926473404,4.892410410885,5.017323017120361,1526000
1990-09-25,5.079779123855849,5.079779123855849,4.7466788534390725,4.913228988647461,2187600
1990-09-26,4.954866152543288,4.954866152543288,4.705040968381441,4.871591091156006,548000
1990-09-27,4.913229950687342,4.975686263619808,4.705042240912454,4.746679782867432,1592800
1990-09-28,4.705040968381441,4.892409856502826,4.621765906994159,4.871591091156006,1839200
1990-10-01,4.913230611431983,5.163055896759033,4.829955516322967,5.163055896759033,1723200
1990-10-02,5.204690284416324,5.287965328966985,5.079777717590332,5.079777717590332,1316800
1990-10-03,5.079780223941015,5.246330395217769,5.038142681121826,5.038142681121826,287600
1990-10-04,5.038140195315001,5.1630527621409925,4.9548651507643395,5.079777717590332,544800
1990-10-05,4.996505138302638,5.163055309579392,4.91323005266426,5.038142681121826,645600
1990-10-08,5.079779123855849,5.079779123855849,4.78831638724117,4.913228988647461,1914800
1990-10-09,4.788315296173096,4.913227869116742,4.746677771858547,4.788315296173096,2336800
1990-10-10,4.746679177155365,4.746679177155365,4.580129030588511,4.621766567230225,1397200
1990-10-11,4.663403362309167,4.663403362309167,4.413578182185462,4.5384907722473145,2375200
1990-10-12,4.62176572192799,4.62176572192799,4.496853134848855,4.580128192901611,1292800
1990-10-15,4.621764643438931,4.913227278610756,4.4968520855081495,4.829952239990234,1785600
1990-10-16,4.913229703903198,4.954867243766785,4.66340446472168,4.66340446472168,860800
1990-10-17,4.746678499075083,4.913228621849647,4.6634034376878,4.871591091156006,539600
1990-10-18,4.871590968540737,5.12141614641462,4.871590968540737,5.100597381591797,940000
1990-10-19,5.163052171468735,5.371239759027958,5.163052171468735,5.329602241516113,1119600
1990-10-22,5.3296062762920675,5.454518923392663,5.287968727258535,5.412881374359131,373200
1990-10-23,5.329603091690892,5.412878139998562,5.287965567537057,5.371240615844727,426800
1990-10-24,5.371240615844727,5.412878139998562,5.287965567537057,5.371240615844727,253600
1990-10-25,5.3712438253256,5.412881374359131,5.287968727258535,5.412881374359131,354400
1990-10-26,5.32960693359375,5.371244487762451,5.163056716918946,5.2046942710876465,1234000
1990-10-29,5.246330570112838,5.287968114320083,5.079780393283859,5.142236709594727,343200
1990-10-30,5.121417518675797,5.371242763489251,5.079779977873555,5.287967681884766,1440400
1990-10-31,5.371244487762451,5.371244487762451,5.163056716918946,5.2046942710876465,644800
1990-11-01,5.204691300316463,5.246328830718994,5.163053769913931,5.246328830718994,82800
1990-11-02,5.163056080157941,5.412881374359131,5.163056080157941,5.412881374359131,443600
1990-11-05,5.371240576701378,5.6210657198037675,5.371240576701378,5.579428195953369,370800
1990-11-06,5.787617066327264,5.850073365604176,5.621066934922163,5.6627044677734375,907200
1990-11-07,5.704341364982433,5.704341364982433,5.5377912521362305,5.5377912521362305,537200
1990-11-08,5.621067294239127,5.745979900777775,5.537792223213363,5.704342365264893,446400
1990-11-09,5.7043435323488465,5.99580634057105,5.7043435323488465,5.954168796539307,1208400
1990-11-12,5.995803254226159,6.099897060723141,5.912528209028573,6.037440776824951,2207200
1990-11-13,6.07907646894455,6.07907646894455,5.9541639387607574,5.9958014488220215,1122000
1990-11-14,5.995803080813985,5.995803080813985,5.912528038024902,5.912528038024902,358400
1990-11-15,5.912528038024902,5.995803080813985,5.891709277327631,5.912528038024902,535600
1990-11-16,5.9541685631934635,5.9541685631934635,5.870893478393555,5.870893478393555,546800
1990-11-19,5.912529964969583,6.120717639792455,5.912529964969583,6.079080104827881,786000
1990-11-20,6.079080104827881,6.120717639792455,6.079080104827881,6.079080104827881,1387600
1990-11-21,6.079079552202035,6.287267208099365,6.037442021022569,6.287267208099365,628800
1990-11-23,6.287267098301335,6.328904628753662,6.203992037396682,6.328904628753662,416400
1990-11-26,6.287267460542567,6.412180059096393,6.245629927691292,6.370542526245117,746800
1990-11-27,6.370543362258317,6.5162747463622654,6.370543362258317,6.4121809005737305,1016800
1990-11-28,6.45381646156311,6.537091512680054,6.245628833770752,6.245628833770752,758800
1990-11-29,6.20399130821228,6.370541410446167,6.162353782653809,6.245628833770752,840000
1990-11-30,6.203992394840016,6.453817591947668,6.203992394840016,6.370542526245117,546400
1990-12-03,6.453818438889145,6.495455977204559,6.370543362258317,6.4121809005737305,607200
1990-12-04,6.41217888862856,6.4538164138793945,6.3705413633777255,6.4538164138793945,346800
1990-12-05,6.370541260792659,6.537091359114036,6.370541260792659,6.495453834533691,683200
1990-12-06,6.578729811467622,6.703642402824602,6.308085863527499,6.328904628753662,1681200
1990-12-07,6.328903838126891,6.4538164138793945,6.328903838126891,6.4538164138793945,1243200
1990-12-10,6.412180059096393,6.453817591947668,6.370542526245117,6.370542526245117,506400
1990-12-11,6.370542270458297,6.412179801637763,6.287267208099365,6.287267208099365,904800
1990-12-12,6.203993208996661,6.4121809005737305,6.07908059405042,6.4121809005737305,1305600
1990-12-13,6.370543018268172,6.578730698603733,6.370543018268172,6.537093162536621,1068400
1990-12-14,6.537092657650218,6.537092657650218,6.370542526245117,6.370542526245117,1064400
1990-12-17,6.328901698225636,6.328901698225636,6.079076631190413,6.141532897949219,778800
1990-12-18,6.120716831028061,6.245629419416389,6.120716831028061,6.203991889953613,492000
1990-12-19,6.245628787625221,6.4538164138793945,6.162353737123551,6.4538164138793945,2760800
1990-12-20,6.370541260792659,6.537091359114036,6.370541260792659,6.495453834533691,2431600
1990-12-21,6.578728675842285,6.662003722371934,6.495453629312636,6.578728675842285,1874400
1990-12-24,6.578728675842285,6.620366199107109,6.578728675842285,6.578728675842285,992000
1990-12-26,6.578732364582566,6.66200745780513,6.578732364582566,6.620369911193848,206400
1990-12-27,6.62036500021676,6.703640031666028,6.578727484492127,6.682821273803711,1447200
1990-12-28,6.703641245636759,6.703641245636759,6.578728675842285,6.578728675842285,712800
1990-12-31,6.662005770737958,6.662005770737958,6.4121805543352846,6.537093162536621,2196000
1991-01-02,6.49545393913023,6.5370914643810645,6.4538164138793945,6.4538164138793945,1078000
1991-01-03,6.453817591947668,6.537092657650218,6.370542526245117,6.370542526245117,1258800
1991-01-04,6.3705413633777255,6.49545393913023,6.3705413633777255,6.4538164138793945,1152000
1991-01-07,6.412179801637763,6.45381733281723,6.287267208099365,6.287267208099365,758000
1991-01-08,6.370542526245117,6.495455124798943,6.328904993393842,6.370542526245117,1502000
1991-01-09,6.453818438889145,6.703643668781628,6.370543362258317,6.4121809005737305,2530000
1991-01-10,6.41217888862856,6.4538164138793945,6.391360126003143,6.4538164138793945,2976800
1991-01-11,6.578729154146635,6.828554311899039,6.537091627854568,6.7660980224609375,8741600
1991-01-14,6.578732364582566,6.66200745780513,6.412182178137438,6.620369911193848,2934000
1991-01-15,6.495453629312636,6.620366199107109,6.453816106047811,6.578728675842285,1492000
1991-01-16,6.537092495549676,6.870192750099978,6.537092495549676,6.786917686462402,3392400
1991-01-17,7.161653619063528,7.244928661145662,6.995103534899259,7.120016098022461,5076400
1991-01-18,6.995104522705078,7.286567211151123,6.953466995784215,7.286567211151123,4522800
1991-01-21,7.161656149502458,7.307387524637683,7.161656149502458,7.244931221008301,2858400
1991-01-22,7.20329361017848,7.24493114549743,7.036743468902677,7.0991997718811035,1250000
1991-01-23,7.078375789252195,7.411475826393474,7.078375789252195,7.328200817108154,1638000
1991-01-24,7.328202772004651,7.411477803504704,7.244927740504599,7.307384014129639,2341600
1991-01-25,7.286567211151123,7.36984226499285,7.203292157309396,7.286567211151123,1043200
1991-01-28,7.203295869486673,7.286570966243744,6.995108127593994,6.995108127593994,1367200
1991-01-29,6.911828492817126,7.120016098022461,6.870190971776059,7.120016098022461,1682800
1991-01-30,7.120017103467669,7.36984226499285,7.057560813086374,7.286567211151123,1676400
1991-01-31,7.328204422854306,7.432298235678941,7.286566897724452,7.411479473114014,965200
1991-02-01,7.36984226499285,7.411479791913714,7.244929684230259,7.286567211151123,999600
1991-02-04,7.328209946275423,7.494760172327137,7.286572389762495,7.453122615814209,1159200
1991-02-05,7.494756354660284,7.786219101785962,7.411481284052948,7.619668960571289,2685600
1991-02-06,7.536393889963953,7.7029440311786255,7.536393889963953,7.619668960571289,3462800
1991-02-07,7.5780320718254846,7.661307149537852,7.244931760976012,7.390663146972656,2093600
1991-02-08,7.328205753534093,7.411480818915162,7.2449306881530235,7.265749454498291,2287200
1991-02-11,7.2865713304943505,7.536396633254157,7.2865713304943505,7.4947590827941895,2105600
1991-02-12,7.453115180298522,7.6613027551671955,7.369840150351052,7.578027725219727,1650400
1991-02-13,7.619668960571289,7.744581566482294,7.578031425267621,7.619668960571289,1320000
1991-02-14,7.619668482367835,7.702943547748905,7.1200180900814205,7.265749454498291,4557200
1991-02-15,7.328208880954318,7.536396633254157,7.328208880954318,7.4947590827941895,3922800
1991-02-19,7.49475421167869,7.536391735076904,7.453116688280475,7.536391735076904,2076000
1991-02-20,7.4947508356787935,7.4947508356787935,7.203288303180174,7.328200817108154,1284800
1991-02-21,7.369845897476107,7.369845897476107,7.078383065372533,7.203295707702637,2341200
1991-02-22,7.120020772729601,7.244933417865208,6.953470579215458,6.995108127593994,1220400
1991-02-25,7.036742271446601,7.078379799680013,6.828554630279542,6.828554630279541,1708000
1991-02-26,6.828552578839929,6.870190094564562,6.578727484492127,6.682821273803711,2153200
1991-02-27,6.620365995168686,6.7869160830974575,6.620365995168686,6.662003517150879,4442400
1991-02-28,6.703639569239313,6.911827133501404,6.662002056386895,6.891008377075195,4698800
1991-03-01,6.828555387609145,7.120018117568073,6.786917854757871,7.078380584716797,1246400
1991-03-04,7.078375789252195,7.369838321750814,7.036738284609534,7.328200817108154,1836400
1991-03-05,7.369838321750814,7.4947508356787935,7.286563312465494,7.328200817108154,1494800
1991-03-06,7.453113331036134,7.453113331036134,7.328200817108154,7.328200817108154,1279600
1991-03-07,7.286567211151123,7.328204738071987,7.161654630388532,7.286567211151123,1380000
1991-03-08,7.411483444919475,7.453120992362844,7.203295707702636,7.203295707702637,1466000
1991-03-11,7.161653338099372,7.244928376914481,6.953465741061599,7.036740779876709,939200
1991-03-12,7.036743994218757,7.036743994218757,6.870193840509438,6.911831378936768,703600
1991-03-13,6.953466842340869,7.161654472351075,6.911829316338828,7.161654472351074,468800
1991-03-14,7.244933844320145,7.286571395149571,6.911833437684736,7.015927314758301,967600
1991-03-15,7.036743468902677,7.120018539540578,6.953468398264776,7.0991997718811035,1079600
1991-03-18,7.078383065372533,7.286570802589372,7.036745517929165,7.203295707702637,595600
1991-03-19,7.120018117568073,7.203293183270623,7.036743051865522,7.078380584716797,480800
1991-03-20,7.078375789252195,7.328200817108154,7.078375789252195,7.328200817108154,1147200
1991-03-21,7.369843314675724,7.453118380378275,7.328205781824449,7.432299613952637,1394400
1991-03-22,7.369846431414286,7.536396633254157,7.328208880954318,7.4947590827941895,1357600
1991-03-25,7.494752695272257,7.6613027551671955,7.494752695272257,7.578027725219727,856800
1991-03-26,7.578027538631274,7.661302566528321,7.4947525107342265,7.66130256652832,1771600
1991-03-27,7.6613092846340605,7.6613092846340605,7.4531215323342215,7.4947590827941895,1204800
1991-03-28,7.536392523005684,7.869492745016985,7.453117467502859,7.78621768951416,2252400
1991-04-01,7.786219352000468,7.827856888642182,7.661306742075327,7.702944278717041,716000
1991-04-02,7.82785855038628,8.077683823270949,7.786221004905501,7.952771186828613,4176800
1991-04-03,8.077685356140137,8.223416792977718,7.994410249375806,8.077685356140137,5113200
1991-04-04,8.07767917559697,8.910429606070885,8.036041654073275,8.660604476928711,7562400
1991-04-05,8.618968423807395,8.993706181364239,8.618968423807395,8.827156066894531,4358000
1991-04-08,8.785517041499798,8.827154563023493,8.535691912357622,8.660604476928711,1390000
1991-04-09,8.618966397117166,8.743878953597125,8.494053840637207,8.494053840637207,976400
1991-04-10,8.494054194859096,8.785516838800339,8.494054194859096,8.743879318237305,2561600
1991-04-11,8.827156066894531,8.868793595511958,8.70224348104225,8.827156066894531,2491200
1991-04-12,8.910430057507726,8.993705104774152,8.868792533874512,8.868792533874512,1499200
1991-04-15,8.868795164241348,8.952070236206055,8.827157628258993,8.952070236206055,1507200
1991-04-16,8.910431603325737,9.410081973605685,8.868794072469075,9.368444442749023,2212800
1991-04-17,9.493349640154532,9.743174630684914,9.451712141732802,9.701537132263184,3950400
1991-04-18,9.618269627888997,9.659907158745659,9.368444442749023,9.368444442749023,1569600
1991-04-19,9.36844574438559,9.410083281027303,9.160258061177021,9.24353313446045,1804000
1991-04-22,9.243532869550917,9.243532869550917,8.952070121411925,8.993707656860352,1336800
1991-04-23,9.0769835705032,9.201896188445904,8.952070952560495,9.035346031188965,1083200
1991-04-24,8.972887719443085,9.20189413455648,8.952068954432775,9.076981544494629,617200
1991-04-25,8.993706181364239,9.076981238599092,8.785518538277104,8.827156066894531,1951600
1991-04-26,8.785518865265916,8.827156395433052,8.618968744597368,8.70224380493164,912800
1991-04-29,8.743877174830674,8.743877174830674,8.41077709197998,8.41077709197998,1165600
1991-04-30,8.369141284157248,8.82715399125043,8.327503765330595,8.494053840637207,2650000
1991-05-01,8.494056154095956,8.806337630349484,8.410781093761681,8.70224380493164,1908000
1991-05-02,8.702241998452406,8.785517041499798,8.577329433881319,8.660604476928711,988000
1991-05-03,8.577329235985165,8.785516838800339,8.45241667429606,8.743879318237305,1042800
1991-05-06,8.743881009659678,8.868793595511958,8.660605952424824,8.827156066894531,746800
1991-05-07,8.910430057507726,9.07698015204058,8.868792533874512,8.868792533874512,1471200
1991-05-08,8.910431124129385,8.910431124129385,8.743881009659678,8.827156066894531,716400
1991-05-09,8.827157347229706,9.160257624483656,8.78551981257296,9.056163787841797,851600
1991-05-10,9.243530246573435,9.285167770206648,8.743879962974871,8.868792533874512,1708400
1991-05-13,8.910429400489443,8.910429400489443,8.6189667565482,8.743879318237305,1212400
1991-05-14,8.660604476928711,8.743879519976101,8.618966955405014,8.660604476928711,1487200
1991-05-15,8.577330265045166,8.618967790603637,8.20259253501892,8.327505111694336,1374000
1991-05-16,8.285870373694973,8.452420531960199,8.285870373694973,8.348326683044434,2309200
1991-05-17,8.369144439697266,8.410781974223122,8.327506905171408,8.369144439697266,835600
1991-05-20,8.327502071267308,8.43159584715815,8.327502071267308,8.41077709197998,1030000
1991-05-21,8.410779347786535,8.702241998452406,8.410779347786535,8.660604476928711,679200
1991-05-22,8.660611384039294,9.243537150272708,8.660611384039294,9.18108081817627,3150000
1991-05-23,9.201895043833577,9.201895043833577,9.076982441428596,9.097801208496094,1751600
1991-05-24,9.118624486079833,9.201899595541748,9.118624486079833,9.18108081817627,1211600
1991-05-28,9.160259230095043,9.534997107689842,9.160259230095043,9.493359565734863,1344400
1991-05-29,9.61826811666074,9.743180689604387,9.534993068031643,9.576630592346191,2232000
1991-05-30,9.534998319845284,9.618273414341749,9.285173036355888,9.410085678100586,1587200
1991-05-31,9.36844574438559,9.410083281027303,9.056164219572738,9.24353313446045,1987200
1991-06-03,9.243535420666001,9.243535420666001,9.118622779846191,9.118622779846191,380800
1991-06-04,9.118624486079833,9.201899595541748,8.993711821886958,9.18108081817627,795200
1991-06-05,9.2018951591404,9.2018951591404,9.035345020513425,9.056163787841797,879200
1991-06-06,9.118617804341726,9.201892852783203,9.035342755900249,9.201892852783203,1767600
1991-06-07,9.160259015092226,9.160259015092226,8.910433769226074,8.910433769226074,840800
1991-06-10,8.993704339339269,8.993704339339269,8.785516738891602,8.785516738891602,765200
1991-06-11,8.910433769226074,8.910433769226074,8.82715868727069,8.910433769226074,824000
1991-06-12,8.743879218802068,8.827154258981135,8.702241698712534,8.785516738891602,974400
1991-06-13,8.74387650045973,8.74387650045973,8.660601486169638,8.723057746887207,643200
1991-06-14,8.743882556294286,8.952070236206055,8.702245020311933,8.952070236206055,2151200
1991-06-17,8.952069951199936,9.160257624483656,8.86879488188645,9.056163787841797,1907200
1991-06-18,8.952070952560495,9.0769835705032,8.91043341324626,9.035346031188965,864400
1991-06-19,8.910435045146507,9.118622779846191,8.86879749820657,9.118622779846191,968800
1991-06-20,9.035342755900249,9.201892852783203,8.993705231679511,9.201892852783203,1400400
1991-06-21,9.28516674041748,9.28516674041748,9.160254183371505,9.28516674041748,1638400
1991-06-24,9.201896556069917,9.201896556069917,8.910433769226074,8.910433769226074,856000
1991-06-25,8.95206712759458,9.035342170641972,8.577329433881319,8.660604476928711,1445600
1991-06-26,8.743879318237305,8.827154359363375,8.577329235985165,8.743879318237305,1321200
1991-06-27,8.86879488188645,9.118620089826912,8.827157347229706,9.056163787841797,846800
1991-06-28,9.03534519230878,9.118620263205635,8.910432585963497,8.993707656860352,764400
1991-07-01,8.952070121411925,9.03534519230878,8.910432585963497,8.993707656860352,782400
1991-07-02,9.03534519230878,9.118620263205635,8.952070121411925,8.993707656860352,569600
1991-07-03,8.952070236206055,8.993707772188408,8.868795164241348,8.952070236206055,483200
1991-07-05,8.868794164635466,8.99370675850357,8.868794164635466,8.972887992858887,110000
1991-07-08,8.95206658829488,9.36844177844813,8.86879155026423,9.28516674041748,1776800
1991-07-09,9.326808806388609,9.368446345702845,8.952070952560495,9.035346031188965,1626000
1991-07-10,9.118619074515246,9.243531664577098,8.993706484453394,9.076981544494629,1909600
1991-07-11,9.160256385803223,9.160256385803223,9.035343798724089,9.160256385803223,862000
1991-07-12,9.160260326786128,9.243535420666001,9.035347685966316,9.118622779846191,774400
1991-07-15,9.076981544494629,9.118619074515246,8.993706484453394,9.076981544494629,548000
1991-07-16,9.118621109817434,9.118621109817434,8.952070952560495,9.035346031188965,775600
1991-07-17,8.993708912047625,8.993708912047625,8.868796288269186,8.889615058898926,717200
1991-07-18,8.868796228248382,8.952071310203767,8.82715868727069,8.910433769226074,810000
1991-07-19,8.910431124129385,8.910431124129385,8.827156066894531,8.827156066894531,608000
1991-07-22,8.910429299160203,8.910429299160203,8.785516738891602,8.785516738891602,350400
1991-07-23,8.868791613085516,8.868791613085516,8.45241641998291,8.45241641998291,1600000
1991-07-24,8.494052112692653,8.53568962304899,8.327502071267308,8.41077709197998,1968800
1991-07-25,8.535690215027449,8.618965241515522,8.369140162051304,8.577327728271484,834800
1991-07-26,8.618968744597368,8.70224380493164,8.577331214430231,8.70224380493164,316000
1991-07-29,8.702241698712534,8.847973019025902,8.660604178623,8.785516738891602,246000
1991-07-30,8.82715833461779,9.035346031188965,8.82715833461779,9.035346031188965,702800
1991-07-31,8.993706484453394,9.160256604535864,8.952068954432775,9.076981544494629,778400
1991-08-01,9.076982844153116,9.201895452100178,8.910432700223701,8.952070236206055,1013200
1991-08-02,9.076976557620101,9.076976557620101,8.660601486169638,8.723057746887207,1441200
1991-08-05,8.70224380493164,8.868793925600189,8.70224380493164,8.70224380493164,970400
1991-08-06,8.82715868727069,8.952071310203767,8.743883605315306,8.910433769226074,1080800
1991-08-07,8.952066921052479,8.993704441615513,8.743879318237305,8.743879318237305,1050800
1991-08-08,8.827156153592197,9.24353144385598,8.827156153592197,9.160256385803223,2648800
1991-08-09,9.160258769989014,9.32680892944336,9.07698369026184,9.32680892944336,1596400
1991-08-12,9.368441844808645,9.701541999290729,9.285166806188123,9.659904479980469,3940800
1991-08-13,9.701544936498006,10.159557787577311,9.659907404581705,9.99300765991211,3984000
1991-08-14,10.034650554656983,10.6592138671875,10.034650554656983,10.409388542175293,4947200
1991-08-15,10.451023722082619,10.451023722082619,10.076285819697187,10.242835998535156,2635600
1991-08-16,10.326110963396697,10.326110963396697,10.201198330774963,10.284473419189453,1662400
1991-08-19,9.993008498828935,10.159558640476085,9.743183286358212,10.034646034240723,1942800
1991-08-20,10.159556763583558,10.242831819022767,9.993006652705139,10.013825416564941,1143200
1991-08-21,10.159561603300032,10.367749341072575,10.159561603300032,10.326111793518066,1599200
1991-08-22,10.326103349728227,10.451015890249133,10.20119080920732,10.263647079467773,1716800
1991-08-23,10.201198330774963,10.367748507603942,10.159560786567718,10.284473419189453,968400
1991-08-26,10.305286258100027,10.409380058686896,10.201192457513159,10.367742538452148,899600
1991-08-27,10.367746181830675,10.451021251564255,10.326108646963885,10.43020248413086,708800
1991-08-28,10.36774195502786,10.700842098161285,10.36774195502786,10.61756706237793,2058400
1991-08-29,10.742479518055916,10.86739207059145,10.367741860449314,10.659204483032227,2010000
1991-08-30,10.617572904571775,10.700847986176258,10.575935363769531,10.575935363769531,556000
1991-09-03,10.680023241788149,10.78411703556776,10.575929448008537,10.659204483032227,2579600
1991-09-04,10.617576313018798,10.6592138671875,10.367750988006591,10.409388542175293,1282000
1991-09-05,10.534294503007478,10.534294503007478,10.326106864608121,10.38856315612793,1073600
1991-09-06,10.326105524281985,10.409380568832647,10.159555435180664,10.159555435180664,1257200
1991-09-09,10.159560909116172,10.28447354324465,10.117923364406678,10.242835998535156,261600
1991-09-10,10.1179195091504,10.242832095683122,9.784819278396478,9.9097318649292,2522400
1991-09-11,10.03464450635408,10.117919564498099,9.868094390066046,9.88891315460205,998000
1991-09-12,10.076281870758185,10.076281870758185,9.951369285583496,9.951369285583496,1320400
1991-09-13,9.993007366473858,9.993007366473858,9.743182182312012,9.743182182312012,1301200
1991-09-16,9.743181749552237,9.9097318649292,9.701544220707998,9.9097318649292,1657200
1991-09-17,9.868087125950105,9.909724624371837,9.576624636997993,9.701537132263184,1476800
1991-09-18,9.618271184522053,9.868096410094054,9.57663364692672,9.847277641296387,1543600
1991-09-19,9.909729595842032,9.909729595842032,9.659904479980469,9.659904479980469,1189600
1991-09-20,9.70154465161837,9.784819713005652,9.576632059537447,9.743182182312012,666000
1991-09-23,9.618269590231089,9.909732305086576,9.576632059537447,9.743182182312012,2355200
1991-09-24,9.784818649291992,9.86809370162639,9.618268544623191,9.784818649291992,1910800
1991-09-25,9.95137012799581,10.11792025566101,9.868095064163208,9.99300765991211,1412000
1991-09-26,9.951368541154178,9.951368541154178,9.82645596532379,9.868093490600586,1337200
1991-09-27,9.909735190966899,10.076285362243652,9.909735190966899,10.076285362243652,1355200
1991-09-30,10.07628356965251,10.07628356965251,9.909733428005362,10.034646034240723,878400
1991-10-01,10.034646034240723,10.07628356965251,9.95137096341715,10.034646034240723,904400
1991-10-02,9.993006066430972,10.034643591707768,9.868093490600586,9.868093490600586,347200
1991-10-03,9.868090174368083,9.909727685652335,9.61826510666256,9.639083862304688,1397200
1991-10-04,9.618266297219622,9.701541330095981,9.534991264343262,9.534991264343262,934000
1991-10-07,9.493360772597052,9.493360772597052,9.368448130852354,9.410085678100586,1158800
1991-10-08,9.36844119859054,9.57662878078144,9.32680368215236,9.534991264343262,1583200
1991-10-09,9.326806501908736,9.451719088987872,9.076981327750467,9.160256385803223,2309600
1991-10-10,9.201897941859423,9.493360772597052,9.16026039461119,9.410085678100586,2029600
1991-10-11,9.4517162314669,9.57662878078144,9.410078715028721,9.534991264343262,958000
1991-10-14,9.451720173076048,9.826457977294922,9.451720173076048,9.826457977294922,1496800
1991-10-15,9.909733428005362,10.07628356965251,9.826458357181787,10.034646034240723,1079200
1991-10-16,10.034648153945984,10.326110963396697,9.99301060973874,10.284473419189453,1173200
1991-10-17,10.242831984324436,10.242831984324436,9.909731757191935,9.951369285583496,1582000
1991-10-18,10.034642868354672,10.242830479731325,9.993005346079341,10.159555435180664,1434000
1991-10-21,10.20119799070122,10.20119799070122,10.034647819424464,10.076285362243652,1362400
1991-10-22,10.117921105064298,10.201196175887873,9.993008498828935,10.034646034240723,1974400
1991-10-23,9.993003746131798,10.076278777349563,9.53499107443409,9.618266105651855,3321200
1991-10-24,9.618267411452074,9.701542453975467,9.326804762620192,9.472536087036133,2081600
1991-10-25,9.53499434382905,9.53499434382905,9.326806694400467,9.451719284057617,1416800
1991-10-28,9.534991922049686,9.659904479980469,9.451716883429166,9.659904479980469,878400
1991-10-29,9.743181643625682,9.951369285583496,9.659906586842558,9.951369285583496,1192000
1991-10-30,9.993006546304834,10.097100364495509,9.784818909923482,10.055462837219238,3147200
1991-10-31,10.07628198030616,10.07628198030616,9.868094336084958,9.9097318649292,1407600
1991-11-01,9.993003746131798,9.993003746131798,9.53499107443409,9.618266105651855,1491200
1991-11-04,9.534997107689842,9.659909733554773,9.410084481824908,9.493359565734863,1796800
1991-11-05,9.534998319845284,9.534998319845284,9.326810583604122,9.410085678100586,1405200
1991-11-06,9.57662878078144,9.618266297219622,9.36844119859054,9.534991264343262,1659600
1991-11-07,9.618268338939812,9.909731015877382,9.576630813663016,9.868093490600586,2634000
1991-11-08,9.9097318649292,9.99300692261768,9.826456807240717,9.9097318649292,1055200
1991-11-11,9.9097318649292,9.99300692261768,9.868094336084958,9.9097318649292,386000
1991-11-12,9.90973159726593,10.076281708144348,9.90973159726593,10.013825416564941,1049200
1991-11-13,9.951366985776296,10.201192098389928,9.909729467007358,10.11791706085205,1390800
1991-11-14,10.159557787577311,10.284470383326212,9.868095064163208,9.99300765991211,1328000
1991-11-15,9.909736245079378,9.909736245079378,9.410085678100586,9.410085678100586,1455600
1991-11-18,9.410084481824908,9.493359565734863,9.368446939869932,9.493359565734863,1216800
1991-11-19,9.410080473886897,9.410080473886897,8.952067707458772,9.201892852783203,2702800
1991-11-20,9.20189410474332,9.451719284057617,9.160256574857602,9.451719284057617,2012800
1991-11-21,9.368446469306946,9.451721549034119,9.285171389579773,9.32680892944336,890800
1991-11-22,9.285169164514752,9.493356813943333,9.20189410474332,9.451719284057617,992000
1991-11-25,9.410084009170532,9.493359088897705,9.285171389579773,9.32680892944336,1871200
1991-11-26,9.45171681647878,9.45171681647878,9.03534162632553,9.28516674041748,1925600
1991-11-27,9.243529221402156,9.36844177844813,9.243529221402156,9.28516674041748,682400
1991-11-29,9.243529221402156,9.326804259432805,9.243529221402156,9.28516674041748,224800
1991-12-02,9.160254183371505,9.28516674041748,9.11861666435618,9.28516674041748,1998400
1991-12-03,9.24353313446045,9.326808207743877,9.160258061177021,9.24353313446045,1558000
1991-12-04,9.243532988082531,9.243532988082531,8.868795164241348,8.952070236206055,1899600
1991-12-05,8.827156395433052,8.952068985934464,8.660606274764504,8.70224380493164,2682800
1991-12-06,8.577331214430231,8.827156395433052,8.535693684263093,8.70224380493164,2930800
1991-12-09,8.743879519976101,8.86879208454719,8.618966955405014,8.660604476928711,2284000
1991-12-10,8.702241797674269,8.868791879926409,8.660604277111235,8.743879318237305,964400
1991-12-11,8.827152195543347,8.91042721625602,8.285864560910971,8.41077709197998,2558000
1991-12-12,8.494053840637207,8.577328878290512,8.452416321810553,8.494053840637207,2366400
1991-12-13,8.618968744597368,8.84797516051662,8.618968744597368,8.70224380493164,1577600
1991-12-16,8.70224380493164,8.827156395433052,8.660606274764504,8.70224380493164,1700800
1991-12-17,8.74387778124763,8.785515294491667,8.577327728271484,8.577327728271484,2436400
1991-12-18,8.577335996726125,8.577335996726125,7.95277269599364,8.077685356140137,4051600
1991-12-19,7.952763386748053,7.994400891390713,7.286563312465494,7.328200817108154,10818400
1991-12-20,7.4947525107342265,7.744577594425368,7.453114996785703,7.66130256652832,5289600
1991-12-23,7.702944278717041,7.744581815358754,7.5363941321501855,7.702944278717041,2350400
1991-12-24,7.61966674558578,7.827854361585392,7.61966674558578,7.744579315185547,2021200
1991-12-26,7.827857017517089,7.827857017517089,7.619669330880996,7.82785701751709,1936400
1991-12-27,7.744580161762747,7.869492745016985,7.702942634011335,7.78621768951416,2367600
1991-12-30,7.869494351473723,8.285869713985559,7.827856815222539,8.244232177734375,5617600
1991-12-31,8.285869370645552,8.702244715904122,8.285869370645552,8.369144439697266,6741200
1992-01-02,8.20259253501892,8.327505111694336,8.119317483901977,8.327505111694336,2048400
1992-01-03,8.369142089571271,8.452417135238647,8.077679429735456,8.160954475402832,1314400
1992-01-06,8.20259672752167,8.327509368042303,8.036046540160823,8.181777954101562,1950400
1992-01-07,8.202592311127816,8.202592311127816,8.036042213439941,8.036042213439941,1724000
1992-01-08,8.077683823270949,8.077683823270949,7.82785855038628,7.952771186828613,2656000
1992-01-09,7.952767381668091,8.41078016281128,7.9111298561096195,8.327505111694336,2305600
1992-01-10,8.285867904043439,8.327505431199436,8.077680268263453,8.202592849731445,1602000
1992-01-13,8.119318962097168,8.160956495236128,7.911131296402369,8.119318962097168,2027600
1992-01-14,8.077682241480401,8.119319778807618,7.51557548756295,7.82785701751709,8113600
1992-01-15,7.9111311584711075,8.036043755710125,7.744581028819084,7.994406223297119,5104800
1992-01-16,8.077679429735456,8.244229521070208,7.952766861234393,8.160954475402832,5572800
1992-01-17,8.160960462904468,8.202598016286634,8.036047802757972,8.077685356140137,1331200
1992-01-20,8.11931791152546,8.11931791152546,7.702942634011335,7.78621768951416,4028000
1992-01-21,7.70294795489178,7.827860624430565,7.453122615814208,7.453122615814209,4607200
1992-01-22,7.494754175986014,7.744579315185547,7.4531166527860915,7.744579315185547,3228400
1992-01-23,7.786219101785962,7.8278566370896305,7.578031425267621,7.619668960571289,1674000
1992-01-24,7.619664444113678,7.786214486607966,7.536389422866534,7.723758220672607,1743200
1992-01-27,7.661306868208215,7.911132092171527,7.661306868208215,7.82785701751709,830400
1992-01-28,7.994405110677083,7.994405110677083,7.869492530822754,7.869492530822754,1505600
1992-01-29,7.911130057440864,7.952767584058973,7.827855004204644,7.869492530822754,1638800
1992-01-30,7.869494554844308,7.911132092171527,7.786219480189871,7.82785701751709,567600
1992-01-31,7.869494172393298,7.869494172393298,7.453118819356616,7.619668960571289,2767600
1992-02-03,7.536392317877875,7.911130057440864,7.536392317877875,7.869492530822754,1260800
1992-02-04,7.952767164596004,8.036042213439941,7.869492115752067,8.036042213439941,2860400
1992-02-05,8.036041906901769,8.41077961240496,7.952766861234393,8.160954475402832,2790000
1992-02-06,8.181774086153446,8.285867904043439,8.11931779541945,8.202592849731445,1816800
1992-02-07,8.244229835549785,8.244229835549785,8.036042213439941,8.036042213439941,1269600
1992-02-10,8.0360434983906,8.077681029470343,7.786218311912135,7.911130905151367,1321200
1992-02-11,7.911129640174035,8.07767973786191,7.827854591330098,8.036042213439941,615600
1992-02-12,8.160956495236128,8.202594028375087,8.036043895819247,8.119318962097168,1020800
1992-02-13,8.11931779541945,8.327505431199436,8.077680268263453,8.202592849731445,2575200
1992-02-14,8.16095500946045,8.369142637252807,8.119317483901977,8.327505111694336,1480800
1992-02-18,8.36914138136239,8.660604016534213,8.327503862052128,8.45241641998291,3579200
1992-02-19,8.410780852517965,8.535693439436548,8.369143323545103,8.431599617004395,2376800
1992-02-20,8.452416224595977,8.577328779639268,8.410778706248214,8.535691261291504,2368400
1992-02-21,8.535691067792367,8.618966102600098,8.452416032984637,8.618966102600098,2600000
1992-02-24,8.53569145860343,8.618966497223953,8.45241641998291,8.45241641998291,1550400
1992-02-25,8.494054341487747,8.702241947896761,8.410779298924142,8.68142318725586,2115600
1992-02-26,8.702241698712534,8.785516738891602,8.702241698712534,8.785516738891602,750800
1992-02-27,8.82715833461779,9.0769835705032,8.82715833461779,9.035346031188965,2136400
1992-02-28,9.03534519230878,9.160257798654062,8.952070121411925,8.993707656860352,1675200
1992-03-02,8.993707772188408,8.993707772188408,8.868795164241348,8.952070236206055,1300000
1992-03-03,8.910431124129385,8.993706181364239,8.743881009659678,8.827156066894531,1672800
1992-03-04,8.827151514749822,8.86878902189487,8.702238993314683,8.723057746887207,1130400
1992-03-05,8.74387778124763,8.785515294491667,8.535690215027449,8.577327728271484,836400
1992-03-06,8.660602154118001,8.660602154118001,8.41077709197998,8.41077709197998,479200
1992-03-09,8.41077961240496,8.452417135238647,8.160954475402832,8.160954475402832,1243600
1992-03-10,8.244231561514047,8.285869094653007,8.036043895819247,8.119318962097168,2253200
1992-03-11,8.119318962097168,8.119318962097168,7.869493763263408,8.119318962097168,2708400
1992-03-12,8.077680268263453,8.369142958355434,8.036042741107456,8.202592849731445,1018000
1992-03-13,8.244230376887442,8.285867904043439,8.077680268263453,8.202592849731445,700800
1992-03-16,8.202593885362148,8.202593885362148,7.994406223297119,7.994406223297119,1374800
1992-03-17,8.160955322575447,8.285867904043439,8.077680268263453,8.202592849731445,588000
1992-03-18,8.2858651544127,8.2858651544127,8.119315101057673,8.14013385772705,582400
1992-03-19,8.11931779541945,8.244230376887442,8.11931779541945,8.202592849731445,586800
1992-03-20,8.160956495236128,8.244231561514047,8.119318962097168,8.119318962097168,1272800
1992-03-23,8.119318820536137,8.119318820536137,7.994406223297119,7.994406223297119,1096400
1992-03-24,8.0360414091663,8.07767892942105,7.911128848402058,7.97358512878418,1284000
1992-03-25,7.952768690884113,8.07768128812313,7.952768690884113,7.994406223297119,1000400
1992-03-26,8.119319778807618,8.119319778807618,7.744581942862652,7.82785701751709,1084800
1992-03-27,7.869492745016985,7.911130272768398,7.744580161762747,7.78621768951416,1579200
1992-03-30,7.869494554844308,7.869494554844308,7.619669330880996,7.82785701751709,880400
1992-03-31,7.827857017517089,7.9944071668259635,7.744581942862652,7.82785701751709,1110000
1992-04-01,7.7029440311786255,7.744581566482294,7.619668960571289,7.619668960571289,666400
1992-04-02,6.495454624720982,6.974286215645926,5.74597909109933,5.829254150390625,21799200
1992-04-03,5.954165953998419,5.995803478152253,5.204690519229387,5.371240615844727,20746000
1992-04-06,5.496155596793966,5.9541685631934635,5.454518054394012,5.870893478393555,11365200
1992-04-07,5.995804268973214,6.079079328264509,5.74597909109933,5.829254150390625,5891600
1992-04-08,5.745978832244873,5.912528943324434,5.704341304474982,5.745978832244873,6052800
1992-04-09,5.745978832244873,5.829253887784653,5.662703776705092,5.745978832244873,1914000
1992-04-10,5.82925497180354,5.82925497180354,5.704342365264893,5.704342365264893,2404400
1992-04-13,5.704342365264893,5.787617436290658,5.641886061995569,5.704342365264893,6010800
1992-04-14,5.662703947587447,5.745979005640204,5.329603715376421,5.496153831481934,7622800
1992-04-15,5.579428780347781,5.662703836770882,5.454516195713129,5.5377912521362305,2473600
1992-04-16,5.537794021459726,5.62106911952679,5.392062599842365,5.412881374359131,1718000
1992-04-20,5.454515664152397,5.579428236613903,5.287965567537057,5.371240615844727,2146000
1992-04-21,5.371241421926589,5.454516482731653,5.204691300316463,5.246328830718994,3583200
1992-04-22,5.287965567537057,5.412878139998562,5.204690519229387,5.371240615844727,922400
1992-04-23,5.4128772765398026,5.4128772765398026,5.246327206492424,5.329602241516113,4074000
1992-04-24,5.3296060869770665,5.3296060869770665,5.121418349204525,5.163055896759033,1199200
1992-04-27,5.1630555439770704,5.287968178105548,5.121417999267578,5.121417999267578,2874800
1992-04-28,5.121416425704957,5.163053957621257,4.954866298039755,4.996503829956055,2153200
1992-04-29,4.996502673039671,5.121415239865662,4.913227628489009,5.079777717590332,3884400
1992-04-30,5.121415239865662,5.1630527621409925,5.038140195315001,5.079777717590332,1725600
1992-05-01,5.121417766760204,5.163055309579392,4.996505138302638,5.038142681121826,1724400
1992-05-04,4.9965053651391,5.204693088686563,4.9965053651391,5.121417999267578,1758400
1992-05-05,5.20468825032275,5.454513286338242,5.163050744320168,5.350419521331787,2644800
1992-05-06,5.454516195713129,5.621066308559332,5.371241139290028,5.5377912521362305,1450000
1992-05-07,5.5377920121525435,5.579429546078503,5.371241876448708,5.4336981773376465,1706400
1992-05-08,5.454516944300625,5.496154478226584,5.371241876448708,5.4336981773376465,1839200
1992-05-11,5.454515624402174,5.579428195953369,5.412878100551776,5.579428195953369,728400
1992-05-12,5.537792223213363,5.745979900777775,5.49615468770048,5.704342365264893,2922000
1992-05-13,5.745979533475988,5.787617066327264,5.579429402070887,5.6627044677734375,1870800
1992-05-14,5.662703243654166,5.662703243654166,5.4961531482525725,5.579428195953369,1990000
1992-05-15,5.579429975902761,5.662705050169967,5.454517364501953,5.454517364501953,1979200
1992-05-18,5.537791198559022,5.6210662541764504,5.454516142941593,5.558609962463379,342000
1992-05-19,5.537791869219612,5.6627044677734375,5.537791869219612,5.6627044677734375,722000
1992-05-20,5.662701698585793,5.662701698585793,5.57942667360659,5.621064186096191,582800
1992-05-21,5.662701698585793,5.662701698585793,5.537789161116988,5.621064186096191,833600
1992-05-22,5.621064186096191,5.621064186096191,5.537789161116988,5.621064186096191,1651600
1992-05-26,5.5377900521253745,5.745977648069938,5.496152532936462,5.641883850097656,1586000
1992-05-27,5.579428780347781,5.704341364982433,5.5377912521362305,5.5377912521362305,678000
1992-05-28,5.579427942688212,5.704340508569291,5.537790420727852,5.683521747589111,1464400
1992-05-29,5.745976723564995,5.745976723564995,5.621064186096191,5.621064186096191,1071600
1992-06-01,5.662701698585793,5.662701698585793,5.537789161116988,5.621064186096191,1638800
1992-06-02,5.621066934922163,5.6627044677734375,5.579429402070887,5.6627044677734375,738800
1992-06-03,5.60024542985139,5.745976723564995,5.5586079173617895,5.621064186096191,1038000
1992-06-04,5.6627044677734375,5.8084358327529015,5.579429402070887,5.6627044677734375,1148000
1992-06-05,5.537790672102971,5.6210657198037675,5.4961531482525725,5.579428195953369,2387600
1992-06-08,5.579428780347781,5.579428780347781,5.49615372392468,5.5377912521362305,1283200
1992-06-09,5.579429546078503,5.621067080004462,5.412879410374667,5.4336981773376465,4179200
1992-06-10,5.496156472426194,5.496156472426194,5.3296062762920675,5.412881374359131,1627600
1992-06-11,5.371242290234748,5.454517364501953,5.371242290234748,5.454517364501953,1448000
1992-06-12,5.454516195713129,5.5377912521362305,5.4128786675015785,5.5377912521362305,1840400
1992-06-15,5.5377912521362305,5.5377912521362305,5.454516195713129,5.5377912521362305,357200
1992-06-16,5.454517364501953,5.537792438769158,5.454517364501953,5.454517364501953,510000
1992-06-17,5.496153831481934,5.537791360508312,5.412878773429178,5.496153831481934,1364000
1992-06-18,5.4961531355574325,5.4961531355574325,5.32960304054054,5.392059326171875,2004400
1992-06-19,5.371242290234748,5.454517364501953,5.371242290234748,5.454517364501953,950800
1992-06-22,5.4128772765398026,5.4128772765398026,5.329602241516113,5.329602241516113,293200
1992-06-23,5.371240615844727,5.454515664152397,5.371240615844727,5.371240615844727,430000
1992-06-24,5.371241244402799,5.537791360508312,5.371241244402799,5.496153831481934,733600
1992-06-25,5.621067513036364,5.704342587303569,5.329604753101145,5.454517364501953,4956000
1992-06-26,5.454516944300625,5.454516944300625,5.371241876448708,5.4336981773376465,1132400
1992-06-29,5.49615372392468,5.5377912521362305,5.4128786675015785,5.5377912521362305,1178000
1992-06-30,5.496153831481934,5.57942888953469,5.454516302455556,5.496153831481934,1532000
1992-07-01,5.49615366562553,5.787616360014763,5.49615366562553,5.745978832244873,1140800
1992-07-02,5.787617206573486,5.829254740433727,5.704342138853005,5.787617206573486,1125600
1992-07-06,5.787617066327264,5.787617066327264,5.579429402070887,5.6627044677734375,864000
1992-07-07,5.57942888953469,5.704341476613825,5.496153831481934,5.496153831481934,2408400
1992-07-08,5.49615372392468,5.579428780347781,5.454516195713129,5.5377912521362305,3123600
1992-07-09,5.454516195713129,5.5377912521362305,5.454516195713129,5.5377912521362305,412000
1992-07-10,5.704342029847119,5.704342029847119,5.454516831459655,5.475335597991943,1689600
1992-07-13,5.454516302455556,5.57942888953469,5.454516302455556,5.496153831481934,2504000
1992-07-14,5.496153831481934,5.496153831481934,5.412878773429178,5.496153831481934,2159600
1992-07-15,5.4961531883062325,5.4961531883062325,5.371240615844727,5.371240615844727,1319200
1992-07-16,5.3712438253256,5.454518923392663,5.3712438253256,5.412881374359131,1514800
1992-07-17,5.329603091690892,5.412878139998562,5.329603091690892,5.371240615844727,2421200
1992-07-20,5.371242763489251,5.371242763489251,5.287967681884766,5.287967681884766,1688000
1992-07-21,5.371241765330499,5.496154364524232,5.287966699201345,5.475335597991943,924000
1992-07-22,5.41287982736835,5.454517364501953,5.371242290234748,5.454517364501953,237200
1992-07-23,5.371240615844727,5.454515664152397,5.371240615844727,5.371240615844727,689200
1992-07-24,5.454516302455556,5.496153831481934,5.371241244402799,5.496153831481934,352400
1992-07-27,5.412878773429178,5.57942888953469,5.412878773429178,5.496153831481934,197600
1992-07-28,5.4961531482525725,5.6210657198037675,5.454515624402174,5.579428195953369,265600
1992-07-29,5.621066934922163,5.704342000624713,5.537791869219612,5.6627044677734375,746800
1992-07-30,5.66270482975201,5.787617436290658,5.621067294239127,5.704342365264893,1293200
1992-07-31,5.704342000624713,5.787617066327264,5.6627044677734375,5.6627044677734375,409200
1992-08-03,5.745976723564995,5.745976723564995,5.621064186096191,5.621064186096191,111200
1992-08-04,5.745979900777775,5.745979900777775,5.6002485264826865,5.704342365264893,804000
1992-08-05,5.662703243654166,5.704340767504564,5.579428195953369,5.579428195953369,931200
1992-08-06,5.579429569740721,5.662704637945806,5.579429569740721,5.600248336791992,422000
1992-08-07,5.621067103843264,5.662704637945806,5.579429569740721,5.600248336791992,216000
1992-08-10,5.579429402070887,5.6627044677734375,5.579429402070887,5.6627044677734375,1048000
1992-08-11,5.579429402070887,5.6627044677734375,5.579429402070887,5.6627044677734375,154400
1992-08-12,5.579429569740721,5.662704637945806,5.579429569740721,5.600248336791992,197600
1992-08-13,5.6210657198037675,5.662703243654166,5.579428195953369,5.579428195953369,626000
1992-08-14,5.662703243654166,5.662703243654166,5.579428195953369,5.579428195953369,551600
1992-08-17,5.57942667360659,5.662701698585793,5.57942667360659,5.621064186096191,230000
1992-08-18,5.662701698585793,5.704339211075394,5.57942667360659,5.621064186096191,1176400
1992-08-19,5.6210657198037675,5.704340767504564,5.579428195953369,5.579428195953369,454400
1992-08-20,5.57942667360659,5.662701698585793,5.57942667360659,5.621064186096191,1417600
1992-08-21,5.579428780347781,5.621066308559332,5.49615372392468,5.5377912521362305,1080800
1992-08-24,5.496153831481934,5.57942888953469,5.454516302455556,5.496153831481934,979600
1992-08-25,5.412881374359131,5.496156472426194,5.412881374359131,5.412881374359131,903600
1992-08-26,5.496153831481934,5.558610125021501,5.412878773429178,5.496153831481934,397600
1992-08-27,5.5377912521362305,5.558610016242006,5.454516195713129,5.5377912521362305,568400
1992-08-28,5.496153831481934,5.57942888953469,5.412878773429178,5.496153831481934,798800
1992-08-31,5.412880812234025,5.496155901653011,5.079780454558086,5.121417999267578,1736000
1992-09-01,5.038142681121826,5.121417766760204,4.954867595483449,5.038142681121826,4070400
1992-09-02,5.038143254095508,5.163055896759033,4.996505706541,5.163055896759033,1774800
1992-09-03,5.121415239865662,5.204690284416324,5.079777717590332,5.079777717590332,1646400
1992-09-04,5.079780454558086,5.1630555439770704,5.0381429098485935,5.121417999267578,1262800
1992-09-08,5.1630527621409925,5.1630527621409925,5.038140195315001,5.079777717590332,1932800
1992-09-09,5.038139618933201,5.329602241516113,5.038139618933201,5.329602241516113,1028800
1992-09-10,5.329603091690892,5.371240615844727,5.204690519229387,5.371240615844727,660400
1992-09-11,5.287968699639965,5.37124379727209,5.204693602007839,5.267149925231934,979200
1992-09-14,5.329603891524058,5.350422656725324,5.204691300316463,5.246328830718994,1020000
1992-09-15,5.204693444313541,5.246330991868049,5.121418349204525,5.163055896759033,1569600
1992-09-16,5.1630525091087005,5.246327549578196,5.121414988873953,5.183871269226074,1004400
1992-09-17,5.163055896759033,5.246330991868049,5.163055896759033,5.163055896759033,237200
1992-09-18,5.204693444313541,5.204693444313541,5.163055896759033,5.163055896759033,869600
1992-09-21,5.163055896759033,5.204693444313541,5.121418349204525,5.163055896759033,878400
1992-09-22,5.246327549578196,5.246327549578196,5.1630525091087005,5.183871269226074,520400
1992-09-23,5.1630525091087005,5.204690029343448,5.121414988873953,5.183871269226074,535200
1992-09-24,5.163055896759033,5.204693444313541,5.163055896759033,5.163055896759033,372800
1992-09-25,5.1630527621409925,5.204690284416324,5.038140195315001,5.079777717590332,1564400
1992-09-28,5.079780454558086,5.121417999267578,5.0381429098485935,5.121417999267578,1034000
1992-09-29,5.163055059478039,5.287967681884766,5.163055059478039,5.287967681884766,1548800
1992-09-30,5.204689688980579,5.329602241516113,5.204689688980579,5.329602241516113,1197600
1992-10-01,5.246329364548641,5.329604433827191,5.204691829909366,5.225510597229004,1189600
1992-10-02,5.287966899187916,5.287966899187916,5.163054295270091,5.225510597229004,508800
1992-10-05,5.163054295270091,5.246329364548641,5.163054295270091,5.225510597229004,1055200
1992-10-06,5.246327993032095,5.412878088048986,5.163052945523648,5.392059326171875,1066000
1992-10-07,5.3712438253256,5.537794021459726,5.3712438253256,5.412881374359131,1090000
1992-10-08,5.454517364501953,5.537792438769158,5.454517364501953,5.454517364501953,620400
1992-10-09,5.537794021459726,5.537794021459726,5.412881374359131,5.412881374359131,469200
1992-10-12,5.41287982736835,5.496154901635555,5.41287982736835,5.454517364501953,442000
1992-10-13,5.454517364501953,5.496154901635555,5.41287982736835,5.454517364501953,693600
1992-10-14,5.496154901635555,5.496154901635555,5.41287982736835,5.454517364501953,447600
1992-10-15,5.41287982736835,5.454517364501953,5.41287982736835,5.454517364501953,903200
1992-10-16,5.412879298395077,5.496154364524232,5.412879298395077,5.475335597991943,824800
1992-10-19,5.412879616674716,5.704342365264893,5.412879616674716,5.704342365264893,1004400
1992-10-20,5.704338878393173,6.0374389588832855,5.662701368331909,5.9958014488220215,2258400
1992-10-21,6.0790782994237444,6.16235334462133,6.037440776824951,6.037440776824951,1664400
1992-10-22,6.120715822022537,6.120715822022537,5.9541657316273655,6.037440776824951,881600
1992-10-23,5.954168796539307,6.037443884602793,5.954168796539307,5.954168796539307,495200
1992-10-26,5.9541639387607574,6.0374389588832855,5.9541639387607574,5.9958014488220215,574400
1992-10-27,5.995803080813985,6.037440602208527,5.8292529952358185,5.912528038024902,1908400
1992-10-28,5.8292531638309875,6.037440776824951,5.8292531638309875,6.037440776824951,967200
1992-10-29,6.037442376804684,6.037442376804684,5.912529775905276,5.9749860763549805,608000
1992-10-30,5.91253102079351,5.9541685631934635,5.829255935993601,5.870893478393555,997200
1992-11-02,5.8292529952358185,5.912528038024902,5.787615473841277,5.912528038024902,1898400
1992-11-03,5.870893478393555,5.91253102079351,5.829255935993601,5.870893478393555,569200
1992-11-04,5.912529964969583,6.120717639792455,5.829254895040434,6.079080104827881,1852400
1992-11-05,6.079079301565286,6.370542007804717,6.037441772102509,6.203991889953613,3386800
1992-11-06,6.287266565050397,7.494754845755441,6.20399151120867,7.286567211151123,13580800
1992-11-09,7.3282067632100665,7.411481840064726,6.745281225227448,6.911831378936768,9688800
1992-11-10,6.9118296867463656,6.9118296867463656,6.662004517345894,6.828554630279541,3160000
1992-11-11,6.870193348990546,6.911830884438974,6.620368136299981,6.745280742645264,2178800
1992-11-12,6.828555930475271,6.91183100279814,6.662005785829532,6.703643321990967,2219600
1992-11-13,6.786918378939294,6.786918378939294,6.495455626469509,6.537093162536621,2320400
1992-11-16,6.495455626469509,6.578730698603733,6.370543018268172,6.537093162536621,2288000
1992-11-17,6.578730600851554,6.786918278093691,6.537093065403126,6.745280742645264,5252800
1992-11-18,6.786917854757871,7.411480847527,6.70364278905532,7.078380584716797,8175600
1992-11-19,7.036743994218757,7.120019071073417,6.870193840509438,6.911831378936768,2871200
1992-11-20,6.953470706939697,7.078383354369752,6.74528296122294,6.953470706939697,2700000
1992-11-23,6.953465658245664,6.953465658245664,6.745278063687411,6.870190620422363,835200
1992-11-24,6.786917631050133,6.8701926940078035,6.662005036613627,6.807736396789551,1317600
1992-11-25,6.786915749029406,6.8701907888947975,6.5787281493659275,6.599546909332275,1614400
1992-11-27,6.578727484492127,6.745277547390661,6.578727484492127,6.682821273803711,1047200
1992-11-30,6.745278982015757,6.786916506596101,6.370541260792659,6.495453834533691,2768800
1992-12-01,6.537093515519972,6.537093515519972,6.328905823942903,6.4121809005737305,1541600
1992-12-02,6.453817994506271,6.786918278093691,6.370542923609416,6.745280742645264,6073600
1992-12-03,6.786918394313836,6.91183100279814,6.620368249668098,6.703643321990967,2729200
1992-12-04,6.703641245636759,6.703641245636759,6.495453629312636,6.578728675842285,2017200
1992-12-07,6.578730698603733,6.578730698603733,6.4121805543352846,6.537093162536621,1752000
1992-12-08,6.53709115257746,6.620366199107109,6.453816106047811,6.578728675842285,1163600
1992-12-09,6.578728989631899,6.745279090635239,6.4538164138793945,6.4538164138793945,1978400
1992-12-10,6.412180611119864,6.516274452209473,6.328905538248177,6.516274452209473,1931600
1992-12-11,6.495457271360002,6.66200745780513,6.412182178137438,6.620369911193848,1021200
1992-12-14,6.578730698603733,6.662005770737958,6.495455626469509,6.537093162536621,624000
1992-12-15,6.537093515519972,6.578731053835386,6.328905823942903,6.4121809005737305,1059200
1992-12-16,6.432997698783875,6.495453987121582,6.079078731536866,6.245628833770752,2858400
1992-12-17,6.287263654373787,6.287263654373787,6.03743860850463,6.162351131439209,2090000
1992-12-18,6.203991889953613,6.287266948879165,6.120716831028061,6.203991889953613,1610000
1992-12-21,6.2456272567905255,6.2456272567905255,6.079077196609445,6.09989595413208,748400
1992-12-22,6.037440602208527,6.037440602208527,5.57942786686857,5.912528038024902,4305600
1992-12-23,5.91253102079351,5.9541685631934635,5.787618393593647,5.870893478393555,1674400
1992-12-24,5.954167087463169,6.079079683703655,5.8708920233028445,6.058260917663574,726400
1992-12-28,6.079078123603068,6.079078123603068,5.891709277327631,5.912528038024902,939200
1992-12-29,5.9541639387607574,6.0374389588832855,5.870888918638229,5.9958014488220215,1235600
1992-12-30,6.037441306460688,6.037441306460688,5.954166253957782,6.016622543334961,593600
1992-12-31,6.037440776824951,6.0790782994237444,5.995803254226159,6.037440776824951,1016000
1993-01-04,6.2039914114665,6.2039914114665,5.9958037802092345,6.016622543334961,1037600
1993-01-05,6.037443884602793,6.037443884602793,5.912531252507564,5.954168796539307,898000
1993-01-06,5.99580634057105,6.037443884602793,5.912531252507564,5.954168796539307,1528400
1993-01-07,6.037441205978394,6.412178936004639,5.995803680419922,6.245628833770752,4434400
1993-01-08,6.245630747312076,6.578731053835386,6.162355670681247,6.4121809005737305,4591600
1993-01-11,6.4121809005737305,6.453818438889145,6.370543362258317,6.4121809005737305,785200
1993-01-12,6.370542159205988,6.412179689658315,6.203992037396682,6.328904628753662,1561600
1993-01-13,6.328904739278832,6.328904739278832,6.2039921457404335,6.287267208099365,342400
1993-01-14,6.412180059096393,6.412180059096393,6.079079796286191,6.370542526245117,2188000
1993-01-15,6.203992037396682,6.328904628753662,6.1623545069443555,6.328904628753662,1088400
1993-01-18,6.287267208099365,6.328904739278832,6.1831733801507,6.287267208099365,535600
1993-01-19,6.245628575809667,6.4121786711645905,6.245628575809667,6.349722385406494,1200000
1993-01-20,6.328903736212315,6.662003932855068,6.245628687051626,6.495453834533691,2924800
1993-01-21,6.495453987121582,6.620366563796997,6.245628833770752,6.245628833770752,2794800
1993-01-22,6.328904210304727,6.328904210304727,6.120716571807861,6.120716571807861,1222400
1993-01-25,6.120717828924006,6.2456304376775575,6.037442756421639,6.183174133300781,1578400
1993-01-26,6.1623553651751894,6.287267973928741,6.1623553651751894,6.183174133300781,861200
1993-01-27,6.203992901426374,6.2456304376775575,6.120717828924006,6.183174133300781,1254000
1993-01-28,6.162353782653809,6.287266359329224,6.120716257095337,6.245628833770752,830000
1993-01-29,6.245628833770752,6.328903884887695,6.20399130821228,6.245628833770752,1076400
1993-02-01,6.287263654373787,6.370538669663506,6.162351131439209,6.162351131439209,582000
1993-02-02,6.120713623794349,6.203988639084068,6.120713623794349,6.162351131439209,538400
1993-02-03,6.162353782653809,6.328903884887695,6.162353782653809,6.245628833770752,1141200
1993-02-04,6.287266359329224,6.412178936004639,6.245628833770752,6.245628833770752,914400
1993-02-05,6.245626146728927,6.328901162018647,6.03743860850463,6.162351131439209,1661200
1993-02-08,6.162351131439209,6.183169885261639,6.03743860850463,6.162351131439209,2177600
1993-02-09,6.12071979427677,6.162357343897701,5.787619397309326,5.850075721740723,2810800
1993-02-10,5.912528038024902,5.912528038024902,5.787615473841277,5.912528038024902,845200
1993-02-11,5.912526653006725,5.912526653006725,5.787614118084048,5.891707897186279,536000
1993-02-12,5.829254740433727,5.9125298081542095,5.787617206573486,5.787617206573486,322400
1993-02-16,5.787614236054597,5.829251748544198,5.537789161116988,5.621064186096191,1305600
1993-02-17,5.579428726367737,5.6210662541764504,5.496153670750307,5.558609962463379,1506400
1993-02-18,5.621066308559332,5.704341364982433,5.5377912521362305,5.5377912521362305,1286400
1993-02-19,5.6210657198037675,5.662703243654166,5.537790672102971,5.579428195953369,646400
1993-02-22,5.6210657198037675,5.641884481728966,5.537790672102971,5.579428195953369,1277600
1993-02-23,5.579428726367737,5.662703781985165,5.537791198559022,5.558609962463379,1416400
1993-02-24,5.5377912521362305,5.621066308559332,5.454516195713129,5.5377912521362305,1779200
1993-02-25,5.5377912521362305,5.662703836770882,5.49615372392468,5.5377912521362305,1576400
1993-02-26,5.6210657198037675,5.662703243654166,5.579428195953369,5.579428195953369,1278000
1993-03-01,5.621064186096191,5.704339211075394,5.57942667360659,5.621064186096191,1358800
1993-03-02,5.662704772949219,5.745979843139649,5.621067237854004,5.725161075592041,1001600
1993-03-03,5.829254150390625,5.870891680036272,5.74597909109933,5.829254150390625,525200
1993-03-04,5.829254913330079,5.829254913330079,5.662704772949219,5.725161075592041,1229200
1993-03-05,5.704341561453683,5.870891680036272,5.662704031808035,5.829254150390625,1072800
1993-03-08,5.829253887784653,5.870891415554544,5.745978832244873,5.745978832244873,834800
1993-03-09,5.787615349146432,5.870890390141345,5.745977828648977,5.766796588897705,424400
1993-03-10,5.829254740433727,5.829254740433727,5.662704604992764,5.787617206573486,948800
1993-03-11,5.745979533475988,5.787617066327264,5.621066934922163,5.6627044677734375,856800
1993-03-12,5.57942667360659,5.621064186096191,5.496151648627387,5.621064186096191,1069600
1993-03-15,5.579429402070887,5.704342000624713,5.579429402070887,5.6627044677734375,353600
1993-03-16,5.662703243654166,5.662703243654166,5.537790672102971,5.579428195953369,273600
1993-03-17,5.537791360508312,5.57942888953469,5.454516302455556,5.496153831481934,446800
1993-03-18,5.454516302455556,5.57942888953469,5.454516302455556,5.496153831481934,1299600
1993-03-19,5.57942888953469,5.621066418561069,5.496153831481934,5.496153831481934,487200
1993-03-22,5.454517364501953,5.537792438769158,5.41287982736835,5.454517364501953,274000
1993-03-23,5.454517364501953,5.537792438769158,5.433698595935152,5.454517364501953,598000
1993-03-24,5.496154478226584,5.5377920121525435,5.412879410374667,5.4336981773376465,588400
1993-03-25,5.412879270665786,5.745979533475988,5.412879270665786,5.6627044677734375,1156800
1993-03-26,5.662701698585793,5.745976723564995,5.537789161116988,5.621064186096191,364400
1993-03-29,5.621066418561069,5.662703947587447,5.496153831481934,5.496153831481934,372000
1993-03-30,5.4961531482525725,5.579428195953369,5.4961531482525725,5.579428195953369,46400
1993-03-31,5.246328554655376,5.745978893193984,5.246328554655376,5.5377912521362305,1856000
1993-04-01,5.53779292669822,5.53779292669822,5.204692600280281,5.287967681884766,1276400
1993-04-02,5.246327806691654,5.287965328966985,5.079777717590332,5.079777717590332,999200
1993-04-05,5.163054604566734,5.454517364501953,5.079779530299529,5.454517364501953,1478400
1993-04-06,5.454516482731653,5.454516482731653,5.204691300316463,5.246328830718994,4146400
1993-04-07,5.204692600280281,5.329605222687008,5.163055059478039,5.287967681884766,850000
1993-04-08,5.32960693359375,5.32960693359375,5.121419162750244,5.2046942710876465,2125600
1993-04-12,5.2046942710876465,5.287969379425049,5.163056716918946,5.2046942710876465,250400
1993-04-13,5.204693088686563,5.287968178105548,5.121417999267578,5.121417999267578,549600
1993-04-14,5.121416657657947,5.204691725262141,4.850772687944316,4.913228988647461,2062000
1993-04-15,4.913224813764187,4.954862312185918,4.788312318498996,4.850768566131592,1944800
1993-04-16,4.913227278610756,4.954864797921016,4.829952239990234,4.829952239990234,863200
1993-04-19,4.829953560462364,4.913228621849647,4.829953560462364,4.871591091156006,765200
1993-04-20,4.829954866777387,4.913229950687342,4.746679782867432,4.746679782867432,855600
1993-04-21,4.829952239990234,4.954864797921016,4.746677201369713,4.829952239990234,1222800
1993-04-22,4.829952239990234,4.954864797921016,4.788314720679974,4.829952239990234,2037200
1993-04-23,4.829952239990234,4.871589759300495,4.829952239990234,4.829952239990234,575200
1993-04-26,4.829954866777387,4.829954866777387,4.746679782867432,4.746679782867432,872000
1993-04-27,4.7883160297687235,4.871591091156006,4.705040968381441,4.871591091156006,554000
1993-04-28,4.871592408732364,4.871592408732364,4.746679782867432,4.746679782867432,307600
1993-04-29,4.788315296173096,4.8299528204876445,4.705040247543999,4.788315296173096,490400
1993-04-30,4.788314720679974,4.871589759300495,4.746677201369713,4.829952239990234,707200
1993-05-03,4.871591234207154,4.996503829956055,4.829953702290853,4.996503829956055,428400
1993-05-04,5.038142681121826,5.079780223941015,4.954867595483449,5.038142681121826,1383600
1993-05-05,5.079777717590332,5.079777717590332,4.996502673039671,5.079777717590332,455600
1993-05-06,4.996502917745839,5.0797779663749365,4.788315296173096,4.788315296173096,862800
1993-05-07,4.788315296173096,4.913227869116742,4.705040247543999,4.788315296173096,1066400
1993-05-10,4.788314720679974,4.871589759300495,4.746677201369713,4.829952239990234,1068800
1993-05-11,4.788314720679974,4.913227278610756,4.788314720679974,4.829952239990234,389600
1993-05-12,4.829952239990234,4.913227278610756,4.788314720679974,4.829952239990234,1674800
1993-05-13,4.871589759300495,4.871589759300495,4.788314720679974,4.829952239990234,669200
1993-05-14,4.746677201369713,4.871589759300495,4.746677201369713,4.829952239990234,172000
1993-05-17,4.871590344802193,4.871590344802193,4.746677771858547,4.788315296173096,330400
1993-05-18,4.871591091156006,4.892409856502826,4.7883160297687235,4.871591091156006,486800
1993-05-19,4.829953345931878,4.9548659324646,4.746678288243397,4.9548659324646,850000
1993-05-20,5.038141361872356,5.079778893788656,4.954866298039755,4.996503829956055,611600
1993-05-21,4.996503829956055,5.038141361872356,4.913228766123454,4.996503829956055,391200
1993-05-24,4.871589326239252,4.954864357457017,4.725858021608163,4.809133052825928,655200
1993-05-25,4.746677201369713,4.913227278610756,4.746677201369713,4.829952239990234,262400
1993-05-26,4.871589759300495,4.913227278610756,4.788314720679974,4.829952239990234,412400
1993-05-27,4.8715914548453645,4.996504056251656,4.78831638724117,4.913228988647461,703600
1993-05-28,4.913228621849647,4.954866152543288,4.7883160297687235,4.871591091156006,324800
1993-06-01,4.954866522449558,4.954866522449558,4.829953921043267,4.913228988647461,553200
1993-06-02,4.913228087729595,4.913228087729595,4.788315509227996,4.892409324645996,744800
1993-06-03,4.829953921043267,4.913228988647461,4.78831638724117,4.913228988647461,320400
1993-06-04,4.913228621849647,4.913228621849647,4.829953560462364,4.871591091156006,444000
1993-06-07,4.913228988647461,4.996504056251656,4.8715914548453645,4.913228988647461,402800
1993-06-08,4.829949816920727,4.954862312185918,4.829949816920727,4.850768566131592,205200
1993-06-09,4.829953560462364,4.913228621849647,4.7883160297687235,4.871591091156006,540800
1993-06-10,4.788314720679974,4.871589759300495,4.788314720679974,4.829952239990234,85600
1993-06-11,4.871589759300495,4.913227278610756,4.829952239990234,4.829952239990234,185200
1993-06-14,4.91323005266426,5.121417766760204,4.829954967025883,5.038142681121826,1287600
1993-06-15,5.163052995075551,5.412878139998562,5.079777946767881,5.371240615844727,2762000
1993-06-16,5.745980287527109,6.495455977204559,5.662705210896282,6.4121809005737305,18737600
1993-06-17,6.495451192598084,6.557907454065374,6.120713623794349,6.162351131439209,9848400
1993-06-18,6.245629446847098,6.245629446847098,5.829254150390625,5.829254150390625,4099200
1993-06-21,5.829254150390625,5.933347974504743,5.787616620744977,5.829254150390625,2466000
1993-06-22,5.829253893220023,5.829253893220023,5.537791198559022,5.558609962463379,2976400
1993-06-23,5.579429537272282,5.829254740433727,5.45451693569156,5.787617206573486,1958400
1993-06-24,5.745979672713245,5.870892274293968,5.704342138853005,5.787617206573486,1015200
1993-06-25,5.787615473841277,5.912528038024902,5.745977952446736,5.912528038024902,742400
1993-06-28,5.9125298081542095,5.9541673420144505,5.787617206573486,5.787617206573486,783600
1993-06-29,5.829253887784653,5.829253887784653,5.621066248935201,5.745978832244873,1265600
1993-06-30,5.6627044677734375,5.704342000624713,5.579429402070887,5.6627044677734375,540800
1993-07-01,5.662701698585793,5.662701698585793,5.537789161116988,5.621064186096191,764000
1993-07-02,5.600246146939835,5.6210649058503925,5.49615235238705,5.516971111297607,926400
1993-07-06,5.496153831481934,5.621066418561069,5.496153831481934,5.496153831481934,699600
1993-07-07,5.496154501535636,5.662704637945806,5.496154501535636,5.600248336791992,898000
1993-07-08,5.579428195953369,5.641884481728966,5.537790672102971,5.579428195953369,540000
1993-07-09,5.621067103843264,5.662704637945806,5.537792035638178,5.600248336791992,764800
1993-07-12,5.621066308559332,5.662703836770882,5.5377912521362305,5.5377912521362305,1042000
1993-07-13,5.579429402070887,5.6627044677734375,5.537791869219612,5.6627044677734375,605200
1993-07-14,5.662703776705092,5.787616360014763,5.662703776705092,5.745978832244873,315600
1993-07-15,5.662703776705092,5.745978832244873,5.621066248935201,5.745978832244873,977600
1993-07-16,5.745978291354962,5.78761581520536,5.537790672102971,5.579428195953369,664400
1993-07-19,5.600247654047879,5.621066418561069,5.496153831481934,5.496153831481934,461200
1993-07-20,5.49615372392468,5.579428780347781,5.454516195713129,5.5377912521362305,414400
1993-07-21,5.496154901635555,5.537792438769158,5.454517364501953,5.454517364501953,260000
1993-07-22,5.454516482731653,5.537791543536716,5.246328830718994,5.246328830718994,1223200
1993-07-23,5.246328043383222,5.412878139998562,5.246328043383222,5.371240615844727,309600
1993-07-26,5.371241876448708,5.496154478226584,5.371241876448708,5.4336981773376465,360000
1993-07-27,5.454515664152397,5.454515664152397,5.350421853767809,5.371240615844727,369600
1993-07-28,5.329603891524058,5.412878952329121,5.246328830718994,5.246328830718994,623600
1993-07-29,5.246330141082524,5.329605222687008,5.246330141082524,5.287967681884766,340400
1993-07-30,5.287967681884766,5.371242763489251,5.287967681884766,5.287967681884766,576000
1993-08-02,5.287968727258535,5.412881374359131,5.287968727258535,5.412881374359131,342400
1993-08-03,5.371240576701378,5.579428195953369,5.371240576701378,5.579428195953369,2094800
1993-08-04,5.621064186096191,5.745976723564995,5.57942667360659,5.621064186096191,780800
1993-08-05,5.641882942340992,5.662701698585793,5.537789161116988,5.621064186096191,250400
1993-08-06,5.621066418561069,5.621066418561069,5.454516302455556,5.496153831481934,284800
1993-08-09,5.454516944300625,5.5377920121525435,5.412879410374667,5.4336981773376465,539200
1993-08-10,5.412878139998562,5.4336969020754795,5.329603091690892,5.371240615844727,1880000
1993-08-11,5.4128772765398026,5.4128772765398026,5.287964724004269,5.329602241516113,1782400
1993-08-12,5.350423521667946,5.496154901635555,5.329604753101145,5.454517364501953,2080800
1993-08-13,5.454517364501953,5.496154901635555,5.454517364501953,5.454517364501953,582800
1993-08-16,5.454516195713129,5.5377912521362305,5.454516195713129,5.5377912521362305,312800
1993-08-17,5.49615372392468,5.579428780347781,5.49615372392468,5.5377912521362305,326800
1993-08-18,5.537791193395421,5.745978832244873,5.537791193395421,5.745978832244873,730400
1993-08-19,5.74597909109933,5.912529209681919,5.662704031808035,5.829254150390625,962800
1993-08-20,5.8292529952358185,5.912528038024902,5.8292529952358185,5.912528038024902,531600
1993-08-23,5.870892699046802,5.933349004355811,5.787617625301457,5.808436393737793,799200
1993-08-24,5.787618393593647,5.891712249593533,5.745980851193692,5.870893478393555,1467600
1993-08-25,5.850074527138157,5.933349609375,5.850074527138157,5.933349609375,941200
1993-08-26,5.912528038024902,5.954165559419444,5.87089051663036,5.912528038024902,872000
1993-08-27,5.870889621383094,6.09989595413208,5.870889621383094,6.09989595413208,1522000
1993-08-30,6.079080292672822,6.183174133300782,6.079080292672822,6.183174133300781,1431200
1993-08-31,6.1623545069443555,6.328904628753662,6.1623545069443555,6.328904628753662,1866800
1993-09-01,6.328904628753662,6.391360924432152,6.287267098301335,6.328904628753662,2320800
1993-09-02,6.3705392093981725,6.391357964984441,6.079076631190413,6.141532897949219,2008800
1993-09-03,6.141536597049598,6.224811669551966,6.141536597049598,6.183174133300781,461600
1993-09-07,6.203989164708024,6.203989164708024,6.079076631190413,6.141532897949219,382400
1993-09-08,6.079078123603068,6.099896884300339,5.912528038024902,5.912528038024902,1098400
1993-09-09,5.9541639387607574,5.9958014488220215,5.912526428699493,5.9958014488220215,222400
1993-09-10,5.995802166518905,6.09989595413208,5.97498340899627,6.09989595413208,587600
1993-09-13,6.09989595413208,6.14153346917735,6.079077196609445,6.09989595413208,416000
1993-09-14,6.0998978079581745,6.141535335657548,6.037441516409115,6.120716571807861,740400
1993-09-15,6.12071564499761,6.12071564499761,5.850071755933089,5.912528038024902,1580800
1993-09-16,5.891711009088708,5.995804843171548,5.891711009088708,5.9749860763549805,800800
1993-09-17,5.954168796539307,5.99580634057105,5.912531252507564,5.954168796539307,1927600
1993-09-20,5.954168796539307,5.99580634057105,5.912531252507564,5.954168796539307,1541600
1993-09-21,5.9749875685551785,5.99580634057105,5.912531252507564,5.954168796539307,1492800
1993-09-22,5.995802166518905,6.09989595413208,5.954164651473635,6.09989595413208,1186400
1993-09-23,6.079079143232682,6.349723077691671,6.079079143232682,6.266448020935059,2265200
1993-09-24,6.2456296769199,6.328904739278832,6.2456296769199,6.287267208099365,994000
1993-09-27,6.2456296769199,6.328904739278832,6.2456296769199,6.287267208099365,774400
1993-09-28,6.266448020935059,6.308085549313365,6.2248104925567525,6.266448020935059,702800
1993-09-29,6.245630094320468,6.308086395263673,6.203992560358331,6.308086395263672,1512000
1993-09-30,6.328905162244741,6.328905162244741,6.266448861301536,6.308086395263672,2830400
1993-10-01,6.266448020935059,6.287266785124212,6.2248104925567525,6.266448020935059,860000
1993-10-04,6.2248104925567525,6.266448020935059,6.2248104925567525,6.266448020935059,2202800
1993-10-05,6.266448442509632,6.328904739278832,6.2456296769199,6.287267208099365,1243600
1993-10-06,6.266448020935059,6.308085549313365,6.2456292567459055,6.266448020935059,1960800
1993-10-07,6.245628575809667,6.349722385406494,6.245628575809667,6.349722385406494,1026800
1993-10-08,6.370540549702449,6.599546909332275,6.328903029769753,6.599546909332275,2290000
1993-10-11,6.64118868449949,6.745282551027694,6.578732364582566,6.620369911193848,2103200
1993-10-12,6.599546726876899,6.641184245658457,6.474634170532227,6.474634170532227,1126000
1993-10-13,6.47463466823101,6.682822278141975,6.47463466823101,6.662003517150879,1920000
1993-10-14,6.662003517150879,6.703641039133071,6.620365995168686,6.662003517150879,1114800
1993-10-15,6.641183376312256,6.662002132977811,6.6203646196467,6.641183376312256,2752000
1993-10-18,6.9951054341084244,7.036742966454308,6.7660990062060655,6.9326491355896,5619200
1993-10-19,6.891008456298923,6.932645969630035,6.599545862981144,6.641183376312256,2839600
1993-10-20,6.662003517150879,6.682822278141975,6.578728473186493,6.662003517150879,1466800
1993-10-21,6.662005091006039,6.786917686462402,6.641186325096645,6.786917686462402,4779200
1993-10-22,6.495454750562969,6.620367341919949,6.328904628753662,6.328904628753662,3009800
1993-10-25,6.328903736212315,6.495453834533691,6.28726621163197,6.495453834533691,2359200
1993-10-26,6.495454863996695,6.495454863996695,6.287267208099365,6.287267208099365,3016600
1993-10-27,6.245630244686179,6.245630244686179,6.037442569863306,6.079080104827881,2498800
1993-10-28,6.07907611614949,6.162351131439209,6.03743860850463,6.162351131439209,2174800
1993-10-29,6.12071564499761,6.12071564499761,5.8292529952358185,5.912528038024902,2361800
1993-11-01,5.9541657316273655,6.037440776824951,5.912528209028573,6.037440776824951,2385400
1993-11-02,6.037443884602793,6.079081428634537,5.912531252507564,5.954168796539307,1336600
1993-11-03,6.037443884602793,6.120718972666281,5.912531252507564,5.954168796539307,2133200
1993-11-04,5.9541673420144505,6.037442409734932,5.745979672713245,5.787617206573486,2186000
1993-11-05,5.829256164444077,5.954168796539307,5.7043435323488465,5.954168796539307,1683800
1993-11-08,5.954167499934157,6.16235517475703,5.912529964969583,6.079080104827881,1447000
1993-11-09,6.07907646894455,6.203988999128342,5.9958014488220215,5.9958014488220215,1887600
1993-11-10,6.037441915587375,6.328904628753662,5.954166854682722,6.328904628753662,1657000
1993-11-11,6.287266359329224,6.370541410446167,6.20399130821228,6.245628833770752,2318200
1993-11-12,6.20399130821228,6.328903884887695,6.20399130821228,6.245628833770752,1721400
1993-11-15,6.328904628753662,6.328904628753662,6.245629567849009,6.328904628753662,2027600
1993-11-16,6.287267098301335,6.370542159205988,6.245629567849009,6.328904628753662,2005400
1993-11-17,6.370541410446167,6.412178936004639,6.245628833770752,6.245628833770752,2182400
1993-11-18,6.287266682605354,6.287266682605354,6.079079044108488,6.120716571807861,2655000
1993-11-19,6.162351489067078,6.162351489067078,5.9541639387607574,5.9958014488220215,2266800
1993-11-22,5.9541639387607574,6.0374389588832855,5.870888918638229,5.9958014488220215,3035000
1993-11-23,5.954166713176957,6.203991889953613,5.954166713176957,6.203991889953613,3830000
1993-11-24,6.2039927097216045,6.2039927097216045,6.037442569863306,6.079080104827881,1146200
1993-11-26,6.120717639792455,6.120717639792455,6.037442569863306,6.079080104827881,105800
1993-11-29,6.037440776824951,6.120715822022537,6.037440776824951,6.037440776824951,855600
1993-11-30,6.120717329137466,6.370542526245117,6.037442263434915,6.370542526245117,2459400
1993-12-01,6.412178385257721,6.703641039133071,6.370540863275528,6.662003517150879,10498600
1993-12-02,6.662005091006039,6.870192750099978,6.662005091006039,6.786917686462402,6600600
1993-12-03,6.786918278093691,6.828555813542119,6.662005671748409,6.745280742645264,4146600
1993-12-06,6.703645288944244,7.036745675972529,6.703645288944244,6.995108127593994,4477400
1993-12-07,6.995106075121009,7.120018683605313,6.578730713506663,6.703643321990967,3963800
1993-12-08,6.662005671748409,6.786918278093691,6.578730600851554,6.745280742645264,1694800
1993-12-09,6.745278561115264,6.7869160830974575,6.620365995168686,6.662003517150879,2380400
1993-12-10,6.620365995168686,6.703641039133071,6.620365995168686,6.662003517150879,2254000
1993-12-13,6.6203682346708455,6.70364330680507,6.370543018268172,6.537093162536621,2571600
1993-12-14,6.453817591947668,6.537092657650218,6.370542526245117,6.370542526245117,1956600
1993-12-15,6.453818090402397,6.537093162536621,6.370543018268172,6.537093162536621,1354200
1993-12-16,6.537093515519972,6.537093515519972,6.370543362258317,6.4121809005737305,2091400
1993-12-17,6.453815907239914,6.745278561115264,6.412178385257721,6.662003517150879,3609200
1993-12-20,6.620366199107109,6.662003722371934,6.495453629312636,6.578728675842285,2084200
1993-12-21,6.57872888369438,6.620366408274724,6.495453834533691,6.495453834533691,2638400
1993-12-22,6.453816309953347,6.537091359114036,6.328903736212315,6.495453834533691,1818400
1993-12-23,6.453818438889145,6.537093515519972,6.4121809005737305,6.4121809005737305,1386200
1993-12-27,6.495453834533691,6.495453834533691,6.412178785373003,6.495453834533691,858400
1993-12-28,6.495454750562969,6.495454750562969,6.287267098301335,6.328904628753662,1468800
1993-12-29,6.328904739278832,6.412179801637763,6.287267208099365,6.287267208099365,1999200
1993-12-30,6.328903838126891,6.5370914643810645,6.328903838126891,6.4538164138793945,2006600
1993-12-31,6.4121809005737305,6.662006130466214,6.4121809005737305,6.4121809005737305,2273600
1994-01-03,6.370542526245117,6.453817591947668,6.287267460542567,6.370542526245117,2238800
1994-01-04,6.370542159205988,6.412179689658315,6.287267098301335,6.328904628753662,1571800
1994-01-05,6.287267208099365,6.370542270458297,6.287267208099365,6.287267208099365,1316400
1994-01-06,6.328905314615328,6.328905314615328,6.079080104827881,6.079080104827881,1735600
1994-01-07,6.079081190393326,6.120718732793281,5.870893478393555,5.870893478393555,3335600
1994-01-10,5.9541673420144505,5.9541673420144505,5.787617206573486,5.787617206573486,5029400
1994-01-11,5.745979672713245,5.829254740433727,5.704342138853005,5.787617206573486,2211000
1994-01-12,5.787616360014763,5.829253887784653,5.621066248935201,5.745978832244873,5917000
1994-01-13,5.787616620744977,5.912529209681919,5.704341561453683,5.829254150390625,7286400
1994-01-14,5.787615473841277,5.995803080813985,5.745977952446736,5.912528038024902,3920200
1994-01-17,5.912526085570051,6.203988639084068,5.912526085570051,6.162351131439209,3952600
1994-01-18,6.079079044108488,6.120716571807861,5.912528933310996,6.120716571807861,5022600
1994-01-19,6.2039921457404335,6.370542270458297,6.162354614560967,6.287267208099365,4484400
1994-01-20,6.20399130821228,6.287266359329224,6.162353782653809,6.245628833770752,2909400
1994-01-21,6.245629419416389,6.287266948879165,6.120716831028061,6.203991889953613,2884800
1994-01-24,6.162351131439209,6.203988639084068,6.120713623794349,6.162351131439209,1349200
1994-01-25,6.079079044108488,6.162354099507234,5.995803988709742,6.120716571807861,1978600
1994-01-26,6.0790782994237444,6.16235334462133,5.995803254226159,6.037440776824951,1930600
1994-01-27,5.954168796539307,6.037443884602793,5.912531252507564,5.954168796539307,1020400
1994-01-28,5.91253102079351,5.995806105593418,5.870893478393555,5.870893478393555,1238000
1994-01-31,5.954165559419444,5.954165559419444,5.8292529952358185,5.912528038024902,1320800
1994-02-01,5.829254740433727,5.870892274293968,5.745979672713245,5.787617206573486,2341800
1994-02-02,5.745979900777775,5.787617436290658,5.66270482975201,5.704342365264893,1806400
1994-02-03,5.662701368331909,5.9958014488220215,5.662701368331909,5.9958014488220215,3194200
1994-02-04,6.0374415266341055,6.0374415266341055,5.704341304474982,5.745978832244873,2111800
1994-02-07,5.704342365264893,5.787617436290658,5.66270482975201,5.704342365264893,1141400
1994-02-08,5.745978832244873,5.829253887784653,5.662703776705092,5.745978832244873,2007200
1994-02-09,5.74597909109933,5.912529209681919,5.74597909109933,5.829254150390625,2439800
1994-02-10,5.8292529952358185,5.954165559419444,5.8292529952358185,5.912528038024902,2493000
1994-02-11,5.91253102079351,5.9541685631934635,5.829255935993601,5.870893478393555,2049000
1994-02-14,5.829254150390625,5.912529209681919,5.74597909109933,5.829254150390625,3621600
1994-02-15,5.8292529952358185,5.912528038024902,5.745977952446736,5.912528038024902,3001800
1994-02-16,5.829254365125239,6.287267208099365,5.829254365125239,6.287267208099365,7317600
1994-02-17,6.245628833770752,6.45381646156311,6.20399130821228,6.245628833770752,5184600
1994-02-18,6.245629567849009,6.370542159205988,6.203992037396682,6.328904628753662,2882600
1994-02-22,6.287267208099365,6.328904739278832,6.162354614560967,6.287267208099365,1919200
1994-02-23,6.2456296769199,6.370542270458297,6.2456296769199,6.287267208099365,1730400
1994-02-24,6.203992037396682,6.370542159205988,6.203992037396682,6.328904628753662,2290600
1994-02-25,6.287269538303591,6.66200745780513,6.287269538303591,6.620369911193848,4117800
1994-02-28,6.703641039133071,6.703641039133071,6.620365995168686,6.662003517150879,2410000
1994-03-01,6.620366199107109,6.662003722371934,6.453816106047811,6.578728675842285,1881200
1994-03-02,6.495457271360002,6.66200745780513,6.370544631526156,6.620369911193848,2528400
1994-03-03,6.620365585801164,7.203290857506927,6.620365585801164,7.036740779876709,11644800
1994-03-04,6.953470579215458,7.078383224351065,6.870195482458387,6.995108127593994,15955200
1994-03-07,6.953468917364098,7.078381532646087,6.828556302082108,6.911831378936768,9923200
1994-03-08,6.82855521828119,6.82855521828119,6.703642622824827,6.786917686462402,2780000
1994-03-09,6.786918763654778,6.911831378936768,6.620368609945458,6.911831378936768,3516000
1994-03-10,6.870193466636705,6.953468538959575,6.703643321990967,6.703643321990967,2167400
1994-03-11,6.662005671748409,6.786918278093691,6.662005671748409,6.745280742645264,1318200
1994-03-14,6.7452801546436145,6.911830281918766,6.7452801546436145,6.786917686462402,2971600
1994-03-15,6.745278063687411,6.953465658245664,6.745278063687411,6.870190620422363,1794000
1994-03-16,6.8285576442502585,6.8285576442502585,6.578732364582566,6.620369911193848,2897000
1994-03-17,6.662005671748409,6.745280742645264,6.578730600851554,6.745280742645264,1196000
1994-03-18,6.745280858152402,6.786918394313836,6.662005785829532,6.703643321990967,3922000
1994-03-21,6.703641039133071,6.745278561115264,6.578728473186493,6.662003517150879,4691000
1994-03-22,6.537091359114036,6.703641457435412,6.453816309953347,6.495453834533691,4537800
1994-03-23,6.4538164138793945,6.578728989631899,6.4538164138793945,6.4538164138793945,4070400
1994-03-24,6.495455124798943,6.537092657650218,6.287267460542567,6.370542526245117,5704400
1994-03-25,6.328904478341941,6.412179537267493,6.203991889953613,6.203991889953613,2458600
1994-03-28,6.203988999128342,6.245626509189606,5.870888918638229,5.9958014488220215,5464800
1994-03-29,6.037443647993372,6.079081190393326,5.829255935993601,5.870893478393555,2672200
1994-03-30,5.8292529952358185,5.954165559419444,5.8292529952358185,5.912528038024902,1209000
1994-03-31,5.870890686429781,6.037440776824951,5.787615641232195,6.037440776824951,3402200
1994-04-04,5.954166739327567,5.995804268973214,5.787616620744977,5.829254150390625,1410800
1994-04-05,5.870888918638229,6.07907646894455,5.829251408576965,5.9958014488220215,1925400
1994-04-06,5.995803998864215,5.995803998864215,5.704341304474982,5.745978832244873,1502400
1994-04-07,5.829253887784653,5.829253887784653,5.662703776705092,5.745978832244873,1961800
1994-04-08,5.704339211075394,5.745976723564995,5.57942667360659,5.621064186096191,3335000
1994-04-11,5.704342000624713,5.704342000624713,5.621066934922163,5.6627044677734375,1106000
1994-04-12,5.704339211075394,5.704339211075394,5.57942667360659,5.621064186096191,2144000
1994-04-13,5.579427346587181,5.579427346587181,5.287964724004269,5.329602241516113,2391800
1994-04-14,5.32960693359375,5.32960693359375,5.2046942710876465,5.2046942710876465,2166600
1994-04-15,5.204693602007839,5.329606248456027,5.163056053191776,5.267149925231934,1910000
1994-04-18,5.246327806691654,5.287965328966985,5.038140195315001,5.079777717590332,2056600
1994-04-19,5.121415490689485,5.121415490689485,4.705040247543999,4.788315296173096,4898000
1994-04-20,4.871591110229492,4.871591110229492,4.66340345594618,4.684222221374512,8254200
1994-04-21,4.746678288243397,4.9548659324646,4.663403230554917,4.9548659324646,2826800
1994-04-22,4.996504056251656,5.038141590053753,4.913228988647461,4.913228988647461,1759800
1994-04-25,4.996503140063996,4.996503140063996,4.829953035395196,4.892409324645996,1451400
1994-04-26,4.954866152543288,4.996503683236929,4.829953560462364,4.871591091156006,2042800
1994-04-28,4.871592408732364,4.913229950687342,4.705042240912454,4.746679782867432,2363200
1994-04-29,4.788317424206695,5.079780223941015,4.7466798813875055,5.038142681121826,2135000
1994-05-02,5.121414988873953,5.246327549578196,5.038139948404458,5.183871269226074,1981200
1994-05-03,5.1630555439770704,5.246330633396056,4.9965053651391,5.121417999267578,1654600
1994-05-04,5.163055309579392,5.163055309579392,4.996505138302638,5.038142681121826,1821400
1994-05-05,5.079780223941015,5.079780223941015,4.91323005266426,5.038142681121826,1425800
1994-05-06,4.913227869116742,5.038140442060388,4.746677771858547,4.788315296173096,1320400
1994-05-09,4.829954624176025,4.829954624176025,4.66340446472168,4.66340446472168,2706400
1994-05-10,4.705041319636976,4.913228988647461,4.705041319636976,4.913228988647461,4280800
1994-05-11,4.871592164039612,4.871592164039612,4.66340446472168,4.66340446472168,3064200
1994-05-12,4.705042839050293,4.788317933546758,4.663405291802061,4.705042839050293,1696000
1994-05-13,4.705042004585266,4.705042004585266,4.53849184513092,4.66340446472168,3317000
1994-05-16,4.705042004585266,4.7466795444488525,4.621766924858093,4.66340446472168,1033800
1994-05-17,4.621765832288549,4.663403362309167,4.455215712206079,4.5384907722473145,2698600
1994-05-18,4.538491363878603,4.5593101316028175,4.413578757533321,4.496853828430176,3717200
1994-05-19,4.455216884613037,4.538491966568421,4.371941802657653,4.455216884613037,6232600
1994-05-20,4.4552158016628685,4.746678517659505,4.4552158016628685,4.684222221374512,3365600
1994-05-23,4.705040779980746,4.705040779980746,4.538490663875233,4.580128192901611,1988800
1994-05-24,4.580128192901611,4.62176572192799,4.538490663875233,4.580128192901611,1572200
1994-05-25,4.580128899327031,4.580128899327031,4.496853828430176,4.496853828430176,2161800
1994-05-26,4.580128899327031,4.663403970223886,4.455216292981748,4.496853828430176,1321800
1994-05-27,4.538490140060494,4.621765188501971,4.455215091619017,4.600946426391602,947200
1994-05-31,4.580128147916974,4.621765676534401,4.371940504829839,4.413578033447266,3200200
1994-06-01,4.413577179681687,4.413577179681687,4.330302138555617,4.371939659118652,8747400
1994-06-02,4.413578182185462,4.580128302267932,4.371940652164844,4.5384907722473145,2841600
1994-06-03,4.496854305267334,4.66340446472168,4.496854305267334,4.66340446472168,2909800
1994-06-06,4.705040779980746,4.746678309007125,4.580128192901611,4.580128192901611,3789000
1994-06-07,4.621767710333001,4.663405257272938,4.49685506951319,4.559311389923096,1881800
1994-06-08,4.621766924858093,4.705042004585266,4.621766924858093,4.66340446472168,4598000
1994-06-09,4.663401748194839,4.913226841848134,4.6217642325859565,4.809133052825928,6156200
1994-06-10,5.038141784826255,5.038141784826255,4.871591643179106,5.017323017120361,3757000
1994-06-13,5.038141590053753,5.038141590053753,4.8715914548453645,4.913228988647461,2064800
1994-06-14,5.0381411787063355,5.246328830718994,4.996503648303804,5.246328830718994,4900000
1994-06-15,5.246330991868049,5.246330991868049,5.079780801650016,5.163055896759033,3184200
1994-06-16,5.121419162750244,5.2046942710876465,5.079781608581543,5.2046942710876465,2040800
1994-06-17,5.204691926473404,5.204691926473404,4.996504249414468,5.017323017120361,2229800
1994-06-20,4.954865878595967,5.038140935379093,4.913228350204404,4.975684642791748,1323000
1994-06-21,4.954864797921016,4.954864797921016,4.788314720679974,4.829952239990234,1419800
1994-06-22,4.871591234207154,4.996503829956055,4.829953702290853,4.996503829956055,1505400
1994-06-23,4.954865393431291,4.996502917745839,4.788315296173096,4.788315296173096,1001000
1994-06-24,4.788316713797079,4.788316713797079,4.580129030588511,4.621766567230225,1747400
1994-06-27,4.621767157002499,4.913229950687342,4.496854531137567,4.746679782867432,1428200
1994-06-28,4.8299528204876445,4.913227869116742,4.705040247543999,4.788315296173096,1463000
1994-06-29,4.746678499075083,4.996503683236929,4.746678499075083,4.871591091156006,2252800
1994-06-30,4.913228350204404,4.99650340698753,4.829953293421279,4.975684642791748,1516000
1994-07-01,4.954866298039755,5.038141361872356,4.913228766123454,4.996503829956055,616600
1994-07-05,4.913228766123454,4.996503829956055,4.913228766123454,4.996503829956055,955000
1994-07-06,4.9548659324646,4.9548659324646,4.829953345931878,4.9548659324646,2325600
1994-07-07,4.913229703903198,4.954867243766785,4.66340446472168,4.66340446472168,1710200
1994-07-08,4.705040247543999,4.8299528204876445,4.621765198914901,4.788315296173096,990600
1994-07-11,4.788317933546758,4.829955480794991,4.580130197305595,4.705042839050293,1405600
1994-07-12,4.705039263803721,4.829951810630369,4.580126716977074,4.809133052825928,1646400
1994-07-13,4.746678638458252,5.079778893788656,4.746678638458252,4.996503829956055,1850600
1994-07-14,4.996504056251656,5.079779123855849,4.8715914548453645,4.913228988647461,1365200
1994-07-15,4.9548656138967955,4.9548656138967955,4.871590561562396,4.892409324645996,524200
1994-07-18,5.038144054412841,5.287969379425049,5.038144054412841,5.2046942710876465,4829200
1994-07-19,5.1630555439770704,5.1630555439770704,5.0381429098485935,5.121417999267578,4102200
1994-07-20,5.121416855649829,5.121416855649829,4.9132291785908935,5.017323017120361,2092200
1994-07-21,5.038142681121826,5.038142681121826,4.954867595483449,5.038142681121826,1632200
1994-07-22,5.038141361872356,5.079778893788656,4.954866298039755,4.996503829956055,2288800
1994-07-25,4.95486894607544,5.2046942710876465,4.95486894607544,5.2046942710876465,2334800
1994-07-26,5.163055309579392,5.204692852398581,4.996505138302638,5.038142681121826,1068200
1994-07-27,5.038142681121826,5.079780223941015,4.954867595483449,5.038142681121826,2176600
1994-07-28,5.079780801650016,5.163055896759033,5.038143254095508,5.163055896759033,1393800
1994-07-29,5.163053957621257,5.163053957621257,4.954866298039755,4.996503829956055,1413200
1994-08-01,4.9965065002441404,5.2046942710876465,4.95486894607544,5.2046942710876465,1739400
1994-08-02,5.204690284416324,5.204690284416324,4.9548651507643395,5.079777717590332,1438400
1994-08-03,4.99650346130884,5.07977851899732,4.9548659324646,4.9548659324646,1318600
1994-08-04,4.996504056251656,4.996504056251656,4.913228988647461,4.913228988647461,820200
1994-08-05,4.913228350204404,5.038140935379093,4.829953293421279,4.975684642791748,837400
1994-08-08,5.038140195315001,5.121415239865662,4.9548651507643395,5.079777717590332,488600
1994-08-09,4.996505138302638,5.079780223941015,4.954867595483449,5.038142681121826,786600
1994-08-10,5.038139771041556,5.121414808579433,5.038139771041556,5.058958530426025,1649800
1994-08-11,5.038141590053753,5.079779123855849,4.7466788534390725,4.913228988647461,1906200
1994-08-12,4.913228350204404,4.99650340698753,4.829953293421279,4.975684642791748,900000
1994-08-15,4.9548659324646,4.99650346130884,4.913228403620359,4.9548659324646,1086600
1994-08-16,4.9548659324646,4.99650346130884,4.829953345931878,4.9548659324646,1168200
1994-08-17,4.871590457385099,4.954865507938691,4.746677881554712,4.934046745300293,1533400
1994-08-18,4.871591091156006,4.913228621849647,4.7883160297687235,4.871591091156006,1705600
1994-08-19,4.913227869116742,4.913227869116742,4.746677771858547,4.788315296173096,1696800
1994-08-22,4.850771582644919,4.871590344802193,4.705040247543999,4.788315296173096,1555200
1994-08-23,4.829952239990234,4.871589759300495,4.746677201369713,4.829952239990234,1433200
1994-08-24,4.829953921043267,4.954866522449558,4.829953921043267,4.913228988647461,1249000
1994-08-25,4.954866298039755,5.079778893788656,4.913228766123454,4.996503829956055,1734000
1994-08-26,4.99650346130884,5.07977851899732,4.9548659324646,4.9548659324646,1555000
1994-08-29,4.996503829956055,5.038141361872356,4.954866298039755,4.996503829956055,1280400
1994-08-30,5.038143254095508,5.225512218090795,5.038143254095508,5.163055896759033,4587000
1994-08-31,5.163054295270091,5.329604433827191,5.121416760630816,5.225510597229004,3369200
1994-09-01,5.1630555439770704,5.204693088686563,5.079780454558086,5.121417999267578,1721000
1994-09-02,5.079780454558086,5.204693088686563,5.079780454558086,5.121417999267578,960600
1994-09-06,5.121415239865662,5.204690284416324,5.079777717590332,5.079777717590332,832400
1994-09-07,5.079777468639206,5.204690029343448,5.079777468639206,5.183871269226074,983000
1994-09-08,5.163056716918946,5.246331825256347,5.163056716918946,5.2046942710876465,2197400
1994-09-09,5.163053676060268,5.204691205705915,5.079778616768973,5.100597381591797,1886400
1994-09-12,5.163056716918946,5.246331825256347,5.079781608581543,5.2046942710876465,1320600
1994-09-13,5.246330395217769,5.287967938036958,5.038142681121826,5.038142681121826,2806000
1994-09-14,5.038144054412841,5.2046942710876465,5.038144054412841,5.2046942710876465,2595600
1994-09-15,5.163055059478039,5.371242763489251,5.163055059478039,5.287967681884766,2107400
1994-09-16,5.287966361121526,5.287966361121526,5.204691300316463,5.246328830718994,2361200
1994-09-19,5.246328830718994,5.287966361121526,5.204691300316463,5.246328830718994,1866200
1994-09-20,5.163054295270091,5.287966899187916,5.163054295270091,5.225510597229004,875200
1994-09-21,5.204690284416324,5.287965328966985,5.079777717590332,5.079777717590332,1234800
1994-09-22,5.121417766760204,5.163055309579392,4.954867595483449,5.038142681121826,1951000
1994-09-23,4.996504056251656,5.038141590053753,4.8715914548453645,4.913228988647461,2171200
1994-09-26,4.871589759300495,4.954864797921016,4.746677201369713,4.829952239990234,1007600
1994-09-27,4.829952583938348,5.121415239865662,4.829952583938348,5.079777717590332,1734400
1994-09-28,5.038144054412841,5.2046942710876465,5.038144054412841,5.2046942710876465,1877600
1994-09-29,5.163052171468735,5.329602241516113,5.12141465395689,5.329602241516113,2114000
1994-09-30,5.2879632623279145,5.496150792340824,5.2879632623279145,5.350419521331787,3613000
1994-10-03,5.329605222687008,5.371242763489251,5.246330141082524,5.287967681884766,694000
1994-10-04,5.3296060869770665,5.371243634531575,5.121418349204525,5.163055896759033,2782200
1994-10-05,5.163052171468735,5.371239759027958,5.0797771364450455,5.329602241516113,2093000
1994-10-06,5.329605222687008,5.371242763489251,5.287967681884766,5.287967681884766,1658400
1994-10-07,5.3712438253256,5.579431570493258,5.246331178225004,5.412881374359131,2172000
1994-10-10,5.454518923392663,5.496156472426194,5.3712438253256,5.412881374359131,782600
1994-10-11,5.454516195713129,5.5377912521362305,5.246328554655376,5.5377912521362305,2663000
1994-10-12,5.496154901635555,5.537792438769158,5.454517364501953,5.454517364501953,2181000
1994-10-13,5.537792438769158,5.537792438769158,5.371242290234748,5.454517364501953,1201200
1994-10-14,5.371241244402799,5.537791360508312,5.329603715376421,5.496153831481934,1010000
1994-10-17,5.41287982736835,5.537792438769158,5.41287982736835,5.454517364501953,641800
1994-10-18,5.4545178450937355,5.496155385895977,5.287967681884766,5.287967681884766,881000
1994-10-19,5.287965567537057,5.412878139998562,5.287965567537057,5.371240615844727,817200
1994-10-20,5.329605222687008,5.371242763489251,5.287967681884766,5.287967681884766,1192400
1994-10-21,5.246330141082524,5.308786452285887,5.204692600280281,5.287967681884766,1049800
1994-10-24,5.246327806691654,5.329602851242315,5.038140195315001,5.079777717590332,1617000
1994-10-25,5.079779225991541,5.246329364548641,4.996504156712992,5.225510597229004,1139000
1994-10-26,5.204693088686563,5.287968178105548,5.079780454558086,5.121417999267578,1036200
1994-10-27,5.038140195315001,5.1630527621409925,4.9548651507643395,5.079777717590332,2254800
1994-10-28,4.996505706541,5.163055896759033,4.996505706541,5.163055896759033,1782600
1994-10-31,5.121416239511399,5.287966361121526,5.121416239511399,5.246328830718994,1287400
1994-11-01,5.246330141082524,5.329605222687008,5.204692600280281,5.287967681884766,2531000
1994-11-02,5.3296060869770665,5.3296060869770665,5.163055896759033,5.163055896759033,1812200
1994-11-03,5.163054604566734,5.496154901635555,5.163054604566734,5.454517364501953,2350400
1994-11-04,5.4128772765398026,5.496152311563492,5.329602241516113,5.329602241516113,820400
1994-11-07,5.287968699639965,5.329606248456027,5.204693602007839,5.267149925231934,774800
1994-11-08,5.246331178225004,5.412881374359131,5.246331178225004,5.412881374359131,941800
1994-11-09,5.371241421926589,5.412878952329121,5.204691300316463,5.246328830718994,1139000
1994-11-10,5.246330991868049,5.3296060869770665,5.079780801650016,5.163055896759033,1077600
1994-11-11,5.1630555439770704,5.1630555439770704,4.9965053651391,5.121417999267578,1496000
1994-11-14,5.121418349204525,5.204693444313541,5.121418349204525,5.163055896759033,673400
1994-11-15,5.121417999267578,5.204693088686563,5.121417999267578,5.121417999267578,1191000
1994-11-16,5.121417766760204,5.163055309579392,5.038142681121826,5.038142681121826,1273400
1994-11-17,5.03814099015308,5.121416047841561,4.913228403620359,4.9548659324646,2454000
1994-11-18,4.99650346130884,4.99650346130884,4.913228403620359,4.9548659324646,1656200
1994-11-21,4.913228621849647,4.996503683236929,4.829953560462364,4.871591091156006,746400
1994-11-22,4.829953345931878,5.03814099015308,4.705040759399157,4.9548659324646,2892000
1994-11-23,4.996504056251656,4.996504056251656,4.8715914548453645,4.913228988647461,2574000
1994-11-25,4.8715914548453645,4.996504056251656,4.829953921043267,4.913228988647461,949000
1994-11-28,4.913228988647461,5.038141590053753,4.913228988647461,4.913228988647461,3943800
1994-11-29,4.996503829956055,5.038141361872356,4.913228766123454,4.996503829956055,1299800
1994-11-30,4.913230275720116,5.204693088686563,4.913230275720116,5.121417999267578,1594600
1994-12-01,5.07977851899732,5.121416047841561,4.9548659324646,4.9548659324646,2386000
1994-12-02,4.954866298039755,5.038141361872356,4.871591234207154,4.996503829956055,1579600
1994-12-05,4.9548659324646,5.03814099015308,4.913228403620359,4.9548659324646,1130200
1994-12-06,4.913228621849647,4.996503683236929,4.871591091156006,4.871591091156006,1307800
1994-12-07,4.871592408732364,4.913229950687342,4.663404698957477,4.746679782867432,1776000
1994-12-08,4.746679177155365,4.829954250438793,4.580129030588511,4.621766567230225,2855600
1994-12-09,4.62176686388007,4.6634044031943045,4.413579167308895,4.517673015594482,2392200
1994-12-12,4.455216884613037,4.538491966568421,4.2886667207022695,4.455216884613037,2225400
1994-12-13,4.371940504829839,4.496853090682119,4.20539039036013,4.413578033447266,3176000
1994-12-14,4.4552147002447215,4.496852220807757,4.288664617992582,4.371939659118652,4714800
1994-12-15,4.413578076796099,4.642584486441179,4.371940547769721,4.580128192901611,2147600
1994-12-16,4.580129507546113,4.621767048523805,4.455216884613037,4.455216884613037,1788200
1994-12-19,4.455216884613037,4.538491966568421,4.413579343635345,4.455216884613037,1991000
1994-12-20,4.455214803035442,4.455214803035442,4.205389673893268,4.3303022384643555,2712200
1994-12-21,4.330301810001981,4.371939327405847,4.205389257790386,4.309483051300049,4840200
1994-12-22,4.288664617992582,4.371939659118652,4.247027097429548,4.371939659118652,3937600
1994-12-23,4.330301810001981,4.413576844809712,4.288664292598116,4.309483051300049,1368000
1994-12-27,4.3303013773797785,4.371938890623815,4.20538883764767,4.288663864135742,2015000
1994-12-28,4.20538854598999,4.288663566702663,4.163751035633654,4.20538854598999,3320000
1994-12-29,4.205389576866513,4.371939659118652,4.205389576866513,4.371939659118652,2860800
1994-12-30,4.3303013773797785,4.455213917111887,4.288663864135742,4.288663864135742,2961000
1995-01-03,4.288663864135742,4.371938890623815,4.247026350891706,4.288663864135742,1007200
1995-01-04,4.288664617992582,4.371939659118652,4.205389576866513,4.371939659118652,2068600
1995-01-05,4.413577709197998,4.413577709197998,4.163752555847168,4.163752555847168,2233400
1995-01-06,4.20539008140564,4.330302658081055,4.080477504730225,4.163752555847168,3450600
1995-01-09,4.163752555847168,4.20539008140564,4.080477504730225,4.163752555847168,2344800
1995-01-10,4.163752555847168,4.247027606964111,4.122115030288696,4.163752555847168,1291600
1995-01-11,4.122114760535104,4.20538980620248,4.038839714867728,4.080477237701416,3387400
1995-01-12,4.122114760535104,4.122114760535104,3.9972021920340404,4.080477237701416,3765800
1995-01-13,4.080477237701416,4.122114760535104,4.038839714867728,4.080477237701416,3483200
1995-01-16,4.080478965337552,4.288666667650692,4.080478965337552,4.142935276031494,5411200
1995-01-17,4.288665447594984,4.496853090682119,4.247027918977557,4.413578033447266,5422800
1995-01-18,4.4552156058224766,4.62176572192799,4.413578076796099,4.580128192901611,4684000
1995-01-19,4.62176572192799,4.62176572192799,4.4552156058224766,4.580128192901611,2845200
1995-01-20,4.621766434775458,4.663403970223886,4.496853828430176,4.496853828430176,2469600
1995-01-23,4.496853957305083,4.621766567230225,4.413578884021656,4.621766567230225,2642000
1995-01-24,4.621767744553828,4.705042839050293,4.580130197305595,4.705042839050293,2011800
1995-01-25,4.580129384994507,4.705042004585266,4.53849184513092,4.66340446472168,2256800
1995-01-26,4.66340345594618,4.746678517659505,4.66340345594618,4.684222221374512,2933800
1995-01-27,4.663404698957477,4.746679782867432,4.663404698957477,4.746679782867432,869000
1995-01-30,4.663403362309167,4.746678422350402,4.5384907722473145,4.5384907722473145,1766800
1995-01-31,4.580128192901611,4.62176572192799,4.538490663875233,4.580128192901611,2167800
1995-02-01,4.580130197305595,4.746680386298526,4.538492650057362,4.705042839050293,3503400
1995-02-02,4.66340271272271,4.705040236943448,4.580127664281233,4.600946426391602,1976800
1995-02-03,4.580128192901611,4.62176572192799,4.538490663875233,4.580128192901611,2416400
1995-02-06,4.538490663875233,4.663403250954368,4.496853134848855,4.580128192901611,1478200
1995-02-07,4.580128192901611,4.663403250954368,4.538490663875233,4.580128192901611,694600
1995-02-08,4.538490663875233,4.580128192901611,4.496853134848855,4.580128192901611,983000
1995-02-09,4.5384907722473145,4.621765832288549,4.455215712206079,4.5384907722473145,2646000
1995-02-10,4.621766924858093,4.66340446472168,4.53849184513092,4.66340446472168,1389800
1995-02-13,4.62176572192799,4.705040779980746,4.580128192901611,4.580128192901611,1315600
1995-02-14,4.580128192901611,4.663403250954368,4.580128192901611,4.580128192901611,2686600
1995-02-15,4.663403250954368,4.9548659541390165,4.496853134848855,4.580128192901611,2289200
1995-02-16,4.538491493946797,4.6634041038719385,4.330303810738228,4.621766567230225,2253000
1995-02-17,4.580128302267932,4.621765832288549,4.5384907722473145,4.5384907722473145,1415600
1995-02-21,4.538492616453127,4.621767710333001,4.538492616453127,4.559311389923096,1643600
1995-02-22,4.5384917852516,4.62176686388007,4.4968542459373655,4.517673015594482,1354000
1995-02-23,4.538489689759168,4.621764729938236,4.371939609401034,4.392758369445801,1787000
1995-02-24,4.413579343635345,4.496854425590729,4.371941802657653,4.455216884613037,804200
1995-02-27,4.413577179681687,4.4552147002447215,4.371939659118652,4.371939659118652,1229400
1995-02-28,4.371940652164844,4.580128302267932,4.371940652164844,4.5384907722473145,1547200
1995-03-01,4.496853090682119,4.538490619299546,4.371940504829839,4.413578033447266,1128400
1995-03-02,4.455215028753863,4.496852552387076,4.371939981487436,4.434396266937256,1623800
1995-03-03,4.455215028753863,4.496852552387076,4.413577505120649,4.434396266937256,1179000
1995-03-06,4.413579343635345,4.455216884613037,4.371941802657653,4.455216884613037,653600
1995-03-07,4.45521360812801,4.45521360812801,4.20538854598999,4.20538854598999,2051000
1995-03-08,4.247027606964111,4.247027606964111,4.080477504730225,4.163752555847168,1791200
1995-03-09,4.080477504730225,4.20539008140564,3.9972024536132813,4.163752555847168,4040200
1995-03-10,4.205389673893268,4.3719397599880505,4.163752152369573,4.3303022384643555,1605200
1995-03-13,4.3303010770590005,4.3303010770590005,4.163751035633654,4.20538854598999,758000
1995-03-14,4.288664617992582,4.413577179681687,4.288664617992582,4.371939659118652,2855600
1995-03-15,4.371938587415337,4.371938587415337,4.20538854598999,4.20538854598999,1381600
1995-03-16,4.20539039036013,4.413578033447266,4.20539039036013,4.413578033447266,2245600
1995-03-17,4.413578033447266,4.4552155620646925,4.371940504829839,4.413578033447266,1995800
1995-03-20,4.413579343635345,4.455216884613037,4.2886667207022695,4.455216884613037,1737000
1995-03-21,4.455216350111851,4.538491422076558,4.4135788141294965,4.476035118103027,2045200
1995-03-22,4.538491966568421,4.538491966568421,4.371941802657653,4.455216884613037,1134200
1995-03-23,4.413579975633316,4.580130163393064,4.371942428693379,4.559311389923096,2635200
1995-03-24,4.580127124128671,4.829952239990234,4.580127124128671,4.829952239990234,5103200
1995-03-27,4.829952239990234,4.829952239990234,4.6634021627491915,4.829952239990234,2168800
1995-03-28,4.746678638458252,4.996503829956055,4.746678638458252,4.996503829956055,3129600
1995-03-29,4.954865878595967,5.038140935379093,4.829953293421279,4.975684642791748,2782200
1995-03-30,4.99650346130884,4.99650346130884,4.8715908747761185,4.9548659324646,1260200
1995-03-31,4.913228988647461,4.954866522449558,4.829953921043267,4.913228988647461,900800
1995-04-03,4.871591234207154,4.996503829956055,4.746678638458252,4.996503829956055,1228200
1995-04-04,4.913228621849647,4.996503683236929,4.871591091156006,4.871591091156006,664800
1995-04-05,4.8715908747761185,4.99650346130884,4.8715908747761185,4.9548659324646,541800
1995-04-06,4.913228621849647,4.954866152543288,4.829953560462364,4.871591091156006,1266800
1995-04-07,4.8715914548453645,4.954866522449558,4.8715914548453645,4.913228988647461,1559000
1995-04-10,4.871591091156006,4.913228621849647,4.829953560462364,4.871591091156006,478200
1995-04-11,4.892409324645996,4.913228087729595,4.788315509227996,4.892409324645996,1146400
1995-04-12,4.829952583938348,5.121415239865662,4.829952583938348,5.079777717590332,2172400
1995-04-13,5.121417766760204,5.121417766760204,4.996505138302638,5.038142681121826,1561400
1995-04-17,5.03814121393057,5.121416275317852,4.871591091156006,4.871591091156006,1353000
1995-04-18,4.871589759300495,4.954864797921016,4.829952239990234,4.829952239990234,557200
1995-04-19,4.913227278610756,4.913227278610756,4.746677201369713,4.829952239990234,891000
1995-04-20,4.788316170374553,4.996503829956055,4.788316170374553,4.996503829956055,933000
1995-04-21,5.079780223941015,5.079780223941015,4.954867595483449,5.038142681121826,1577400
1995-04-24,4.996504056251656,5.038141590053753,4.913228988647461,4.913228988647461,939600
1995-04-25,4.913228621849647,4.954866152543288,4.7883160297687235,4.871591091156006,785800
1995-04-26,4.829953560462364,4.871591091156006,4.746678499075083,4.871591091156006,609400
1995-04-27,4.8299528204876445,4.871590344802193,4.788315296173096,4.788315296173096,960800
1995-04-28,4.7883160297687235,4.934047387196467,4.746678499075083,4.871591091156006,1687400
1995-05-01,4.829954866777387,4.913229950687342,4.746679782867432,4.746679782867432,1008600
1995-05-02,4.746678499075083,4.871591091156006,4.746678499075083,4.871591091156006,676200
1995-05-03,4.829949816920727,4.871587315342457,4.788312318498996,4.850768566131592,2186200
1995-05-04,4.829954866777387,4.913229950687342,4.746679782867432,4.746679782867432,2291000
1995-05-05,4.788317084312439,4.829954624176025,4.66340446472168,4.66340446472168,1746200
1995-05-08,4.66340272322945,4.788315296173096,4.621765198914901,4.788315296173096,2070600
1995-05-09,4.705040986802842,4.871591110229492,4.621765925089518,4.684222221374512,2338000
1995-05-10,4.7050416405136515,4.7050416405136515,4.538491493946797,4.621766567230225,988400
1995-05-11,4.580130197305595,4.705042839050293,4.538492650057362,4.705042839050293,1312400
1995-05-12,4.6634021627491915,4.871589759300495,4.6634021627491915,4.829952239990234,2156200
1995-05-15,4.829954866777387,4.829954866777387,4.746679782867432,4.746679782867432,2279600
1995-05-16,4.8299534667431,4.8299534667431,4.70504087708595,4.725859642028809,1959800
1995-05-17,4.746678309007125,4.746678309007125,4.538490663875233,4.580128192901611,1128600
1995-05-18,4.580129384994507,4.705042004585266,4.580129384994507,4.66340446472168,1998800
1995-05-19,4.7050416405136515,4.746679177155365,4.621766567230225,4.621766567230225,2025800
1995-05-22,4.621767744553828,4.705042839050293,4.621767744553828,4.705042839050293,837800
1995-05-23,4.705040779980746,4.705040779980746,4.580128192901611,4.580128192901611,1955200
1995-05-24,4.663403250954368,4.705040779980746,4.580128192901611,4.580128192901611,1330000
1995-05-25,4.580128302267932,4.621765832288549,4.455215712206079,4.5384907722473145,1845800
1995-05-26,4.53849007602029,4.53849007602029,4.371939981487436,4.434396266937256,1303000
1995-05-30,4.413579975633316,4.580130163393064,4.413579975633316,4.559311389923096,1115000
1995-05-31,4.496855102809129,4.705042839050293,4.496855102809129,4.705042839050293,1345000
1995-06-01,4.66340446472168,4.705042004585266,4.580129384994507,4.66340446472168,1310800
1995-06-02,4.621766567230225,4.7050416405136515,4.621766567230225,4.621766567230225,1174200
1995-06-05,4.621766924858093,4.7466795444488525,4.621766924858093,4.66340446472168,1932000
1995-06-06,4.746679782867432,4.913229950687342,4.746679782867432,4.746679782867432,2138400
1995-06-07,4.746679782867432,4.829954866777387,4.705042240912454,4.746679782867432,2000800
1995-06-08,4.788314720679974,4.871589759300495,4.746677201369713,4.829952239990234,1699600
1995-06-09,4.788315296173096,4.8299528204876445,4.788315296173096,4.788315296173096,920000
1995-06-12,4.788316170374553,4.996503829956055,4.788316170374553,4.996503829956055,1992400
1995-06-13,4.954866298039755,4.996503829956055,4.954866298039755,4.996503829956055,2214800
1995-06-14,4.954866298039755,4.996503829956055,4.871591234207154,4.996503829956055,1794600
1995-06-15,4.8715908747761185,4.99650346130884,4.8715908747761185,4.9548659324646,1905600
1995-06-16,4.954867595483449,5.079780223941015,4.91323005266426,5.038142681121826,3008200
1995-06-19,5.038143254095508,5.163055896759033,5.038143254095508,5.163055896759033,4943200
1995-06-20,5.079780393283859,5.163055481698349,5.038142849076614,5.142236709594727,2565600
1995-06-21,5.121414988873953,5.204690029343448,5.079777468639206,5.183871269226074,2084800
1995-06-22,5.163053769913931,5.246328830718994,5.163053769913931,5.246328830718994,2929200
1995-06-23,5.204693444313541,5.246330991868049,5.121418349204525,5.163055896759033,1519200
1995-06-26,5.1630555439770704,5.246330633396056,5.121417999267578,5.121417999267578,1254400
1995-06-27,5.163053769913931,5.246328830718994,5.121416239511399,5.246328830718994,1398600
1995-06-28,5.246327206492424,5.371239759027958,5.204689688980579,5.329602241516113,2022200
1995-06-29,5.246331825256347,5.32960693359375,5.2046942710876465,5.2046942710876465,771600
1995-06-30,5.204693629191472,5.537794021459726,5.204693629191472,5.412881374359131,3881600
1995-07-03,5.412881374359131,5.496156472426194,5.412881374359131,5.412881374359131,615400
1995-07-05,5.49615372392468,5.579428780347781,5.454516195713129,5.5377912521362305,2317000
1995-07-06,5.537791442871094,5.870891680036272,5.537791442871094,5.829254150390625,5572800
1995-07-07,5.870891415554544,5.870891415554544,5.704341304474982,5.745978832244873,3987000
1995-07-10,5.704342365264893,5.870892507316422,5.621067294239127,5.704342365264893,1389400
1995-07-11,5.66270482975201,5.787617436290658,5.579429758726246,5.704342365264893,3082800
1995-07-12,5.787614236054597,5.787614236054597,5.57942667360659,5.621064186096191,1980600
1995-07-13,5.662704772949219,5.787617378234864,5.579429702758789,5.725161075592041,4481000
1995-07-14,5.745977952446736,5.912528038024902,5.704340431052194,5.912528038024902,4984200
1995-07-17,5.87089051663036,5.912528038024902,5.8292529952358185,5.912528038024902,1613200
1995-07-18,5.870893297697368,5.95416837993421,5.870893297697368,5.933349609375,3068400
1995-07-19,5.870894496551188,5.912532046172118,5.808438172119792,5.850075721740723,4028400
1995-07-20,5.829251070280332,6.162351131439209,5.829251070280332,6.162351131439209,4588600
1995-07-21,6.16235334462133,6.245628389818915,6.037440776824951,6.037440776824951,3036400
1995-07-24,6.037442376804684,6.120717444070955,5.954167309538412,5.9749860763549805,1246400
1995-07-25,5.9541639387607574,5.9958014488220215,5.912526428699493,5.9958014488220215,1962600
1995-07-26,5.99580167628851,5.99580167628851,5.870889141365833,5.891707897186279,2117800
1995-07-27,5.870891201454875,6.037441306460688,5.870891201454875,6.016622543334961,2160200
1995-07-28,5.995805921052631,6.079081003289473,5.933349609375,5.933349609375,1872600
1995-07-31,5.912529775905276,6.120717444070955,5.870892242272141,5.9749860763549805,1829000
1995-08-01,6.03743860850463,6.162351131439209,5.9958011008597705,6.162351131439209,3326200
1995-08-02,6.120715822022537,6.2039908672201225,5.995803254226159,6.037440776824951,4853600
1995-08-03,5.99580167628851,6.037439187929403,5.870889141365833,5.891707897186279,812800
1995-08-04,5.912527910638802,5.912527910638802,5.745977828648977,5.766796588897705,679800
1995-08-07,5.745980088428785,5.9125302359194745,5.745980088428785,5.808436393737793,639000
1995-08-08,5.787617436290658,5.82925497180354,5.66270482975201,5.704342365264893,500600
1995-08-09,5.745978832244873,5.787616360014763,5.704341304474982,5.745978832244873,725600
1995-08-10,5.787616620744977,5.870891680036272,5.704341561453683,5.829254150390625,1014200
1995-08-11,5.829254150390625,5.870891680036272,5.74597909109933,5.829254150390625,577000
1995-08-14,5.745977952446736,5.954165559419444,5.745977952446736,5.912528038024902,690400
1995-08-15,5.87089370847582,5.99580634057105,5.87089370847582,5.954168796539307,613600
1995-08-16,5.995804268973214,5.995804268973214,5.74597909109933,5.829254150390625,2463200
1995-08-17,5.787615349146432,5.829252869643889,5.745977828648977,5.766796588897705,732400
1995-08-18,5.829253887784653,5.829253887784653,5.745978832244873,5.745978832244873,645000
1995-08-21,5.787617378234864,5.829254913330079,5.662704772949219,5.725161075592041,900000
1995-08-22,5.745977828648977,5.787615349146432,5.579427746659151,5.766796588897705,2679800
1995-08-23,5.745978832244873,5.829253887784653,5.704341304474982,5.745978832244873,2116200
1995-08-24,5.745978832244873,5.787616360014763,5.704341304474982,5.745978832244873,1066600
1995-08-25,5.704342138853005,5.829254740433727,5.704342138853005,5.787617206573486,865200
1995-08-28,5.78761516725885,5.829252686447763,5.579427571314287,5.641883850097656,1605400
1995-08-29,5.621064186096191,5.662701698585793,5.57942667360659,5.621064186096191,1614600
1995-08-30,5.579429758726246,5.745979900777775,5.579429758726246,5.704342365264893,1146600
1995-08-31,5.621064186096191,5.745976723564995,5.621064186096191,5.621064186096191,791800
1995-09-01,5.621067477810768,5.870892699046802,5.579429940938096,5.808436393737793,1982000
1995-09-05,5.787617175005869,5.995804843171548,5.787617175005869,5.9749860763549805,1502800
1995-09-06,5.99580634057105,6.037443884602793,5.928145966857969,5.954168796539307,1759200
1995-09-07,5.954168796539307,6.037443884602793,5.954168796539307,5.954168796539307,1245200
1995-09-08,5.9541657316273655,6.0790782994237444,5.9541657316273655,6.037440776824951,1197400
1995-09-11,5.9958014488220215,6.07907646894455,5.9541639387607574,5.9958014488220215,1483200
1995-09-12,5.9958037802092345,6.037441306460688,5.9958037802092345,6.016622543334961,875200
1995-09-13,5.9958037802092345,6.037441306460688,5.954166253957782,6.016622543334961,1085000
1995-09-14,5.995805034898732,6.120717639792455,5.912529964969583,6.079080104827881,1901000
1995-09-15,6.2039927097216045,6.2039927097216045,6.037442569863306,6.079080104827881,1986200
1995-09-18,6.079077196609445,6.162352226699985,6.037439681564175,6.09989595413208,771800
1995-09-19,6.079079683703655,6.1207172157838174,6.037442151623493,6.058260917663574,624600
1995-09-20,6.037442376804684,6.0790799104378195,5.954167309538412,5.9749860763549805,750600
1995-09-21,5.95416837993421,5.995805921052631,5.870893297697368,5.933349609375,1259600
1995-09-22,5.9541673420144505,5.9541673420144505,5.662704604992764,5.787617206573486,1494200
1995-09-25,5.745976723564995,5.7667954798097965,5.57942667360659,5.621064186096191,1806200
1995-09-26,5.704342587303569,5.704342587303569,5.454517364501953,5.454517364501953,1357800
1995-09-27,5.496151648627387,5.662701698585793,5.454514136137785,5.621064186096191,2426200
1995-09-28,5.579429537272282,5.829254740433727,5.579429537272282,5.787617206573486,1479800
1995-09-29,5.745979900777775,5.82925497180354,5.704342365264893,5.704342365264893,1603400
1995-10-02,5.704342365264893,5.745979900777775,5.66270482975201,5.704342365264893,1082600
1995-10-03,5.704342365264893,5.745979900777775,5.579429758726246,5.704342365264893,1000600
1995-10-04,5.704339211075394,5.704339211075394,5.621064186096191,5.621064186096191,1087400
1995-10-05,5.662704604992764,5.829254740433727,5.662704604992764,5.787617206573486,1914400
1995-10-06,5.745980088428785,5.9125302359194745,5.745980088428785,5.808436393737793,979200
1995-10-09,5.745979900777775,5.82925497180354,5.66270482975201,5.704342365264893,703000
1995-10-10,5.66270482975201,5.745979900777775,5.579429758726246,5.704342365264893,1042000
1995-10-11,5.704341561453683,5.829254150390625,5.662704031808035,5.829254150390625,1526200
1995-10-12,5.787617206573486,5.829254740433727,5.745979672713245,5.787617206573486,607200
1995-10-13,5.787616360014763,5.870891415554544,5.745978832244873,5.745978832244873,1367000
1995-10-16,5.787617206573486,5.829254740433727,5.745979672713245,5.787617206573486,998000
1995-10-17,5.745980851193692,5.870893478393555,5.745980851193692,5.870893478393555,1153200
1995-10-18,5.829254740433727,5.9125298081542095,5.787617206573486,5.787617206573486,1607600
1995-10-19,5.787615473841277,5.954165559419444,5.787615473841277,5.912528038024902,1240800
1995-10-20,5.954165559419444,6.037440602208527,5.912528038024902,5.912528038024902,1364200
1995-10-23,5.9125298081542095,5.9541673420144505,5.745979672713245,5.787617206573486,784000
1995-10-24,5.745979900777775,5.82925497180354,5.621067294239127,5.704342365264893,1720600
1995-10-25,5.704339211075394,5.704339211075394,5.621064186096191,5.621064186096191,924400
1995-10-26,5.621066418561069,5.621066418561069,5.454516302455556,5.496153831481934,3032200
1995-10-27,5.537791869219612,5.6627044677734375,5.454516803517062,5.6627044677734375,1323600
1995-10-30,5.579428721165311,5.829253887784653,5.579428721165311,5.745978832244873,1347400
1995-10-31,5.745979533475988,5.8292545991785385,5.6627044677734375,5.6627044677734375,1134200
1995-11-01,5.66270482975201,5.787617436290658,5.66270482975201,5.704342365264893,926400
1995-11-02,5.662702986608931,5.745978030529651,5.662702986608931,5.683521747589111,2030800
1995-11-03,5.6627044677734375,5.704342000624713,5.579429402070887,5.6627044677734375,2231200
1995-11-06,5.579428780347781,5.662703836770882,5.454516195713129,5.5377912521362305,1635600
1995-11-07,5.4961531482525725,5.6210657198037675,5.4961531482525725,5.579428195953369,2343400
1995-11-08,5.579428195953369,5.6210657198037675,5.537790672102971,5.579428195953369,815600
1995-11-09,5.537789161116988,5.621064186096191,5.537789161116988,5.621064186096191,560600
1995-11-10,5.579429758726246,5.787617436290658,5.579429758726246,5.704342365264893,1008600
1995-11-13,5.704340128881025,5.78761516725885,5.6210650905032,5.641883850097656,938800
1995-11-14,5.621067513036364,5.662705050169967,5.454517364501953,5.454517364501953,1679800
1995-11-15,5.4961531883062325,5.537790712460067,5.287965567537057,5.371240615844727,1959200
1995-11-16,5.329602241516113,5.454514794051647,5.267145965248346,5.329602241516113,2778600
1995-11-17,5.329603091690892,5.454515664152397,5.287965567537057,5.371240615844727,1552400
1995-11-20,5.329603891524058,5.371241421926589,5.246328830718994,5.246328830718994,1198400
1995-11-21,5.246327206492424,5.329602241516113,5.246327206492424,5.329602241516113,2172200
1995-11-22,5.287964724004269,5.4128772765398026,5.287964724004269,5.329602241516113,989000
1995-11-24,5.329603715376421,5.496153831481934,5.329603715376421,5.496153831481934,1011600
1995-11-27,5.496156472426194,5.62106911952679,5.3712438253256,5.412881374359131,2474400
1995-11-28,5.371241244402799,5.496153831481934,5.371241244402799,5.496153831481934,1640000
1995-11-29,5.454516195713129,5.579428780347781,5.454516195713129,5.5377912521362305,1061000
1995-11-30,5.49615372392468,5.662703836770882,5.49615372392468,5.5377912521362305,1679200
1995-12-01,5.537790672102971,5.662703243654166,5.537790672102971,5.579428195953369,1692800
1995-12-04,5.579429758726246,5.745979900777775,5.579429758726246,5.704342365264893,3344800
1995-12-05,5.704339211075394,5.787614236054597,5.621064186096191,5.621064186096191,1064400
1995-12-06,5.621065464648572,5.704340508569291,5.621065464648572,5.683521747589111,5040000
1995-12-07,5.662704637945806,5.704342172048349,5.579429569740721,5.600248336791992,2117200
1995-12-08,5.57942667360659,5.621064186096191,5.57942667360659,5.621064186096191,965200
1995-12-11,5.579428195953369,5.6210657198037675,5.537790672102971,5.579428195953369,1058200
1995-12-12,5.621066934922163,5.6627044677734375,5.579429402070887,5.6627044677734375,1306600
1995-12-13,5.621064186096191,5.704339211075394,5.57942667360659,5.621064186096191,1223600
1995-12-14,5.62106911952679,5.62106911952679,5.412881374359131,5.412881374359131,1103200
1995-12-15,5.412878139998562,5.537790712460067,5.329603091690892,5.371240615844727,3007000
1995-12-18,5.3712438253256,5.496156472426194,5.3296062762920675,5.412881374359131,1434600
1995-12-19,5.371241459479698,5.371241459479698,4.538490845606877,4.871591091156006,8164600
1995-12-20,4.996502917745839,5.038140442060388,4.746677771858547,4.788315296173096,14253000
1995-12-21,4.8715908747761185,4.99650346130884,4.788315817087638,4.9548659324646,3020000
1995-12-22,4.91323005266426,5.038142681121826,4.91323005266426,5.038142681121826,1211800
1995-12-26,4.996503829956055,5.038141361872356,4.913228766123454,4.996503829956055,769000
1995-12-27,4.954866152543288,4.954866152543288,4.829953560462364,4.871591091156006,1299400
1995-12-28,4.8715914548453645,4.996504056251656,4.8715914548453645,4.913228988647461,1682800
1995-12-29,4.9548651507643395,5.1630527621409925,4.871590106213679,5.079777717590332,2655000
1996-01-02,5.079780454558086,5.1630555439770704,4.9965053651391,5.121417999267578,1247200
1996-01-03,5.079777717590332,5.204690284416324,5.079777717590332,5.079777717590332,2239800
1996-01-04,5.12141465395689,5.496152311563492,5.0797771364450455,5.329602241516113,3860000
1996-01-05,5.329604342522749,5.454516944300625,5.329604342522749,5.4336981773376465,2828600
1996-01-08,5.454517364501953,5.454517364501953,5.329604753101145,5.454517364501953,333400
1996-01-09,5.454515664152397,5.454515664152397,5.371240615844727,5.371240615844727,1278200
1996-01-10,5.329603091690892,5.412878139998562,5.3087843296139745,5.371240615844727,1423200
1996-01-11,5.3712438253256,5.412881374359131,5.3296062762920675,5.412881374359131,596000
1996-01-12,5.371239759027958,5.4128772765398026,5.329602241516113,5.329602241516113,879200
1996-01-15,5.412881346088152,5.412881346088152,5.246331150823902,5.267149925231934,860000
1996-01-16,5.246327206492424,5.329602241516113,5.204689688980579,5.329602241516113,1308000
1996-01-17,5.329605480856147,5.329605480856147,4.91323005266426,5.038142681121826,4298800
1996-01-18,5.038141361872356,5.121416425704957,4.954866298039755,4.996503829956055,2764800
1996-01-19,4.996504056251656,4.996504056251656,4.8715914548453645,4.913228988647461,3011600
1996-01-22,4.913228403620359,4.9548659324646,4.8715908747761185,4.9548659324646,1396400
1996-01-23,4.91323005266426,5.038142681121826,4.91323005266426,5.038142681121826,2453600
1996-01-24,4.996505138302638,5.079780223941015,4.996505138302638,5.038142681121826,2666800
1996-01-25,5.03814099015308,5.03814099015308,4.9548659324646,4.9548659324646,1388400
1996-01-26,4.954867595483449,5.038142681121826,4.954867595483449,5.038142681121826,2062800
1996-01-29,5.038142681121826,5.079780223941015,4.980891377414683,5.038142681121826,1350200
1996-01-30,4.99650530486937,5.163055481698349,4.99650530486937,5.142236709594727,2009600
1996-01-31,5.163056716918946,5.2046942710876465,5.121419162750244,5.2046942710876465,1121800
1996-02-01,5.204690519229387,5.371240615844727,5.163052995075551,5.371240615844727,1692600
1996-02-02,5.329602241516113,5.454514794051647,5.329602241516113,5.329602241516113,760800
1996-02-05,5.3296062762920675,5.412881374359131,5.3296062762920675,5.412881374359131,2048200
1996-02-06,5.371240615844727,5.454515664152397,5.329603091690892,5.371240615844727,1694800
1996-02-07,5.412878139998562,5.412878139998562,5.329603091690892,5.371240615844727,1621400
1996-02-08,5.454516302455556,5.537791360508312,5.412878773429178,5.496153831481934,3779400
1996-02-09,5.496154901635555,5.537792438769158,5.41287982736835,5.454517364501953,2810600
1996-02-12,5.454515376807132,5.704340508569291,5.454515376807132,5.683521747589111,4076400
1996-02-13,5.662703776705092,5.829253887784653,5.621066248935201,5.745978832244873,3070400
1996-02-14,5.74597909109933,5.870891680036272,5.74597909109933,5.829254150390625,6181600
1996-02-15,5.829256164444077,5.954168796539307,5.787618620412333,5.954168796539307,4284600
1996-02-16,5.954165559419444,5.954165559419444,5.787615473841277,5.912528038024902,2549800
1996-02-20,5.829251408576965,6.0166202038526535,5.745976388454437,5.9958014488220215,2736000
1996-02-21,5.99580634057105,6.037443884602793,5.912531252507564,5.954168796539307,2190400
1996-02-22,5.912526428699493,6.0374389588832855,5.912526428699493,5.9958014488220215,2792000
1996-02-23,5.995805921052631,6.037443462171052,5.891712068256579,5.933349609375,1772000
1996-02-26,5.870892274293968,5.9125298081542095,5.787617206573486,5.787617206573486,1666800
1996-02-27,5.787617066327264,5.8292545991785385,5.6627044677734375,5.6627044677734375,2100800
1996-02-28,5.745979900777775,5.787617436290658,5.66270482975201,5.704342365264893,1440800
1996-02-29,5.704341304474982,5.787616360014763,5.621066248935201,5.745978832244873,1839800
1996-03-01,5.745980851193692,5.870893478393555,5.745980851193692,5.870893478393555,1650600
1996-03-04,5.870888918638229,6.07907646894455,5.870888918638229,5.9958014488220215,3724400
1996-03-05,5.9958014488220215,6.07907646894455,5.9541639387607574,5.9958014488220215,3376800
1996-03-06,6.037442569863306,6.120717639792455,5.995805034898732,6.079080104827881,5416200
1996-03-07,6.0374389588832855,6.07907646894455,5.912526428699493,5.9958014488220215,1743200
1996-03-08,5.912529209681919,5.954166739327567,5.787616620744977,5.829254150390625,1935800
1996-03-11,5.870892274293968,5.870892274293968,5.704342138853005,5.787617206573486,1335800
1996-03-12,5.787615473841277,5.954165559419444,5.787615473841277,5.912528038024902,1126200
1996-03-13,5.954163593214911,6.162351131439209,5.912526085570051,6.162351131439209,2587600
1996-03-14,6.079079552202035,6.495454863996695,6.079079552202035,6.287267208099365,4573000
1996-03-15,6.287267208099365,6.370542270458297,6.2039921457404335,6.287267208099365,2749400
1996-03-18,6.245628687051626,6.495453834533691,6.245628687051626,6.495453834533691,3123200
1996-03-19,6.4538164138793945,6.620366514882734,6.41217888862856,6.4538164138793945,4666200
1996-03-20,6.370541410446167,6.45381646156311,6.20399130821228,6.245628833770752,1271000
1996-03-21,6.328904739278832,6.412179801637763,6.287267208099365,6.287267208099365,3550000
1996-03-22,6.287266359329224,6.370541410446167,6.20399130821228,6.245628833770752,2220200
1996-03-25,6.203991627206608,6.245629154905981,6.120716571807861,6.120716571807861,804600
1996-03-26,6.120716571807861,6.203991627206608,6.079079044108488,6.120716571807861,714000
1996-03-27,6.120716257095337,6.287266359329224,6.120716257095337,6.245628833770752,1069600
1996-03-28,6.245629419416389,6.370542007804717,6.162354360490838,6.203991889953613,3033800
1996-03-29,6.287266359329224,6.287266359329224,6.20399130821228,6.245628833770752,2335000
1996-04-01,6.287267973928741,6.287267973928741,6.1623553651751894,6.183174133300781,1444400
1996-04-02,6.245628389818915,6.245628389818915,6.037440776824951,6.037440776824951,1233200
1996-04-03,6.037442569863306,6.2039927097216045,5.995805034898732,6.079080104827881,4121600
1996-04-04,6.16235517475703,6.16235517475703,6.037442569863306,6.079080104827881,2347600
1996-04-08,5.954165559419444,5.995803080813985,5.704340431052194,5.912528038024902,4293800
1996-04-09,5.995806105593418,6.037443647993372,5.829255935993601,5.870893478393555,1519200
1996-04-10,5.870891680036272,6.079079328264509,5.829254150390625,5.829254150390625,1698400
1996-04-11,5.912528209028573,6.16235334462133,5.912528209028573,6.037440776824951,2627400
1996-04-12,6.037441772102509,6.203991889953613,6.037441772102509,6.203991889953613,2159400
1996-04-15,6.2039921457404335,6.287267208099365,6.162354614560967,6.287267208099365,1457400
1996-04-16,6.203991889953613,6.287266948879165,6.120716831028061,6.203991889953613,2166000
1996-04-17,6.203991889953613,6.203991889953613,6.120716831028061,6.203991889953613,808400
1996-04-18,6.120716257095337,6.245628833770752,6.120716257095337,6.245628833770752,1492800
1996-04-19,6.245628833770752,6.328903884887695,6.162353782653809,6.245628833770752,2122800
1996-04-22,6.328904739278832,6.328904739278832,6.2456296769199,6.287267208099365,806200
1996-04-23,6.287267460542567,6.370542526245117,6.203992394840016,6.370542526245117,1690000
1996-04-24,6.328904739278832,6.370542270458297,6.2456296769199,6.287267208099365,1282200
1996-04-25,6.245629567849009,6.370542159205988,6.245629567849009,6.328904628753662,1308600
1996-04-26,6.287267208099365,6.370542270458297,6.287267208099365,6.287267208099365,1342000
1996-04-29,6.287266359329224,6.328903884887695,6.162353782653809,6.245628833770752,1602800
1996-04-30,6.1623545069443555,6.328904628753662,6.120716976492028,6.328904628753662,1443800
1996-05-01,6.328903838126891,6.4538164138793945,6.245628787625221,6.4538164138793945,2614000
1996-05-02,6.453813684953225,6.453813684953225,6.162351131439209,6.162351131439209,2008400
1996-05-03,6.203992037396682,6.370542159205988,6.1623545069443555,6.328904628753662,2616400
1996-05-06,6.2872676282826045,6.412180230169014,6.2872676282826045,6.308086395263672,1176400
1996-05-07,6.328905314615328,6.328905314615328,6.079080104827881,6.079080104827881,1538800
1996-05-08,6.07907611614949,6.162351131439209,5.9958011008597705,6.162351131439209,2002600
1996-05-09,6.162355670681247,6.495455977204559,6.162355670681247,6.4121809005737305,3168200
1996-05-10,6.412182178137438,6.6203699111938485,6.370544631526156,6.620369911193848,3469000
1996-05-13,6.620368609945458,6.911831378936768,6.578731071518128,6.911831378936768,3716000
1996-05-14,6.911830369416657,7.036742966454308,6.870192837070774,6.9326491355896,3739000
1996-05-15,6.870193466636705,6.91183100279814,6.662005785829532,6.703643321990967,4272200
1996-05-16,6.662005091006039,6.786917686462402,6.578730027368463,6.786917686462402,1974400
1996-05-17,6.828555813542119,6.828555813542119,6.662005671748409,6.745280742645264,1931600
1996-05-20,6.745280742645264,6.828555813542119,6.703643207196836,6.745280742645264,843400
1996-05-21,6.703642622824827,6.870192750099978,6.703642622824827,6.786917686462402,1330400
1996-05-22,6.74528296122294,6.953470706939697,6.74528296122294,6.953470706939697,2201600
1996-05-23,6.953470284084105,6.995107830695387,6.578732364582566,6.620369911193848,2515600
1996-05-24,6.578728675842285,6.745278768901583,6.578728675842285,6.578728675842285,1279800
1996-05-28,6.662003722371934,6.703641245636759,6.578728675842285,6.578728675842285,2552800
1996-05-29,6.662003722371934,6.662003722371934,6.578728675842285,6.578728675842285,1438200
1996-05-30,6.578732364582566,6.6203699111938485,6.537094817971284,6.620369911193848,506600
1996-05-31,6.578728473186493,6.662003517150879,6.578728473186493,6.662003517150879,925800
1996-06-03,6.662005091006039,6.82855521828119,6.537092495549676,6.786917686462402,2223800
1996-06-04,6.786918278093691,6.870193348990546,6.662005671748409,6.745280742645264,1437200
1996-06-05,6.870193196766412,6.995105800343983,6.7869181277146975,6.974287033081055,5190400
1996-06-06,6.953468917364098,7.078381532646087,6.911831378936768,6.911831378936768,4661000
1996-06-07,6.953465658245664,6.953465658245664,6.745278063687411,6.870190620422363,2291200
1996-06-10,6.870193348990546,6.870193348990546,6.745280742645264,6.745280742645264,1725200
1996-06-11,6.78691710204613,6.828554630279542,6.703642045579306,6.828554630279541,1549600
1996-06-12,6.78691710204613,6.870192158512953,6.745279573812718,6.828554630279541,3316000
1996-06-13,6.745280742645264,6.828555813542119,6.662005671748409,6.745280742645264,1579600
1996-06-14,6.745280742645264,6.828555813542119,6.662005671748409,6.745280742645264,864400
1996-06-17,6.745278768901583,6.911828861960882,6.53709115257746,6.578728675842285,1217000
1996-06-18,6.537094817971284,6.66200745780513,6.537094817971284,6.620369911193848,1133000
1996-06-19,6.578730027368463,6.870192750099978,6.4954549637308885,6.786917686462402,14339200
1996-06-20,6.786918763654778,6.9951064557914275,6.745281225227448,6.911831378936768,5163200
1996-06-21,6.911831378936768,7.078381532646087,6.911831378936768,6.911831378936768,5867400
1996-06-24,6.953464646353822,6.99510215920624,6.870189620648985,6.891008377075195,4768800
1996-06-25,6.870193840509438,6.953468917364098,6.870193840509438,6.911831378936768,2551800
1996-06-26,6.870191838191106,6.911829364483173,6.537091627854568,6.7660980224609375,4776200
1996-06-27,6.7036406246162725,7.036740779876708,6.7036406246162725,7.036740779876709,3954200
1996-06-28,7.036745517929165,7.286570802589372,6.9951079704857975,7.203295707702637,4156800
1996-07-01,7.120020772729601,7.203295869486673,6.953470579215458,6.995108127593994,1858600
1996-07-02,6.953465741061599,7.078378299284263,6.786915663431381,7.036740779876709,2064400
1996-07-03,7.036743051865522,7.244930716121898,7.036743051865522,7.078380584716797,2668600
1996-07-05,6.995104743213189,7.036742271446601,6.828554630279542,6.828554630279541,733800
1996-07-08,6.786918278093691,6.870193348990546,6.703643207196836,6.745280742645264,4206200
1996-07-09,6.828555813542119,6.870193348990546,6.703643207196836,6.745280742645264,3310200
1996-07-10,6.745278561115264,6.7869160830974575,6.620365995168686,6.662003517150879,3285200
1996-07-11,6.703643321990967,6.828555930475271,6.662005785829532,6.703643321990967,3923800
1996-07-12,6.745281225227448,6.911831378936768,6.745281225227448,6.911831378936768,1817200
1996-07-15,6.870192750099978,6.9951053455563414,6.786917686462402,6.786917686462402,3120600
1996-07-16,6.786920097638976,6.8285576442502585,6.308088311609232,6.620369911193848,3808200
1996-07-17,6.662007740565708,7.036745675972529,6.578732643808637,6.995108127593994,3298600
1996-07-18,7.0367458052264,7.078383354369752,6.8701956086529945,6.953470706939697,3242800
1996-07-19,6.9118281393340135,6.953465658245664,6.786915582599061,6.870190620422363,3065600
1996-07-22,6.870195482458387,6.995108127593994,6.786920385701316,6.995108127593994,1943400
1996-07-23,6.995103177157315,6.995103177157315,6.745278063687411,6.870190620422363,2182000
1996-07-24,6.7452801546436145,6.870192750099978,6.7452801546436145,6.786917686462402,3131200
1996-07-25,6.786918394313836,6.828555930475271,6.703643321990967,6.703643321990967,3294200
1996-07-26,6.703643321990967,6.745280858152402,6.662005785829532,6.703643321990967,3888200
1996-07-29,6.662003722371934,6.745278768901583,6.578728675842285,6.578728675842285,2505800
1996-07-30,6.662005671748409,6.745280742645264,6.578730600851554,6.745280742645264,1905800
1996-07-31,6.703642045579306,6.870192158512953,6.703642045579306,6.828554630279541,3251400
1996-08-01,6.786920510366291,6.974289481511373,6.786920510366291,6.953470706939697,2257600
1996-08-02,6.953465741061599,7.078378299284263,6.87019070224649,7.036740779876709,3788600
1996-08-05,7.036741055940326,7.244928661145662,7.036741055940326,7.120016098022461,2848600
1996-08-06,7.078378299284263,7.120015818691818,6.87019070224649,7.036740779876709,1716600
1996-08-07,6.995103260469154,7.120015818691818,6.953465741061599,7.036740779876709,2436000
1996-08-08,6.953470706939697,7.078383354369752,6.932651932368021,6.953470706939697,2107400
1996-08-09,6.953470579215458,6.995108127593994,6.953470579215458,6.995108127593994,1239000
1996-08-12,6.953465741061599,7.036740779876708,6.953465741061599,7.036740779876709,3291800
1996-08-13,6.995103260469154,7.036740779876708,6.953465741061599,7.036740779876709,1667000
1996-08-14,6.953465658245664,7.036740696068966,6.870190620422363,6.870190620422363,1706800
1996-08-15,6.870192750099978,6.953467813737554,6.7452801546436145,6.786917686462402,1378400
1996-08-16,6.828553101510712,6.9118281393340135,6.7036405447757605,6.870190620422363,1125000
1996-08-19,6.870193840509438,6.953468917364098,6.870193840509438,6.911831378936768,1132800
1996-08-20,6.870190620422363,6.9118281393340135,6.786915582599061,6.870190620422363,731600
1996-08-21,6.828554630279542,6.870192158512953,6.745279573812718,6.828554630279541,735000
1996-08-22,6.828553101510712,6.870190620422363,6.786915582599061,6.870190620422363,2064400
1996-08-23,6.828554630279542,6.953467214979777,6.828554630279542,6.828554630279541,1297400
1996-08-26,6.828553101510712,6.9118281393340135,6.786915582599061,6.870190620422363,771800
1996-08-27,6.8701956086529945,6.953470706939697,6.8701956086529945,6.953470706939697,1215600
1996-08-28,6.953470706939697,6.995108256083048,6.8701956086529945,6.953470706939697,1480000
1996-08-29,6.870193348990546,6.953468419887402,6.745280742645264,6.745280742645264,812600
1996-08-30,6.745282551027694,6.786920097638976,6.6203699111938485,6.620369911193848,1275200
1996-09-03,6.620365506952458,6.9118281393340135,6.578727988040808,6.870190620422363,1438000
1996-09-04,6.87019070224649,7.036740779876708,6.786915663431381,7.036740779876709,1893600
1996-09-05,6.953465741061599,7.286565896322036,6.953465741061599,7.036740779876709,4677000
1996-09-06,7.036741055940326,7.244928661145662,7.036741055940326,7.120016098022461,2299000
1996-09-09,7.120015055446302,7.369840145111084,7.120015055446302,7.369840145111084,2165000
1996-09-10,7.369842102361281,7.369842102361281,7.161654472351075,7.161654472351074,1713000
1996-09-11,6.911830453311696,7.120018117568073,6.870192920460421,7.078380584716797,4778600
1996-09-12,7.036745675972529,7.078383224351065,6.911833030836923,6.995108127593994,2824000
1996-09-13,6.9534660138581925,7.120016098022461,6.9534660138581925,7.120016098022461,2935000
1996-09-16,7.1200157338922665,7.1200157338922665,6.828553101510712,6.870190620422363,2657600
1996-09-17,6.870193348990546,6.870193348990546,6.578730600851554,6.745280742645264,3949800
1996-09-18,6.66200745780513,6.745282551027694,6.6203699111938485,6.620369911193848,2765000
1996-09-19,6.662005785829532,6.745280858152402,6.578730713506663,6.703643321990967,1539200
1996-09-20,6.703641039133071,6.703641039133071,6.620365995168686,6.662003517150879,2463000
1996-09-23,6.578732364582566,6.703645004416412,6.537094817971284,6.620369911193848,1570600
1996-09-24,6.620368249668098,6.703643321990967,6.620368249668098,6.703643321990967,3138400
1996-09-25,6.703645004416412,6.745282551027694,6.6203699111938485,6.620369911193848,2014400
1996-09-26,6.66200745780513,6.66200745780513,6.537094817971284,6.620369911193848,3339400
1996-09-27,6.578730027368463,6.786917686462402,6.578730027368463,6.786917686462402,2295200
1996-09-30,6.745279573812718,6.9118296867463656,6.703642045579306,6.828554630279541,1422200
1996-10-01,6.828553101510712,6.870190620422363,6.7036405447757605,6.870190620422363,2954400
1996-10-02,6.870192750099978,6.870192750099978,6.703642622824827,6.786917686462402,2732800
1996-10-03,6.745280858152402,6.828555930475271,6.703643321990967,6.703643321990967,3587000
1996-10-04,6.745280858152402,6.786918394313836,6.662005785829532,6.703643321990967,1786000
1996-10-07,6.662004517345894,6.828554630279542,6.662004517345894,6.828554630279541,2998000
1996-10-08,6.870192837070774,6.953467901762541,6.82855530472489,6.9326491355896,3743000
1996-10-09,6.911831378936768,6.953468917364098,6.828556302082108,6.911831378936768,747600
1996-10-10,6.87019070224649,7.120015818691818,6.87019070224649,7.036740779876709,3638000
1996-10-11,7.078379576546805,7.286567211151123,7.078379576546805,7.286567211151123,3588000
1996-10-14,7.328200817108154,7.328200817108154,7.161650798537514,7.328200817108154,1368600
1996-10-15,7.3073895763110555,7.32820835003274,7.1200206128159005,7.203295707702637,2114600
1996-10-16,7.120016098022461,7.203291140104595,7.036741055940326,7.120016098022461,2446000
1996-10-17,7.078383224351065,7.120020772729601,6.995108127593994,6.995108127593994,1909400
1996-10-18,6.995104743213189,7.036742271446601,6.78691710204613,6.828554630279541,2794000
1996-10-21,6.828554630279542,6.9118296867463656,6.828554630279542,6.828554630279541,2088400
1996-10-22,6.828555930475271,6.870193466636705,6.703643321990967,6.703643321990967,774600
1996-10-23,6.703643321990967,6.745280858152402,6.537093177345229,6.703643321990967,2062200
1996-10-24,6.662005091006039,6.82855521828119,6.662005091006039,6.786917686462402,1067200
1996-10-25,6.786918278093691,6.870193348990546,6.745280742645264,6.745280742645264,1047600
1996-10-28,6.786916785606971,6.870191838191106,6.745279259314904,6.7660980224609375,1580600
1996-10-29,6.786918394313836,6.786918394313836,6.495455641183794,6.703643321990967,4466200
1996-10-30,6.745280321906595,6.745280321906595,6.370542526245117,6.370542526245117,9439000
1996-10-31,6.412182178137438,6.703645004416412,6.287269538303591,6.620369911193848,8249800
1996-11-01,6.6203699111938485,6.703645004416412,6.495457271360002,6.620369911193848,2531200
1996-11-04,6.578730713506663,6.703643321990967,6.578730713506663,6.703643321990967,1137000
1996-11-05,6.7036405447757605,6.870190620422363,6.662003025864109,6.870190620422363,5133200
1996-11-06,6.828553450734992,7.120016098022461,6.828553450734992,7.120016098022461,2960400
1996-11-07,7.161658160259268,7.203295707702636,7.036745517929165,7.203295707702637,4453000
1996-11-08,7.16165432233489,7.411479473114014,7.120016797205036,7.411479473114014,5337800
1996-11-11,7.36984226499285,7.411479791913714,7.244929684230259,7.286567211151123,2726800
1996-11-12,7.328200817108154,7.369838321750814,7.244925807822834,7.328200817108154,3087000
1996-11-13,7.328204576359239,7.369842102361281,6.953466842340869,7.161654472351074,3282000
1996-11-14,7.161653619063528,7.161653619063528,7.078378576981394,7.120016098022461,717000
1996-11-15,7.078381532646087,7.2032941479280765,6.828556302082108,6.911831378936768,1982600
1996-11-18,6.828553101510712,6.953465658245664,6.828553101510712,6.870190620422363,1383200
1996-11-19,6.911828221654045,7.036740779876708,6.87019070224649,7.036740779876709,1700200
1996-11-20,7.411475826393474,7.4947508356787935,7.161650798537514,7.328200817108154,5257400
1996-11-21,7.286567211151123,7.36984226499285,7.286567211151123,7.286567211151123,4135800
1996-11-22,7.286566897724452,7.453116998243868,7.286566897724452,7.411479473114014,4826000
1996-11-25,7.411481284052948,7.619668960571289,7.36984374874928,7.619668960571289,5463800
1996-11-26,7.578030050757097,7.78621768951416,7.578030050757097,7.78621768951416,6004400
1996-11-27,7.744579315185547,7.786216838385469,7.702941791985625,7.744579315185547,2199200
1996-11-29,7.744579315185547,7.786216838385469,7.744579315185547,7.744579315185547,109600
1996-12-02,7.786217477586534,7.890311294131808,7.744579950968424,7.869492530822754,8606000
1996-12-03,7.827857017517089,7.911132092171527,7.786219480189871,7.82785701751709,8173200
1996-12-04,7.786216838385469,7.827854361585392,7.744579315185547,7.744579315185547,5465400
1996-12-05,7.7862151083738915,7.827852622322415,7.619665052579798,7.66130256652832,2360800
1996-12-06,7.578031668791899,7.744581815358754,7.494756595508472,7.702944278717041,3495600
1996-12-09,7.744581942862652,7.911132092171527,7.702944405535433,7.82785701751709,2116200
1996-12-10,7.827857017517089,7.911132092171527,7.786219480189871,7.82785701751709,3892000
1996-12-11,7.744581942862652,7.911132092171527,7.744581942862652,7.82785701751709,3786200
1996-12-12,7.78621768951416,7.869492745016985,7.744580161762747,7.78621768951416,3295600
1996-12-13,7.827857017517089,7.827857017517089,7.744581942862652,7.82785701751709,1575400
1996-12-16,7.786219352000468,7.827856888642182,7.619669205433613,7.702944278717041,2535800
1996-12-17,7.911129640174035,8.119317262283879,7.786217066908129,8.036042213439941,6423400
1996-12-18,8.036047802757972,8.160960462904468,8.036047802757972,8.077685356140137,4773800
1996-12-19,8.119320390212476,8.327508092525617,8.056864079518533,8.285870552062988,5666600
1996-12-20,8.327505431199436,8.410780485511431,8.202592849731445,8.202592849731445,5823000
1996-12-23,8.202592849731445,8.244230376887442,8.11931779541945,8.202592849731445,3050800
1996-12-24,8.202591304121347,8.45241641998291,8.202591304121347,8.45241641998291,2451200
1996-12-26,8.494053742943741,8.660603816334794,8.410778706248214,8.535691261291504,2316600
1996-12-27,8.49405393929317,8.53569145860343,8.45241641998291,8.45241641998291,3472200
1996-12-30,8.494052112692653,8.494052112692653,8.369139581623644,8.41077709197998,1921400
1996-12-31,8.45241950874898,8.45241950874898,8.327506905171408,8.369144439697266,1790800
1997-01-02,8.410781694069886,8.410781694069886,8.036043895819247,8.119318962097168,2793200
1997-01-03,8.07767973786191,8.07767973786191,7.911129640174035,8.036042213439941,6383600
1997-01-06,8.036039893234832,8.244227455235736,8.036039893234832,8.223408699035645,4786000
1997-01-07,8.244227050554635,8.41077709197998,8.160952029841962,8.41077709197998,5733200
1997-01-08,8.4107788029839,8.53569135946386,8.369141284157248,8.494053840637207,4754800
1997-01-09,8.577329868442016,8.868792533874512,8.535692344808803,8.868792533874512,10407400
1997-01-10,8.785516738891602,8.86879177907067,8.702241698712534,8.785516738891602,5776600
1997-01-13,8.785515294491667,8.785515294491667,8.452415188539376,8.577327728271484,3376600
1997-01-14,8.577330895189968,8.868793595511958,8.494055837955115,8.827156066894531,3968200
1997-01-15,8.82715868727069,9.03534639215915,8.785521146292998,8.910433769226074,5313800
1997-01-16,8.868794164635466,9.076981821082308,8.868794164635466,8.972887992858887,6889400
1997-01-17,8.952071370788145,8.993708912047625,8.827158747009706,8.889615058898926,3261000
1997-01-20,8.910432700223701,9.035345308170763,8.868795164241348,8.952070236206055,2857200
1997-01-21,8.952067707458772,9.32680542544542,8.952067707458772,9.201892852783203,4781200
1997-01-22,9.160255328562465,9.28516790122468,9.076980280120988,9.201892852783203,3338200
1997-01-23,9.201891767567602,9.285166806188123,8.45241641998291,8.45241641998291,2712000
1997-01-24,8.452416578175333,8.827154258981135,8.410779058085799,8.785516738891602,5053200
1997-01-27,8.78552009227664,9.076982844153116,8.660607484329578,8.952070236206055,5611600
1997-01-28,8.952068985934464,8.9937065161016,8.618968744597368,8.70224380493164,4357200
1997-01-29,8.702242841720581,8.702242841720581,8.285867586135865,8.327505111694336,5337200
1997-01-30,8.41077890067265,8.49405393929317,8.285866342741867,8.45241641998291,4254200
1997-01-31,8.410779773909162,8.910430057507726,8.410779773909162,8.868792533874512,3737800
1997-02-03,8.86879135744415,8.910428875554217,8.535691212563618,8.556509971618652,2817800
1997-02-04,8.535690215027449,8.660602754759557,8.285865135563231,8.577327728271484,2407200
1997-02-05,8.618968423807395,8.868793595511958,8.577330895189968,8.827156066894531,3844400
1997-02-06,8.785518865265916,8.827156395433052,8.535693684263093,8.70224380493164,3763600
1997-02-07,8.702241797674269,8.743879318237305,8.53569171542213,8.743879318237305,2018400
1997-02-10,8.74387885303032,8.74387885303032,8.535691261291504,8.535691261291504,1358600
1997-02-11,8.535693366572541,8.910431124129385,8.452418309337688,8.827156066894531,3243600
1997-02-12,8.743879218802068,8.785516738891602,8.535691618354399,8.785516738891602,3866400
1997-02-13,8.743881304329689,9.076981544494629,8.743881304329689,9.076981544494629,2382200
1997-02-14,8.993707772188408,9.076982844153116,8.910432700223701,8.952070236206055,2037400
1997-02-18,8.993707656860352,9.076982727757207,8.910432585963497,8.993707656860352,2975000
1997-02-19,8.993705104774152,8.993705104774152,8.827155010241299,8.868792533874512,1334400
1997-02-20,8.86879715907949,8.91043470442728,8.577334341644953,8.598153114318848,2827400
1997-02-21,8.577328878290512,8.618966397117166,8.452416321810553,8.494053840637207,2783400
1997-02-24,8.452417688369751,8.494055213928222,8.119317483901977,8.327505111694336,4254800
1997-02-25,8.369144439697266,8.410781974223122,8.202594301593837,8.369144439697266,4436800
1997-02-26,8.327502648807267,8.577327728271484,8.285865135563231,8.577327728271484,5173600
1997-02-27,8.577329433881319,8.743879519976101,8.535691912357622,8.660604476928711,5591400
1997-02-28,8.577328779639268,8.660603816334794,8.494053742943741,8.535691261291504,4198200
1997-03-03,8.535691912357622,8.702241998452406,8.494054390833927,8.660604476928711,2873800
1997-03-04,8.743881335098779,8.785518865265916,8.577331214430231,8.70224380493164,1902600
1997-03-05,8.702246064337615,8.993708851181458,8.660608523359922,8.910433769226074,7570400
1997-03-06,8.952070646534011,9.118620798097433,8.66060788129802,8.806339263916016,4054000
1997-03-07,8.827160512928641,9.03534826087507,8.785522963339353,8.931254386901855,4373000
1997-03-10,8.910436712425042,9.201899595541748,8.910436712425042,9.18108081817627,4756000
1997-03-11,9.368445105471855,9.86809551109702,9.326807571669757,9.826457977294922,9820800
1997-03-12,9.784818649291992,9.909731227793591,9.618268544623191,9.784818649291992,5831200
1997-03-13,9.868091199305152,10.117916292958446,9.576628590042974,9.618266105651855,15093400
1997-03-14,9.701543596957592,9.82645617545919,9.576631018455991,9.784818649291992,3894800
1997-03-17,9.784820000330608,10.03464519182841,9.618269872665406,9.99300765991211,10080200
1997-03-18,10.034643591707768,10.034643591707768,9.868093490600586,9.868093490600586,4265000
1997-03-19,9.86809370162639,9.909731227793591,9.618268544623191,9.784818649291992,5550400
1997-03-20,9.784819172017245,9.99300681397506,9.70154411523412,9.951369285583496,6280200
1997-03-21,10.034644342366622,10.034644342366622,9.868094228800372,9.951369285583496,3170000
1997-03-24,9.909724624371837,9.909724624371837,9.659899633841453,9.701537132263184,2448600
1997-03-25,9.743174630684914,9.784812129106644,9.659899633841453,9.701537132263184,2019800
1997-03-26,9.743174630684914,9.826449627528374,9.618262135419723,9.701537132263184,5234600
1997-03-27,9.70154193057073,9.743179449586055,9.28516674041748,9.28516674041748,1774600
1997-03-31,9.32680542544542,9.701543143432065,9.201892852783203,9.201892852783203,4485600
1997-04-01,9.160256788465711,9.576632097032334,9.076981726752386,9.368444442749023,2998000
1997-04-02,9.368445596029591,9.4517206679943,8.827157628258993,8.952070236206055,2928200
1997-04-03,8.952067727627963,9.659905640975289,8.868792678998865,9.576630592346191,2832600
1997-04-04,9.451719467456524,9.826457243699293,9.451719467456524,9.743182182312012,4409600
1997-04-07,9.743174630684914,9.868087125950105,9.618262135419723,9.701537132263184,1917000
1997-04-08,9.659907842086534,9.86809551109702,9.659907842086534,9.826457977294922,2377800
1997-04-09,9.86809551109702,9.86809551109702,9.659907842086534,9.826457977294922,3329000
1997-04-10,9.868094774392935,9.909732305086576,9.743182182312012,9.743182182312012,1524600
1997-04-11,9.743184328079224,9.743184328079224,9.32680892944336,9.32680892944336,1732200
1997-04-14,9.326806724618335,9.368444254638952,8.952068954432775,9.076981544494629,3091800
1997-04-15,9.118622779846191,9.243535420666001,8.952072592086443,9.118622779846191,4507400
1997-04-16,9.07697858352328,9.618266297219622,9.07697858352328,9.534991264343262,2629000
1997-04-17,9.49335703531901,9.618269627888997,9.32680691189236,9.368444442749023,4472800
1997-04-18,9.451721549034119,9.451721549034119,9.243533849716187,9.32680892944336,2497600
1997-04-21,9.326809397914953,9.576634649644818,9.285171855959977,9.493359565734863,2902200
1997-04-22,9.534993492288791,9.784818649291992,9.451718439954393,9.784818649291992,4821200
1997-04-23,9.784819713005652,9.826457243699293,9.618269590231089,9.743182182312012,4599000
1997-04-24,9.784818649291992,9.84727493854279,9.701543596957592,9.784818649291992,2951800
1997-04-25,9.784818440046994,9.951368541154178,9.784818440046994,9.868093490600586,2162000
1997-04-28,9.826457243699293,9.909732305086576,9.618269590231089,9.743182182312012,1568000
1997-04-29,9.826455738233484,9.868093262548033,9.410080495087998,9.576630592346191,2602000
1997-04-30,9.49335355882521,9.826453683696268,9.410078527607443,9.618266105651855,3788800
1997-05-01,9.618266892540081,9.618266892540081,9.160254183371505,9.28516674041748,3896800
1997-05-02,9.243535489107655,9.410085678100586,9.118622847362957,9.410085678100586,3460200
1997-05-05,9.368444681167603,10.01382642587026,9.326807149251302,9.99300765991211,4750800
1997-05-06,9.909724624371837,10.117912116480488,9.659899633841453,9.701537132263184,4209200
1997-05-07,9.659907842086534,9.86809551109702,9.493357706878145,9.826457977294922,2629400
1997-05-08,9.784816704544367,10.700842098161285,9.784816704544367,10.61756706237793,7532000
1997-05-09,10.617566965520382,10.825754553079605,10.492654412984848,10.659204483032227,5106000
1997-05-12,10.659204580269607,10.700842098161285,10.409379472919538,10.61756706237793,2561800
1997-05-13,10.617573772847411,10.617573772847411,10.284473419189453,10.284473419189453,2348600
1997-05-14,10.367740863235195,10.451015890249133,10.034640755179446,10.263647079467773,2529600
1997-05-15,10.242835037351593,10.617572904571775,10.117922414944868,10.575935363769531,1981000
1997-05-16,10.534289018653247,10.784114054668738,10.492651512650664,10.700839042663574,2414200
1997-05-19,10.700844646839613,11.200494980544187,10.700844646839613,11.117219924926758,4491200
1997-05-20,11.117221870422364,11.533597221374512,11.075584335327148,11.450322151184082,9394600
1997-05-21,11.367045424201272,11.40868295322765,10.95067013393749,10.992307662963867,5485600
1997-05-22,10.992309245657413,10.992309245657413,10.700846500507406,10.76330280303955,3855600
1997-05-23,10.82575465183632,10.867392169727998,10.36774195502786,10.61756706237793,5248800
1997-05-27,10.57592954448625,10.700842098161285,10.451016990811217,10.61756706237793,3018000
1997-05-28,10.659207783048116,10.659207783048116,10.367745070230393,10.492657661437988,2831400
1997-05-29,10.909029669131872,11.075579740416329,10.700842080026302,11.033942222595215,7320800
1997-05-30,10.950665784765173,11.408678422150787,10.90902827227557,11.242128372192383,5657600
1997-06-02,11.283770421876854,11.283770421876854,10.95067018802071,10.971488952636719,2509200
1997-06-03,10.992307662963867,11.075582721016625,10.784120017831977,10.992307662963867,2244000
1997-06-04,10.950665784765173,11.367040909661187,10.950665784765173,11.242128372192383,3289800
1997-06-05,11.262954472143393,11.367048321238988,10.992310464494846,11.013129234313965,2385800
1997-06-06,11.03394497606091,11.075582504272461,10.534294637522303,11.075582504272461,3585600
1997-06-09,11.075584240494488,11.20049684471059,11.033946705755787,11.138040542602539,1226000
1997-06-10,11.117215834723579,11.304584640926784,11.117215834723579,11.242128372192383,2751400
1997-06-11,11.221313161587496,11.367044501348373,11.158856873118548,11.34622573852539,3714600
1997-06-12,11.367043169806985,11.616868294418127,11.325405649038462,11.502365112304688,7332600
1997-06-13,11.512778112356612,11.762603315518056,11.450321811566251,11.575234413146973,4377200
1997-06-16,11.533592080299472,11.72096090470867,11.450317047228719,11.596048355102539,2136600
1997-06-17,11.533595246109035,11.554414010091183,11.387863898234013,11.471138954162598,2674400
1997-06-18,11.408688609735185,11.533601258746884,11.325413510394052,11.387869834899902,2458000
1997-06-19,11.408682963776123,11.741783196295133,11.408682963776123,11.720964431762695,5578200
1997-06-20,11.679328315763225,11.720965849865769,11.158859139481441,11.200496673583984,4517800
1997-06-23,11.200495308095759,11.221314072608948,10.95067013393749,10.992307662963867,3003400
1997-06-24,11.013128571837912,11.054766108971515,10.575934431935083,10.909034729003906,5017200
1997-06-25,10.888212461729307,10.90903122360642,10.65920608108108,10.78411865234375,3608600
1997-06-26,10.784121332558557,11.283771741789069,10.742483798456014,11.200496673583984,4136400
1997-06-27,11.242133869844325,11.491959066951976,11.20049633699305,11.325408935546875,3332400
1997-06-30,11.283771460500507,11.450321592758817,10.950671195983887,10.950671195983887,3367400
1997-07-01,10.971494170335623,11.033950493885921,10.700850101617666,10.825762748718262,2572000
1997-07-02,10.825755989575244,10.846574751093659,10.32610571313331,10.471837043762207,7226000
1997-07-03,10.471835749757055,10.742479616052965,10.471835749757055,10.61756706237793,4824200
1997-07-07,10.867393962123938,10.867393962123938,10.65920633832846,10.680025100708008,5483600
1997-07-08,10.700846163310239,10.950671365566508,10.65920862960086,10.888215065002441,4404200
1997-07-09,10.950667205511355,10.992304723403032,10.57592954448625,10.61756706237793,4766200
1997-07-10,10.617568813569363,10.84657519974439,10.617568813569363,10.680025100708008,4596400
1997-07-11,10.700843629552356,11.200493915757136,10.659206105701958,11.158856391906738,2646800
1997-07-14,11.200496451968238,11.367046585083008,10.784121119181316,10.929852485656738,2296000
1997-07-15,10.950672924856608,11.075585543771322,10.888216615399251,11.013129234313965,2425800
1997-07-16,11.075580104250749,11.325405219384225,11.01312382546738,11.283767700195312,2838200
1997-07-17,11.34622524923353,11.408681535009128,11.09640010613114,11.158856391906738,2177000
1997-07-18,11.158860623047799,11.158860623047799,10.784122766303655,11.013129234313965,1680200
1997-07-21,10.992309245657413,11.033946780678843,10.752893419284193,10.76330280303955,1588800
1997-07-22,10.742481128589526,10.825756176097972,10.534293509818411,10.78411865234375,2439600
1997-07-23,10.78411703556776,10.909029588103294,10.575929448008537,10.659204483032227,3288600
1997-07-24,10.638385724276304,10.825754553079605,10.617566965520382,10.659204483032227,3616200
1997-07-25,10.700845196595253,11.325408145812874,10.534295076803888,11.262951850891113,4897000
1997-07-28,11.283769450056443,11.450319552640302,11.158856873118548,11.34622573852539,2116600
1997-07-29,11.346223160804657,12.324704791185976,11.346223160804657,12.054060935974121,8920000
1997-07-30,12.07487721700926,12.407977278168136,11.949964694074682,12.324702262878418,5332000
1997-07-31,12.366347586754525,12.949273062224437,12.19979745090598,12.616172790527344,6124800
1997-08-01,12.657812724544053,12.657812724544053,12.199799764116472,12.449625015258789,2933000
1997-08-04,12.53289086293366,12.574528374106198,12.11651575120829,12.283065795898438,4042600
1997-08-05,12.283070405056263,12.407982985446665,12.116520297869059,12.345526695251465,4003800
1997-08-06,12.366345458649864,12.366345458649864,12.199795351462662,12.345526695251465,4771200
1997-08-07,12.491262482433784,12.949275440123024,12.449624940825672,12.803544044494629,7649400
1997-08-08,12.657808627005036,12.949271325653179,12.491258513491811,12.532896041870117,3363000
1997-08-11,12.553710786148956,12.574529543671591,11.866691787901999,12.19979190826416,2999000
1997-08-12,12.303891582031772,12.616173094266083,12.158160209655762,12.158160209655762,2973000
1997-08-13,12.199796016008774,12.241433545073651,11.65850813816538,11.720964431762695,6158800
1997-08-14,11.679326902697818,11.78342072536001,11.65850813816538,11.720964431762695,6441400
1997-08-15,11.72096612930298,11.741784896850586,11.450322151184082,11.450322151184082,3391000
1997-08-18,11.575236501573007,11.575236501573007,11.24213617059249,11.51278018951416,3215400
1997-08-19,11.575230947682554,11.866693597444346,11.533593426288013,11.825056076049805,4512000
1997-08-20,11.825059929939165,12.17897897713805,11.72096609252773,12.158160209655762,3197800
1997-08-21,12.178973484533438,12.283067274999537,12.012423419787682,12.054060935974121,2950800
1997-08-22,11.908333312554639,12.033245899749268,11.616870609100504,11.720964431762695,2594000
1997-08-25,11.741777837276459,11.991602897644043,11.575227797031403,11.991602897644043,2588200
1997-08-26,11.949975137110357,12.137344085253202,11.658512328888154,11.908337593078613,2884200
1997-08-27,11.908331463254731,12.116519076248697,11.825056418057146,12.074881553649902,4297400
1997-08-28,12.012421652674675,12.074877917766571,11.825052857398987,11.991602897644043,4388200
1997-08-29,12.03324036292435,12.03324036292435,11.949965343111723,12.012421607971191,2088600
1997-09-02,12.01242753549626,12.699446787959651,12.01242753549626,12.657809257507324,4624400
1997-09-03,12.616170454190264,12.616170454190264,12.012426323544195,12.033245086669922,3427200
1997-09-04,12.324702262878418,12.366339770523277,12.199789739943839,12.324702262878418,3919600
1997-09-05,12.36634702780812,12.36634702780812,12.033246771166825,12.116521835327148,2974600
1997-09-08,12.199790773553364,12.366340818243511,12.11651575120829,12.283065795898438,2242000
1997-09-09,12.24143527958491,12.283072814549486,12.074885139726613,12.158160209655762,4203400
1997-09-10,12.220611670078375,12.283067947778946,12.158155392377804,12.178974151611328,3202000
1997-09-11,12.199790773553364,12.345522062657244,11.991603217690677,12.283065795898438,2300000
1997-09-12,12.28307019526036,12.53289535177413,12.28307019526036,12.428801536560059,1773000
1997-09-15,12.491250705876109,12.65780071528779,12.407975701170267,12.636981964111328,3051400
1997-09-16,12.741086149368043,13.09500520907271,12.741086149368043,13.032548904418945,4421000
1997-09-17,13.095003570335498,13.115822335948115,12.782722086146258,12.92845344543457,2290800
1997-09-18,12.907632827758789,13.282370555016303,12.907632827758789,12.907632827758789,1997000
1997-09-19,12.907636295111415,13.09500520907271,12.782723685803886,13.032548904418945,4455800
1997-09-22,13.074182225457658,13.074182225457658,12.907632133413612,12.996111869812012,2912600
1997-09-23,12.990910249597887,12.990910249597887,12.657809986787685,12.741085052490234,1476600
1997-09-24,12.699444770812988,12.865994866167913,12.574532199296794,12.699444770812988,2500400
1997-09-25,12.699447858451618,12.782722926375891,12.574535256565209,12.616172790527344,1336200
1997-09-26,12.616171727054997,12.782721848864304,12.44962160524569,12.657809257507324,2164600
1997-09-29,12.657809478557663,12.69944700973713,12.532896885019264,12.57453441619873,1703800
1997-09-30,12.574533570248423,12.61617109862673,12.491258513491811,12.532896041870117,4320400
1997-10-01,12.491260792588847,13.365649048070065,12.470442024601198,13.084595680236816,5188000
1997-10-02,13.053369294143305,13.053369294143305,12.57453756565001,12.803544044494629,3607200
1997-10-03,13.011735494171587,13.032554270962262,12.69945384231147,12.845185279846191,2304000
1997-10-06,12.865995591786744,13.074183222721803,12.699445487038695,12.793129920959473,3862000
1997-10-07,12.78272179351456,12.78272179351456,12.532896611882352,12.678627967834473,2475600
1997-10-08,12.74108377475183,12.94927141813013,12.616171188724852,12.865996360778809,2794000
1997-10-09,12.824357570746006,13.136639005098589,12.532894898683598,12.990907669067383,2244800
1997-10-10,12.949271990966796,13.074184582519532,12.782721868896484,13.011728286743164,1789400
1997-10-13,13.032543738933768,13.324006378462638,13.032543738933768,13.19909381866455,1891000
1997-10-14,13.407283409323549,13.740383618250842,13.157458252628079,13.178277015686035,4702800
1997-10-15,13.115820242808416,13.115820242808416,12.907632619906694,12.990907669067383,3580600
1997-10-16,13.032544961522836,13.032544961522836,12.699444770812988,12.699444770812988,4204400
1997-10-17,12.678628022733488,12.782721848864304,12.241433952984057,12.657809257507324,4426200
1997-10-20,12.678625804205284,12.928450943204403,12.532894473122465,12.782719612121582,2599200
1997-10-21,12.761906502886516,12.949275440123024,12.720268961278403,12.803544044494629,1682600
1997-10-22,12.741084318411977,12.865996909768958,12.491259135698018,12.657809257507324,2178800
1997-10-23,12.324709013888711,12.82435937931663,12.324709013888711,12.657809257507324,2077600
1997-10-24,12.7827236291134,12.824361165364584,12.283073194099195,12.366348266601562,2300000
1997-10-27,12.345533462605866,12.491264886279122,11.700151443481444,11.700151443481445,3008200
1997-10-28,11.866697520784406,12.24143533723023,11.283772028535347,12.137341499328613,8927400
1997-10-29,12.324710730350379,12.616173484108666,12.11652304909446,12.366348266601562,5225800
1997-10-30,12.241427247588698,12.741077339327012,12.199789739943839,12.324702262878418,3810000
1997-10-31,12.491261494624151,12.824361801147461,12.449623956308736,12.824361801147461,2234000
1997-11-03,13.032552089331286,13.240739822387697,12.90763944949744,13.240739822387695,6246800
1997-11-04,13.199098991625238,13.199098991625238,12.99091131036932,13.053367614746094,3306800
1997-11-05,13.115818416190685,13.157455934972242,12.907630822282895,12.949268341064453,2006800
1997-11-06,13.032546285806362,13.740384262990734,13.032546285806362,13.67792797088623,9601400
1997-11-07,13.282366752624512,13.657104372604513,13.282366752624512,13.282366752624512,3809000
1997-11-10,13.365645939753605,13.61547109750601,13.282370887169472,13.532196044921875,4032600
1997-11-11,13.57383793778441,14.115125953708327,13.490562858411499,14.011032104492188,4101200
1997-11-12,13.865292907575812,14.073480488770644,13.615467810142013,13.709152221679688,3469600
1997-11-13,13.740384209119803,13.906934320745497,13.282371402149142,13.698746681213379,2570400
1997-11-14,13.78201675415039,13.906929292707645,13.573829189888299,13.78201675415039,1588800
1997-11-17,13.906937834728195,14.073487988437513,13.782025219446204,13.823662757873535,2902800
1997-11-18,13.782027937483312,13.823665484122234,13.365652471094087,13.553021430969238,3679200
1997-11-19,13.573843746441897,14.03185687899055,13.407293516424204,13.927762985229492,3654800
1997-11-20,13.865303864736042,14.0734916104528,13.78202876644934,13.906941413879395,3696400
1997-11-21,14.03185018901308,14.82296340441738,13.990212651360222,14.59395694732666,9821400
1997-11-24,14.573134422302246,14.927053401129585,14.573134422302246,14.573134422302246,5964200
1997-11-25,14.739684204722561,14.906234308730726,14.260852655699088,14.323308944702148,7584400
1997-11-26,14.406586366541246,14.968693060033463,14.28167376798742,14.864599227905273,4337800
1997-11-28,14.822952399637199,14.94786491985886,14.73967738615609,14.760496139526367,1579400
1997-12-01,14.73969198765443,14.989517275580777,14.573141795703533,14.968698501586914,4478200
1997-12-02,14.947872494414492,15.010328786173885,14.364947104660168,14.448222160339355,3969200
1997-12-03,14.489859688178951,14.656409799537329,14.281672048980978,14.448222160339355,4850400
1997-12-04,14.531494843332391,14.531494843332391,14.031844590839587,14.240032196044922,4048200
1997-12-05,14.115122522826075,14.57313534805052,14.115122522826075,14.219216346740723,4201800
1997-12-08,14.240032095950825,14.281669616699219,13.90693192996367,14.281669616699219,4306400
1997-12-09,14.198395780879844,14.531495975152685,14.073483208027529,14.177577018737793,3248200
1997-12-10,14.115122495817282,14.364947672734402,14.073484966331096,14.229625701904297,1616200
1997-12-11,14.031853803566523,14.240041545459203,13.948578706809453,13.990216255187988,1732000
1997-12-12,14.07348493508455,14.07348493508455,13.282371876603467,13.511378288269043,4296400
1997-12-15,13.532193807455208,14.073481559753416,13.4489187686401,14.073481559753418,4634200
1997-12-16,14.156757054454037,14.406582178944403,14.115119533705643,14.281669616699219,3521200
1997-12-17,14.323310812284763,14.448223406577945,13.8652979665431,13.979801177978516,1833200
1997-12-18,14.240034543996886,14.489859711435429,13.532196569587684,13.698746681213379,4673200
1997-12-19,13.324010512408089,14.19839870228487,13.324010512408089,14.156761169433594,4232600
1997-12-22,14.19840189538704,14.281676979817462,13.71957015991211,13.71957015991211,2966600
1997-12-23,13.823667651710032,14.198405630220243,13.782030098542231,14.083902359008789,2757400
1997-12-24,14.198393948872884,14.240031467784533,13.740381240844727,13.740381240844727,997600
1997-12-26,13.657116119019285,14.011035286737773,13.657116119019285,13.906941413879395,441200
1997-12-29,13.99020815945932,14.198395780879844,13.906933110891108,14.177577018737793,2158000
1997-12-30,14.240034521141382,14.531497216018545,14.198396993301788,14.448222160339355,1628800
1997-12-31,14.448223899392522,15.051968125736012,14.323311300838695,14.864599227905273,3650400
1998-01-02,14.864589157429608,14.906226662072267,14.489851615645668,14.656401634216309,3451800
1998-01-05,14.59395597638526,14.989512557770881,14.531499674061216,14.947875022888184,2167600
1998-01-06,14.906230638509461,14.947868154259488,14.614768028259277,14.614768028259277,3376400
1998-01-07,14.614774144124642,14.78132427682122,14.156761279209055,14.469042778015137,2829600
1998-01-08,14.469036031800167,15.07277998132852,14.469036031800167,14.927048683166504,7284400
1998-01-09,14.968694103175197,14.989512871051657,14.240037227499075,14.489862442016602,4340600
1998-01-12,14.260852970395769,14.61477194922311,14.073484099251884,14.573134422302246,4072400
1998-01-13,14.656414453405219,14.656414453405219,14.448226748101167,14.510683059692383,2474200
1998-01-14,14.614775224165484,14.698050296667851,14.427406311035158,14.427406311035156,4113400
1998-01-15,14.489859048710313,14.489859048710313,14.156758840693985,14.323308944702148,1270600
1998-01-16,14.552315032883977,14.822958946228027,14.406583694929488,14.822958946228027,2358400
1998-01-20,14.78131781567584,15.156055450439453,14.69804278572837,15.156055450439453,2417200
1998-01-21,15.031146571877297,15.197696672396715,14.698046370838465,14.822958946228027,5779800
1998-01-22,14.698049096500172,14.90623676075655,14.573136497946347,14.864599227905273,1418000
1998-01-23,14.968691258334289,14.989510022254088,14.364947104660168,14.448222160339355,2570400
1998-01-26,14.448230137810864,14.614780341128569,13.990217078687177,14.031854629516602,3044400
1998-01-27,14.05267010802347,14.73968953552684,13.990213796432254,14.510683059692383,3599200
1998-01-28,14.635597926343795,14.65641670006548,14.156766130745066,14.406591415405273,2538200
1998-01-29,14.323311411905632,14.48986154460221,14.323311411905632,14.469042778015137,2970400
1998-01-30,14.531497216018545,14.614772271697735,14.406584632499762,14.448222160339355,1617000
1998-02-02,14.489864695173486,14.864602575221076,14.448227152945975,14.698052406311035,1986800
1998-02-03,14.698040566077598,14.989503126878004,14.614765548706055,14.885409355163574,1204200
1998-02-04,14.843783077167231,15.40588986971073,14.739689226696212,15.280977249145508,1974000
1998-02-05,15.364243025308127,15.697343145098005,14.947867875570779,15.156055450439453,4180800
1998-02-06,15.239337133658156,15.572437398874728,15.156062067354013,15.530799865722656,2274800
1998-02-09,15.405878213735727,15.426696968078613,14.822953092134915,14.885409355163574,2657000
1998-02-10,14.947880615128412,15.385074894958072,14.843786738978492,14.989518165588379,2819000
1998-02-11,15.031157901167203,15.301802018501238,14.906245231628416,14.906245231628418,2092400
1998-02-12,14.947874571009445,15.364249907249262,14.781324436513517,15.114424705505371,2025200
1998-02-13,15.072780420491982,15.301786752847525,14.906230360597045,15.156055450439453,927800
1998-02-17,15.239337921142578,15.385069294705417,15.218519153490744,15.239337921142578,1721200
1998-02-18,15.197696647593112,15.634890660743052,15.156059122531214,15.593253135681152,2296800
1998-02-19,15.614075738875593,15.614075738875593,15.156062850535243,15.239337921142578,1593800
1998-02-20,15.301789775971445,15.572433676770938,14.906233305572183,15.489158630371094,2647000
1998-02-23,15.572429988695228,16.405180255470373,15.447517448678957,16.2802677154541,5521600
1998-02-24,16.238629836070388,16.738279984872552,16.155354811270026,16.44681739807129,5228600
1998-02-25,16.488466023200722,16.63419741481992,16.259459550656267,16.571741104125977,4810200
1998-02-26,16.4676353459311,16.904829204672634,16.25944779414942,16.82155418395996,3993800
1998-02-27,16.90483041553546,16.90483041553546,16.2802677154541,16.2802677154541,5778400
1998-03-02,16.363553401812837,16.655016185051235,15.988815537649185,16.571741104125977,2247000
1998-03-03,16.530101891719934,16.675833268599078,16.405189282966383,16.48846435546875,1486000
1998-03-04,16.696648904673882,17.092205424859426,16.613373847792715,16.946474075317383,5358800
1998-03-05,16.6550113762333,17.196299245960883,16.571736319352134,16.946474075317383,3186200
1998-03-06,16.96728768654504,17.571031665575475,16.946468928647437,17.529394149780273,3760000
1998-03-09,17.508583323160806,18.237240179653824,17.404489486518948,18.112327575683594,4770400
1998-03-10,18.237241221282442,18.507885212009235,18.04987230462543,18.424610137939453,3352800
1998-03-11,18.611975585138065,18.653613114411307,17.820862528946513,18.27887535095215,3683800
1998-03-12,18.52870142376893,18.570338955058297,17.820863391849667,17.945775985717773,3795800
1998-03-13,17.9457770448726,18.362152382340643,17.9457770448726,18.258058547973633,3319600
1998-03-16,18.112329956669136,18.63279920829756,17.904142256017767,18.611980438232422,5249400
1998-03-17,18.611976568126146,18.799345459751578,18.36215137929224,18.632795333862305,3311600
1998-03-18,18.549516936188088,18.549516936188088,18.23723550628593,18.445423126220703,2265800
1998-03-19,18.40378836953179,18.945076262753314,18.070688127549314,18.84098243713379,3840800
1998-03-20,18.79934352501891,19.56963777798203,18.79934352501891,19.38226890563965,5344400
1998-03-23,19.299002150716877,19.319820923263496,18.36215738611897,18.507888793945312,4132600
1998-03-24,18.61197640263955,18.778526527047955,18.528701340435344,18.69525146484375,1503400
1998-03-25,18.736890360747104,18.736890360747104,17.904139678047233,18.195602416992188,2978400
1998-03-26,18.195603224288586,18.50788474415624,17.90414047241211,17.90414047241211,2752200
1998-03-27,18.112322780447947,18.15396030408116,17.654310020482598,17.737585067749023,2608400
1998-03-30,17.69594654476614,17.966590433097856,17.279571331948112,17.36284637451172,3344600
1998-03-31,17.44612978772201,17.90414274157629,17.321217163943572,17.77923011779785,3316800
1998-04-01,17.82086682649252,18.112329601692164,17.779229287178286,18.07069206237793,2456600
1998-04-02,18.029058972160854,18.278884269696572,17.841689999009066,17.86250877380371,3175000
1998-04-03,17.904137305493624,17.945774834111052,17.612674605171634,17.654312133789062,2228400
1998-04-06,17.820857751108434,17.8624952692185,17.113019943237305,17.113019943237305,3225200
1998-04-07,17.029756503335438,17.737594793205126,17.029756503335438,17.675138473510742,5318600
1998-04-08,17.841685189383373,18.362154418945313,17.841685189383373,18.21642303466797,6530200
1998-04-09,18.299692589235146,18.903436713339605,18.237236300534686,18.882617950439453,4128200
1998-04-13,18.695248009781242,18.778523056595414,18.362147822524562,18.549516677856445,4902800
1998-04-14,18.466241888214178,18.61197322216852,18.32051055425984,18.445423126220703,1939000
1998-04-15,18.570338871537444,18.736888995945854,18.44542627823114,18.69525146484375,2070200
1998-04-16,18.611977014896432,18.653614547368235,18.36215182006561,18.466245651245117,1962400
1998-04-17,18.40378340477366,18.611970999850286,18.23723332871236,18.57033348083496,1678400
1998-04-20,18.57034190373677,18.986717282744323,18.528704365836017,18.965898513793945,2744400
1998-04-21,18.9658850746113,19.02834133720607,18.69524127003397,19.007522583007812,2096600
1998-04-22,18.96590245438881,19.19490896042424,18.757714721629327,18.924264907836914,1643000
1998-04-23,18.86180443685563,19.174085967267146,18.611979212526414,19.04917335510254,3249600
1998-04-24,18.98671229946175,19.153262407351765,18.65361208368172,18.67443084716797,3056200
1998-04-27,18.40378826911296,18.487063329154196,18.049869263937712,18.153963088989258,2889600
1998-04-28,18.278877485262175,18.445427621802146,17.820864609777246,18.195602416992188,3258400
1998-04-29,18.23724076027094,18.23724076027094,17.77922786446505,17.90414047241211,2323400
1998-04-30,18.15396749679941,18.611980438232422,18.091511186604,18.611980438232422,2396000
1998-05-01,18.632789858271565,18.82015869483519,18.40378350247158,18.528696060180664,1678200
1998-05-04,18.736885533188328,19.028348197037925,18.487060392745818,18.549516677856445,1529600
1998-05-05,18.5287034559114,18.5287034559114,18.070690561495613,18.268468856811523,2068800
1998-05-06,18.237243228968513,18.487068478680413,18.237243228968513,18.38297462463379,1504400
1998-05-07,18.528711855276374,18.903449847854997,18.36216163635254,18.36216163635254,1844400
1998-05-08,18.320513149715204,18.94507609800095,18.27887561982949,18.903438568115234,1528600
1998-05-11,18.945076262753314,19.00753255812503,18.736888611514267,18.84098243713379,1477200
1998-05-12,18.820163781724762,18.882620077460576,18.341332181083533,18.799345016479492,1670000
1998-05-13,18.778530478477478,18.903443098068237,18.52870523929596,18.65361785888672,1648200
1998-05-14,18.611981103536362,18.611981103536362,18.25806199977784,18.38297462463379,1959400
1998-05-15,18.445423126220703,18.61197322216852,18.341329316253315,18.445423126220703,3608800
1998-05-18,18.424604364227225,18.52869817419461,18.32051055425984,18.445423126220703,2236600
1998-05-19,18.46624099299759,18.487059753981804,17.73758435855011,18.0290470123291,3852800
1998-05-20,18.112327575683594,18.32051524896731,18.07069004102685,18.112327575683594,3466400
1998-05-21,18.13314921850343,18.153967989133168,17.362854705203052,17.77923011779785,4473600
1998-05-22,17.945783872982283,18.07069652175014,17.86250877380371,17.86250877380371,3442000
1998-05-26,17.987413023150474,18.40378832461229,17.987413023150474,18.13314437866211,3102000
1998-05-27,17.98741253939542,18.362150300632823,17.945775010369044,18.320512771606445,2823000
1998-05-28,18.48706326925807,19.028351157772384,18.195600560058057,18.903438568115234,4760400
1998-05-29,18.986705145619602,19.611267814883405,18.94506763433535,19.278167724609375,5766000
1998-06-01,19.21571238098818,19.278168650915553,18.736880978211662,18.861793518066406,3371200
1998-06-02,19.069986136063285,19.27817375763603,19.028348611748736,19.153261184692383,4468400
1998-06-03,19.23653025859111,19.861092929324588,19.06998021306218,19.257349014282227,4936000
1998-06-04,19.361446038635968,19.694546185537234,19.319808520273313,19.507177352905273,4059800
1998-06-05,19.486360600925387,19.59045440755426,19.361448032970735,19.46554183959961,1997400
1998-06-08,19.403087762229802,20.194200782578225,19.403087762229802,20.090106964111328,3648000
1998-06-09,20.215016058441993,20.235834818543374,19.69454705590744,19.944372177124023,3365800
1998-06-10,19.861097136718495,20.40238489935443,19.48635945489362,19.944372177124023,3860400
1998-06-11,19.944372177124023,20.40238489935443,19.861097136718495,19.944372177124023,3252200
1998-06-12,19.98601531982422,20.02765285174052,19.736190128326417,19.98601531982422,3749400
1998-06-15,19.694539981507702,19.923546260362443,19.652902476261385,19.71535873413086,1573600
1998-06-16,19.86110214086679,19.88192090621361,19.153264119074894,19.486364364624023,6504000
1998-06-17,19.507182051447145,20.0068323921459,19.361450702076677,19.902738571166992,5789000
1998-06-18,19.86109912791641,20.943674761723177,19.819461603539228,20.673030853271484,5113800
1998-06-19,20.693851686728124,21.02695191508592,20.360751458370327,20.610576629638672,2875800
1998-06-22,20.610570667976113,20.735483217478997,20.319108052469378,20.714664459228516,2115000
1998-06-23,20.693854715719638,21.19350513139094,20.693854715719638,20.902042388916016,2727600
1998-06-24,20.94367685799647,20.985314386541194,20.485664044004498,20.610576629638672,2476400
1998-06-25,20.631393020217484,20.943674448374153,20.548117972709036,20.797943115234375,1753800
1998-06-26,20.818759475874355,21.21431590591597,20.735484437970857,21.006128311157227,2688400
1998-06-29,21.026955518284115,21.354851111762308,20.943680446924574,21.058183670043945,2434400
1998-06-30,20.902034513777853,21.110222108536597,20.652209400067363,21.006128311157227,4041600
1998-07-01,21.006133427111628,21.068589720750218,20.40238925527195,20.50648307800293,3903800
1998-07-02,20.81877235474625,20.902047444165238,20.44403445236082,20.485671997070312,1764000
1998-07-06,20.673028159543236,21.006128311157227,20.46484056478449,21.006128311157227,2786600
1998-07-07,21.151859430311227,21.380865782411053,21.047765633902216,21.08940315246582,2060000
1998-07-08,21.15185894411447,21.318409014540567,20.96449011488511,21.297590255737305,2039600
1998-07-09,21.31842499382411,21.65152538435261,21.068599700927734,21.068599700927734,2267400
1998-07-10,21.110219908465304,21.52659505458888,20.568932218504656,21.131038665771484,3948600
1998-07-13,21.110225677490234,21.23513825546355,20.693850417579185,21.110225677490234,1220600
1998-07-14,21.11022076289472,21.609870958466193,20.818758148811362,21.589052200317383,2470200
1998-07-15,21.48496689455516,21.60987949277932,21.04777280077061,21.25596046447754,1630800
1998-07-16,21.255958665692418,21.276777430301323,20.777127079687595,21.21432113647461,2829400
1998-07-17,21.29759956218716,21.40169340168954,21.151868186883824,21.380874633789062,3402000
1998-07-20,21.401687107563937,21.672331010675155,21.27677453689722,21.609874725341797,2462600
1998-07-21,21.65151255999425,21.88051894284034,21.360049890917402,21.484962463378906,1975200
1998-07-22,21.4849753013024,21.901350791637714,21.443337752268864,21.651525497436523,1894800
1998-07-23,21.69314682156432,21.69314682156432,21.23513412475586,21.23513412475586,3180200
1998-07-24,20.98530643087038,20.98530643087038,20.15255617567711,20.693843841552734,6686600
1998-07-27,20.444025250300307,20.568937828204383,19.65291225690783,20.360750198364258,3734200
1998-07-28,20.31911249715815,20.485662599593873,19.673730850219727,19.673730850219727,2906600
1998-07-29,19.944379984427428,20.11093013043517,19.194904327392578,19.194904327392578,3113000
1998-07-30,19.528007635616717,19.90274552201448,19.319819920951293,19.80906105041504,3803600
1998-07-31,19.819464225600996,20.027651875029576,18.903438568115234,18.903438568115234,2828400
1998-08-03,18.882616865113125,18.98671067363084,18.27887277571039,18.549516677856445,5344800
1998-08-04,18.695256025506406,18.736893566765886,17.44612978772201,17.77923011779785,6594600
1998-08-05,17.695952007372263,18.216421184059683,17.27957666602233,18.195602416992188,7090600
1998-08-06,18.112326482647127,18.32051414336721,17.48776350048688,18.16437339782715,4307600
1998-08-07,18.445427053114948,19.278177710140454,18.34133322098676,19.11162757873535,6028800
1998-08-10,19.09080585081186,19.694549983498387,18.94507450843925,19.527999877929688,4448800
1998-08-11,18.98670711765042,19.444719789348124,18.945069602041535,19.23653221130371,5186600
1998-08-12,19.29898886909651,19.403082660191963,18.86179494649562,19.069982528686523,5657000
1998-08-13,19.02834929074053,19.153261868141453,18.736886610138377,18.882617950439453,4101000
1998-08-14,19.028348568877483,19.36144876264339,18.382966943456037,18.403785705566406,3628800
1998-08-17,18.424604467676776,18.528698278228624,18.237235608683452,18.403785705566406,3244400
1998-08-18,18.487062907971833,19.881920131884122,18.46624414343583,19.7778263092041,3876000
1998-08-19,19.819462455587182,19.965193797172383,19.319812141580783,19.569637298583984,4143600
1998-08-20,19.59045440755426,19.59045440755426,18.96589156778101,19.46554183959961,3453600
1998-08-21,19.194895078001064,19.236532594439243,18.63278860608563,19.069982528686523,3185400
1998-08-24,19.23653623332148,19.403086330579676,18.861798514490545,19.153261184692383,2543200
1998-08-25,19.236537461296773,19.382268805700534,18.611974556709214,18.67443084716797,3974000
1998-08-26,18.591154606445976,19.298992519793305,18.403785747030508,19.153261184692383,4843000
1998-08-27,18.736891665701137,19.153267036050053,18.362153832387115,18.424610137939453,6469600
1998-08-28,18.445433083074814,18.611983268926505,17.63350092704782,17.675138473510742,4988600
1998-08-31,17.82086265736209,17.945775246081915,15.655711119551741,15.676529884338379,6459400
1998-09-01,15.738990294873416,16.821566346901744,15.738990294873416,16.571741104125977,10547000
1998-09-02,16.7799221017655,16.90483467324266,14.989508577259503,15.010327339172363,26038800
1998-09-03,15.655711454503678,16.779924777034527,15.530798863111361,16.634193420410156,20460000
1998-09-04,16.904841427827,17.42531068360985,15.8639029162613,16.571741104125977,7448000
1998-09-08,17.362847502559895,18.52869817419461,17.071384834651216,18.445423126220703,9867600
1998-09-09,18.27888368212778,18.903446905890686,17.779233103117452,18.049877166748047,6526800
1998-09-10,17.529406591420024,17.529406591420024,16.65501813911641,17.196306228637695,6643000
1998-09-11,17.237937872027317,17.258756637573242,16.655012436741366,17.258756637573242,3732600
1998-09-14,17.654312735390064,18.278875685934526,17.237937435027092,17.42530632019043,4163600
1998-09-15,17.446121115911573,17.695946239289782,17.25875227337792,17.48775863647461,3352400
1998-09-16,17.73759831538817,18.653624519469247,17.571048096464335,18.36216163635254,5793000
1998-09-17,17.820860115015453,18.195597827714373,17.737585067749023,17.737585067749023,2974800
1998-09-18,18.008240722207464,18.153972150017236,17.695959091186523,17.695959091186523,3480400
1998-09-21,17.48776732898149,17.86250520031681,17.237942081424613,17.77923011779785,2756400
1998-09-22,18.07067646807935,18.07067646807935,17.279563903808594,17.279563903808594,3656600
1998-09-23,17.487765112588573,17.90414047241211,17.154664824729743,17.90414047241211,5786000
1998-09-24,17.63349781865659,18.070691979449727,16.405190414523485,16.759109497070312,8148200
1998-09-25,16.59255233639734,16.675827379490926,16.05126455628902,16.53009605407715,8211000
1998-09-28,16.82156230749863,17.34203143829995,16.613374655178102,16.634193420410156,5160200
1998-09-29,16.86320911977709,16.904846673159255,16.072095605515944,16.155370712280273,6019200
1998-09-30,16.155359243025565,16.155359243025565,15.36424629040318,15.780621528625488,6409600
1998-10-01,15.36424677291613,15.36424677291613,14.32330864466978,14.822958946228027,10325800
1998-10-02,14.906238910513865,15.0727890659386,13.90693797796545,14.781326293945312,9697000
1998-10-05,14.822952399637199,14.822952399637199,13.740377224382796,14.760496139526367,5512600
1998-10-06,15.239330105159596,15.489155188850736,14.69804242382879,15.32260513305664,5215000
1998-10-07,15.197694434239711,15.697344662214716,15.156056915241795,15.343425750732422,4888000
1998-10-08,14.822962418240094,15.447525441480547,13.948574185703459,14.947875022888184,6532200
1998-10-09,15.07278851245312,15.718170341025006,14.573138064526496,15.65571403503418,4730200
1998-10-12,16.051269588222752,16.42600739962095,15.905538217123453,16.03045082092285,3556400
1998-10-13,15.822262597787157,16.113725329851658,15.499571715858602,15.530799865722656,3829000
1998-10-14,15.447519810317202,15.884713767212972,15.447519810317202,15.634888648986816,5970400
1998-10-15,15.61407717118352,16.77992826663189,15.322614397321429,16.759109497070312,5620200
1998-10-16,16.904837515379977,17.654313070249042,16.86319998455392,17.30039405822754,7051200
1998-10-19,17.82086444363219,18.362152382340643,17.800045676758785,18.258058547973633,9703600
1998-10-20,18.528699292723797,19.236537243232345,18.528699292723797,18.757705688476562,8023600
1998-10-21,18.716071911238778,18.965897120287572,18.19560272572046,18.778528213500977,3813000
1998-10-22,18.94507128616859,19.38226523892633,18.487058573755725,19.319808959960938,3160000
1998-10-23,19.194904794839072,19.590461401240308,18.98671710725947,19.02835464477539,2492400
1998-10-26,19.153270742890538,19.153270742890538,18.382976158665592,18.507888793945312,3180400
1998-10-27,18.653615350712343,18.77852795350729,18.17478370666504,18.17478370666504,3772600
1998-10-28,18.070685158674966,18.570335439559987,17.987410111860797,18.549516677856445,3382000
1998-10-29,18.61197824446325,18.924259758632093,18.445428103573196,18.71607208251953,2985000
1998-10-30,18.8201635083438,19.444726456629546,18.695250918686654,18.903438568115234,2838400
1998-11-02,19.278174615413583,19.590456061667584,19.236537089246383,19.569637298583984,2067800
1998-11-03,19.652917889156402,19.652917889156402,18.945079744843568,18.965898513793945,2120600
1998-11-04,19.319813173685116,19.944376099558557,19.27817564529355,19.902738571166992,2591800
1998-11-05,19.673735117057404,21.068592527473115,19.486366211180666,20.902042388916016,5939000
1998-11-06,20.94368641991769,20.94368641991769,20.319123206600064,20.652223587036133,4363200
1998-11-09,20.610578298568726,20.610578298568726,19.86110272407532,19.98601531982422,3275400
1998-11-10,19.819459191684064,19.861096710994325,19.069983844099372,19.319808959960938,5462000
1998-11-11,19.486361431997672,19.527998956425016,18.820161041160144,19.132442474365234,4566800
1998-11-12,19.111629896446587,19.23654251014885,18.90344220694281,18.965898513793945,3960200
1998-11-13,19.04917029234079,19.528001895317665,18.820163873525765,19.486364364624023,3607400
1998-11-16,19.632094162856976,20.11092572780471,19.632094162856976,20.090106964111328,5209400
1998-11-17,20.027645063548817,20.152557610722717,19.777819969201015,20.048463821411133,3288600
1998-11-18,20.048472902433513,20.31911687723272,19.673735091173075,20.215023040771484,1974800
1998-11-19,20.3191139298256,20.652214158183398,20.256657637008512,20.610576629638672,2823600
1998-11-20,20.86039809253078,20.86039809253078,20.4856604022458,20.54811668395996,1537000
1998-11-23,20.652210036434802,20.922853917960662,20.610572516200055,20.735485076904297,2012600
1998-11-24,20.777133866775134,20.777133866775134,20.13175195307771,20.152570724487305,3029600
1998-11-25,20.194208940513704,20.69385947100064,20.110933852099212,20.568946838378906,1713400
1998-11-27,20.693846392164044,21.23513412475586,20.652208874272365,21.23513412475586,1861800
1998-11-30,21.318417735308763,21.609880477783687,20.902042388916016,20.902042388916016,5392400
1998-12-01,20.65221729392777,21.11023017746246,20.5273046893274,20.86040496826172,3030000
1998-12-02,20.88122359412338,20.88122359412338,20.110929204310253,20.215023040771484,4227400
1998-12-03,20.36075356427361,20.44402862997616,19.11162757873535,19.11162757873535,5327200
1998-12-04,19.673738982066634,20.27748335294487,19.528007582199475,20.152570724487305,4254400
1998-12-07,20.381566154908942,20.735485076904297,20.277472354322075,20.735485076904297,2501400
1998-12-08,20.73549189512757,22.567543387869765,20.589760526386712,21.734792709350586,7152000
1998-12-09,21.797242019196556,22.38016730719799,21.568235656053133,22.2552547454834,4511400
1998-12-10,22.151159480832657,22.48425962340157,21.90133437390597,22.06788444519043,3231200
1998-12-11,21.942976997012185,22.567539909640615,21.901339469503622,22.29689598083496,4094800
1998-12-14,22.255255867667504,22.27607462900302,21.48496169825338,21.797243118286133,5983000
1998-12-15,21.90134412575672,21.984619198478228,21.40169368942767,21.96380043029785,3960400
1998-12-16,22.151160208501498,22.775722996335187,21.942972612556936,22.567535400390625,4215000
1998-12-17,22.650818551783225,22.650818551783225,22.192805676655254,22.40099334716797,2571800
1998-12-18,22.234443058579732,22.234443058579732,21.255961013866955,21.755611419677734,6485800
1998-12-21,21.693163046470055,22.276088732939503,21.56825039936946,21.651525497436523,4074000
1998-12-22,21.67234001654624,22.48427206327564,21.44333354182769,22.46345329284668,4005800
1998-12-23,22.50508970945042,22.90064632784039,22.3593583237278,22.8590087890625,2937600
1998-12-24,22.713275394439698,23.067194442749024,22.567544021606448,22.900644302368164,1115800
1998-12-28,23.067202489995445,23.52521553582568,22.900652291511722,23.40030288696289,2236200
1998-12-29,23.42111180740127,24.940881729125973,23.400293041350245,24.940881729125977,4308600
1998-12-30,24.89924958881579,25.35726254111842,23.7333984375,23.7333984375,3728000
1998-12-31,23.941585243522347,24.39959817861582,23.233747071105164,24.045679092407227,2095600
1999-01-04,24.1289567663953,24.1289567663953,23.317024657776308,23.816675186157227,4260000
1999-01-05,23.608482436086874,24.44123313929981,23.566844900926224,24.274682998657227,2852000
1999-01-06,24.48286081109165,25.232336142043437,24.48286081109165,25.190698623657227,3897800
1999-01-07,25.065786460076712,25.232336536223404,24.482861193563302,25.02414894104004,3449200
1999-01-08,25.065803197807334,25.107440744647544,24.14977716732268,24.545333862304688,6172800
1999-01-11,24.462044526790752,24.482863288090147,23.983213016904635,24.149763107299805,2071000
1999-01-12,23.962407689931172,24.337145603414022,23.837495052103556,24.08732032775879,4284800
1999-01-13,23.317019580161737,24.316320419311523,23.06719437037429,24.316320419311523,2904800
1999-01-14,24.39958829443654,24.39958829443654,23.275375181894244,24.128944396972656,3176000
1999-01-15,24.399581145598567,24.774318739984896,23.816655998775396,24.75349998474121,2741400
1999-01-19,24.815969132819834,25.003338027279046,24.14976861918709,24.940881729125977,2782000
1999-01-20,24.920065446333453,25.190709431966148,24.399596243193656,24.732696533203125,3243000
1999-01-21,24.566130844724448,25.044962208647043,23.77501815650451,24.024843215942383,3639200
1999-01-22,23.566838495810412,24.149763829629045,23.067188209680157,23.858301162719727,1888200
1999-01-25,23.920767372532893,23.962404913651316,23.608485814144736,23.7333984375,1729600
1999-01-26,23.691764152080353,24.857615463606276,23.691764152080353,24.545333862304688,3311400
1999-01-27,24.899234904763375,26.127541643376283,24.8784161464818,25.66952896118164,4772200
1999-01-28,25.89854479128598,27.230945809487185,25.4821694730981,27.14767074584961,5107400
1999-01-29,27.37667406666153,27.751411810539786,26.68965486955139,27.605680465698242,4867800
1999-02-01,27.688961546579495,27.688961546579495,26.31492285329059,26.4710636138916,4845600
1999-02-02,26.48146405093234,26.814564227673625,25.5654385648938,25.836082458496094,4435600
1999-02-03,26.065102972746086,26.314928240855473,25.8152777046367,26.252471923828125,4787600
1999-02-04,26.46064947338166,26.60638082374647,25.69035519288196,25.731992721557617,4441000
1999-02-05,25.711170401058,25.981814300016502,25.482164025016186,25.62789535522461,3194200
1999-02-08,25.89855832759913,25.981833434761825,25.211538693506867,25.690370559692383,2400800
1999-02-09,25.60707925639851,25.669535547267778,24.46204725712866,24.586959838867188,3107600
1999-02-10,24.524502924150134,25.648716131199464,24.482865397963124,25.586259841918945,3258000
1999-02-11,25.731993165332106,27.022756576538086,25.315617871394696,27.022756576538086,3819400
1999-02-12,26.752117160029304,26.772935928247225,25.56544737160777,26.06509780883789,4508000
1999-02-16,26.273293219478326,27.43914458262475,26.252474445136425,27.293413162231445,5425400
1999-02-17,27.106031255612425,27.52240654371707,26.564743381076386,27.168487548828125,3623600
1999-02-18,27.16849307885906,28.438437966070097,26.89784908650261,27.91796875,3997000
1999-02-19,28.063692393748354,28.126148682458478,26.9811167227729,27.18930435180664,3232600
1999-02-22,27.230943464651343,27.564043690518638,27.064393351717694,27.314218521118164,2545000
1999-02-23,27.397508445762387,28.188621911521484,26.81458273415042,28.063709259033203,2891800
1999-02-24,28.022059268779582,28.646622253967834,27.7305965423584,27.7305965423584,3872200
1999-02-25,27.730594576231688,27.730594576231688,26.648018811994415,27.022756576538086,2762000
1999-02-26,27.126853050795976,27.522409618689395,26.231646081352977,26.75211524963379,2634600
1999-03-01,26.856203757392038,28.126148276152435,26.772928706981517,28.105329513549805,3020000
1999-03-02,28.188598493780255,28.396786074975086,27.001929280969712,27.418304443359375,4249800
1999-03-03,27.480787952919176,27.876344749211196,27.189325050388216,27.855525970458984,7303200
1999-03-04,28.063693763886818,28.89644432067871,27.897143652528438,28.89644432067871,8938000
1999-03-05,29.39609146907956,30.24966069728938,28.31351586256955,30.166385650634766,6031600
1999-03-08,29.958209694257405,30.10394108262419,28.917271205923235,30.06230354309082,6388800
1999-03-09,29.770829229723685,30.499485889192446,29.750010468024577,30.145566940307617,3617400
1999-03-10,30.27047366964406,30.47866124646417,29.87491727368585,30.187198638916016,3296600
1999-03-11,30.187204463705832,31.061592455068347,29.937379323316545,30.145566940307617,4850800
1999-03-12,30.228847527890956,30.353760120981413,29.229546783167287,29.50019073486328,4392200
1999-03-15,29.625110427375027,30.4786800180443,29.354466410821356,30.35376739501953,3375400
1999-03-16,30.291291260819055,30.312110017699343,29.562634770008973,29.854097366333008,2240800
1999-03-17,29.729191655698028,30.312116982280344,29.562641562388794,30.166385650634766,2048000
1999-03-18,30.145572058381568,30.437034771653213,29.72919675370779,30.37457847595215,1489400
1999-03-19,30.520318769442756,30.603593854761836,29.27119248965656,29.292011260986328,4792600
1999-03-22,29.354455216547077,29.979018093494886,28.667436051904488,29.645917892456055,3157000
1999-03-23,29.62509384829248,30.103925301919134,28.9380748061325,29.45854377746582,3290200
1999-03-24,29.396078277717937,29.812453324144535,28.604965689507395,29.312803268432617,3973800
1999-03-25,29.312816422424945,30.187204412298417,29.291997660761293,30.166385650634766,2536600
1999-03-26,30.020648296062763,30.52029847574758,29.81246072119409,30.312110900878906,2876400
1999-03-29,30.437036123464026,30.811773914313786,30.312123526514103,30.582767486572266,2271200
1999-03-30,30.33295551008648,30.437049386236403,29.979036331176758,29.979036331176758,3287600
1999-03-31,30.187207374963336,31.06159545065193,30.166388611256465,30.499488830566406,3299000
1999-04-01,30.624414530125154,30.853421028990805,29.645932216790086,29.958213806152344,3752200
1999-04-05,29.958209694257405,30.208034931457604,29.770840766357253,30.06230354309082,2940200
1999-04-06,30.145576528600742,31.186514944643587,29.937388845392174,30.811777114868164,4052600
1999-04-07,31.144873072061447,31.22814813375145,29.70837825790888,30.270484924316406,5019000
1999-04-08,30.541130288820153,30.603586587979294,29.479373203114747,29.750017166137695,4689200
1999-04-09,29.77084681122293,30.124765969118588,29.58347784527817,29.937397003173828,2770400
1999-04-12,29.854116260632093,29.999847651025696,29.479378399619975,29.91657257080078,3289000
1999-04-13,29.93738265712021,29.93738265712021,29.422118247687855,29.583463668823242,2603200
1999-04-14,29.562643461449206,29.72919356545737,28.60498036340226,28.646617889404297,5972800
1999-04-15,28.750716084832543,28.854809915697253,27.376677517418386,27.7305965423584,8755400
1999-04-16,27.85551056865526,27.85551056865526,26.77293467211559,27.210128784179688,5563600
1999-04-19,27.31421612470578,27.522403747607502,25.461346280880466,25.981815338134766,6986000
1999-04-20,26.106729997327626,27.938781225210267,26.02345494151478,27.397493362426758,5248200
1999-04-21,27.56405127243337,28.729902383654117,27.39750111368755,28.022064208984375,4205800
1999-04-22,28.063699153239224,29.083818781213054,28.04288038532139,28.958906173706055,5326200
1999-04-23,28.91727226673274,29.312828906810438,28.18861529816856,29.021366119384766,3002200
1999-04-26,29.18790511602766,29.645917892456055,28.79234862729405,29.645917892456055,2253200
1999-04-27,29.72918624551887,29.979011340019028,29.104623509268475,29.229536056518555,3420000
1999-04-28,29.27119095261033,29.541834965685673,28.48007768362086,28.500896453857422,3640400
1999-04-29,28.563345164106515,28.625801458197127,26.897843988356865,27.022756576538086,5267000
1999-04-30,27.459956629395943,27.52241293712012,26.543930782774698,26.96030616760254,5427200
1999-05-03,26.960314162053415,28.063709259033207,26.731307632491568,28.063709259033203,4124600
1999-05-04,28.063687746452562,28.8339818463181,27.480762481689453,27.480762481689453,3811000
1999-05-05,27.647322723155714,27.688960257377335,26.231646559620632,27.272584915161133,10701600
1999-05-06,27.16849752364426,27.522416648473342,25.940189972766856,26.377384185791016,7035800
1999-05-07,26.981115128252117,27.31421531502066,25.690351904524004,26.294095993041992,9041400
1999-05-10,26.35655993885464,27.06439804147791,25.815271978025084,26.981122970581055,4303400
1999-05-11,27.29340892207098,27.855515741976333,26.981127355456895,27.43914031982422,5204200
1999-05-12,27.56405205693637,27.56405205693637,26.856213862120782,27.085220336914062,3537800
1999-05-13,27.189312304577612,28.12615690925295,27.168493535584826,27.751419067382812,3866200
1999-05-14,27.647319517444206,27.938782223200395,26.856206458963122,27.022756576538086,3302000
1999-05-17,26.39818974989879,26.523102319693262,25.981814517250545,26.31491470336914,4232400
1999-05-18,26.398189006747018,26.439826528839678,25.69035113117178,25.836082458496094,4864800
1999-05-19,25.856901886408806,25.981814455908363,25.211520277327747,25.565439224243164,4282800
1999-05-20,25.64872023638557,26.19000816345215,25.273982440724094,25.48217010498047,2011600
1999-05-21,25.586259455680846,25.77362832069397,24.899240283966066,24.982515335083008,3579400
1999-05-24,25.065786306497753,26.294093110553703,24.524498562337502,25.898536682128906,5835600
1999-05-25,25.711166888852663,26.14836081975623,24.628591440900973,24.670228958129883,3683400
1999-05-26,24.670235161878626,24.691053925728312,23.7750283163421,24.482866287231445,4629400
1999-05-27,24.815960647770726,25.731986040809243,23.525197593943723,23.691747665405273,13214800
1999-05-28,23.89993797170705,24.462044526790752,23.691750358713087,24.149763107299805,8023800
1999-06-01,24.274677434053693,24.85760279267591,23.983214754742583,24.212221145629883,4024600
1999-06-02,24.27467786274869,24.920059521192265,23.733390020183112,24.795146942138672,2335200
1999-06-03,24.524500094646083,25.39888804369119,24.274674966347483,24.441225051879883,3412000
1999-06-04,24.52451200717833,25.690363172205483,24.52451200717833,25.607088088989258,2999000
1999-06-07,25.627905425775655,25.627905425775655,25.253167572271217,25.440536499023438,2454400
1999-06-08,25.336443608475363,25.336443608475363,25.003343281658925,25.107437133789062,2297400
1999-06-09,25.086613091483137,25.128250623585185,24.6077814723096,24.940881729125977,2401200
1999-06-10,24.87841856852489,25.06578741130039,24.149761957731272,24.62859344482422,3041400
1999-06-11,24.69105090108411,24.836782230179885,23.983213016904635,24.149763107299805,2176000
1999-06-14,24.19140704085187,24.462051009467253,23.525206502721698,23.899944305419922,2517200
1999-06-15,23.795846939086914,24.191403449885385,23.587659301824562,23.795846939086914,3134000
1999-06-16,23.941580519463805,25.523806710315323,23.899942988125606,25.471759796142578,4924800
1999-06-17,25.39887643528142,25.940163965869385,25.211507674693276,25.273963928222656,3652800
1999-06-18,24.732681229497526,25.06578131339648,24.586949942791733,24.75349998474121,4985800
1999-06-21,24.69104732194763,25.773622752589514,24.64940980538448,25.66952896118164,2411200
1999-06-22,25.419714483884302,25.648720920676055,24.77433270747119,25.232345581054688,2924400
1999-06-23,25.14906618526774,25.27397876565814,24.31631564933172,24.69105339050293,3320800
1999-06-24,24.73269405561624,24.73269405561624,24.233043670654297,24.233043670654297,2526400
1999-06-25,24.399599015153786,24.815974424968697,24.274686392209315,24.42041778564453,1753800
1999-06-28,24.399583248216278,25.523796128253547,24.357945734140824,25.50297737121582,3632200
1999-06-29,25.523803509053838,26.35655403137207,25.024153195662898,26.35655403137207,3925800
1999-06-30,26.231648179351307,26.710479852466452,25.565447590669372,26.668842315673828,5475000
1999-07-01,26.43982888728517,27.210123114710015,26.190003732444683,27.18930435180664,4624600
1999-07-02,27.21011724391905,27.439123586446296,26.772923317276128,27.251754760742188,1966200
1999-07-06,27.272593048494166,27.87633747475854,26.939492675382787,27.106042861938477,3887800
1999-07-07,27.106043687636785,27.56405671461682,26.7313057564713,27.459962844848633,3214800
1999-07-08,27.688963494145913,28.85481458863627,27.64732595505697,28.833995819091797,6527600
1999-07-09,28.89646042702415,28.938097978071735,28.313534712357956,28.625816345214844,2047800
1999-07-12,28.688274132615096,28.688274132615096,28.001254505346374,28.167804718017578,2335200
1999-07-13,27.980423087334668,28.292704595005812,27.772235415553904,27.938785552978516,2525800
1999-07-14,28.06370180831966,28.14697688786957,27.64732641057011,28.001245498657227,2035400
1999-07-15,28.105345155511582,28.584176961864742,27.64733212334769,27.980432510375977,3194000
1999-07-16,28.063692836343808,28.64661820683166,27.938780256953553,28.521705627441406,1913800
1999-07-19,28.604972839355472,29.02134798985555,28.50087905173045,28.60497283935547,1746400
1999-07-20,28.542535378633797,28.563354149880066,27.31422787510397,27.376684188842773,2597200
1999-07-21,27.43912698626518,27.730589640140533,26.481463980674743,26.648014068603516,3244800
1999-07-22,26.6063899886828,26.73130261773765,25.73200158529886,25.961008071899414,3882400
1999-07-23,26.127541643376283,26.294091709628884,25.502978894929043,25.66952896118164,2690800
1999-07-26,25.565448525664095,25.961005139660525,25.378079603244732,25.648723602294922,2689600
1999-07-27,25.960991577123686,26.106722885094708,25.565435169773767,25.66952896118164,3054200
1999-07-28,25.815275797029823,25.815275797029823,25.440537922556807,25.607088088989258,2422600
1999-07-29,25.60707870598704,25.648716232338238,24.60777807355828,24.795146942138672,5352000
1999-07-30,25.024162656088734,25.232350365374,24.295505673590313,24.899250030517578,6167800
1999-08-02,24.98252810412691,25.56545375988987,24.191414714162892,24.545333862304688,3896800
1999-08-03,24.89923951905126,24.94087704333061,24.212220368441987,24.52450180053711,3237200
1999-08-04,24.607780185811993,25.12824930987739,24.337136241297987,24.347545623779297,4803800
1999-08-05,24.441219058279263,24.566131591796875,23.94156892420882,24.566131591796875,6231200
1999-08-06,24.37877594220098,24.6910574444495,23.816669238153647,23.899944305419922,2885400
1999-08-09,23.962396834555562,23.983215598095576,23.65011538145536,23.879121780395508,4772200
1999-08-10,23.858293176317133,24.23303076547395,23.81665566641082,24.024843215942383,6839200
1999-08-11,24.316316572930727,25.10742961211854,24.149766459417503,25.065792083740234,3248000
1999-08-12,25.357253065109255,25.60707821846008,24.857602758407594,24.982515335083008,6217600
1999-08-13,25.357259047658818,25.39889658304085,24.878427390765427,24.92006492614746,3092600
1999-08-16,24.982512873327504,25.357250566427417,24.81596278750532,25.211519241333008,2430800
1999-08-17,25.398889191543,26.31491470336914,25.31561414501335,26.31491470336914,4235600
1999-08-18,26.314922620608183,26.7312979785292,26.148372477439775,26.21082878112793,3983600
1999-08-19,26.148366445443607,26.148366445443607,25.523803552638427,25.586259841918945,2032800
1999-08-20,25.69035975340825,26.190010186213595,25.5238096091398,26.148372650146484,2530800
1999-08-23,26.148373105766066,26.772936157655383,26.065098032180824,26.668842315673828,1903600
1999-08-24,26.502289056960933,27.210127099330666,26.27328263148837,27.12685203552246,2878400
1999-08-25,26.897848299354504,26.897848299354504,25.398897000938465,26.148372650146484,6632000
1999-08-26,26.148372650146484,26.64802308295183,25.815272361609587,26.148372650146484,3258600
1999-08-27,26.106722885094708,26.23163543478416,25.39888510352117,25.66952896118164,2396600
1999-08-30,25.56543017021436,25.773617712317083,25.19069259442946,25.336423873901367,1961600
1999-08-31,25.273987907231053,25.482175616516315,24.399599528232944,24.899250030517578,3982000
1999-09-01,24.940878820459687,24.982516347705864,24.44122849350557,24.586959838867188,4230800
1999-09-02,24.3995808050992,24.3995808050992,23.629286871832416,24.024843215942383,6671800
1999-09-03,24.274672544455225,24.69104771674434,24.191397509997405,24.670228958129883,4323600
1999-09-07,24.64940938769027,24.961690756622154,24.14975919739925,24.191396713256836,2387400
1999-09-08,24.149769336425354,24.19140686976402,23.691756469700046,23.962400436401367,4148000
1999-09-09,24.035260691080552,24.066488834031283,23.650113594688182,23.837482452392578,2886400
1999-09-10,23.98321325749105,24.02485078050753,23.233737843194458,23.275375366210938,9282600
1999-09-13,23.150471381552105,23.192108920008135,22.817371073903875,22.921464920043945,5822800
1999-09-14,22.734099113753725,22.754917885835916,21.77643559797289,22.50509262084961,9291800
1999-09-15,22.79655009480358,23.10883160295158,22.31771844897666,22.338537216186523,7194800
1999-09-16,22.463454022179615,22.671641733228544,21.81807211792793,22.2136287689209,4296400
1999-09-17,22.29688793818156,22.650806794343172,21.963787838264746,22.484256744384766,7142400
1999-09-20,22.317721246095598,22.400996325372073,21.901345849713216,22.02625846862793,5946800
1999-09-21,21.98461468300123,22.27607737766223,21.901339627383802,22.234439849853516,12887800
1999-09-22,22.27607596410464,22.879820079019623,21.90133823760568,22.796545028686523,7955800
1999-09-23,22.983916097005206,23.816666680230036,22.983916097005206,23.421110153198242,11141400
1999-09-24,23.358663273764357,24.649427197983066,23.150475544051663,24.08732032775879,11556800
1999-09-27,24.316313249063036,24.524500862496797,24.024850590255774,24.128944396972656,3626400
1999-09-28,23.879119260852143,24.462044578466667,23.75420669279189,24.128944396972656,3820000
1999-09-29,24.12894809309585,24.233041915758044,23.44192886352539,23.44192886352539,4991200
1999-09-30,23.62928695976734,24.087299570441246,23.275368124246597,23.983205795288086,5967800
1999-10-01,23.983220139594927,24.58696439658126,23.483569720020032,24.316320419311523,10459200
1999-10-04,24.399591803936513,25.731992721557617,24.37877303959868,25.731992721557617,9530200
1999-10-05,25.94019172433984,26.79376143597542,25.898554177430785,26.419023513793945,8899000
1999-10-06,26.377369276682536,26.377369276682536,25.960994071052188,26.231637954711914,7703600
1999-10-07,26.356556817626952,26.856207183837892,25.815268920898436,26.023456573486328,4167600
1999-10-08,26.04426530108414,27.564034579244925,25.940171514908744,27.511987686157227,5562200
1999-10-11,27.293401853060065,28.10533371596574,26.897845304464994,27.95960235595703,4517200
1999-10-12,27.959599344353926,27.959599344353926,26.392987393004237,26.897842407226562,4566600
1999-10-13,26.648014454706477,26.689651977291955,25.398888777142112,25.711170196533203,6480400
1999-10-14,25.87772075958131,26.43982732475323,25.273976671063323,26.294095993041992,4384000
1999-10-15,25.940180855309404,25.940180855309404,24.586961147769184,24.815967559814453,5915600
1999-10-18,24.982512370066836,24.982512370066836,24.316312040198383,24.62859344482422,3820800
1999-10-19,24.899231271447004,25.14905633437122,24.71186247425384,24.75349998474121,4917600
1999-10-20,24.940863909399294,25.27396392822266,24.815951402340534,25.273963928222656,2938600
1999-10-21,25.10742920272204,25.10742920272204,24.441228759532073,24.482866287231445,5504200
1999-10-22,24.77431665821827,25.19069172810429,24.649404137252464,24.836772918701172,5250600
1999-10-25,24.815954556336273,24.815954556336273,24.31630446459796,24.649404525756836,4052600
1999-10-26,24.836774751544,24.836774751544,23.941568285226822,23.983205795288086,7368000
1999-10-27,24.035252682864666,24.045662060379982,23.50437442958355,23.983205795288086,5450600
1999-10-28,24.274687238055424,26.106739105078475,24.19141215319074,26.085920333862305,5336800
1999-10-29,26.35655868174037,27.480772085226928,26.314921148277907,26.75211524963379,6750600
1999-11-01,26.648023024189538,27.106035919917794,26.148372592485984,26.169191360473633,4382200
1999-11-02,26.48145788413226,27.272570619664513,26.439820371735827,26.835376739501953,4100400
1999-11-03,26.960307714299546,27.855514843036907,26.897851402992288,27.085220336914062,4689600
1999-11-04,27.50159955500824,27.959612568036388,27.022767768660632,27.106042861938477,6434800
1999-11-05,27.3974888450221,28.52170191313091,27.3974888450221,28.480064392089844,5181000
1999-11-08,28.14698207171666,28.813182830810543,27.855519239613084,28.813182830810547,3598400
1999-11-09,28.625805531778642,28.625805531778642,28.022061269653854,28.396799087524414,5175400
1999-11-10,28.375968933105465,28.938075434348203,27.64731235742044,28.37596893310547,4823600
1999-11-11,28.3759947635608,29.812490463256832,28.355175985304335,29.812490463256836,6676200
1999-11-12,29.97902785675435,30.187215550204034,29.56265246985498,29.604290008544922,7712000
1999-11-15,29.541829443934315,29.64592327566065,28.896447687231028,29.062997817993164,3316600
1999-11-16,29.229536583675213,29.312811616677138,28.75070514391415,29.000530242919922,3390000
1999-11-17,28.917257907343846,29.104626749076097,28.396788902532045,28.66743278503418,3189000
1999-11-18,28.66743665240532,28.66743665240532,28.31351768138797,28.646617889404297,2355200
1999-11-19,28.52170775261316,28.54252651739609,27.91796357390821,28.438432693481445,2506000
1999-11-22,28.45925769733933,28.48007646668632,27.564050615418633,27.584869384765625,2785800
1999-11-23,27.772230099623087,29.104630943982816,27.730592573236848,28.542524337768555,5127200
1999-11-24,28.480078085594233,29.146278742567198,28.417621774003017,29.021366119384766,2196000
1999-11-26,29.021347916058904,29.625091882748794,28.979710401114772,29.479360580444336,1210200
1999-11-29,29.50018206850128,30.811763910643542,29.479363309102197,30.74930763244629,5585400
1999-11-30,30.686851847309928,30.895039444645814,30.43702673050686,30.541120529174805,3812600
1999-12-01,30.457877370838098,32.3732052711232,30.1872332110152,31.790279388427734,6191200
1999-12-02,31.436346714792688,31.93599725860396,29.312831903594773,31.85272216796875,10037600
1999-12-03,32.06090505550449,32.89365583616695,32.06090505550449,32.87283706665039,8162800
1999-12-06,32.664636663028176,32.872824277196614,32.040073820522856,32.64381790161133,3243800
1999-12-07,32.518923020487684,32.78956706611274,31.602897019910564,31.811084747314453,3196400
1999-12-08,31.66532331305035,31.72777957205045,30.52029189804853,30.707660675048828,2696600
1999-12-09,31.47797823762667,31.51961577497803,30.103939505031853,30.624408721923828,8479400
1999-12-10,30.728504659044646,30.895054819798276,30.22885417678376,30.561954498291016,3850800
1999-12-13,30.64521818992224,31.686156307786447,30.457849328706683,31.290599822998047,6324200
1999-12-14,31.353062179262963,31.457156011199427,30.395398925447495,30.457855224609375,3689200
1999-12-15,30.395389507275425,30.541120826830856,30.145564388037545,30.416208267211914,5532600
1999-12-16,30.228861633936564,30.35377428531647,29.812486129336886,29.979036331176758,2600400
1999-12-17,30.374573267271305,30.437029552262267,29.85410422567995,30.166385650634766,6838200
1999-12-20,30.1664031933827,30.561959895021257,29.396108563876034,29.416927337646484,3361200
1999-12-21,29.43774152999287,29.47937907105368,28.771540873019905,29.021366119384766,7052400
1999-12-22,29.00053750038147,29.187906371525354,28.646618521554128,29.146268844604492,3994000
1999-12-23,29.27118006327711,29.76042098183117,29.167086250818798,29.68755531311035,4285800
1999-12-27,29.666759015461583,30.22886602838612,29.31283978510169,29.812490463256836,4122000
1999-12-28,29.958191837676583,30.64521083047945,29.85409805088827,30.3953857421875,4454400
1999-12-29,30.353759986006413,30.666041467343927,30.208028628048904,30.270484924316406,1591400
1999-12-30,30.457845787084896,30.499483306957874,30.270476947656483,30.416208267211914,1798600
1999-12-31,30.47866077161815,30.47866077161815,30.020648109749573,30.3953857421875,1163000
2000-01-03,30.332937057098647,30.332937057098647,29.291998928852298,29.645917892456055,6057400
2000-01-04,29.625109486912905,29.687565796442588,27.959607899454696,28.022064208984375,5722800
2000-01-05,28.126158589599253,28.60499030504025,27.876333346760475,28.500896453857422,7726400
2000-01-06,28.854799715199864,29.687550067730886,28.813162197573313,29.073396682739258,7221400
2000-01-07,28.93808213714948,31.061596078148938,28.917263373022035,30.9991397857666,5164800
2000-01-10,30.999141888869435,31.66534238614534,30.582766578071993,31.64452362060547,4454000
2000-01-11,31.39467599512285,31.686138504361388,30.478650966087432,30.520288467407227,2955000
2000-01-12,31.019963801232844,31.477976689573193,29.93738788333747,30.478675842285156,4687400
2000-01-13,30.832589958748432,32.01925952502032,30.27048332209333,31.623703002929688,5750800
2000-01-14,32.06089248171278,33.476568253632564,31.977617436305735,32.685455322265625,4571000
2000-01-18,32.47726431125548,34.475865191948124,32.14416416447337,34.142765045166016,5932000
2000-01-19,34.60076531099986,35.391877875270616,33.39327771290239,34.55912780761719,4130500
2000-01-20,34.89224641799927,35.39189672470093,33.310020446777344,33.310020446777344,5551900
2000-01-21,34.267706433522335,34.3093439869045,31.977640997503222,32.31074142456055,3520200
2000-01-24,32.10254127928551,34.14278060831922,30.97832777145061,31.31142807006836,5005500
2000-01-25,31.686168406744425,33.143482328210986,30.478679728957843,33.101844787597656,3730800
2000-01-26,32.72710552002861,34.64243230618804,32.43564274822174,33.60149383544922,3782800
2000-01-27,33.6847679021258,34.226055890664284,30.97832795943337,32.60219192504883,3109600
2000-01-28,32.39398585195127,33.14346110302469,30.561935238216236,30.64521026611328,2834600
2000-01-31,30.686865196374185,32.976929763267776,29.979027057516163,32.60219192504883,3249700
2000-02-01,32.851990168927664,34.725677821147876,31.97760259789157,34.55912780761719,4530500
2000-02-02,34.64242960376231,35.97483074236855,33.97622903445919,35.93319320678711,4945700
2000-02-03,35.97484168874351,36.641042460757276,35.47519110973318,36.099754333496094,4640800
2000-02-04,36.474475068866084,36.76593776918807,35.05879909587356,35.308624267578125,3273700
2000-02-07,34.642415265339174,34.80896533873023,33.976214971774965,34.142765045166016,2566700
2000-02-08,34.60080111068887,35.80828995811363,34.4758884713001,35.350276947021484,2440700
2000-02-09,34.64243152519208,35.30863213144577,34.267693684174375,35.22535705566406,1466800
2000-02-10,35.18370548312327,35.22534300440507,34.559142663896225,34.72569274902344,2761800
2000-02-11,34.72567807143371,34.85059058248204,33.97620300514378,34.4342155456543,2071000
2000-02-14,34.35095343096503,34.39259095027529,33.31001544820851,33.80966567993164,1856300
2000-02-15,33.35164743254457,33.643110019345826,32.31070962254005,32.89363479614258,2675400
2000-02-16,32.76874829337235,32.852023384333904,30.895058746737337,31.811084747314453,4231600
2000-02-17,31.977603565562852,31.977603565562852,28.979703231291335,29.312803268432617,6955400
2000-02-18,29.146283591407066,30.60359777097742,27.897157151775332,29.937397003173828,6004200
2000-02-22,29.854090828787196,30.145553361285817,28.396778166294098,29.312803268432617,3769600
2000-02-23,29.56264273816038,30.14556808792692,29.073401819606318,29.68755531311035,4267300
2000-02-24,29.781249666885593,30.02066551530865,28.64662673305458,29.562652587890625,3990500
2000-02-25,29.47937899976773,32.206637932655845,29.146278672086737,31.686168670654297,7698400
2000-02-28,31.477978410391973,33.72640543970569,31.477978410391973,32.60219192504883,6621300
2000-02-29,32.56054184959277,33.310017237435055,32.06089159103124,33.0601921081543,3681800
2000-03-01,32.935280851138536,33.18510599033807,30.728492121542654,30.978317260742188,4624400
2000-03-02,31.6861538971101,34.559142883838874,31.644516375563306,33.0601921081543,7841800
2000-03-03,33.43493696267674,34.14277498056653,32.56054882293052,33.26838684082031,2430500
2000-03-06,33.2267565739125,33.476581811310346,32.72710609911683,33.393306732177734,3419200
2000-03-07,33.33084566599738,33.35166443280937,29.979024209266854,30.228849411010742,7506100
2000-03-08,30.853398404056076,30.895035918771402,28.23023497699058,30.3953857421875,6526600
2000-03-09,30.31211818786022,30.353755712843547,29.10462996334381,29.68755531311035,4937300
2000-03-10,29.770842692669664,30.811781248357413,29.271192185939544,29.39610481262207,4934000
2000-03-13,29.312818305436956,29.979018721469615,28.230242629383888,28.646617889404297,3747300
2000-03-14,28.979725230823867,30.312126390861746,28.729900013316765,28.854812622070312,2097100
2000-03-15,28.77152712641277,33.64311710295444,28.6466145629117,33.18510437011719,5515300
2000-03-16,32.560543755917735,37.348859014140935,32.14416851607224,37.27599334716797,12820600
2000-03-17,36.47448116934589,36.55775624050878,34.80897974608809,35.93319320678711,7765900
2000-03-20,35.8082758312157,35.8915508912883,33.97622450961862,34.85061264038086,3873800
2000-03-21,34.725704078902744,35.47517970650496,34.64242900916916,34.76734161376953,4335200
2000-03-22,34.85061921464636,36.64103334395316,34.72570660097379,35.22535705566406,5072800
2000-03-23,35.142091853357414,35.97484284514314,34.642441258285984,35.72501754760742,2929400
2000-03-24,35.84991444014618,36.68266506593354,35.51681418983123,35.89155197143555,5254700
2000-03-27,35.475181231582376,36.39120703803168,35.14208093832808,35.600093841552734,2459100
2000-03-28,35.47516583580259,37.099029060680884,33.4765649436447,34.05949020385742,6036600
2000-03-29,34.10112098183963,34.10112098183963,32.9352706918622,33.64310836791992,5350400
2000-03-30,33.49739652605199,34.85061639814234,33.143477482582206,33.47657775878906,8942800
2000-03-31,34.18440428471877,35.14206725493623,32.97691619183589,35.017154693603516,9953300
2000-04-03,34.30931694394066,35.475167519705636,33.26837892986479,34.97551727294922,4199700
2000-04-04,35.9331815598328,36.807569523629425,33.143467580100705,36.016456604003906,9565100
2000-04-05,35.93319786374814,36.641036060368904,35.30863474908276,35.6417350769043,2591700
2000-04-06,36.307902949689385,36.47445296322007,33.72637773996376,34.55912780761719,4240500
2000-04-07,34.14277748243343,36.26629169170673,33.80967721431213,35.1837158203125,2588400
2000-04-10,34.80898286670035,36.72430967515515,34.05950715904412,36.14138412475586,5795900
2000-04-11,35.64172090980771,38.38979752201251,34.97552051897018,38.26488494873047,7303000
2000-04-12,38.015059935518885,40.30512378705617,36.47447152630289,36.68265914916992,7751400
2000-04-13,37.47378072149421,39.13928208689395,36.307929765714384,36.391204833984375,6418200
2000-04-14,36.0580996295451,36.0580996295451,33.5598479231101,33.892948150634766,4131600
2000-04-17,32.97693709744752,33.47658765953006,30.853422208596733,32.72711181640625,7134400
2000-04-18,32.81036861864336,34.392594516496715,32.477268429621596,33.9345817565918,5177100
2000-04-19,34.0594996767181,35.350263111899345,32.97692389237253,34.80897521972656,3508700
2000-04-20,34.72570314483468,37.057405034655716,34.39260287486025,36.516117095947266,4288000
2000-04-24,35.475183963775635,38.722912073135376,35.475183963775635,37.30723571777344,5967100
2000-04-25,37.723613011209586,38.056713346849406,36.641036920380174,37.97343826293945,3733300
2000-04-26,37.702782645024804,37.97342658449765,36.39120047681025,36.599388122558594,3081000
2000-04-27,35.30862287268325,37.640324383143465,34.39259727928817,37.34886169433594,5615600
2000-04-28,37.14066970031386,37.22394474448496,35.64171890523392,36.016456604003906,3699000
2000-05-01,36.016457093590724,39.30582138306317,35.225344163211275,38.93108367919922,3629500
2000-05-02,37.806892621462744,38.97274393578098,36.30794093162502,36.474491119384766,3729600
2000-05-03,34.68406654403595,35.05880435783706,33.55985310263263,34.76734161376953,7462700
2000-05-04,34.350968503403934,34.892256491942426,30.85341534669372,32.60219192504883,9973900
2000-05-05,31.852709004576774,33.89294788199411,31.394696195360638,32.5189094543457,4189400
2000-05-08,32.39400711361127,32.47728219616555,31.144880875297215,31.602893829345703,3451500
2000-05-09,32.01926966937403,33.559858717185264,31.769444418377613,32.76874542236328,2988400
2000-05-10,32.64382946262871,33.64313036454592,32.22745408682987,32.60219192504883,3644300
2000-05-11,32.97691676428207,33.47656701828635,32.31071642560971,33.18510437011719,2339900
2000-05-12,32.976935891544116,33.39331134472018,31.811084622651144,31.85272216796875,2610000
2000-05-15,31.894353786190806,32.935292225687895,31.35306579765232,32.60219192504883,3392900
2000-05-16,33.10181591019996,34.97550360323015,33.060178405910406,34.184391021728516,2932400
2000-05-17,33.518219119007966,33.518219119007966,31.56125477292924,31.800670623779297,4054800
2000-05-18,31.81107120207924,32.22744647959337,30.97832064705099,31.14487075805664,3042200
2000-05-19,30.53073387477133,30.645237138536242,29.854123679796853,29.979036331176758,4730400
2000-05-22,30.145576609735905,30.31212675675102,27.81387455152429,28.729900360107422,8660100
2000-05-23,28.60498056265024,29.479368614783656,27.022754563551683,27.06439208984375,8692300
2000-05-24,18.98670815860524,22.234434554156135,17.279569925046435,21.23513412475586,40016500
2000-05-25,21.318416341145834,21.651516596476238,19.777827660242718,19.98601531982422,33098200
2000-05-26,20.402396661549925,20.902047192036864,20.027658763684723,20.568946838378906,15012800
2000-05-30,21.15187490903414,21.901350791637714,20.86041206579942,21.651525497436523,28791800
2000-05-31,21.65151308660638,21.859700712439132,21.06858773427467,21.276775360107422,16909700
2000-06-01,21.776424923458613,21.776424923458613,21.235137114653714,21.5682373046875,15637200
2000-06-02,21.942981215289038,22.942282067598217,21.568243395673097,22.81736946105957,12979600
2000-06-05,22.817365459929732,22.85900298814128,21.98461489569872,22.151165008544922,6547400
2000-06-06,21.98462154358391,22.02625908438615,21.151870727539062,21.151870727539062,12969000
2000-06-07,21.360056549538182,22.317719903611042,21.31841901240458,21.818069458007812,7443500
2000-06-08,21.85970049852516,21.901338023284257,21.276775151897823,21.360050201416016,10472800
2000-06-09,21.56824314110053,21.77643081620768,21.151867790886236,21.5266056060791,7604100
2000-06-12,21.484961887003177,21.484961887003177,20.86039904145076,20.943674087524414,8322600
2000-06-13,20.943665519298747,23.10881583143301,20.818753001291,21.40167808532715,6943800
2000-06-14,21.651510139802138,22.31771045179605,21.318409983805182,21.693147659301758,3403400
2000-06-15,21.901345613986084,22.359358545077047,21.318420065324858,22.109533309936523,3251500
2000-06-16,22.234451183905968,22.276088732939503,21.4849753013024,21.651525497436523,3507800
2000-06-19,21.48495903611183,21.942971728742123,21.27677144855261,21.318408966064453,6770200
2000-06-20,21.693162933168672,21.73480048198474,20.90204950566348,21.068599700927734,6683800
2000-06-21,21.068587019636823,21.98461254222973,20.98531197212838,21.5682373046875,4953000
2000-06-22,21.609871588647366,22.224024971947074,21.27677144855261,21.318408966064453,5329500
2000-06-23,21.318408966064453,21.65150910615921,20.985308825969696,21.318408966064453,7073400
2000-06-26,21.44332171421425,21.48495923210593,21.1518590889725,21.23513412475586,6453500
2000-06-27,21.235139803452928,22.109527913006872,21.19350227442655,21.984615325927734,4771400
2000-06-28,21.984618491314826,22.067893561357685,21.360055465993383,21.5266056060791,6008900
2000-06-29,21.443325250934205,21.609875349970586,21.276775151897823,21.360050201416016,6545300
2000-06-30,21.40168991955844,22.276078029112384,21.318414861505683,21.984615325927734,6764800
2000-07-03,21.984626226059042,22.81737721947037,21.90135112671791,22.775739669799805,2559000
2000-07-05,22.900640516352833,22.900640516352833,21.942977367487167,22.151165008544922,3182200
2000-07-06,22.10953005729066,22.10953005729066,21.318416929063687,21.901342391967773,4599900
2000-07-07,21.901346761969073,23.233748085891147,21.568246430988555,23.02556037902832,6814100
2000-07-10,23.108827372224493,24.732690917299728,22.817364684646886,24.69105339050293,9257200
2000-07-11,24.649410576309176,24.73268561203995,23.067184897424465,23.691747665405273,8824400
2000-07-12,23.81666056315104,24.524498377090843,23.233735304612377,24.357948303222656,4114200
2000-07-13,24.066495209524078,24.399595489240674,23.44193218505546,24.316320419311523,4144100
2000-07-14,24.691043466329575,24.691043466329575,23.858293265104294,23.983205795288086,2317000
2000-07-17,23.98321232325594,24.149762408834107,23.608474630705068,23.65011215209961,2640300
2000-07-18,23.65011089930235,23.73338593768018,22.4842603620128,22.567535400390625,5846200
2000-07-19,22.671634666833754,22.73409096068178,21.73479025911335,21.942977905273438,5116900
2000-07-20,22.026252963737477,22.400990726825636,21.818065317577386,21.942977905273438,8632300
2000-07-21,21.818062656609587,22.0678878015326,20.818762076917547,21.484962463378906,4244100
2000-07-24,21.526600937401284,21.526600937401284,20.860400521543603,21.110225677490234,5255000
2000-07-25,21.23513825546355,21.360050833436866,20.98531309951692,21.110225677490234,5155000
2000-07-26,21.19350524719604,21.526605526130357,20.77712989852814,20.86040496826172,9050400
2000-07-27,20.943675158775015,21.65151308660638,20.902037633608465,21.276775360107422,5947200
2000-07-28,21.526599987532745,22.40098799476328,21.15186227014823,21.484962463378906,4176200
2000-07-31,21.443322542304042,21.859697737300234,21.287181844180466,21.693147659301758,4271700
2000-08-01,21.4849753013024,22.151176085838905,21.06859981096708,21.651525497436523,4409600
2000-08-02,21.651519690145996,22.484270447459302,21.60988215228033,22.359357833862305,6514000
2000-08-03,22.192809551577028,23.233748085891147,21.9846218447142,23.02556037902832,8989000
2000-08-04,23.025549331181484,23.858299759072317,22.983911809786942,23.65011215209961,6877100
2000-08-07,23.483562060068575,24.482862573262985,23.150461889003772,24.441225051879883,4613700
2000-08-08,24.27467359837994,25.35724909333342,24.149761041269922,25.02414894104004,8621900
2000-08-09,24.857597163304145,24.857597163304145,23.192096515846583,24.108121871948242,6953300
2000-08-10,24.14977035522461,24.191407890319827,22.859006767272952,22.900644302368164,3753800
2000-08-11,23.192100320177982,23.5252005043098,23.150462797161502,23.275375366210938,3365300
2000-08-14,23.317024657776308,24.357963258569892,23.23374956971282,23.816675186157227,3540300
2000-08-15,23.899944435778284,24.024857037359006,23.025556224713224,23.150468826293945,2510400
2000-08-16,22.151171087542643,22.567546483925025,21.60988307224555,22.02625846862793,6530600
2000-08-17,21.984615325927734,22.067890383980494,21.609877564690333,21.984615325927734,4366600
2000-08-18,21.94298080729547,22.60918136311469,21.734793133601965,22.276081085205078,3310800
2000-08-21,22.359357440744645,22.40099497787825,21.31841901240458,21.818069458007812,4049000
2000-08-22,21.90134037604142,22.3177156683616,21.54742137756927,21.942977905273438,4071600
2000-08-23,21.776425132455753,22.026250277378765,21.401687415071237,21.484962463378906,3638800
2000-08-24,21.69314987595017,21.71396863782728,21.31841216216216,21.5682373046875,3884800
2000-08-25,21.651515200649314,22.067890492969493,21.609877671417294,21.942977905273438,2080400
2000-08-28,21.984620928989692,22.6508215632015,21.901345849713216,22.02625846862793,2225800
2000-08-29,21.94298034434696,23.941581969638523,21.94298034434696,23.150468826293945,6173600
2000-08-30,23.02556023848684,23.81667351973684,22.90064761513158,23.7333984375,5564400
2000-08-31,23.441928243896704,23.69175341168246,22.775727796468026,22.942277908325195,4108200
2000-09-01,23.19210723606886,23.733395196695245,23.025557094337668,23.52520751953125,3419900
2000-09-05,23.566834161524536,24.441222001439755,23.317009064405898,24.108121871948242,3686000
2000-09-06,24.14976071088742,24.815961006360176,24.066485673953323,24.357948303222656,2586400
2000-09-07,24.399595489240674,24.691058233992695,24.27468288434695,24.316320419311523,1463700
2000-09-08,24.274686316747967,26.02346303253427,24.066498612487692,25.107437133789062,7152500
2000-09-11,25.23234219725346,25.607079952658214,24.233041516174115,25.065792083740234,5270300
2000-09-12,25.273984504468515,25.3156220407197,24.73269653320313,25.07620620727539,2099100
2000-09-13,25.06578894624493,25.981814455908363,24.815963807245808,25.565439224243164,5624600
2000-09-14,25.60708664645668,25.731999264244273,24.5661481648934,24.774335861206055,2115900
2000-09-15,25.357259078574394,25.44053414943999,23.150469700636062,23.52520751953125,11525200
2000-09-18,23.525201989970075,23.56683951561604,22.60917642575885,22.69245147705078,5336100
2000-09-19,23.108831779979102,23.150469314717803,21.734793133601965,22.276081085205078,4861200
2000-09-20,22.400994105930746,23.19210728067551,22.359356570417862,22.81736946105957,4278900
2000-09-21,22.817356379209052,23.775019146949578,22.77571886756816,23.566831588745117,4115900
2000-09-22,23.192100320177982,24.066488303524007,22.69245004398025,23.275375366210938,3307900
2000-09-25,23.31702064869652,23.650120943677898,22.98392035371514,23.233745574951172,3697100
2000-09-26,23.108829121052004,23.150466650999846,22.234440992147334,22.525903701782227,5523300
2000-09-27,22.73409758942037,23.19211054451858,22.609184965302674,23.02556037902832,3937500
2000-09-28,23.192106233656613,23.983219372686193,22.983918565490935,23.899944305419922,2934700
2000-09-29,23.941575734474576,24.23303839558992,22.983912705095594,23.275375366210938,4181000
2000-10-02,22.35935319759362,22.983916136073887,21.859702846809405,21.942977905273438,7922100
2000-10-03,22.151172467026917,22.817373142726975,22.06789738256441,22.536319732666016,4915900
2000-10-04,22.650817954059526,23.775031345161743,22.650817954059526,22.973508834838867,5942600
2000-10-05,22.963100057552296,23.233744029218823,21.81806786973237,22.40099334716797,5810600
2000-10-06,22.588356688841063,22.734088022317458,21.90133754530949,22.317712783813477,3321000
2000-10-09,22.276089073753006,22.983927418152636,22.23445152408244,22.775739669799805,1949800
2000-10-10,22.85900343548168,23.31701625477184,21.984615325927734,21.984615325927734,3668300
2000-10-11,21.7347904750279,21.818065534319196,19.944376700265067,20.402389526367188,16752800
2000-10-12,19.986026000976562,22.06790370941162,19.52801290512085,20.818777084350586,14440100
2000-10-13,20.40237794126518,21.776415639350386,20.319102929260016,21.40167808532715,9110200
2000-10-16,21.360046483576298,21.401684001088142,21.151858896017075,21.318408966064453,6141400
2000-10-17,21.38086524233222,21.56823407113552,21.235133931040764,21.318408966064453,4251600
2000-10-18,21.235139803452928,22.8173659064553,20.9020395712419,21.984615325927734,3949200
2000-10-19,22.067887198733086,23.275375366210934,21.984612152700134,23.275375366210938,3476000
2000-10-20,22.484270940061474,23.31702171561931,22.484270940061474,22.8590087890625,5402400
2000-10-23,22.77573321251896,22.85900828825029,22.06789506880265,22.359357833862305,5616100
2000-10-24,22.48426974807655,22.817370040640647,22.3177196017945,22.609182357788086,3373600
2000-10-25,22.65081579034979,22.692453319376167,21.818065209822223,21.984615325927734,4199200
2000-10-26,22.005434090440925,22.109527913006872,21.69315262274309,21.984615325927734,5823200
2000-10-27,22.0262535569398,22.65081651224055,21.984616026586416,22.442628860473633,2788700
2000-10-30,22.463453570498697,23.35866071000884,22.442634799812414,23.02556037902832,5440400
2000-10-31,23.317008425351293,24.48285884661886,23.192095880215483,24.39958381652832,6663200
2000-11-01,24.44123834663338,24.60778852276035,23.60848746599851,23.816675186157227,7439000
2000-11-02,22.567533773049995,24.149759388134683,22.109521094999167,24.108121871948242,13263900
2000-11-03,23.94158287385924,23.94158287385924,23.025557094337668,23.52520751953125,3134900
2000-11-06,23.650123499616793,23.98322383059731,22.942285296283192,23.02556037902832,4297900
2000-11-07,22.48427377714144,23.816675186157227,22.151173424887492,23.816675186157227,5333000
2000-11-08,24.586954299511095,24.774323129905337,23.608472629674498,23.691747665405273,7043500
2000-11-09,23.65011456690797,23.691752092553934,22.567538900112886,22.69245147705078,4568400
2000-11-10,22.60917826132341,22.640406408093195,21.942977796901356,21.984615325927734,3439300
2000-11-13,21.818064653289294,23.233740604075244,21.651514541432125,22.942277908325195,3553000
2000-11-14,23.06718118958554,24.64940661414195,23.025543678413005,24.566131591796875,5160800
2000-11-15,24.420409995682384,24.566141342630193,23.98321595483897,24.482866287231445,2875400
2000-11-16,24.25386438960523,24.316320692754427,23.400294913232855,23.52520751953125,2934700
2000-11-17,23.525193097066634,24.23303076547395,23.400280567347696,24.024843215942383,3627100
2000-11-20,23.941575734474576,24.139353968802844,22.983912705095594,23.275375366210938,2533500
2000-11-21,23.44191807725401,24.149755745661324,22.98390546828457,24.024843215942383,4931300
2000-11-22,23.733390828837518,23.98321599545686,22.90064027343971,22.983915328979492,5789100
2000-11-24,23.150465734841752,23.77502865934288,23.067190678241605,23.608478546142578,1882200
2000-11-27,23.691749666984077,24.899237787093988,23.65011214560098,24.441225051879883,5201400
2000-11-28,24.482874931173125,24.52451247357308,23.150473574374587,23.48357391357422,4719800
2000-11-29,23.48356983060493,24.35795806897852,23.06719447899846,24.274682998657227,7710500
2000-11-30,23.10883132890723,23.317018998537026,21.360054904016952,21.734792709350586,16636900
2000-12-01,22.151168048610174,22.442630786091886,21.651517641498668,21.734792709350586,5616500
2000-12-04,21.77642398526817,22.983912122118603,21.56823637546637,22.734086990356445,4816000
2000-12-05,22.525906669144085,24.316320692754427,22.31771899198009,23.52520751953125,6070700
2000-12-06,23.525206767936623,23.566844302039165,22.151168142552713,22.40099334716797,8525300
2000-12-07,22.15117084912661,22.567546241027486,21.98462069236626,22.109533309936523,5390900
2000-12-08,22.609177818871977,22.65081534708353,21.568239613583213,22.151165008544922,5813100
2000-12-11,21.984615434505457,22.3177156683616,21.818065317577386,21.942977905273438,5362000
2000-12-12,21.98462069236626,22.734096397787837,21.568245300465385,22.109533309936523,5832400
2000-12-13,22.317719903611042,22.40099497787825,21.6515193094734,21.818069458007812,6521500
2000-12-14,22.317712336831953,23.566838027326277,21.15186169237058,23.275375366210938,18573700
2000-12-15,23.275383111823846,23.941583701786602,22.81737020622445,23.233745574951172,9228000
2000-12-18,23.317019689962343,24.566145744781753,23.275382154801697,24.274682998657227,8417400
2000-12-19,24.233046284038057,24.27468382060857,22.567544821217574,22.609182357788086,5798600
2000-12-20,22.484265100717977,23.52520329982529,22.442627572753683,22.942277908325195,5202600
2000-12-21,22.817372532894737,24.441236636513157,22.650822368421053,23.7333984375,6113600
2000-12-22,23.702170702127308,25.190712823516947,23.691761316663044,24.899250030517578,9668200
2000-12-26,24.732680884349698,24.89923092397495,23.525193097066634,24.024843215942383,3611900
2000-12-27,23.858309997430368,25.024161096781242,23.56684722259265,24.774335861206055,9210100
2000-12-28,24.77432956201745,25.815267778908936,24.732692033341788,25.731992721557617,5505500
2000-12-29,25.981815678412925,27.647316683439396,25.8985406281616,26.60637855529785,7229800
2001-01-02,26.648027017735206,27.688965573115485,26.648027017735206,27.43914031982422,13349400
2001-01-03,27.230944336071545,28.480070223047303,26.10673103779336,28.438432693481445,16253500
2001-01-04,27.813871837277127,29.854110939113323,27.813871837277127,29.062997817993164,19779200
2001-01-05,29.062994138916753,29.22954424859536,26.648017548576966,27.52240562438965,11955900
2001-01-08,27.189309934567763,28.02206062169082,26.68965952229393,27.938785552978516,4264300
2001-01-09,27.980438642972253,28.64663956304302,27.77225085545014,27.855525970458984,5973600
2001-01-10,27.35586814177201,27.5224183283277,25.981829102687573,27.106042861938477,10842500
2001-01-11,27.02275529535383,27.772230788907557,26.48146743889836,27.52240562438965,5128800
2001-01-12,27.564038446921916,29.354451820362463,26.93947564223335,28.688251495361328,7726600
2001-01-16,28.813178414080713,29.271191365749626,28.563353167715853,29.021366119384766,5344300
2001-01-17,29.22954402250402,29.479369185089524,27.355855303112737,27.605680465698242,5520100
2001-01-18,27.89714315538133,28.271880899259585,27.480767884405488,27.605680465698242,4920800
2001-01-19,27.605690028973306,27.772240195060625,26.856214281580364,26.939489364624023,6090600
2001-01-22,27.314212731355745,28.563338313582378,26.481462343204655,28.146963119506836,7135600
2001-01-23,27.980422076056986,28.521710003123566,27.730596878949335,28.313522338867188,5472400
2001-01-24,28.313510234005413,28.646610354405478,27.56403496310527,28.60497283935547,6070400
2001-01-25,28.52170310731217,29.02135338072494,27.43912751491784,28.771528244018555,7484700
2001-01-26,28.938075643597227,29.104625719243828,27.39748744386615,27.480762481689453,5766900
2001-01-29,27.897151595311808,29.479378103702626,27.60568881745034,29.35446548461914,5208000
2001-01-30,29.312818952287948,29.396094006129672,28.563343467712404,29.146268844604492,3954100
2001-01-31,29.146275649199612,30.895052188151592,29.1046381125579,30.811777114868164,9318900
2001-02-01,30.56195189501788,30.853414651509876,29.56265101561675,30.811777114868164,6449600
2001-02-02,30.561934469773792,30.895034572986585,29.229534056922617,29.27117156982422,6157500
2001-02-05,29.562641176922103,29.562641176922103,27.990824691811103,28.771528244018555,5229800
2001-02-06,28.688256048474994,30.06229443686349,28.646618521554128,29.146268844604492,5585600
2001-02-07,29.14626637875046,30.187204463705832,29.021353808555816,30.145566940307617,4313200
2001-02-08,30.395390146327784,30.64521527081815,28.521701712650046,28.563339233398438,5656000
2001-02-09,28.604981337300586,29.22954424859536,27.189305405032435,27.52240562438965,4396200
2001-02-12,27.772234522014724,28.438435050278944,27.564046856932155,28.27188491821289,4024300
2001-02-13,28.480060294205447,28.979710474805543,27.522397448055262,28.60497283935547,3532500
2001-02-14,28.646609239482743,29.520997021501838,28.56333421262378,29.10462188720703,3786800
2001-02-15,29.271181103782933,29.31281863024635,27.897142730490135,28.521705627441406,5465100
2001-02-16,27.897144809125283,28.979720577837607,27.73059469086185,28.438432693481445,4396800
2001-02-20,28.23025363025179,29.47937989707709,28.23025363025179,29.39610481262207,5130100
2001-02-21,29.18792141335351,29.47938425200326,27.314231736319407,27.980432510375977,6097200
2001-02-22,27.98042320137593,28.188610874005217,27.02275990728122,27.89714813232422,4175700
2001-02-23,27.855496098267707,28.02204614967738,26.48145817413791,27.56403350830078,5331300
2001-02-26,27.89713890142413,28.646614274895228,27.855501380675737,28.563339233398438,3528900
2001-02-27,28.563342837400217,28.854805519414505,27.928370565869088,28.646617889404297,5412200
2001-02-28,28.72990890891252,29.146284400346037,27.272594688895218,27.81388282775879,4541200
2001-03-01,27.56404686269834,27.647321928748788,26.106733206815495,26.85620880126953,5401200
2001-03-02,26.68965181896105,26.772926863637995,25.35725110412992,25.77362632751465,6332700
2001-03-05,25.898550409978103,26.148375655090433,24.64942418441646,25.107437133789062,4652800
2001-03-06,25.398886215588277,26.772924322333218,24.982511031726176,25.190698623657227,12305400
2001-03-07,25.39889032665366,26.689653605549175,25.273977751276675,26.60637855529785,9365700
2001-03-08,26.772935867309574,28.71949069125471,26.190010358534558,26.77293586730957,18114700
2001-03-09,26.481463078090123,27.064388365972608,25.981812831333706,26.231637954711914,5296300
2001-03-12,26.065076472928144,26.314901487045667,25.107413918810977,25.273963928222656,5325400
2001-03-13,25.39889346594098,26.23164407138167,24.982518163220636,25.357255935668945,4371300
2001-03-14,24.774333303921843,24.982520978744716,24.066495209524078,24.316320419311523,5568400
2001-03-15,24.89924197022701,25.357254782388377,24.482866686443952,25.065792083740234,3920600
2001-03-16,24.389186859130863,25.065796823212597,24.31632117069129,24.732696533203125,5875900
2001-03-19,24.732698331292834,25.60708665613652,23.691759849336062,25.440536499023438,4065200
2001-03-20,26.106727087045016,27.147665168665633,25.815264424191245,26.31491470336914,9488400
2001-03-21,26.106727025407924,26.606377303406163,25.482164177910125,25.565439224243164,4836200
2001-03-22,25.773630737458298,25.815268266921077,23.775029323245054,24.815967559814453,5285000
2001-03-23,25.024153604877334,25.107428658470937,23.525202640192504,24.69105339050293,7811600
2001-03-26,25.149070513130418,25.648720920676055,24.649420105584777,25.232345581054688,2949400
2001-03-27,25.27396392822266,25.856888961163545,24.691038895281775,25.273963928222656,6082000
2001-03-28,25.107437133789062,25.69036270571783,24.357961398452076,25.107437133789062,4666900
2001-03-29,24.982501411752217,25.43010456204611,24.56612638822301,25.273963928222656,2704700
2001-03-30,25.273984392737127,26.23164772228071,24.77433395993178,26.148372650146484,3652700
2001-04-02,25.856897551778687,25.856897551778687,23.983209323388927,24.108121871948242,8848900
2001-04-03,24.399590028535336,24.732690233703053,22.567538900112886,22.69245147705078,8917700
2001-04-04,22.879822540283204,23.983217075892856,22.65081612723214,23.3170166015625,5525300
2001-04-05,23.899930775165558,24.066480815410614,23.40028065443039,23.983205795288086,5340200
2001-04-06,23.73338518327066,24.149760361924532,23.108822415289854,23.691747665405273,3632200
2001-04-09,24.04317061445072,24.049831499722668,23.083843030073965,23.17711067199707,2902900
2001-04-10,23.38363018454414,23.983211488292465,23.283701661487775,23.80333709716797,4764000
2001-04-11,24.049834358291474,24.36294937169537,23.363648732851907,24.163089752197266,5322500
2001-04-12,24.069826738907572,24.249701193534495,23.396962755893522,24.189743041992188,5121000
2001-04-16,24.149771150897507,24.236377938327994,23.23041363412573,23.297035217285156,5238300
2001-04-17,23.21041886878764,24.316311280148515,23.017220169239945,24.16974639892578,6327600
2001-04-18,24.54947348057758,26.89449821511527,24.416235489251306,25.555437088012695,7148500
2001-04-19,25.322267049455835,25.49548051480153,23.896599108827406,24.63608169555664,8050700
2001-04-20,24.42291665142158,24.596127708779598,23.516883326523917,24.349634170532227,3014500
2001-04-23,24.51617516526713,25.04913499772562,24.096468185364152,24.143104553222656,3089900
2001-04-24,22.17781566854293,23.25705978709202,22.097869777277612,22.837352752685547,16655300
2001-04-25,22.910637659021095,23.317020421556215,22.584200796277294,23.297035217285156,3808600
2001-04-26,23.317013199423343,23.71673240915807,23.057195458960496,23.170448303222656,2985100
2001-04-27,23.510227191280173,24.649429966283346,22.98392794153447,23.53021240234375,5103100
2001-04-30,23.81000130385176,24.19639618010108,23.25039291579722,23.27037811279297,4457200
2001-05-01,23.343667460246362,23.98321936676872,23.19044164147663,23.929922103881836,4024800
2001-05-02,23.936572843440594,24.156417582924007,23.73004987126355,24.009855270385742,3877400
2001-05-03,23.983207574048766,24.129772433567297,23.476896532347112,23.58348846435547,3386400
2001-05-04,23.203758143227176,24.163085679952797,22.96392562370764,23.896604537963867,4599900
2001-05-07,23.75005272468353,23.81667176903448,22.990581895773065,23.143810272216797,3045400
2001-05-08,23.31701554634484,23.343664174036817,22.6175055882251,23.163789749145508,6955200
2001-05-09,23.057200518657503,23.29036968527753,22.870665185361485,23.190441131591797,5220300
2001-05-10,23.989882587665125,24.842621087335203,23.91660265609712,23.943248748779297,8143400
2001-05-11,24.00986137724306,24.316312930275313,23.590154442484216,23.643451690673828,5808800
2001-05-14,23.65011303589048,24.18307282138648,23.550181964268166,24.056495666503906,3786900
2001-05-15,24.043174762535042,24.31631685015665,23.6034825595014,23.683425903320312,2574100
2001-05-16,23.670108442752053,24.249704841980986,23.20377001765358,24.083154678344727,3377200
2001-05-17,24.0764829846852,24.382934570665274,24.023188272118333,24.183074951171875,4841200
2001-05-18,24.20306505888508,25.582099872004118,23.763370295107748,23.836652755737305,3500300
2001-05-21,23.909944175194433,24.68940036325526,23.74339399003275,24.66941261291504,5857700
2001-05-22,24.749351201628176,25.63539660276682,24.702717366902636,25.242338180541992,4740200
2001-05-23,25.222357892729985,25.249006529581607,24.456226102046053,24.54949378967285,3513500
2001-05-24,24.622764643995435,25.195697359009355,24.382932108282382,25.182373046875,4340800
2001-05-25,25.22235258455513,25.36225408655233,24.72936307196783,25.04913902282715,3664000
2001-05-29,25.109093787827884,25.115757215417172,24.382935203128945,24.502851486206055,3001700
2001-05-30,24.216386943992102,25.215687685142036,24.11645839468903,24.84261703491211,6675900
2001-05-31,24.71603963356304,26.24163951811695,24.48287045529211,25.921863555908203,14358600
2001-06-01,26.121723017020205,26.501457128105162,24.982520683765326,25.835256576538086,6726600
2001-06-04,25.94850130703772,25.94850130703772,25.348920040974548,25.64204978942871,3682000
2001-06-05,25.682038241567945,26.64802983122052,25.675377352305972,26.48147964477539,3655200
2001-06-06,26.514774306769752,26.534762046056727,26.05509696481307,26.31491470336914,3377300
2001-06-07,26.24163538720899,27.34086714911228,26.081748701950392,27.314218521118164,5978100
2001-06-08,27.26758384944864,27.287569049149585,26.767933526101334,26.907835006713867,2421400
2001-06-11,26.874521197927297,26.874521197927297,26.394856150948403,26.494787216186523,3012500
2001-06-12,26.401533976437225,26.947818337276868,26.168362210829997,26.934494018554688,3911200
2001-06-13,26.901185745492633,27.480779659458438,26.814578940441265,26.974468231201172,3015000
2001-06-14,26.9144946206468,26.981113637779284,26.608040534320587,26.92781639099121,3676600
2001-06-15,26.934489134187096,27.247604213992386,26.58806453429376,26.981122970581055,4343500
2001-06-18,27.10103270982168,28.380136269040786,27.04107457164873,28.033714294433594,6065400
2001-06-19,28.226911333725223,28.62663311407587,28.213587020244905,28.280208587646484,6574900
2001-06-20,28.280208798706113,28.879787661677423,28.280208798706113,28.38680076599121,8263500
2001-06-21,28.386798690107575,29.34612632551927,28.373474377502205,29.059659957885742,6050300
2001-06-22,28.859815604681348,28.859815604681348,27.58071141475893,27.927133560180664,5761000
2001-06-25,27.993748781925245,28.013733986167335,27.207631891258174,27.947114944458008,4428300
2001-06-26,27.58734365344351,27.727245052419676,26.634677389527095,26.874509811401367,6200200
2001-06-27,26.91450296330439,27.614013025432257,26.11506180314966,26.46814727783203,3624600
2001-06-28,26.61471033763383,28.446761702608768,26.61471033763383,28.05370330810547,4014700
2001-06-29,27.847187861248933,28.480079014281525,26.981127487214078,27.367525100708008,2805000
2001-07-02,27.48743981278498,28.51338950253811,26.981128398078525,28.206937789916992,4023400
2001-07-03,28.093673708735775,28.613311823962825,27.747251687055357,28.073688507080078,2215700
2001-07-05,27.78055741159349,27.880485947585093,27.314216619574093,27.514076232910156,2569100
2001-07-06,27.507414895583675,27.713935391388496,26.9078335240633,26.921157836914062,2448200
2001-07-09,26.914509648794418,27.96710544706655,26.56808497529799,27.953781127929688,3449800
2001-07-10,27.767243911962787,28.313528253786355,27.547396472730597,27.77390480041504,2611300
2001-07-11,27.693949203352176,28.18027516894222,27.6273301828313,28.106992721557617,3490400
2001-07-12,28.320184417778286,28.94641456468239,27.98042325360855,28.733230590820312,7617800
2001-07-13,28.713249206542965,28.97973050357723,28.313529802345567,28.71324920654297,4765500
2001-07-16,28.739884939013976,29.679227404289367,28.713236313006185,29.645917892456055,6854400
2001-07-17,29.512681120294367,29.512681120294367,29.139610473351908,29.446062088012695,4123600
2001-07-18,29.36612455811111,29.3794463341238,29.03968513601921,29.066333770751953,4819800
2001-07-19,29.199556169533526,29.625923893599328,29.019681809439746,29.292823791503906,4181500
2001-07-20,29.252868784258958,29.745858355553537,29.246207896331608,29.539335250854492,2731000
2001-07-23,29.399429571054274,29.779163663007758,29.09297540134436,29.12628746032715,2629000
2001-07-24,28.999695602867416,29.146260468742952,27.520732799773004,27.99373435974121,4324300
2001-07-25,28.0670199568672,28.186936216765762,27.487423853573308,27.853836059570312,4155600
2001-07-26,27.853844921071346,28.160296553261944,27.294236377293444,28.113662719726562,2973600
2001-07-27,27.94710923423827,28.12032023210376,27.280908787850482,27.56737518310547,3677000
2001-07-30,27.807206054819435,28.520040285679578,27.74058448943123,28.033714294433594,3088300
2001-07-31,28.18027188415793,29.23286956689213,28.17361099942335,28.679922103881836,2715700
2001-08-01,28.766529611599445,29.212882599799226,28.02704686030488,28.146963119506836,1879000
2001-08-02,28.4134602194984,28.97972978496183,28.380148152179668,28.913110733032227,2701500
2001-08-03,28.973062568083833,29.20623174026313,28.653284072875977,28.653284072875977,2222700
2001-08-06,28.67993220992786,28.706580840961323,27.487432655390393,27.733928680419922,3319000
2001-08-07,27.72726247837488,28.313519595699997,27.580700105058405,28.087011337280273,3401300
2001-08-08,28.047041778809582,28.91310451578674,27.71394150808095,28.09367561340332,3956800
2001-08-09,27.547380596133273,27.8471712307811,26.714630245085083,27.254253387451172,4806400
2001-08-10,27.167654932184888,27.320880738587054,26.108396060662827,26.634695053100586,3072800
2001-08-13,26.661338640391556,27.154325482306955,26.494788550839896,27.114355087280273,2260600
2001-08-14,27.047733967459408,27.687288253188967,26.79457965698903,27.327539443969727,2030600
2001-08-15,27.36085808482281,27.514083915878647,26.381542402255537,26.448163986206055,2794000
2001-08-16,26.04843584063179,26.90783500671387,25.98181681406,26.907835006713867,3216600
2001-08-17,26.64802908113806,26.821240151969654,25.955179715103487,26.25497055053711,2142100
2001-08-20,26.221654767731565,27.021095957743572,26.214991338892435,26.80124855041504,2119000
2001-08-21,27.034410278459003,27.160987424713927,25.482162308817745,25.77528953552246,3343100
2001-08-22,25.948499875807954,25.955160760017986,24.316308778308574,25.89520263671875,6103800
2001-08-23,25.90853842591607,26.22165349091799,25.475509602537134,25.71533966064453,4217500
2001-08-24,25.78860405697505,26.24828373097715,25.149052600760875,26.10171890258789,3228900
2001-08-27,26.048434585354492,26.54808488462359,25.941842623164533,26.288267135620117,2156400
2001-08-28,26.528100118808943,26.554748745129533,26.081747064027024,26.46148109436035,2689200
2001-08-29,26.514765149593515,26.714624683970357,25.648705473059287,25.875213623046875,2678600
2001-08-30,25.78196153553474,26.04844022805877,24.716039141378456,25.242338180541992,3758100
2001-08-31,25.042479860356437,25.80194811362071,24.689394366802862,24.922563552856445,3374500
2001-09-04,25.015832668311564,25.98182407155019,24.815972991416526,25.089115142822266,3399400
2001-09-05,25.24899802075819,25.34892656324538,23.98321615176283,24.789318084716797,5072400
2001-09-06,24.316307814258014,24.716026926170716,22.664131588278906,23.330331802368164,6598100
2001-09-07,23.050536309868072,23.050536309868072,22.390999237270236,22.624168395996094,7915200
2001-09-10,22.38433454286958,23.043874119511866,22.38433454286958,22.764068603515625,2994600
2001-09-17,21.824726562267077,22.31771603466094,21.158527354297053,21.418346405029297,5666600
2001-09-18,21.504949993114913,21.911332679529178,21.058596905645516,21.518274307250977,4981800
2001-09-19,21.631528857943938,22.65081470650365,20.518972814091537,21.191835403442383,6548400
2001-09-20,20.991985738660652,21.531607989180344,20.665547524362214,21.00531005859375,6633300
2001-09-21,19.952704889814655,21.365049196228206,19.872760273094748,20.798778533935547,6373000
2001-09-24,21.11855260519256,22.79737787180295,21.051932312896646,22.317712783813477,6535300
2001-09-25,22.31771235974498,22.857335573479528,21.73145532349232,22.324373245239258,5410600
2001-09-26,22.58420334823146,22.97059840880358,22.404328865405983,22.43097496032715,5373500
2001-09-27,22.410988274294866,22.55088979347199,21.818070133764863,22.424312591552734,5084800
2001-09-28,22.41764193907982,23.716730538953218,22.324371758900718,23.69008445739746,5827500
2001-10-01,23.503559120692948,23.63013887605531,22.81737323517495,23.48357391357422,4274100
2001-10-02,23.450252978015495,23.756704531047745,23.170447507725374,23.643451690673828,3266300
2001-10-03,23.55018527204095,24.476206047262092,23.363649956255458,24.263019561767578,4955600
2001-10-04,24.369614120154395,24.449557464016664,23.343664798735134,23.463581085205078,4253200
2001-10-05,23.390296096892786,23.650113842347196,23.103829725916697,23.563507080078125,3541600
2001-10-08,23.350326819977774,23.730060898469848,22.517576201994594,22.677465438842773,3126900
2001-10-09,22.830690199881907,22.870663142597884,22.051234335715453,22.344364166259766,3020800
2001-10-10,22.417654723232253,23.849984713111823,22.28441407405987,23.816675186157227,6525700
2001-10-11,24.815964420068777,25.52213774529868,24.689387261403756,25.47550392150879,8790800
2001-10-12,25.122405992146962,25.71532369414493,24.982504576443308,25.555437088012695,6826800
2001-10-15,25.30894937942318,25.648710398980878,25.04246825484088,25.375568389892578,2791800
2001-10-16,25.64204176993737,26.181662199276765,25.51546213038244,26.10171890258789,3093500
2001-10-17,26.18834754613616,26.481474906948378,25.31562381041606,25.322284698486328,3910900
2001-10-18,25.275646638502973,25.28231006681458,24.656079955894427,25.249000549316406,2504500
2001-10-19,25.182371899339543,26.048431817785776,24.882581243359382,26.021785736083984,2501600
2001-10-22,25.71533563172934,26.241634582382904,25.56877326496284,25.98847770690918,2256400
2001-10-23,26.088410894864307,26.814569525277502,25.801944482963027,26.234975814819336,3365200
2001-10-24,26.308260566551482,26.641360838118413,26.01513070110642,26.48813247680664,3496400
2001-10-25,25.98848675054532,26.78126716613769,25.382244248750247,26.781267166137695,3843800
2001-10-26,26.514782479045806,27.014432912223878,26.19500650677426,26.994447708129883,2536600
2001-10-29,26.641354826932087,26.648015712665014,25.602081299251136,25.622066497802734,4367900
2001-10-30,25.428872268908204,25.62873445516418,24.64941889138165,25.002504348754883,3646100
2001-10-31,25.082451481444327,25.761973799480995,25.082451481444327,25.202367782592773,3659500
2001-11-01,25.315614344346216,26.61470558870822,24.849273571837706,26.26161766052246,3630400
2001-11-02,26.234982825678568,26.914507807034667,26.14171513945684,26.781267166137695,3124100
2001-11-05,26.91450572727929,27.847185058779797,26.887857092888336,27.360858917236328,5762700
2001-11-06,27.194310701277807,27.953779046038658,26.73463316138409,27.847187042236328,4413000
2001-11-07,27.767233953891573,27.980417886864206,27.054399701510647,27.560710906982422,4307500
2001-11-08,28.033713886942444,28.926419977992417,28.02705045982405,28.420108795166016,6319600
2001-11-09,28.2269057013573,28.83314786630154,28.186935310244944,28.679922103881836,5259700
2001-11-12,28.446752079010977,28.70656977807584,27.780551808033447,28.25355339050293,3472900
2001-11-13,28.639959753927844,28.766536930243063,28.24690136906641,28.693254470825195,3820800
2001-11-14,28.799841131196924,29.20622375562638,28.586657220242564,28.726558685302734,4782000
2001-11-15,28.646629653623876,28.813179826028666,28.160303455164364,28.37348747253418,4686000
2001-11-16,28.606652717400706,28.739893345057954,27.627339568030155,28.067031860351562,2281800
2001-11-19,28.233573086236284,28.646616614211247,28.05369867695216,28.586658477783203,6139000
2001-11-20,28.253569850905794,28.586670180457315,27.64732735277618,27.847187042236328,4398100
2001-11-21,27.747250482712257,27.78055999781039,27.01442844378784,27.234275817871094,3438900
2001-11-23,27.234281114185748,28.153636108178215,27.234281114185748,28.067031860351562,1537300
2001-11-26,28.220247932739852,28.63329144840841,28.093668236633803,28.540023803710938,5616700
2001-11-27,28.440093993815545,28.699914283023553,27.933782810989147,28.420108795166016,5019000
2001-11-28,28.306860520275716,28.306860520275716,27.207628672634574,27.2209529876709,4011700
2001-11-29,27.334216148006057,27.713950374819742,27.067737370978563,27.487442016601562,2887600
2001-11-30,27.414150249024733,27.893812857414662,27.04773795888597,27.234275817871094,4139100
2001-12-03,27.081046830181307,27.547385069412673,26.70131281174845,26.794580459594727,2271300
2001-12-04,26.994451620144062,27.31422763875729,26.887859613939654,27.3009033203125,2657700
2001-12-05,27.534068649186658,28.979722554468008,27.534068649186658,28.966398239135742,4336900
2001-12-06,28.726564020248,28.726564020248,27.72060241244481,28.293535232543945,5051400
2001-12-07,28.30686223169743,28.846483045851087,28.18028250187599,28.699920654296875,3488600
2001-12-10,28.63996194038108,28.73989049519987,28.120323798180678,28.2402400970459,3851500
2001-12-11,28.353477729318275,28.38012380241579,27.447445168857374,27.5340518951416,2831300
2001-12-12,27.50741963068872,28.113661992316135,27.14767074584961,27.14767074584961,5120900
2001-12-13,27.22094606066908,28.14696411854442,26.814563450210958,27.700611114501953,6736700
2001-12-14,27.860504752684648,28.280211779956417,27.853843865869074,28.160295486450195,4030100
2001-12-17,28.18694515388651,28.42011432131232,27.980422076056986,28.313522338867188,4713100
2001-12-18,28.420110902245973,29.05300183371641,28.413450015986562,28.866466522216797,2961100
2001-12-19,28.886447479080783,29.11295569892303,28.31351477351788,28.853137969970703,3413800
2001-12-20,28.846472448453166,29.525997058631585,28.779853435071,28.986373901367188,4342500
2001-12-21,28.98638089198919,29.605947523003056,28.779860375886614,29.04633903503418,5533100
2001-12-24,29.013043746112924,29.492709125664476,29.013043746112924,29.359468460083008,2332500
2001-12-26,29.419413894601554,29.712541198879986,29.239539455151192,29.319482803344727,3352700
2001-12-27,29.346126772749837,29.77249461720837,29.106294224903706,29.412748336791992,2996300
2001-12-28,29.466046605770075,30.22551473811435,29.35279374524823,30.10559844970703,3745700
2001-12-31,29.985693162706724,30.08562428682745,29.559325110319204,29.565988540649414,2926300
2002-01-02,29.44607303077089,29.632608423562456,28.433447607387578,29.61262321472168,4826800
2002-01-03,29.552649202566464,29.972356152681048,29.32614097217874,29.872425079345703,6355100
2002-01-04,29.91239376597608,29.98567366247476,29.639251751209947,29.839111328125,4130500
2002-01-07,29.67256672277143,29.839116824437607,29.21288681570693,29.39276123046875,5082900
2002-01-08,29.406096920896715,29.692563409905766,29.239546754791633,29.592632293701172,4649800
2002-01-09,29.61260794621283,29.6459174575575,29.272844322979875,29.412748336791992,3776700
2002-01-10,29.679220861680328,29.845770925484764,29.512670797875888,29.779151916503906,6416300
2002-01-11,29.779156509311655,29.79914170681775,28.846474991619406,29.106292724609375,3613400
2002-01-14,28.973066196010052,29.346136918211794,28.646626772729828,28.706584930419922,2967000
2002-01-15,28.779856342277427,28.99304025625815,28.466741356776428,28.540023803710938,3621200
2002-01-16,28.520040066421284,28.59998340291967,27.967092514038082,27.967092514038086,2445800
2002-01-17,28.040387138124427,28.986390897884597,28.040387138124427,28.879798889160156,3390200
2002-01-18,28.486729726257625,29.033016425678703,28.31351872987021,28.599985122680664,2940300
2002-01-22,28.713241330529286,29.2994984983825,28.553354629248688,28.966398239135742,3156500
2002-01-23,28.979725131671547,29.752517700195312,28.933091294538055,29.752517700195312,3124700
2002-01-24,29.64591064022086,29.979010759773903,29.41274157307462,29.479360580444336,3683600
2002-01-25,29.506020233607472,29.645921726210894,29.126286158624936,29.446062088012695,2211800
2002-01-28,29.53265051279463,30.265469577964804,29.266169466540966,29.312803268432617,3894200
2002-01-29,29.39941928105581,29.85243567804731,28.893105641428882,29.02634620666504,2651600
2002-01-30,29.046332080493034,30.452015120933783,28.986373951803774,30.378732681274414,4511700
2002-01-31,30.41204120454242,30.658534575539072,30.13889921469419,30.64521026611328,3540100
2002-02-01,30.43203672663382,30.558613897110824,29.979020217811975,30.152231216430664,2970700
2002-02-04,30.112264883726038,30.5652814537447,29.71254303534602,29.879093170166016,3599100
2002-02-05,29.872431837024003,30.17888347059318,29.745854651337602,30.025657653808594,5288300
2002-02-06,29.979040689308547,30.01235022624794,29.745871389378056,29.812490463256836,4974300
2002-02-07,29.91906447475891,30.51864594373333,29.386104580866775,29.406089782714844,4855100
2002-02-08,29.31948682016142,29.512685601004783,28.779865969234628,29.36612319946289,3095700
2002-02-11,29.28617342592914,30.005671187150895,29.206230077355574,29.9656982421875,4581200
2002-02-12,29.719215230796024,29.959047902301823,29.219564678943645,29.61262321472168,3505500
2002-02-13,29.5992894765392,30.2788143157959,29.419415030145963,30.2788143157959,4061200
2002-02-14,30.192194389078406,30.97831086818129,30.17887007944165,30.858394622802734,3809800
2002-02-15,30.885046798123884,30.925017190284045,30.178873554181806,30.571931838989258,4543700
2002-02-19,30.2788051796596,30.678524356800285,30.0189874603829,30.132240295410156,5246300
2002-02-20,30.17887166726483,30.70517048952213,30.17887166726483,30.551944732666016,3032500
2002-02-21,30.565277098486362,31.244801856688603,30.478670329141654,30.585262298583984,4844900
2002-02-22,30.51863770248503,30.545283783969207,29.35278713758006,30.132240295410156,4222300
2002-02-25,30.132233300732455,30.345417151234212,29.47269655741514,29.579288482666016,4330400
2002-02-26,29.645925461150988,29.945716226894003,28.520047409086672,28.959739685058594,7660900
2002-02-27,29.13960532910032,29.25951905776735,27.913796545505985,28.106992721557617,5644500
2002-02-28,28.240249580878775,28.746563577533152,27.480781127251408,27.487442016601562,8111200
2002-03-01,27.527401609279146,27.62733269048364,26.228310260385477,27.24759864807129,11850400
2002-03-04,27.454130021162193,27.507427296592954,26.48147761673657,27.307567596435547,11727200
2002-03-05,27.614007711833725,28.313517639359077,25.508814501949615,26.008464813232422,22950300
2002-03-06,26.041769853200854,26.381530888326026,25.515471005780178,25.92851448059082,12183300
2002-03-07,26.188346759655726,27.167659923211918,26.015133178786176,26.56808090209961,10132300
2002-03-08,27.00108845871277,27.4074709145737,26.521426128707013,26.588045120239258,7193400
2002-03-11,26.78124446447346,27.31420403493353,26.481453911917267,27.160978317260742,4023300
2002-03-12,27.200966279339898,27.67396800084396,26.81456878874575,27.614009857177734,5160200
2002-03-13,27.554062775463684,28.346840734341384,27.3475396329567,27.927133560180664,6106600
2002-03-14,27.833854480305753,27.98041939513229,27.40082570495484,27.527402877807617,4384200
2002-03-15,27.780552607620944,28.25355420370449,27.567368718080406,28.08034324645996,5008600
2002-03-18,28.280220096023204,28.31352962260253,27.760581824240617,28.120330810546875,5373800
2002-03-19,28.193613704359933,28.440107254260894,28.073697373845082,28.153640747070312,3021300
2002-03-20,28.027065374871267,28.07369922410566,27.707289319540777,27.827205657958984,3291300
2002-03-21,27.68730178914081,27.75392084207529,26.954479500091693,27.307567596435547,3240900
2002-03-22,27.247604213992386,27.394166610650483,26.954474337969227,26.981122970581055,3117600
2002-03-25,26.981121340116122,26.987782227189822,26.481470944928788,26.5480899810791,5007000
2002-03-26,26.501447087733336,26.821222926372442,26.075079302881193,26.74127960205078,6305400
2002-03-27,26.761279228522657,26.881195550344955,26.368223279759803,26.714645385742188,4034100
2002-03-28,26.847882660445638,26.847882660445638,26.24830366784224,26.528106689453125,5190600
2002-04-01,26.29492824836134,26.62136499199417,25.921855142856916,26.414844512939453,4861200
2002-04-02,26.348234114978993,26.421516590079968,25.708682127221962,25.841922760009766,3949200
2002-04-03,25.90853013135787,26.348222242485026,25.695346231499407,25.915193557739258,3069700
2002-04-04,25.98182017013143,26.58140165213732,25.90853770662479,26.29493522644043,3774700
2002-04-05,26.41485389751741,26.747954186054308,25.981822505878036,26.148372650146484,3120200
2002-04-08,26.05509783243683,26.927818722663037,25.94850587098352,26.921157836914062,5154400
2002-04-09,26.901163620590438,27.44744755758416,26.74793788619971,27.15431785583496,4928200
2002-04-10,27.220959276617496,28.067034416746406,27.220959276617496,28.027061462402344,7595800
2002-04-11,27.987089833444546,28.373487453007638,27.73393540133833,27.887161254882812,4849300
2002-04-12,27.920464203534053,28.113662967801606,27.713941123659772,27.880491256713867,2725700
2002-04-15,28.053715002138883,28.200279985664693,27.7739093555309,27.980432510375977,2713700
2002-04-16,28.133643264096804,28.6466178894043,28.060360811716745,28.646617889404297,3614100
2002-04-17,28.513369404547497,28.679919462449472,28.08034077881369,28.340158462524414,2708400
2002-04-18,28.2669046713664,28.62665377086853,28.10701533558053,28.48674964904785,3416000
2002-04-19,28.58000849410298,28.626642335629864,28.12032842568978,28.28687858581543,2942800
2002-04-22,28.146964530325555,28.406782257835214,27.234270770743436,27.554046630859375,3502000
2002-04-23,27.480772966706496,27.760575980699674,26.847881929505597,26.967798233032227,4802000
2002-04-24,27.17431093640651,27.387494829800303,26.18167136794278,26.248292922973633,4975300
2002-04-25,26.161703674589454,26.954481649690646,26.11506982554551,26.747961044311523,4666000
2002-04-26,26.76793630101038,27.121021752878942,26.561413231063792,26.594722747802734,4823600
2002-04-29,26.64134869520556,26.667994773357268,26.24829045225524,26.508108139038086,3553500
2002-04-30,26.381545243446773,26.794591484362776,26.214995077664017,26.781267166137695,3235200
2002-05-01,26.654690134306552,26.98112961075595,25.928531235720932,26.827903747558594,4372200
2002-05-02,26.787928163491735,27.194310976270604,26.701323906707344,27.067733764648438,2801400
2002-05-03,26.974454236396113,27.087707080021584,26.61470542484566,26.894508361816406,3632400
2002-05-06,26.847881964708144,27.480773002738882,26.754614293254793,26.78792381286621,2971900
2002-05-07,27.047725670223965,27.447447293854314,26.981106670294878,27.027740478515625,3194000
2002-05-08,27.280922706994755,27.85385578982396,27.147682041465163,27.81388282775879,3778600
2002-05-09,27.813870369121506,27.813870369121506,27.01442927539109,27.320880889892578,3955200
2002-05-10,27.44078574622414,27.480758673727234,26.781248961211872,26.847867965698242,3772100
2002-05-13,26.981114244461057,26.994438556457677,26.31491389274597,26.648014068603516,4713200
2002-05-14,27.141008166428072,27.58070037336093,26.98111893601926,27.094371795654297,4403500
2002-05-15,27.047746944107217,27.63400426172994,26.834562927036036,27.400835037231445,4886000
2002-05-16,27.360847724556994,27.880483175841686,27.220946263265365,27.667299270629883,3494800
2002-05-17,27.407490385063703,27.773900181494625,27.021095385245793,27.547391891479492,3022100
2002-05-20,27.527420430440145,27.887169519121908,27.127700915030207,27.274263381958008,1794100
2002-05-21,27.380841306260145,27.380841306260145,26.481471589570795,26.48813247680664,3904300
2002-05-22,26.481468001593843,26.7013153708905,25.768633720330882,26.175016403198242,5177500
2002-05-23,26.281599955959052,26.56806626224584,25.682018723881537,26.508108139038086,3310200
2002-05-24,26.394865341174054,26.84788192297481,25.715340468472924,25.921863555908203,3565700
2002-05-28,26.075082968226265,26.208323555060154,25.03581198189813,25.622066497802734,6024000
2002-05-29,25.58209610069954,25.981815319848387,25.49548933805459,25.622066497802734,3463500
2002-05-30,25.948510035603263,26.30159548808233,25.622070671749487,26.195003509521484,6150200
2002-05-31,26.128374532135098,26.721292346064963,26.06175298254326,26.161684036254883,5367200
2002-06-03,26.175017922819674,26.26828558501979,25.66870412608591,25.801944732666016,3216500
2002-06-04,25.875219778043867,26.041769853200854,25.515471005780178,25.92851448059082,5528300
2002-06-05,25.975160930170457,26.58140333759293,25.92186366556681,26.42817497253418,4548800
2002-06-06,26.48146692940523,26.62803183633551,26.015126123006752,26.221649169921875,3740500
2002-06-07,26.088403732252054,26.441489079181935,26.088403732252054,26.248292922973633,3234400
2002-06-10,26.27494867321959,26.83455723466099,26.221653950934098,26.734628677368164,4666700
2002-06-11,26.841212324171583,27.22760720009347,26.29492824836134,26.414844512939453,3920200
2002-06-12,26.428168849340597,27.220948957841625,26.34822551231081,27.134342193603516,4688200
2002-06-13,26.841217484957273,27.24760017734617,26.43483479256838,26.51477813720703,3348500
2002-06-14,26.354892923853722,26.534767365378826,25.648719472831452,26.501455307006836,3160300
2002-06-17,26.5280897629877,27.107683181762695,26.481455955807636,27.107683181762695,2947400
2002-06-18,26.75461234382612,27.214289780218365,26.74795145693055,27.14767074584961,3004000
2002-06-19,27.041066566161984,27.547377606455004,27.027742257028994,27.280899047851562,3142300
2002-06-20,27.067721001762763,27.334199617637204,26.641353183281534,26.648014068603516,2781500
2002-06-21,26.434836502878603,26.827894906366062,26.1550309665105,26.36821746826172,3799300
2002-06-24,26.14837102537683,26.448161774702776,25.54212863956363,25.71533966064453,5917700
2002-06-25,25.921859342195713,26.115058082131142,25.049135840018895,25.169052124023438,4508600
2002-06-26,24.642755497562145,25.21568574363815,24.36294999008037,25.0424747467041,5190800
2002-06-27,25.095773374741167,25.715340086490357,24.842618996765562,25.70867919921875,3119300
2002-06-28,25.53546817110734,26.128386250966646,25.408888440786768,25.72866439819336,5046500
2002-07-01,25.668695110757728,25.68201942087131,25.015819163306023,25.162384033203125,2771900
2002-07-02,24.989162708427138,25.15571272060137,24.06980847099846,24.329626083374023,3623000
2002-07-03,24.256354955035018,25.25565549293762,23.750043800692882,25.182373046875,4848400
2002-07-05,25.415551584140164,26.22831451375173,25.28231096804459,26.18168067932129,1714900
2002-07-08,26.01512998653863,26.34823024895616,25.382238979674653,25.682029724121094,3131400
2002-07-09,25.781954347974413,26.228307367727233,24.729356563093287,24.82262420654297,3753800
2002-07-10,25.00917118873698,25.27564990450885,23.983221652563557,24.123123168945312,4501400
2002-07-11,24.24970168125442,25.26898773662051,24.00320564142651,24.889253616333008,6027000
2002-07-12,25.022474246369868,25.142390456058894,24.422893197924733,24.58944320678711,4181400
2002-07-15,24.416237564713825,24.98250670004061,22.277733059762827,24.55613899230957,8971800
2002-07-16,24.269686422612523,24.422912245304243,22.824029896719765,22.96393394470215,6843100
2002-07-17,23.456928437582324,23.650127270278634,21.738131777190226,23.097179412841797,7225100
2002-07-18,22.950615093362256,23.883294567653692,22.56421745959786,22.570880889892578,4284300
2002-07-19,22.184465141235982,22.844004427389144,21.90466228982989,22.03790283203125,3653700
2002-07-22,21.917989398774047,22.784049221716447,21.018617530010857,21.451648712158203,6031000
2002-07-23,21.444996988760995,22.17115576438149,21.125220996930917,21.2784481048584,6461400
2002-07-24,21.111903154674003,23.52355054658866,20.652224258927625,23.35700035095215,7467400
2002-07-25,22.983917912151824,23.237074821024017,21.4050233932438,22.70411491394043,5818700
2002-07-26,22.75074283716195,23.25039309676563,22.284402086594653,23.017221450805664,3994200
2002-07-29,23.083855898759946,24.17642466982982,23.06386814909614,24.156436920166016,4221600
2002-07-30,23.78335915712528,23.82332956200177,23.09051000392853,23.41028594970703,3889800
2002-07-31,23.283708791240034,23.370315570824285,22.211125542403742,23.230411529541016,4568200
2002-08-01,23.030544104247216,23.257052307277327,21.964624643724598,22.111186981201172,4794700
2002-08-02,22.124512491345218,22.164485426288646,21.058592973046398,21.57156753540039,4942400
2002-08-05,21.418343853381145,21.957964550331827,21.138538364180224,21.218482971191406,3903800
2002-08-06,21.55158172965956,22.5508823206735,21.51827221822966,22.13117790222168,3726500
2002-08-07,22.530902558696145,23.010567771356897,22.404325368178863,23.003904342651367,6181300
2002-08-08,22.71743263373975,22.817363710326113,21.318412809647754,22.077880859375,8713700
2002-08-09,21.917996071707044,22.53089927285309,21.791416358296356,22.25775718688965,3434400
2002-08-12,22.184473673567993,22.224446614007913,21.558246188126876,21.744781494140625,3522200
2002-08-13,21.59156096502038,23.010568929669937,21.32507971316054,21.731462478637695,6404700
2002-08-14,21.798076157613703,23.25705400202364,21.318411094749006,23.17711067199707,4308700
2002-08-15,23.25038553970304,24.46953045537451,23.223736924594466,24.302980422973633,6446500
2002-08-16,23.98321937071205,24.436235939911548,23.683428620307478,23.909936904907227,5097100
2002-08-19,23.183778191571154,24.26968577903349,23.12382004155536,24.069826126098633,4266800
2002-08-20,23.85663966802672,23.983216842028085,23.223748715313693,23.570173263549805,3504200
2002-08-21,23.656784615185323,23.896617262410704,22.903979689715936,23.290374755859375,4895000
2002-08-22,23.350328225672282,23.483568840841343,22.650818172726403,23.40362548828125,4847200
2002-08-23,23.1171636730194,23.27705041007852,22.6308374906543,22.7840633392334,2436000
2002-08-26,22.750742440788986,23.25039269168755,22.331035518455465,23.18377113342285,3322100
2002-08-27,22.59751898452126,22.704113500655986,21.771431815302257,21.798080444335938,7912200
2002-08-28,21.771428244056214,22.231105583395554,21.65817285991733,22.124513626098633,5933200
2002-08-29,21.951303499555763,22.564206642437288,21.385031639612283,22.311052322387695,4604700
2002-08-30,22.25775718688965,22.59751830207225,22.084546186108,22.25775718688965,3574500
2002-09-03,22.084544917888937,22.31105316212098,21.59155548937699,21.658174514770508,4390600
2002-09-04,22.071229543874484,22.617513905687876,21.88469162278541,22.524246215820312,5130400
2002-09-05,22.31771405213312,22.36434787818755,21.65151363266646,22.01792335510254,6284000
2002-09-06,22.23776826567319,23.183771537340224,22.23776826567319,23.017221450805664,4609600
2002-09-09,22.77073389344265,23.317018114531994,22.650817596973937,23.10383415222168,2822800
2002-09-10,23.1438036956802,23.383633712005768,22.137839638901315,22.597517013549805,6251500
2002-09-11,22.817368202660674,23.763371737490726,22.724100534872175,22.737424850463867,3114200
2002-09-12,22.630833583156825,22.870666188689256,22.27774556218811,22.297733306884766,3110200
2002-09-13,22.277742370936863,22.923957627568445,22.01792459927969,22.61750602722168,3013400
2002-09-16,22.62416564140644,22.764067119608345,22.231107292158523,22.537561416625977,2210100
2002-09-17,22.67080701480394,22.95061260571065,22.264424216911916,22.271087646484375,3120200
2002-09-18,22.171158122438037,22.79738839672701,22.077890432570474,22.524246215820312,2782100
2002-09-19,22.31771041305287,22.670795764563888,22.08454132080078,22.08454132080078,2703500
2002-09-20,22.6907926918086,23.23041353566842,22.617510221320593,22.81070899963379,6715700
2002-09-23,22.550878396689665,22.684118960577457,21.67815765886177,21.971284866333008,5097100
2002-09-24,21.67815676824979,22.1778069562874,21.378366147156765,21.764760971069336,5259800
2002-09-25,22.111192256658875,22.76406839966623,21.871362226835142,22.61750602722168,4874300
2002-09-26,22.81736830634939,23.450259322387417,22.650818172726403,23.40362548828125,5703600
2002-09-27,23.243732233810956,23.603481070328687,22.524237102128417,22.597517013549805,4503900
2002-09-30,22.024585046287925,22.117852691044632,21.311749586282183,21.564905166625977,6219100
2002-10-01,21.618199150238272,22.117849349975586,20.718828536575874,22.117849349975586,7287300
2002-10-02,21.984614054770343,22.044572194755652,20.798776839221016,21.065258026123047,5824200
2002-10-03,20.951997213354925,21.424998754801162,20.532290367461442,20.57892417907715,6168300
2002-10-04,20.985316191065703,21.24513398490999,20.105931715891213,20.832090377807617,6763700
2002-10-07,20.652214328462946,20.971990245360647,19.19323496043694,19.439729690551758,9250800
2002-10-08,19.919397094964108,21.478307825050624,19.91273493668052,21.03861427307129,7595000
2002-10-09,20.785462916591236,20.945350936481688,20.019331074101903,20.285812377929688,5744100
2002-10-10,19.806133269621036,21.751439335079265,19.153257324899773,21.451648712158203,16465100
2002-10-11,21.724804880542145,22.584204379500026,21.305097734784166,22.524246215820312,7907100
2002-10-14,22.317713632707715,22.63082863720549,22.204460783376188,22.364347457885742,4145400
2002-10-15,23.063855552698822,23.75004364570038,22.81736213320355,23.643451690673828,5645900
2002-10-16,23.41694318330019,23.550181219445726,22.684121277736544,23.017221450805664,5204600
2002-10-17,23.590160717505416,23.81000811273832,22.657478956913714,22.737424850463867,5091300
2002-10-18,22.477608764043584,23.48357052507833,22.35769245592639,23.476909637451172,3484500
2002-10-21,23.050538520917865,23.430272639469464,22.24443644759629,23.396963119506836,4763600
2002-10-22,22.890648085687605,23.46358088473719,22.7107736575195,23.197099685668945,4653200
2002-10-23,23.143810012919424,24.24970290968904,23.143810012919424,24.123123168945312,5348600
2002-10-24,24.243023451454064,24.64940595626831,23.81665575504303,23.983205795288086,3736300
2002-10-25,24.089807725163084,24.156426752390743,23.270381491768553,23.97655487060547,3868700
2002-10-28,24.076500797701602,24.19641716638844,23.150481927229205,23.203779220581055,3572700
2002-10-29,23.250397148538486,23.643455522911186,22.510914228841276,23.303691864013672,5218400
2002-10-30,22.93728324636922,23.11715768498326,22.304392267842758,22.47760581970215,5046800
2002-10-31,22.650824673906907,23.030558884249373,22.417655436452442,22.604190826416016,4489800
2002-11-01,22.497590138098637,23.110493349593103,22.017924987292115,23.01056480407715,5279400
2002-11-04,23.170458708488212,23.1771221384094,22.48427282513224,22.550891876220703,3728900
2002-11-05,22.317722672080773,22.903979979224975,21.918003282555215,22.510921478271484,6859800
2002-11-06,22.83068609894331,22.850671296034932,21.871358518255917,22.457612991333008,6035400
2002-11-07,21.405018484356972,21.977951206086676,21.205157612027925,21.36504554748535,10325500
2002-11-08,21.33839059617822,21.724787913980897,21.2517851333205,21.424997329711914,4750300
2002-11-11,21.418347084071954,21.418347084071954,21.018625259399414,21.018625259399414,2988000
2002-11-12,21.07857920136588,21.93131485773533,20.96532508816977,21.524934768676758,3040900
2002-11-13,21.511613004813103,21.644853602243746,20.87205991609313,21.285104751586914,6342000
2002-11-14,21.651518578112604,22.31771914974684,21.458319802413836,22.277746200561523,4796400
2002-11-15,22.27774153725118,22.53756184053833,21.917995235301607,22.410982131958008,3834100
2002-11-18,22.45095837098117,22.51757740744491,21.684826744881462,21.691490173339844,3963500
2002-11-19,21.35172717903203,21.584898896997156,21.085247212421002,21.29176902770996,5551500
2002-11-20,21.278437305042416,21.61153617446098,21.245126528627225,21.318408966064453,5785600
2002-11-21,21.38503669835464,21.50495300099878,20.83875371980957,21.29176902770996,6811000
2002-11-22,21.31841062092929,21.811399984733416,20.985310454977267,21.031944274902344,5719300
2002-11-25,21.025281737619185,21.451650806361602,20.68551942203162,21.298423767089844,6129900
2002-11-26,21.218490113020398,21.33840515788416,20.685528851803987,20.718839645385742,6095800
2002-11-27,20.932022631404212,21.42501091653048,20.898713110106854,21.331743240356445,5539600
2002-11-29,21.451655277923717,21.71147305019433,21.318414677916127,21.518274307250977,2249000
2002-12-02,22.004609989334536,22.937292057150657,21.518283746132504,21.718143463134766,6114900
2002-12-03,21.751443450327127,22.004597765264883,21.484962281457857,21.917993545532227,5538100
2002-12-04,21.811401770940204,21.95130324217242,21.41834344127389,21.484962463378906,5315700
2002-12-05,21.218490113020398,21.251799635925302,20.419048856534207,20.718839645385742,8151800
2002-12-06,20.35908572346692,20.652214281968153,20.132577465171853,20.279142379760742,6247400
2002-12-09,20.232502909974258,20.2724745706832,19.552978324541304,19.6462459564209,7366900
2002-12-10,19.732859957057308,19.94604392010107,19.37311106641347,19.53299903869629,7031900
2002-12-11,19.45305185760589,19.48636136876912,18.88678127309612,18.973386764526367,11694400
2002-12-12,19.526334336927746,19.786153369877542,18.793513606436637,19.69288444519043,18744800
2002-12-13,19.519677631334076,19.612946582068204,18.800181013534075,19.000041961669922,7609900
2002-12-16,19.020033043241487,19.313161761996625,18.846821946957828,19.106639862060547,8149700
2002-12-17,19.05332827818807,19.059990433474827,18.367141531766514,18.46040916442871,9248800
2002-12-18,18.44709739894179,18.6269706189135,18.160630899910995,18.333843231201172,13631300
2002-12-19,18.153959930325758,18.78685078479114,18.12065042037552,18.37380599975586,6990900
2002-12-20,18.45375441062192,18.80683986339055,18.13397720400052,18.57366943359375,6706900
2002-12-23,18.620307601852957,18.653617124161087,18.047374669279996,18.247234344482422,5193200
2002-12-24,18.213922935957424,18.340501394838252,18.074020161262467,18.147302627563477,3230200
2002-12-26,18.133979933632496,18.70691285811555,18.100670411794702,18.420446395874023,4150300
2002-12-27,18.380474975068587,18.513715605654756,18.220586980771284,18.247234344482422,2777600
2002-12-30,18.18727545484844,18.85347603957808,18.167290250539686,18.666940689086914,4456400
2002-12-31,18.673593525760413,18.95339768249874,18.320506934667055,18.693578720092773,4597900
2003-01-02,18.813494923489,19.33313157637351,18.72022729502619,19.32646942138672,5124100
2003-01-03,19.286512393652217,19.306497603098027,18.68026980737212,18.820171356201172,3368000
2003-01-06,18.993373026661402,19.266515081387997,18.800174306125992,19.046669006347656,4391800
2003-01-07,19.079980626261737,19.59961743865099,18.886783155046537,19.35312271118164,5185100
2003-01-08,19.319816545605356,19.779495295066145,19.193238081413625,19.519676208496094,6148400
2003-01-09,19.986012984455638,20.432367325268874,19.886083173668656,20.3524227142334,8319500
2003-01-10,20.21251807941297,20.43236413711131,19.986009865944826,20.372406005859375,5017300
2003-01-13,20.492329311354222,20.612245615072027,20.145904716319833,20.332441329956055,4262200
2003-01-14,20.372405835919277,20.65221002253552,20.18586928794969,20.64554786682129,3858600
2003-01-15,20.63889794535055,20.65222226467734,20.185881253655754,20.285812377929688,4420200
2003-01-16,20.38573886982218,20.638894541899575,20.025989931385187,20.119258880615234,3819000
2003-01-17,20.105922888134508,20.47233250168828,19.999330954348824,20.03264045715332,4828800
2003-01-21,20.052637648863943,20.17921611445405,19.43973306637075,19.5063533782959,4034600
2003-01-22,19.386433496340487,19.519672824946287,19.233207696639376,19.35312271118164,6860900
2003-01-23,19.45305796036735,19.82612993927559,19.386437646464536,19.726200103759766,4800800
2003-01-24,19.71953568208068,19.72619783977402,19.113293309429736,19.25319480895996,4704600
2003-01-27,19.106623981481356,19.69287966104466,19.02667938983918,19.166582107543945,4372000
2003-01-28,19.253196876261473,19.539663334451095,19.219887354894823,19.459718704223633,4251900
2003-01-29,19.34646370637132,19.58629502945723,18.893447149565,19.53299903869629,5195500
2003-01-30,19.51967389849325,19.986014750952787,19.299827787059833,19.306489944458008,4422800
2003-01-31,19.253194812392287,19.526336924484742,19.186574506123645,19.23320960998535,5278300
2003-02-03,19.29981978344429,19.586286079385587,19.26651028094342,19.453046798706055,2793400
2003-02-04,19.366446177053554,19.453052943996912,18.886782327862733,19.026683807373047,3262700
2003-02-05,19.27984687869306,19.56631335722073,18.933422240907188,19.119958877563477,4126100
2003-02-06,19.74618607554611,20.25249870192894,19.09997192814167,19.286508560180664,6104900
2003-02-07,19.56631274203956,19.799481942182787,18.993379802997712,19.000041961669922,2759400
2003-02-10,19.053343846893906,19.206569731663343,18.800186821844438,19.106639862060547,3104400
2003-02-11,19.319815572321534,19.50635218011859,18.96006667242936,19.066659927368164,3070800
2003-02-12,19.11328021549431,19.399746446675326,18.986701847389163,19.159914016723633,4341900
2003-02-13,19.193230246036453,19.266512685495638,18.606974542391658,18.85346794128418,3507200
2003-02-14,19.006701744158665,19.299829065028714,18.606981168536155,19.26651954650879,2934900
2003-02-18,19.286512501364502,19.90607814050962,19.279850341286327,19.879430770874023,3288700
2003-02-19,19.739514211943675,19.98600888056822,19.279836922577488,19.566303253173828,2315400
2003-02-20,19.67289603040033,19.692881226892833,19.259851270312815,19.433063507080078,2570900
2003-02-21,19.692886739344008,19.992677477412023,19.51301356717983,19.98601531982422,3349200
2003-02-24,19.979354067117082,20.02598790166716,19.59295780426069,19.652915954589844,3552900
2003-02-25,19.51967341766482,20.019323774130743,19.326475940583144,20.012662887573242,3629100
2003-02-26,19.87942333977262,20.119255930227034,19.75284488695761,19.98601531982422,4298300
2003-02-27,20.085940904786085,20.3657451110608,19.95270159316921,20.252490997314453,2730300
2003-02-28,20.319117013837026,20.498991469413735,20.152566874379346,20.332441329956055,3161200
2003-03-03,20.439027779145633,20.572267092201585,20.192533080443727,20.33909797668457,3162700
2003-03-04,19.85943865195174,20.152567258778003,19.419746377050725,19.519676208496094,6144900
2003-03-05,18.520370306840682,19.21988147773094,17.98741050388502,19.153261184692383,21138800
2003-03-06,18.726893342327855,19.279839614398004,18.460412170173623,19.153261184692383,9385100
2003-03-07,18.893452319674257,19.48637053797374,18.833494154826333,19.419750213623047,4909400
2003-03-10,19.139937501753565,19.293163291310698,18.76686562740858,18.893444061279297,3475200
2003-03-11,19.013354302800746,19.173242198192444,18.66026773963823,18.70690155029297,3623700
2003-03-12,18.62696350521639,19.079980003170405,18.600316148636058,19.03334617614746,3845100
2003-03-13,19.606282896545626,19.98601701655183,19.319816449333437,19.979354858398438,5622400
2003-03-14,19.946045824557004,19.986017503775056,19.559649536977755,19.712875366210938,4234700
2003-03-17,19.586288032416924,20.598912765799593,19.552978526594625,20.585588455200195,5578400
2003-03-18,20.412377499528375,20.698843841858846,20.31244770516749,20.64554786682129,4342900
2003-03-19,20.725493746821456,20.80543707898505,20.192532692799958,20.705507278442383,4292700
2003-03-20,20.552290829800096,20.712178837388866,20.04597817043053,20.498994827270508,4544100
2003-03-21,20.758801362710848,20.912027127607473,20.219179472475304,20.805435180664062,5879400
2003-03-24,20.785455992940282,20.80544119459636,19.906070270451295,20.052635192871094,4417700
2003-03-25,20.18587094504909,20.852071323046438,20.172547903203192,20.638887405395508,3619500
2003-03-26,20.56560938241202,20.978652968547905,20.53896075327986,20.798778533935547,2985700
2003-03-27,20.718831764664436,20.76546558726416,20.252490997314453,20.252490997314453,3063600
2003-03-28,20.22584618253192,20.5656085664267,20.125915097927876,20.272480010986328,2438200
2003-03-31,19.95936732155597,20.405721728661145,19.752845512500343,20.00600242614746,3775300
2003-04-01,20.099265428064992,20.332435814186788,19.826123375106324,20.259153366088867,4239700
2003-04-02,20.85873497920633,21.258455488882902,20.718833499691588,21.065258026123047,5744000
2003-04-03,21.02528848453649,21.285107556699515,20.88538698240589,20.97199249267578,3949700
2003-04-04,21.085240250627617,21.258452489403822,20.818760372001258,21.031944274902344,2946400
2003-04-07,21.50494021488824,21.838040292771154,21.42499690777488,21.431657791137695,5453100
2003-04-08,21.351726037178313,21.917998000793144,21.318416519637037,21.87802505493164,5704900
2003-04-09,21.89134876333144,21.984616426402695,21.55824851444655,21.59821891784668,4837500
2003-04-10,21.57157862566791,22.54423100383963,21.47164750760957,22.510921478271484,6661200
2003-04-11,22.650810568471567,22.650810568471567,21.95796163527607,22.08454132080078,4536600
2003-04-14,22.19112957134472,22.51090536230261,21.87135378038683,22.484256744384766,3737600
2003-04-15,22.444294521643755,23.117158467535237,22.304393022881353,23.10383415222168,4378900
2003-04-16,22.93061444157678,23.19043470844418,22.56420476350842,22.690784454345703,3429600
2003-04-17,22.48427326210213,23.197107796288606,22.48427326210213,23.0505428314209,3553100
2003-04-21,22.92395355638395,22.950602179860493,22.557543878315588,22.690784454345703,3655100
2003-04-22,22.71742666832588,22.71742666832588,22.33103185911867,22.53089141845703,5174700
2003-04-23,22.47761236244424,22.62417478588653,22.137848587935505,22.544231414794922,3422400
2003-04-24,22.384337962354525,22.544227216113594,22.171153984911413,22.351028442382812,3449900
2003-04-25,22.337699251484185,22.437630330945353,21.87802187693924,22.01792335510254,3732500
2003-04-28,22.05123735455307,22.983919148119586,22.01792783507286,22.96393394470215,4147500
2003-04-29,22.830686607210072,23.463577456511697,22.830686607210072,23.210420608520508,3984000
2003-04-30,23.210434886754783,23.277053947093396,22.983926523707556,23.057209014892578,4776100
2003-05-01,22.88399400412862,22.990586019019062,22.570881389899622,22.87067222595215,5181200
2003-05-02,22.87066288523106,23.450256570648474,22.817365628876185,23.197099685668945,3577300
2003-05-05,23.22374207699735,23.257051582597185,22.81735950116317,22.824020385742188,3113900
2003-05-06,22.824028803822586,23.383637344895725,22.77073408347688,23.230411529541016,3950600
2003-05-07,23.217084255939163,23.28370582457443,22.784055495898382,22.877323150634766,2894900
2003-05-08,22.81737330975898,23.75005527910821,22.784063784000917,23.283714294433594,4451900
2003-05-09,23.47690772284142,23.55018764617815,23.21042649512363,23.516878128051758,2180800
2003-05-12,23.916599248734755,24.14976840994464,23.80334384089477,24.116458892822266,6770400
2003-05-13,24.116458892822266,24.376276684271357,23.923260135617927,24.116458892822266,4133500
2003-05-14,23.983212145078323,24.28966369034081,23.78335255213986,23.923254013061523,3179300
2003-05-15,23.86330591585858,23.996546547631084,23.210429615662353,23.576839447021484,4917700
2003-05-16,23.516875789539963,23.730059733973906,23.383635188930477,23.663440704345703,3642900
2003-05-19,23.496897850227136,23.496897850227136,22.71078085918386,22.7840633392334,3977200
2003-05-20,22.72409629820754,22.937280225222068,22.530897570177856,22.744081497192383,4135200
2003-05-21,22.77738976213365,23.070519551743274,22.630827408681572,23.06385612487793,4222500
2003-05-22,22.937279414283438,23.49022441125543,22.81070225626642,23.41694450378418,3152200
2003-05-23,23.390298001821265,23.41028320191374,23.0771829798231,23.163789749145508,3130100
2003-05-27,23.12382006286803,23.976558479584543,22.883987462583804,23.929922103881836,5276800
2003-05-28,24.815966497764595,25.995141586647584,24.25635802408035,24.882585525512695,16660700
2003-05-29,24.602777444989517,25.042469544242802,24.136436723635434,24.402917861938477,9019600
2003-05-30,24.20972523249056,24.822628446333127,24.20972523249056,24.815967559814453,4893300
2003-06-02,24.829293564117773,25.30229532108325,24.55615145390569,24.869266510009766,3749600
2003-06-03,24.71604004556996,25.062464645742565,24.549489903641987,24.889253616333008,3039900
2003-06-04,24.849277700666335,25.175717058067608,24.70271532138794,24.935884475708008,5826800
2003-06-05,24.516176431703837,25.17571600562133,24.196400515710017,24.602783203125,6604300
2003-06-06,24.6294343312172,24.64941953382237,23.39030094263014,23.516878128051758,9230900
2003-06-09,23.42361475283516,23.44359995910236,23.143811699679137,23.310361862182617,4465200
2003-06-10,23.23707325622173,23.576834379934837,23.1837759984258,23.3170166015625,3769000
2003-06-11,23.45025676770464,23.590158254782207,23.150466051571943,23.503551483154297,3886400
2003-06-12,23.543524416298947,23.776693561334557,23.290367529293796,23.683425903320312,4502700
2003-06-13,23.843317332313173,23.916599796472667,23.137143862921043,23.230411529541016,3709900
2003-06-16,23.350326917254527,23.903274549748463,23.190440221093468,23.763370513916016,4086300
2003-06-17,23.916600981058295,24.04983905919848,23.556852070831546,23.849979400634766,4251500
2003-06-18,23.936581506303074,24.18307495231145,23.65677600591678,24.143104553222656,3873000
2003-06-19,24.076487506433235,24.269686276147333,23.623470928446658,23.70341682434082,3703600
2003-06-20,24.103130974702587,24.163089113101464,23.776691656452506,24.04317283630371,3462600
2003-06-23,24.009861400097332,24.049831794924916,23.78335317778122,23.863296508789062,3238300
2003-06-24,24.136438795105867,24.489524173510766,23.863296748511896,24.149763107299805,2737200
2003-06-25,24.229700009869156,24.516166292644527,24.009855270385742,24.009855270385742,2832600
2003-06-26,24.016524844701884,24.409583197625178,23.883284251255304,24.183074951171875,2460100
2003-06-27,24.2830191167061,24.549497905840678,23.98988914489746,23.98988914489746,2336000
2003-06-30,24.243029297994685,24.649411900813696,24.02984539837693,24.382930755615234,3150200
2003-07-01,24.23636333540081,24.449547190356068,23.756698391075478,24.322967529296875,4371200
2003-07-02,24.34962569032285,24.51617580112034,24.06315929644292,24.482866287231445,2877600
2003-07-03,24.216379555743952,24.496184999402914,23.963225274995878,24.049829483032227,1615100
2003-07-07,24.14975443401852,24.656065408785228,24.089796321355852,24.649404525756836,2500300
2003-07-08,24.18308475254117,24.756017757623322,24.149775226017457,24.576143264770508,3385100
2003-07-09,24.669395402126376,24.70270744900163,24.309649184585936,24.46953582763672,2145400
2003-07-10,24.636089066291383,24.949204049467166,24.11645359749131,24.149763107299805,3191100
2003-07-11,24.549487425204386,24.682728033565915,24.289669636643676,24.609445571899414,2448100
2003-07-14,24.909228612292804,25.115751618537313,24.57612846494178,24.74934196472168,2047800
2003-07-15,24.955855800924024,24.995828722875554,24.46286913694733,24.742671966552734,2134800
2003-07-16,24.769332892997625,24.87592486316573,24.163090586162845,24.569473266601562,1792300
2003-07-17,24.58945783204799,24.762668826092256,24.256357616202664,24.2896671295166,2146000
2003-07-18,24.6094455976606,24.636094227631446,24.083149133179127,24.38960075378418,2682500
2003-07-21,24.749343805298885,24.749343805298885,24.049831410757946,24.209720611572266,2015000
2003-07-22,24.33628696566633,24.469527483676014,23.916582764760346,24.329626083374023,2513500
2003-07-23,24.44288805895749,24.52283392462282,24.00985938935635,24.496185302734375,2083000
2003-07-24,24.549479066237673,24.61610061841077,23.98320985020435,24.109786987304688,2712800
2003-07-25,24.096465456111346,24.482862879224573,23.943239680468995,24.3362979888916,2003200
2003-07-28,24.28301587346628,24.63610142905478,24.203072501538575,24.576143264770508,1562300
2003-07-29,24.509508568281355,24.642749130688042,24.14975981218901,24.562803268432617,2467900
2003-07-30,24.536170346655062,24.722705709243364,24.349632442713048,24.45622444152832,2670900
2003-07-31,24.76267883328565,25.122427821706523,24.52950960450582,24.642765045166016,2899400
2003-08-01,24.582789906793703,24.795973780582568,24.316308793881504,24.429561614990234,2290600
2003-08-04,24.25636053618061,24.855942013420936,24.043176575684775,24.622770309448242,2170800
2003-08-05,21.318419042725434,21.78475996755577,19.966031377258894,20.025989532470703,56773500
2003-08-06,20.232504151303903,20.232504151303903,19.206555054978317,19.24652671813965,25463300
2003-08-07,19.506346149033412,19.692881428479726,19.266513623258106,19.33979606628418,16177700
2003-08-08,19.513012358526794,19.51967324502538,19.359785284851583,19.46637725830078,8117000
2003-08-11,19.546319753069806,19.812799657781365,19.453052104089867,19.61960220336914,8047500
2003-08-12,19.986015738387675,20.225848333864857,19.852775125194427,20.019325256347656,13395400
2003-08-13,20.185874938964844,20.359087223996575,19.98601529429257,20.185874938964844,7145000
2003-08-14,20.25248788985382,20.625559684085346,20.2058540744094,20.552278518676758,7101500
2003-08-15,20.55894407074955,20.71883200898102,20.385731819996362,20.6189022064209,3864100
2003-08-18,20.665540735056766,20.78545703370407,20.365749988438502,20.40572166442871,7021800
2003-08-19,20.479000511931748,20.585592476195202,20.265816583404842,20.312450408935547,7027600
2003-08-20,20.339097338496966,20.578928602742963,20.08594049148421,20.319110870361328,7540300
2003-08-21,20.552280627809306,20.578927980508098,20.319110255982444,20.4789981842041,4264200
2003-08-22,20.61889710675581,20.718826884600333,20.525628212848332,20.57892417907715,5429200
2003-08-25,20.61891641196781,21.1185670396826,20.578943446863004,20.952016830444336,5356300
2003-08-26,20.785453796417094,21.13853920891228,20.778791639676896,21.065258026123047,4096300
2003-08-27,20.991970321165393,21.251788015653016,20.978646011018295,21.17850685119629,3283200
2003-08-28,21.251795012558016,21.451655918537877,21.111893521981028,21.438331604003906,3844900
2003-08-29,21.32507325243295,21.544920599814542,21.17184873918557,21.484962463378906,6441900
2003-09-02,21.478308005226523,22.137845162036296,21.398362105152845,22.071226119995117,7867600
2003-09-03,22.191141345415872,22.191141345415872,21.884687159467806,22.15782928466797,7109000
2003-09-04,22.33769427041047,22.41097670682705,21.651508804604973,21.86469268798828,7943200
2003-09-05,21.878016468600475,21.878016468600475,21.39169058757399,21.451648712158203,4691500
2003-09-08,21.484965671327274,21.518275187353268,20.9853153068778,21.165189743041992,8555100
2003-09-09,21.131880302647733,21.131880302647733,20.51897576571461,20.66554069519043,11458200
2003-09-10,20.572267100243334,20.95200238282601,20.419041318364716,20.459012985229492,4629900
2003-09-11,20.665533358868743,21.298422873742545,20.605575230946055,21.071914672851562,5974800
2003-09-12,20.925353578757136,21.04526984900181,20.598915549022397,20.912029266357422,5403600
2003-09-15,20.885377372319628,21.031940964828404,20.51230560095795,20.592248916625977,5988400
2003-09-16,20.6855212285471,20.718832009852797,20.452352112789132,20.638887405395508,6998100
2003-09-17,20.81877339156161,21.21183193484846,20.6122515153069,21.00531005859375,6765900
2003-09-18,21.065265201768238,21.251800571329063,20.885390720540094,21.151870727539062,4452400
2003-09-19,21.63152864272418,22.017923568251906,21.385032655361154,21.704811096191406,10642800
2003-09-22,21.504949994668344,21.731458252291688,21.331738993593113,21.498289108276367,5200600
2003-09-23,21.684827772770227,21.911336065378404,21.478307225131292,21.844717025756836,4039300
2003-09-24,21.81805917620659,21.85803210790482,21.19849271232215,21.318408966064453,5012200
2003-09-25,21.311751471374308,21.551582760630595,21.12521489468478,21.18517303466797,3565900
2003-09-26,21.025294732433245,21.08525289992835,20.73882821455154,20.785463333129883,4279100
2003-09-29,20.752141328545612,21.191833472303042,20.625562902107454,20.892044067382812,5000700
2003-09-30,20.785460376154862,20.912037582257835,20.498993899026367,20.75214958190918,3836800
2003-10-01,20.752144033898674,21.55158382191461,20.718834519235042,21.518274307250977,4631800
2003-10-02,21.484969940747384,21.564913303366485,21.025291158318623,21.2784481048584,4434100
2003-10-03,21.651506367978772,21.838041609608695,21.438322508586836,21.49161720275879,4766800
2003-10-06,21.58490063481773,22.01792950358208,21.451660005446534,22.011268615722656,3781800
2003-10-07,21.80473235272496,22.337692007184447,21.618197109002168,22.21111488342285,5210000
2003-10-08,22.75074600038231,22.850674541385338,21.59155611873506,21.93798065185547,13904900
2003-10-09,22.251093096436723,22.37767025026772,21.864695666816786,21.977951049804688,5425100
2003-10-10,22.017924632325997,22.197799060978564,21.89134746017185,21.898008346557617,3702200
2003-10-13,21.98461573128608,22.27774302614943,21.9579671022931,22.217784881591797,2999900
2003-10-14,21.91133576655953,22.377676661611098,21.891350563216303,22.297733306884766,3078500
2003-10-15,22.390996932225523,22.59085655360928,22.09786711559991,22.410982131958008,3568600
2003-10-16,22.544224423929883,22.897309866335352,22.490927165493424,22.50425148010254,3261200
2003-10-17,22.4975927701397,22.844017359434126,22.18447769991421,22.19114112854004,2629900
2003-10-20,22.211122301173155,22.317714267663103,21.924655914727754,22.284404754638672,2634000
2003-10-21,22.30439204615896,22.71743563737861,22.204463497713157,22.590858459472656,3726600
2003-10-22,22.55089314036246,22.750755387539378,22.317723907128112,22.570880889892578,3369400
2003-10-23,22.517570943100772,22.817361603830378,22.424303302285473,22.690784454345703,2863300
2003-10-24,22.50424766315085,22.63082735979164,21.98461218829671,22.464277267456055,3261700
2003-10-27,22.484263108548276,22.717432227947654,22.430965857626816,22.58419418334961,2414300
2003-10-28,22.47094540638372,23.157131195068356,22.42431156878497,23.15713119506836,4039700
2003-10-29,23.143813922549135,23.603491500321546,23.003909841180104,23.523548126220703,5028800
2003-10-30,23.716738033245043,23.82333001720793,22.730761546250037,23.263721466064453,4428200
2003-10-31,23.23708136740574,23.63680077498959,23.190447521232755,23.6168155670166,3925200
2003-11-03,23.510208324959965,23.770026025707253,23.3769677616312,23.436925888061523,2959200
2003-11-04,23.350326524452743,23.656778138067292,23.14380600027272,23.510215759277344,4008200
2003-11-05,23.583499534913734,23.650118570684196,23.08384914257534,23.230411529541016,4528300
2003-11-06,23.30369843252435,23.330347068449818,22.917303377020254,23.310361862182617,4823000
2003-11-07,23.396961267648294,23.470243730577888,22.95060814450008,22.977256774902344,3567600
2003-11-10,22.9839110855543,23.210419296457342,22.824021890242282,22.95060157775879,2587000
2003-11-11,23.083848755158133,23.190440735413922,22.71743644051017,22.977256774902344,2570200
2003-11-12,23.017224205938714,23.263717651936084,22.910632239451775,23.243732452392578,2301200
2003-11-13,23.050529870491225,23.077178493001995,22.617501190777563,22.844009399414062,4851700
2003-11-14,22.857335398510855,23.35032224460084,22.64415148538772,22.757404327392578,4316000
2003-11-17,22.697451928374768,22.80404391187089,22.164492010894147,22.57753562927246,3664400
2003-11-18,22.61750518082124,22.923956769699863,22.371011732493038,22.410982131958008,3190000
2003-11-19,22.437623793522608,22.71742666832588,22.317707549649153,22.53089141845703,2910500
2003-11-20,22.364347468363206,23.070520814944363,22.28440413107098,22.744081497192383,3575000
2003-11-21,22.85067729665572,22.930620647368087,22.67080285153793,22.72410011291504,2910600
2003-11-24,22.970588925198147,23.49022441125543,22.83068745454469,23.41694450378418,4087200
2003-11-25,23.383626368156698,23.816657521451205,23.243724933899255,23.58348846435547,3093000
2003-11-26,23.643451896480688,23.7833533621672,23.33033691402286,23.59015464782715,3756400
2003-11-28,23.470238197750884,23.94990326650328,23.39029486674304,23.863296508789062,1360300
2003-12-01,23.949902071358412,24.39625506701041,23.82998581015436,24.382930755615234,4448300
2003-12-02,24.40292812867629,24.4095890163276,23.963235844436788,24.003206253051758,2879600
2003-12-03,24.17641879132647,24.316320298185726,23.61014679381693,23.849979400634766,5547300
2003-12-04,24.10979228516425,24.236371991431437,23.656775796251292,24.096467971801758,7526200
2003-12-05,23.849972196728974,24.16308717675931,23.670097795946827,23.863296508789062,4462400
2003-12-08,23.829987441178055,24.116453802399963,23.650113037060617,24.076480865478516,4630300
2003-12-09,24.01651529506671,24.482855916023254,23.40361236681383,23.983205795288086,12135600
2003-12-10,24.30298630513273,24.34962012218382,23.716729337608776,24.049829483032227,4964400
2003-12-11,24.00986184529549,24.309652518824546,24.003198418465555,24.076480865478516,4025500
2003-12-12,24.256354181743166,24.256354181743166,23.516871400653503,23.923254013061523,4546200
2003-12-15,24.116459823227277,24.30299515939166,23.55018784488728,23.603485107421875,4835900
2003-12-16,23.823322096849285,23.949901782902657,23.4502515476878,23.896604537963867,3534900
2003-12-17,23.94990624317321,24.076483411446954,23.77669270621652,23.97655487060547,4576200
2003-12-18,24.016511247253984,24.34961127160245,23.98320175308944,24.329626083374023,3338700
2003-12-19,24.48286033016158,24.549479341729903,24.183069695399325,24.37626838684082,3740900
2003-12-22,24.416242507844956,24.42956427772558,23.843309831582676,23.876619338989258,4313500
2003-12-23,23.96322781929008,24.216382126916795,23.816662926509462,24.149763107299805,2452300
2003-12-24,24.04317665421523,24.136444319567634,23.90993604313182,24.023191452026367,843700
2003-12-26,24.056503255213876,24.402927860405338,23.976559897509237,24.236377716064453,1343200
2003-12-29,24.16308019027374,24.642745120336365,24.16308019027374,24.63608169555664,2792700
2003-12-30,24.58946013557523,24.915899495879618,24.49619247301775,24.84261703491211,2982100
2003-12-31,24.782659108053092,24.895911973202548,24.549487408243202,24.76933479309082,2465600
2004-01-02,24.77599531085219,24.929221118606126,24.10313393407591,24.196401596069336,2603100
2004-01-05,24.276350936733888,24.389606369510528,23.889955878601747,24.083154678344727,3968300
2004-01-06,24.04983854393375,24.60278621351175,24.023192453688665,24.356292724609375,3124300
2004-01-07,24.36961844462671,24.7693377762227,24.329645494925696,24.70271873474121,3467100
2004-01-08,24.915894391345336,25.002498608061366,24.66273754387285,24.82262420654297,4973100
2004-01-09,24.862593648195574,25.555442532652926,24.636085456790376,25.28896141052246,6193300
2004-01-12,25.182377928106234,25.22235087225747,24.749349135890498,25.115758895874023,3195400
2004-01-13,25.002490456592042,25.30228102804976,24.95585665007105,25.22233772277832,2092200
2004-01-14,24.749347901558792,24.929219787885597,24.596119560630985,24.67606544494629,4511500
2004-01-15,24.642746412904202,24.99583170419157,23.923248980070994,24.696041107177734,3555100
2004-01-16,24.889239774292435,24.8959006580696,24.442884320660262,24.696041107177734,3188300
2004-01-20,24.775987294974307,24.78265072087696,24.223042388615617,24.249691009521484,3147400
2004-01-21,24.203071750107412,24.42291665142158,24.14311358768466,24.349634170532227,3172300
2004-01-22,24.39626377486454,24.469546243018744,24.116460759752258,24.316320419311523,3359400
2004-01-23,24.429569021037207,24.935882780793577,24.316316165594838,24.882585525512695,5180300
2004-01-26,24.895903016126777,24.995834071713883,24.362943316150936,24.729352951049805,3509800
2004-01-27,24.78932239513346,24.922563016304228,24.34296923676789,24.44289779663086,3375600
2004-01-28,24.656080340494796,24.756011435901392,23.983218927664126,24.036516189575195,3669700
2004-01-29,24.216376323269284,24.582788467407227,24.083138315966853,24.582788467407227,4062400
2004-01-30,24.596121256927937,24.96919445206958,24.436234559976683,24.609445571899414,3005000
2004-02-02,24.629422770289157,25.055790501420073,24.536155146773286,24.79597282409668,2100800
2004-02-03,24.72269101022514,25.049127700669857,24.64940857810631,24.73601531982422,2218400
2004-02-04,24.669401167505182,25.195700118363817,24.596118713416896,24.849275588989258,3123500
2004-02-05,25.31561873145214,25.41554982193336,24.895911709325485,25.26232147216797,4348600
2004-02-06,25.18238336150065,25.475513265816225,25.14241295007851,25.408891677856445,3996300
2004-02-09,25.268983616893607,25.702014931848506,25.122418702659076,25.522140502929688,3072500
2004-02-10,25.48217780883827,26.314928717623832,25.442204850329087,26.25497055053711,4197200
2004-02-11,26.05509652334246,26.181673677035853,25.788615362421673,26.081745147705078,3978900
2004-02-12,25.608746261731607,25.788620701389288,25.015828224352525,25.14906883239746,5448300
2004-02-13,25.20902720273985,25.362253013878142,24.86260263528897,25.055801391601562,2275600
2004-02-17,25.162388906149356,25.508813412134124,25.11575508239687,25.155725479125977,2034900
2004-02-18,25.102436684517937,25.315620655147754,24.99584469920303,25.202367782592773,1844400
2004-02-19,25.315620910688754,25.488831935566385,24.962535432272766,24.969196319580078,2431400
2004-02-20,25.1823804163248,25.648721312087996,24.989181645867365,25.435537338256836,2712200
2004-02-23,25.31562103968945,25.7553133034615,25.20236816541417,25.415552139282227,2849200
2004-02-24,25.302292917367414,25.84191619955538,25.295632031028173,25.615407943725586,3059300
2004-02-25,25.508810931614324,25.935178730949378,25.38889467038227,25.77528953552246,2755000
2004-02-26,25.755312607672444,25.981820891457232,25.5554529552396,25.71533966064453,3116500
2004-02-27,25.48883740074365,26.068433833536726,25.382245391497904,25.888559341430664,6118700
2004-03-01,26.10173060219624,26.648014700243007,25.94850482263217,26.608041763305664,4552100
2004-03-02,26.814573371106942,26.92782624996751,26.021795595022354,26.454824447631836,4672800
2004-03-03,25.795282589505728,26.14836801959466,25.182376845632014,25.522140502929688,10196700
2004-03-04,25.295630359228653,25.908533516053385,25.189038395374226,25.74198341369629,5321400
2004-03-05,25.282311520276334,25.56211453297062,25.175719533342306,25.415552139282227,4390700
2004-03-08,25.382238842612665,25.488830824356555,25.122421045946517,25.175718307495117,3024700
2004-03-09,25.209024858490032,25.215685744723046,24.81596649556389,25.022489547729492,3775800
2004-03-10,24.96920246914799,25.442204366416682,24.895919983952044,24.962541580200195,3617200
2004-03-11,24.8825882565465,25.53546699863019,24.815969221486508,25.06912612915039,3962500
2004-03-12,25.10243642042331,25.548789560060612,24.982520120536467,25.515480041503906,2374500
2004-03-15,25.402218630911,25.422203827056116,24.8492711516061,24.929214477539062,3107400
2004-03-16,25.162391471775653,25.182376672177952,24.489527589563632,24.67606544494629,3853200
2004-03-17,24.902579426387007,24.982522787728723,24.609449532544662,24.855945587158203,2834300
2004-03-18,24.82929017837013,25.01582548439005,24.68272527143851,24.902572631835938,3905400
2004-03-19,24.822626113948278,25.04247346870392,24.676063752130727,24.802640914916992,3794600
2004-03-22,24.682732756679993,24.742690914848193,24.04984165187205,24.45622444152832,3632300
2004-03-23,24.476201990502496,24.68272247264908,24.23636945775568,24.296327590942383,2399000
2004-03-24,24.37626198031717,24.50283908557119,24.063147117263036,24.276330947875977,3834700
2004-03-25,24.283009166580907,24.81596906782049,24.236375334057023,24.622770309448242,2266500
2004-03-26,24.622771408363654,24.74268770916359,24.35629271652754,24.396263122558594,3715500
2004-03-29,24.409585913169206,24.94920923305163,24.396261598206934,24.76933479309082,1664800
2004-03-30,24.709381277002525,24.875931433212745,24.509521597821,24.83595848083496,2371000
2004-03-31,24.95587029934243,25.142408168802593,24.77599585808794,25.055801391601562,2680000
2004-04-01,24.935882780793577,25.069123377642782,24.576133931706632,24.882585525512695,2509800
2004-04-02,25.30895764724189,25.31561853392384,24.855941112273946,25.115758895874023,2631200
2004-04-05,25.062457636296752,25.382233514401413,25.00916292728903,25.368911743164062,2203500
2004-04-06,25.055807217599813,25.362258911132812,25.009173374729745,25.362258911132812,2461900
2004-04-07,25.302296723653516,25.568777961665305,24.98252076285143,25.415552139282227,4088100
2004-04-08,25.635395526731156,25.828594286115173,25.03581658770414,25.249000549316406,5281100
2004-04-12,25.342272088944604,25.38224249951141,24.96919882841451,25.089115142822266,2010000
2004-04-13,25.082447480662765,25.175715135267456,24.662740493588668,24.75600814819336,3828100
2004-04-14,24.682727562305107,25.288969904489683,24.48286792425529,25.115758895874023,3335900
2004-04-15,25.21569776721601,25.308968008419235,24.815978327476202,24.89592170715332,2825400
2004-04-16,25.09576714709568,25.508813213331205,24.829288519351515,25.368911743164062,3071300
2004-04-19,25.328955113035327,25.535478279119722,25.268996938453046,25.3422794342041,2295000
2004-04-20,25.415550901757193,25.735326846988862,25.129084474316745,25.175718307495117,2430400
2004-04-21,25.129082130407774,25.5687743317583,25.055799673290508,25.522140502929688,2884900
2004-04-22,25.36224326802042,25.815259640503896,25.28229994974459,25.508808135986328,4165300
2004-04-23,25.44218999021777,25.688685945021465,25.308951955716168,25.67536163330078,2813200
2004-04-26,25.68201990421558,25.795275271636378,25.31561026392918,25.375568389892578,2339100
2004-04-27,25.482180994444622,25.64873119702269,25.28232125962182,25.3422794342041,3510200
2004-04-28,25.442201872361885,25.54213298626102,25.20237177344079,25.308963775634766,6324500
2004-04-29,25.342272088944604,25.542131765839642,24.849282514006756,25.089115142822266,2451900
2004-04-30,25.27564260012761,25.39555887704424,24.922557196624695,24.982515335083008,2984800
2004-05-03,24.922555089135564,25.375571532212206,24.869260382430898,25.035810470581055,2976000
2004-05-04,25.035824065396145,25.249008090682146,24.869273886806827,24.962541580200195,3441500
2004-05-05,24.86260539910645,25.115762330645715,24.795986357763574,24.922563552856445,4736500
2004-05-06,24.715479222142225,24.78227679536887,24.14769220522351,24.247888565063477,5389400
2004-05-07,24.147689632030424,24.441602490337832,23.713497807832752,23.820375442504883,4776300
2004-05-10,23.746905327671143,24.368132604061394,23.61330759813775,24.328052520751953,4089000
2004-05-11,24.321373514941975,24.495048777720548,23.980701729114323,24.127656936645508,2723900
2004-05-12,23.913902606238963,24.475011049431824,23.693468511501496,24.414892196655273,2974900
2004-05-13,24.354777298392335,24.381497359112664,23.78030873373146,24.094263076782227,3034700
2004-05-14,24.120968159201155,24.348083437962604,23.813695296219095,23.947290420532227,2591400
2004-05-17,23.807016685872348,23.89385556496334,23.41290490927656,23.740219116210938,2626500
2004-05-18,23.96064955560813,24.688754168081434,23.89385199592431,24.308002471923828,4406100
2004-05-19,24.581873515736756,24.748869942539535,24.348079537478164,24.394838333129883,3376600
2004-05-20,24.39484928732622,24.53512573727073,24.25457283738171,24.508405685424805,3436200
2004-05-21,24.642006777057567,24.668726832569142,24.3146950156174,24.408212661743164,2718800
2004-05-24,24.434933141501368,24.915881408236334,24.408213085525876,24.58856964111328,2558900
2004-05-25,24.488371386041326,24.996039722864488,24.421573792410467,24.942602157592773,2566400
2004-05-26,24.815674020428723,25.082866817249645,24.71547512901859,25.009387969970703,1675700
2004-05-27,25.717469184320123,26.2652176747823,25.356756017967417,25.430234909057617,7799600
2004-05-28,25.730823932101288,25.730823932101288,25.223153087787328,25.316673278808594,2682600
2004-06-01,25.196442462946084,25.523754302338578,25.149683628747155,25.47699546813965,2723900
2004-06-02,25.650671847277724,26.044783818697223,25.490354033409965,25.904504776000977,3463100
2004-06-03,26.218454360961918,26.625926288673032,25.917860107063163,26.218454360961914,5426500
2004-06-04,26.3921328796004,26.612569542361786,25.690747899462906,26.08485984802246,3710300
2004-06-07,25.817658864000546,26.385445921527197,25.577183506123383,26.278568267822266,3849900
2004-06-08,26.258526189637447,26.806274414257615,26.16500602480625,26.75283432006836,5493300
2004-06-09,26.545778818679924,27.273884046179298,26.492338687261462,27.17368507385254,6895100
2004-06-10,27.52103882222808,27.901790847456834,27.280563322469757,27.801591873168945,6661500
2004-06-14,27.474265275972098,27.6345804912319,27.013353298730266,27.360706329345703,3219800
2004-06-15,27.55441635133554,27.92180805972059,27.42081867151449,27.701374053955078,2777400
2004-06-16,27.661302384923683,27.834977637712942,27.607864825667207,27.76150131225586,2339700
2004-06-17,27.728108216654647,27.83498591511482,27.394115090445933,27.788227081298828,2389100
2004-06-18,27.821602137202046,28.182312435980837,27.647924448750288,28.068756103515625,3153300
2004-06-21,28.068759239350033,28.122196769961654,27.834962716954973,27.935161590576172,2467200
2004-06-22,27.90845611960569,28.255809168473267,27.661301996663884,28.1489315032959,4223400
2004-06-23,27.988618514789476,28.72340220304329,27.975258487054802,28.64992332458496,3783200
2004-06-24,28.5363513282248,28.71002649760716,28.262477279630428,28.396072387695312,3250500
2004-06-25,28.37603204781567,28.456189617814704,27.106860754872,27.935161590576172,3711300
2004-06-28,27.92182615445466,28.35601825821024,27.80158841951205,28.008665084838867,3151000
2004-06-29,27.868373236677144,27.975250881332613,27.16030724823213,27.387422561645508,5007800
2004-06-30,27.40078986844205,27.788220477729503,27.086835589000785,27.507667541503906,4421800
2004-07-01,27.58782858968493,27.65462873625785,27.193716643482357,27.300594329833984,4025800
2004-07-02,27.29392282137836,27.521038283575386,26.95992964451013,27.17368507385254,3170200
2004-07-06,26.973274366151596,27.627900315439053,26.966593079434023,27.247148513793945,3579200
2004-07-07,27.273874019285664,27.848339931844716,27.1669937957419,27.641265869140625,3162000
2004-07-08,26.966595194947157,27.173671780644412,26.612563416070227,26.826318740844727,5878400
2004-07-09,27.180362097595886,27.20708216161562,26.659333590038855,26.853050231933594,3043700
2004-07-12,26.806275841005423,27.293905259698427,26.719436957407904,27.26718521118164,3592100
2004-07-13,27.340681097757233,27.627915427786366,27.167003222399046,27.561115264892578,2594200
2004-07-14,27.38742846625258,27.90845677775886,27.18703315783975,27.287229537963867,4112500
2004-07-15,27.267201042653557,27.614554230554532,27.233802236698104,27.37407875061035,4120600
2004-07-16,27.61453367065294,27.714732562083594,27.046746747648992,27.133583068847656,3050200
2004-07-19,27.293916122223326,27.407472551367125,26.95324173846175,27.16031837463379,2750400
2004-07-20,27.20706700484109,27.56109873729572,27.140269430169546,27.40078353881836,3049700
2004-07-21,27.434259014090646,27.990040802801566,27.387385943514694,27.554790496826172,2950000
2004-07-22,27.246790135387034,27.561511812852707,26.87180521353163,27.380714416503906,3639700
2004-07-23,27.414180480303145,27.63515581149091,27.132941936309837,27.233383178710938,2205700
2004-07-26,27.199898158247358,27.33382234649382,26.657508899716753,26.891874313354492,2283600
2004-07-27,26.831620592395943,27.668643951416016,26.784747488642225,27.668643951416016,3967400
2004-07-28,27.594972610473633,27.789162552205628,27.01910039948434,27.594972610473633,3123800
2004-07-29,27.722211083997607,28.110588544025227,27.722211083997607,27.99005699157715,3952700
2004-07-30,27.782470290101887,27.789165350591396,27.139634644268632,27.26016616821289,4239700
2004-08-02,27.193204927160686,27.57488722897831,27.13963422650269,27.521316528320312,2014100
2004-08-03,27.394090367527806,27.588280328814847,26.932054562002577,27.26016616821289,3296600
2004-08-04,27.32712020214693,27.695409708554035,27.106144965668204,27.554790496826172,3160300
2004-08-05,27.52131960688355,27.75568761689153,27.173120231223034,27.1798152923584,3695000
2004-08-06,27.112855376489414,27.12624549921107,26.53028541681041,26.610641479492188,3928900
2004-08-09,26.51019624966351,27.153029390122693,26.49010851227161,26.91196632385254,3383000
2004-08-10,26.92535392092437,27.43426531024509,26.92535392092437,27.36730194091797,4409800
2004-08-11,27.11954334146928,27.353908743651385,26.89187299889611,27.11284828186035,3348000
2004-08-12,27.32712595082436,27.487832925351714,26.958833812550623,27.11284828186035,3812800
2004-08-13,27.12623700056301,27.507921792739698,27.112846882036475,27.2735538482666,2318100
2004-08-16,27.414179567186295,27.454357595443593,27.17981412166483,27.333826065063477,3002600
2004-08-17,27.534718072518285,27.929793176755545,27.47445229206201,27.66194725036621,3876400
2004-08-18,27.708807048286303,28.07039900303045,27.360605212199438,27.896299362182617,4139800
2004-08-19,27.88961033098751,28.42530459675705,27.802559214552538,28.358341217041016,6388100
2004-08-20,28.425299406793346,28.652969747475737,28.184236392613016,28.39181900024414,3698100
2004-08-23,28.150771141772015,28.304783138327796,27.81596178724397,28.003454208374023,3969300
2004-08-24,28.077093892191943,28.338244605317627,28.016828146517483,28.184232711791992,2475300
2004-08-25,28.24450873996315,28.358342659683732,27.929787225266672,28.1507625579834,2777700
2004-08-26,28.157444846413863,28.525734346154284,28.03021830778084,28.405202865600586,1938300
2004-08-27,28.39851657249688,28.4788700662029,28.090492717964203,28.157453536987305,2231600
2004-08-30,28.043629886134344,28.311475814539033,27.929793386908205,27.98336410522461,2603400
2004-08-31,27.956569537662748,28.11727908528461,27.47444344918876,27.56818962097168,4129300
2004-09-01,27.528034320547295,27.67535130094532,27.09278099904048,27.34054183959961,4785300
2004-09-02,26.155300232661826,27.293649669748312,26.148602617022345,27.059284210205078,9234400
2004-09-03,26.965529741897225,27.38738999386087,26.95883212831542,27.18650245666504,3536900
2004-09-07,27.25346681754872,27.420871401742026,26.952138055122518,27.193201065063477,3235700
2004-09-08,27.126245960728788,27.3740066599583,26.818222045050604,26.865095138549805,3494400
2004-09-09,26.8517053707654,26.952149184514294,26.51020100192528,26.77804946899414,3023200
2004-09-10,26.731149617407606,27.307021512217787,26.644101115645125,27.14631462097168,4132300
2004-09-13,27.34720793113926,27.983345744601046,27.119537636460016,27.554790496826172,4738700
2004-09-14,27.340527019799197,27.849436001259896,27.32713434207759,27.735599517822266,2885600
2004-09-15,27.601676217527185,27.86282703167861,27.541410448539015,27.72890281677246,2128500
2004-09-16,27.789155981935387,27.949865477811052,27.655231827770795,27.836029052734375,2290900
2004-09-17,27.856128413903804,28.110584157632342,27.5882825481191,27.62845802307129,3075400
2004-09-20,27.57489798376218,27.822656184957264,27.246783700239558,27.461061477661133,2530600
2004-09-21,27.561498186737758,27.809256323959374,27.414181294901802,27.72890281677246,2073800
2004-09-22,27.56149143888666,27.72220096830608,27.33382109560408,27.440959930419922,2010300
2004-09-23,27.340527498934627,27.70211958618652,27.286956787109375,27.286956787109375,1662400
2004-09-24,27.253475893948764,27.9097017760067,27.173122382004877,27.6887264251709,2089100
2004-09-27,27.568189434309637,27.896303587719824,27.5280139634699,27.588279724121094,2007200
2004-09-28,27.76907747545705,27.822645622279364,27.548102164536985,27.655241012573242,2025200
2004-09-29,27.56150363885648,27.99675678480371,27.55480857626315,27.98336410522461,2094800
2004-09-30,27.91639756080732,28.050321787110978,27.64855166259216,27.795866012573242,3190800
2004-10-01,27.949880836941766,28.572623770396373,27.775778574537192,28.31817054748535,3828700
2004-10-04,28.324859779135572,29.34268012445267,28.324859779135572,28.994478225708008,4541100
2004-10-05,28.907409424179907,29.235523386162065,28.733309858533726,28.83375358581543,2934300
2004-10-06,28.76011585193258,28.894040066378157,28.284687317323115,28.746723175048828,3920500
2004-10-07,29.597142948166628,30.072571546209193,29.46321871585248,29.89847183227539,9228600
2004-10-08,29.469908326726433,30.42746296221711,29.469908326726433,29.925249099731445,6412600
2004-10-11,29.79802187563136,30.132831110189013,29.556958818047168,30.06587028503418,3136100
2004-10-12,29.8917690553412,30.41407066136669,29.72436443244669,30.35380744934082,4537800
2004-10-13,30.17300394563873,30.65512742344984,30.09934551800877,30.414064407348633,3715300
2004-10-14,30.400684088625614,30.795759146956645,30.19979647418547,30.407379150390625,4550200
2004-10-15,30.454251515032787,30.789060791874913,30.23997378220519,30.534605026245117,3748100
2004-10-18,30.534596379668105,30.889495849609375,30.293535914292956,30.889495849609375,3340100
2004-10-19,30.70870211802718,31.103777100458004,30.68191676732877,30.94306755065918,4710100
2004-10-20,30.722094363339828,31.137257075787343,30.608257901660846,31.110471725463867,3270100
2004-10-21,31.02343293864091,31.18413998240969,30.708711359204464,31.150659561157227,5510600
2004-10-22,31.210903968933724,31.30465010600321,30.60155152359143,30.621639251708984,3731900
2004-10-25,30.46763365520065,30.909581645605936,30.360494825841524,30.795747756958008,2506800
2004-10-26,30.96983739640235,32.10149107573901,30.922964333342808,31.59927749633789,7444600
2004-10-27,31.3716329915759,32.35597323266557,31.157355226145725,32.208656311035156,4616600
2004-10-28,31.994362955804448,32.509969375880395,31.900616798407224,32.28229904174805,3377100
2004-10-29,32.28899249517408,32.40282637037755,31.786778812919273,32.101497650146484,2906500
2004-11-01,32.00776508445053,32.24213310157033,31.605994989947956,32.235435485839844,3181100
2004-11-02,32.31579233311863,32.75104544246531,32.04124881081461,32.49658966064453,3048600
2004-11-03,32.879048636210385,33.21454913249825,32.34224835408294,32.57038879394531,4110900
2004-11-04,32.81195131608973,33.25481189249385,32.14095028761891,33.16086959838867,4602500
2004-11-05,33.24811935424805,33.85873053497387,32.993138101735994,33.24811935424805,3837400
2004-11-08,32.71802172500864,33.19443458553989,32.48317229772807,32.99984359741211,4262600
2004-11-09,32.90590331805288,33.07365363770894,32.778411436927556,32.87906265258789,3719400
2004-11-10,32.905875113747754,33.00652368347338,32.6911550934023,32.81193542480469,2462000
2004-11-11,32.879050824320146,32.91260036424853,32.556970633609154,32.67103958129883,3004900
2004-11-12,32.45632854883288,33.0132607944337,32.40264978183916,32.95957946777344,2752300
2004-11-15,32.972989137309035,33.44939923886772,32.77168934675832,33.37559127807617,3292200
2004-11-16,33.28164849418208,33.37559078406993,32.5703890741195,32.63077926635742,4923800
2004-11-17,32.94615699106382,33.053517077727854,32.375807010598585,32.85892868041992,5949900
2004-11-18,32.624087556416356,32.83209891320442,32.35568853052913,32.44291687011719,3323200
2004-11-19,32.39593314904287,32.51671355502296,31.839003552282325,31.859132766723633,3318300
2004-11-22,31.885953737274573,32.885743352070996,31.805434369561166,32.81193542480469,4473600
2004-11-23,32.63078154587532,33.39572232788241,32.59723200554737,33.342041015625,4082300
2004-11-24,33.382315858932664,33.40244507955318,32.79854542393546,33.27495574951172,2784100
2004-11-26,33.05352857228696,33.42258139822209,32.89919855401738,33.308509826660156,656200
2004-11-29,33.10719707396619,33.32862612398191,32.97970777605812,33.16758728027344,2245000
2004-11-30,33.06693001510591,33.120611326268545,32.51000048995548,32.61064910888672,3890500
2004-12-01,32.79181850185024,33.342039122925485,32.7314283088217,33.301780700683594,4555000
2004-12-02,32.74485597859324,33.42927746649781,32.483165936678674,33.00654602050781,3862400
2004-12-03,32.67775191816502,33.04680198679503,32.14766046994535,32.15436935424805,4044400
2004-12-06,32.201369419007804,32.610678264064354,31.859157153559824,32.395957946777344,3825100
2004-12-07,32.348977839784546,32.71131922085882,32.087287695564434,32.248329162597656,3963300
2004-12-08,32.248294731481735,32.8253531863698,32.221454089022416,32.81193542480469,3798700
2004-12-09,31.704800415984423,32.61065083257475,31.570599690650244,32.275150299072266,8193100
2004-12-10,32.00675721011053,32.20805705476956,31.657836284857225,31.885976791381836,4315000
2004-12-13,31.892690645400283,32.11412230078731,31.4028600085443,31.590742111206055,3845000
2004-12-14,31.537048247284705,32.19462894613203,31.537048247284705,32.16107940673828,3321900
2004-12-15,32.08055405020961,32.543543751169416,32.04700195737306,32.44960403442383,3004500
2004-12-16,32.4764543340013,32.51671276190197,32.00675305105375,32.174503326416016,2857200
2004-12-17,32.100692028910096,32.36238204267759,31.919521428686604,32.067142486572266,3617600
2004-12-20,32.00675654450751,32.342257131851056,31.839006250835737,32.040306091308594,2235300
2004-12-21,32.01347688890688,32.20806791353799,31.825597311838102,32.18793869018555,2692100
2004-12-22,31.926240242834776,32.4093593952884,31.879267801119447,32.080570220947266,2159300
2004-12-23,31.99334093513929,32.26845135497263,31.872560501098633,31.872560501098633,1428500
2004-12-27,32.060415534304184,32.24158604689336,31.771885002365646,31.84569549560547,1838900
2004-12-28,31.852421469818612,32.28857062757228,31.82558081281859,32.275150299072266,1240400
2004-12-29,31.973207693219937,32.79182740357252,31.939655586022646,32.68446731567383,1952600
2004-12-30,32.71801466745937,32.825374748152996,32.44290430070283,32.510005950927734,1420800
2004-12-31,32.42276411194483,32.630775317741055,32.38250313543626,32.483154296875,1393500
2005-01-03,32.369085852189485,32.87233654755541,32.04029427163096,32.14094543457031,2219300
2005-01-04,32.335534277941356,32.436185442498825,31.563884735107422,31.563884735107422,3280200
2005-01-05,31.65783836774055,32.11411941081014,31.48337661380223,31.68467903137207,2672900
2005-01-06,32.78510571031901,32.805234919040714,32.04700315464973,32.14094543457031,3771700
2005-01-07,31.953065380050393,32.18120581156128,31.78531513804726,31.86583709716797,2448200
2005-01-10,31.8121655756497,32.16779537898548,31.718225820781107,31.926237106323242,2053100
2005-01-11,31.845715497552277,31.91281715158192,31.604154662378306,31.75177574157715,2364500
2005-01-12,31.704786466034825,31.96647635747795,31.53703627309284,31.89266586303711,2310700
2005-01-13,31.93964992415458,32.476452828156596,31.892680054004295,32.033592224121094,2913600
2005-01-14,32.140966659901416,32.53685757074865,32.07386498707395,32.38923645019531,3035500
2005-01-18,32.308698584198865,32.999828782492,32.10068735651564,32.97298812866211,3119800
2005-01-19,32.979695361391414,32.98640424415954,32.42947482645415,32.44960403442383,1830000
2005-01-20,32.536843758299916,32.63749238531341,32.00675228649777,32.067142486572266,1871400
2005-01-21,32.01346727246481,32.167797244365,31.154586538527603,31.20826530456543,3102700
2005-01-24,31.268659083799463,31.637711840958136,31.08749098804293,31.147878646850586,2487800
2005-01-25,31.288791017345023,31.698102215726998,31.21498046554935,31.590742111206055,2145800
2005-01-26,31.771908320288947,31.879268418431636,31.6578393358665,31.77861976623535,2598200
2005-01-27,31.69808336007743,32.0671333398591,31.490072161449632,31.69137191772461,2257600
2005-01-28,31.751786251236606,31.845726038305262,31.268664420978105,31.731657028198242,2648800
2005-01-31,32.00674656228502,32.36908769792949,31.624276216771033,31.718215942382812,2845700
2005-02-01,31.664541894842355,31.778613416137333,31.463242071007482,31.510211944580078,2634200
2005-02-02,31.516921065957483,31.657830676288317,31.21497007263002,31.651119232177734,2259000
2005-02-03,31.201553528710228,31.295493280325335,30.698302665343935,31.114322662353516,4782300
2005-02-04,31.174847763892625,31.48417479670468,30.878967501899744,31.05380630493164,3578300
2005-02-07,31.067263864025605,31.336242959979536,30.932773033449024,31.000017166137695,2565400
2005-02-08,31.255529992869707,31.26897932405861,30.724292954297407,30.852060317993164,2893400
2005-02-09,30.825162534032835,30.939478004599675,30.542731701412784,30.603252410888672,2132900
2005-02-10,30.650339362696016,31.127779292754635,30.562919952972997,30.838624954223633,1966300
2005-02-11,30.919308822059705,31.54468870302134,30.751196005999006,31.228635787963867,2959000
2005-02-14,31.282423655248113,31.443810473324554,31.033617481015224,31.275697708129883,2043900
2005-02-15,31.430375047748075,31.618660591825556,31.134494832542725,31.60521125793457,2079100
2005-02-16,31.605216935923565,31.67246105226098,31.3765833490983,31.564868927001953,1791700
2005-02-17,31.470733790556118,31.659021979443022,30.932773033449024,31.000017166137695,2179600
2005-02-18,30.92604623789991,31.02018903936827,30.757933359506712,30.79827880859375,2028100
2005-02-22,30.60998268123422,31.410198783781336,30.52928924560547,30.52928924560547,3505200
2005-02-23,30.764647058204172,31.0134533216216,30.589810848418498,30.697402954101562,2810400
2005-02-24,30.704138433194206,31.396762726037796,30.663790415720143,31.295896530151367,2348800
2005-02-25,31.215201791366624,31.443835436148337,31.16813038495856,31.316070556640625,1525800
2005-02-28,31.34295907046182,31.605214696876494,31.053804773338353,31.329509735107422,2425000
2005-03-01,31.356418676619327,31.786787288133674,31.342969336859596,31.410213470458984,2890600
2005-03-02,30.535994293295175,30.979811770544085,29.796299352945834,30.273738861083984,12766600
2005-03-03,30.3275608135276,30.428429561911813,30.07875448343173,30.125825881958008,4944200
2005-03-04,30.09892082214355,30.428423107128992,29.92408460259094,30.098920822143555,4714100
2005-03-07,30.206522325701446,30.36118843922333,29.836674487086135,29.950992584228516,3306200
2005-03-08,30.12580521750366,31.35639181680928,29.92407042431176,30.973094940185547,8118000
2005-03-09,30.89242657637183,31.073988822048555,30.482233241916294,30.67051887512207,4918800
2005-03-10,30.771370191472567,30.82516752647424,29.984603406059037,30.092195510864258,4417300
2005-03-11,30.219963073730472,30.495668027616812,30.045126849518937,30.21996307373047,2518300
2005-03-14,30.193053243402996,30.73773695348153,30.15270525683536,30.70411491394043,3118700
2005-03-15,30.74446824888693,30.771364346080404,30.287201249028595,30.475486755371094,2970400
2005-03-16,30.2939309189541,30.381350307268615,29.910633878526525,30.024951934814453,2739500
2005-03-17,29.924085280556934,30.024954009829163,29.628207607995865,29.68872833251953,2674900
2005-03-18,29.68872148803631,29.78958762885636,29.103687097449473,29.386117935180664,4490000
2005-03-21,29.35922068700707,29.386119351935015,28.747290168484668,29.070066452026367,3181600
2005-03-22,29.070072354121642,29.547512210136787,29.01627757854168,29.20456314086914,2808300
2005-03-23,29.043165777747646,29.63492353923228,28.955748970576572,29.399566650390625,2700300
2005-03-24,29.365955294890608,29.513895443342083,29.25163977305,29.318883895874023,1969400
2005-03-28,29.271800698853706,30.03167129345369,29.271800698853706,29.890457153320312,2665500
2005-03-29,29.803040314613074,30.07874523486458,29.58785611174351,29.88373374938965,3040000
2005-03-30,29.877014038855897,30.52929267692916,29.856841318980926,30.25358772277832,3603000
2005-03-31,30.260306460584367,30.307377843196107,29.587855205904717,29.70889663696289,3528100
2005-04-01,29.829937011018146,29.86355905952116,29.318872639059958,29.446640014648438,3342800
2005-04-04,29.47354749966234,30.408254579831294,29.345780085838708,30.36790657043457,3553400
2005-04-05,30.394810582918883,31.242098407506674,30.354462566434098,31.174854278564453,4752800
2005-04-06,31.262266624123228,31.45727558000743,30.98656165352986,31.121049880981445,2644900
2005-04-07,31.27571708036671,31.75988296488372,30.76465508630895,31.537975311279297,3136700
2005-04-08,31.638838313110707,31.638838313110707,30.932764845970652,31.05380630493164,1854100
2005-04-11,30.845332957769124,31.174835143819273,30.630148798992604,31.13448715209961,2614500
2005-04-12,31.141222088339646,31.275710302494442,30.341003362048017,31.195016860961914,2933700
2005-04-13,31.201754453075957,31.215201227350214,30.677240474407363,30.77138328552246,2287600
2005-04-14,30.771373435629247,30.98656023312447,30.515843763025757,30.542739868164062,2051800
2005-04-15,30.2939196389532,30.549451759156415,30.125806874513728,30.166154861450195,2668800
2005-04-18,30.246857905731947,30.441869390252997,29.68199873466278,29.78959083557129,3315100
2005-04-19,29.80976569524706,29.917357794629492,29.47354006402721,29.513885498046875,3122000
2005-04-20,29.453367172340347,29.581134564300577,28.85488591062621,28.975927352905273,3257000
2005-04-21,29.291976154110053,29.75596657382388,29.009545306964103,29.601303100585938,2853600
2005-04-22,26.87788663330397,27.973980705156848,26.548384277493746,27.012374877929688,24897600
2005-04-25,27.173751099956117,28.209326495409243,26.83080213922688,27.866374969482422,9700600
2005-04-26,27.906726295426335,28.168981867048075,27.53687862864701,27.967247009277344,6135800
2005-04-27,27.812580189902892,28.047937068147235,27.684812828686603,27.859651565551758,3257400
2005-04-28,27.684828411231354,27.75207510372101,27.072897618170153,27.099796295166016,4259400
2005-04-29,27.31499035433865,27.469653954606652,26.91152031583082,27.32171630859375,4968600
2005-05-02,27.375492004387617,27.79913704469228,27.355319286105825,27.752065658569336,2711600
2005-05-03,27.73861831468421,28.632979845580138,27.664648255413315,28.269855499267578,4665400
2005-05-04,28.293454636781615,28.994722972523142,28.27322658340425,28.90032196044922,4474600
2005-05-05,29.001453270850774,29.06888437569441,28.542934619082267,28.82613754272461,3743100
2005-05-06,29.01494783593621,29.055406510477493,28.7924315565451,28.91380500793457,2592400
2005-05-09,28.994721168427507,29.33186908899062,28.67105947335506,29.223981857299805,3526600
2005-05-10,28.95426939347514,29.129587794408053,28.846382136068392,28.961013793945312,2472300
2005-05-11,29.1228485162,29.237480194238877,28.212549782487688,28.981246948242188,3658400
2005-05-12,28.71152496142449,28.893582618154042,28.387860617330563,28.637351989746094,4004000
2005-05-13,28.86661076677999,28.86661076677999,28.037227050590584,28.347402572631836,2526000
2005-05-16,28.441786365227898,29.163282394409176,28.09115237228029,29.16328239440918,3011900
2005-05-17,29.136340973829327,29.588120808639996,28.927310778050227,29.534175872802734,3796800
2005-05-18,29.601599985320824,30.39726959357309,29.540913233090208,30.26915168762207,3464800
2005-05-19,30.36353169936413,30.579306097342776,30.02638388099328,30.309589385986328,2406700
2005-05-20,30.410742409461896,30.56583272160531,30.026393973115102,30.316341400146484,1625000
2005-05-23,30.383764078289808,30.40399212544946,29.898270368587184,30.01289939880371,3278700
2005-05-24,30.07359629050623,30.194969759009044,29.655533550238054,30.033140182495117,3809900
2005-05-25,29.87805755057696,30.693955116849914,29.790398347814563,30.626523971557617,3222500
2005-05-26,31.233379740822212,31.26035218885497,30.161249367745114,30.673715591430664,9454200
2005-05-27,30.673735984467022,30.68047781484032,30.34332970698493,30.545618057250977,2199400
2005-05-31,30.545616761642176,30.808591863057398,30.417501412096144,30.59956169128418,1960400
2005-06-01,30.57257275105867,31.273841025079893,30.57257275105867,30.720918655395508,2936800
2005-06-02,30.78835307786204,31.4626490301343,30.78835307786204,31.43567657470703,2822300
2005-06-03,31.46938822930198,31.509846909063462,30.990638760513992,31.098526000976562,2225200
2005-06-06,30.592799613864546,31.017606686536197,30.457939939911,30.869260787963867,2725300
2005-06-07,30.977145453321274,31.294065275092766,30.673714427288445,30.90297508239746,3140000
2005-06-08,30.970408720293523,30.98389494601567,30.626516394965137,30.808576583862305,2407600
2005-06-09,30.916446031239268,31.18616524604423,30.511869781264892,30.909704208374023,2608900
2005-06-10,30.849040979640208,31.145730283822303,30.714181269653793,30.88949966430664,1447100
2005-06-13,30.788334566936644,31.354742929192028,30.72090604114356,30.835535049438477,2171500
2005-06-14,30.93669267634295,31.354755360929715,30.774860549148563,31.246868133544922,1557300
2005-06-15,31.35474829480384,31.44240745112231,30.67371080771034,31.145715713500977,2628800
2005-06-16,31.145730935127126,31.31430493307653,30.828813568102102,31.010873794555664,2029600
2005-06-17,31.226643303418133,31.46938766089841,30.849036682502152,31.41544532775879,4815500
2005-06-20,31.165957794548344,31.3682460531743,31.051326152244947,31.260358810424805,1734100
2005-06-21,31.206412543783145,31.233384996354463,30.774863591580644,30.95018196105957,2390600
2005-06-22,31.044598346740276,31.15248563821888,30.64001907451857,30.660249710083008,3852300
2005-06-23,30.559080558621552,30.79508302195084,30.215190887451172,30.215190887451172,5257800
2005-06-24,30.20844909129417,30.356794979437293,29.864559390511843,30.289363861083984,2709600
2005-06-27,30.235429117694103,30.29611585330723,30.046627083446495,30.147769927978516,2151500
2005-06-28,30.329833378428788,30.74789617278723,30.181487437235276,30.606294631958008,2360500
2005-06-29,30.61977765785539,30.80183786512302,30.323088378734887,30.471431732177734,1630500
2005-06-30,30.43096849477483,30.714171480472693,30.147762936842767,30.1612491607666,2587000
2005-07-01,30.410731544953144,30.47141825386569,30.161242884860982,30.29610252380371,1525700
2005-07-05,30.43770289573131,30.788336915515643,30.221928510053804,30.5590763092041,2427000
2005-07-06,30.545597084446836,30.68719857518498,30.289363978181985,30.586055755615234,2545500
2005-07-07,30.282616373760167,30.538849431129368,30.019641491933154,30.403989791870117,3254400
2005-07-08,30.370301506089902,30.855793021620983,30.20846928608896,30.714191436767578,2601100
2005-07-11,30.532111586419717,30.815317146861474,30.47816926248057,30.774858474731445,2097500
2005-07-12,30.81532862136429,31.219905204377227,30.579323471077426,31.13899040222168,2485700
2005-07-13,31.058073021032286,31.219902611905205,30.707438811160998,30.876012802124023,2274900
2005-07-14,30.950175005984534,31.16594943359729,30.761370452647814,30.990631103515625,1185500
2005-07-15,31.14571706488798,31.354749655260598,30.94342887188147,31.321035385131836,2160400
2005-07-18,31.206399950939907,31.557033976170356,31.206399950939907,31.287317276000977,1259600
2005-07-19,31.26710065253859,31.45590525661562,31.064812393816915,31.25361442565918,2016300
2005-07-20,31.05805907791454,31.42892117709241,30.720911247346688,31.07828712463379,2443900
2005-07-21,31.017625880811643,31.145741235618758,30.64001907451857,30.660249710083008,2398800
2005-07-22,30.70069253774268,31.037840499096266,30.61303591979981,30.983898162841797,1632100
2005-07-25,30.849028344564207,31.206404243255218,30.849028344564207,30.96365737915039,1318700
2005-07-26,30.950180087466318,31.15246832503623,30.923207636527795,31.017608642578125,1196200
2005-07-27,31.044600175890942,31.12551500620842,30.77488064518457,31.08505630493164,1381400
2005-07-28,31.06480927087067,31.449157695473723,30.970408264439676,31.374984741210938,1900000
2005-07-29,31.287317081988846,31.354745613554666,30.855765734373378,30.99736976623535,2147000
2005-08-01,30.963654697528643,31.058058248242187,30.626506875967223,30.781597137451172,2113300
2005-08-02,30.936709784839252,30.936709784839252,30.532130529231672,30.59956169128418,1471200
2005-08-03,30.521809912861094,30.67053015163195,29.893121284418672,30.048603057861328,6144500
2005-08-04,29.92690587487571,30.156748939224645,29.642980875965343,29.91338539123535,4511200
2005-08-05,29.676800892582122,29.947202988701147,29.446957692557394,29.521316528320312,2734100
2005-08-08,29.622704068758434,29.757906338391976,29.163017899265675,29.27117919921875,3834700
2005-08-09,29.311755562731424,29.42667587417273,29.014309902492524,29.203594207763672,4570700
2005-08-10,29.183310179802675,29.419914900475902,28.66278546761544,28.710105895996094,5283700
2005-08-11,28.75065835696338,29.10218330254851,28.7438994024655,28.926422119140625,6183200
2005-08-12,28.87234917003959,29.1292333601308,28.696587931832028,28.94671058654785,2918100
2005-08-15,28.93317168751827,29.244135068929367,28.831771930328667,29.061614990234375,2200700
2005-08-16,28.994021765670308,28.994021765670308,28.601937938446675,28.885860443115234,3398900
2005-08-17,28.885868222239505,29.859320387391218,28.818268344476067,29.514556884765625,4160000
2005-08-18,29.37260049825055,29.920166304358098,29.217118690419365,29.730884552001953,3368300
2005-08-19,29.744389589375317,30.129714430027057,29.670028202798818,29.920150756835938,4126200
2005-08-22,29.920160810152026,30.04860418603961,29.60243829543589,29.89988136291504,2720900
2005-08-23,29.960724021595823,29.98776500532728,29.37935576522022,29.50779914855957,3324900
2005-08-24,29.352313638892817,29.78496162544403,29.264434313341674,29.291475296020508,2710100
2005-08-25,29.49429251221406,29.58893342096343,29.27120815978652,29.345569610595703,2485100
2005-08-26,29.379344919867872,29.440185821419227,29.075140412111097,29.14950180053711,2091600
2005-08-29,28.730401124953435,29.57541292274618,28.656039674144257,29.345569610595703,2316400
2005-08-30,29.13600263712414,29.250925570281563,28.737157008114984,29.095443725585938,4815400
2005-08-31,29.108930704528724,29.392853073454642,28.804726324416592,29.338773727416992,4429000
2005-09-01,29.58215694858568,29.866082110271947,29.021070739064093,29.190073013305664,4825500
2005-09-02,29.237387005281448,29.406389242306197,29.007543859777012,29.176546096801758,1915300
2005-09-06,29.183312180802766,29.433437409416406,28.966989470867265,29.203594207763672,3968800
2005-09-07,29.18330115854463,29.406385319467017,29.102180817649735,29.277944564819336,2408700
2005-09-08,29.13600263712414,29.257684529280905,28.960241336659415,29.095443725585938,1988100
2005-09-09,29.14276417489456,29.305004978589526,29.000802826968695,29.095443725585938,1388400
2005-09-12,29.12923470869268,29.744402939054126,29.041352796135254,29.69032096862793,2085600
2005-09-13,29.58214224327949,29.74438548055898,29.284699316830658,29.426660537719727,2622000
2005-09-14,29.56863252450853,29.69031176269842,29.122466721913973,29.176546096801758,2049200
2005-09-15,29.332017391746405,29.386099326129365,29.007533521754343,29.027812957763672,2568100
2005-09-16,29.000776817656224,29.257658289584587,28.919653909792647,29.19681739807129,4960300
2005-09-19,29.041334523332715,29.237377674621943,28.42616668003477,28.561368942260742,2985000
2005-09-20,28.689812590502143,28.710094608098135,27.85156312124363,27.95972442626953,3444500
2005-09-21,27.946201245849394,28.412646345273565,27.385112757231532,28.040842056274414,3811500
2005-09-22,27.980018729556832,29.183314209570078,27.824536932155034,29.10219383239746,4422400
2005-09-23,29.08191292758376,29.365835522866018,28.797987753531334,28.94671058654785,2386100
2005-09-26,29.169790801287334,29.399633975625264,28.62898151194881,28.912906646728516,2387200
2005-09-27,28.777709428293882,29.291477828531438,28.750668443277114,29.163034439086914,2301300
2005-09-28,29.284701378605448,29.31174234985063,28.64249249476159,28.676292419433594,3911500
2005-09-29,28.63573677718679,28.946700245338555,28.399132120208428,28.804738998413086,2578500
2005-09-30,28.926433979224704,29.176556658508513,28.73039069440504,29.129236221313477,2762100
2005-10-03,29.095420711548996,29.37258422916924,28.939938989837056,28.96021842956543,2278800
2005-10-04,28.939947712133318,29.575395276575755,28.899386241682596,29.04810905456543,3247300
2005-10-05,28.94671217272442,29.223875826589037,28.628987040695357,29.007553100585938,3908400
2005-10-06,29.690314461521723,30.690810064969543,29.58215312314489,30.366323471069336,8745100
2005-10-07,30.48800098483227,30.859807950486047,30.366319174030917,30.853046417236328,3541000
2005-10-10,30.758405581895133,31.170771431969793,30.582644398942822,30.853046417236328,4766300
2005-10-11,30.71784683153491,31.04909236325222,30.629967521682417,30.771928787231445,2843800
2005-10-12,31.0085356881971,31.055856117359152,30.494769923536246,30.58941078186035,4752700
2005-10-13,30.454207626392556,30.778691665624525,30.454207626392556,30.670530319213867,3754900
2005-10-14,30.771920373233083,31.49524957089127,30.650238584957044,31.407367706298828,4538300
2005-10-17,31.265404520363003,31.515527034470665,31.116681770952045,31.50876808166504,2460200
2005-10-18,31.400611973156774,31.60341411482428,31.184289344875552,31.305971145629883,2440100
2005-10-19,31.468210451137384,32.29294204711914,31.16400596255649,32.29294204711914,5036000
2005-10-20,32.320008687471145,32.603931383123225,32.04284495081365,32.20508575439453,5342500
2005-10-21,32.39435137425582,32.57687412121357,32.06310839474604,32.286190032958984,4582200
2005-10-24,32.22535068185767,32.610678218878334,32.09015093274997,32.58363723754883,2318900
2005-10-25,32.448430099172576,32.59039136195177,32.13746659629353,32.39434814453125,3214100
2005-10-26,32.164496144337505,32.61066179651061,31.84000968933105,31.840009689331055,4363200
2005-10-27,31.907636280710815,32.178038426371835,31.28570644602639,31.333026885986328,3162000
2005-10-28,31.67777436995338,32.00901725446204,31.454690216951626,32.00225830078125,2359200
2005-10-31,32.076631685309295,32.85404058788899,32.076631685309295,32.69855880737305,3369900
2005-11-01,32.65121707645988,32.854019154446675,32.34701267009553,32.53629684448242,1984400
2005-11-02,32.5633620293515,33.050089480100006,32.522803127636095,32.79320526123047,2739200
2005-11-03,33.12444762523133,33.80045676044014,32.77292256547034,32.901363372802734,4049700
2005-11-04,32.93516035695925,33.23260339810072,32.78643754700363,33.178524017333984,1416200
2005-11-07,33.158257119561064,33.75990501063622,32.968975332374534,33.53682327270508,3227500
2005-11-08,33.5300395076414,33.5300395076414,32.989232917925094,33.0838737487793,2243800
2005-11-09,33.023024692175504,33.259629289657525,32.85402251344632,32.88782501220703,2366400
2005-11-10,32.85401373912826,33.901829030424175,32.820213828163084,33.84098815917969,3919500
2005-11-11,33.54356323384805,34.00324952418859,33.54356323384805,33.89508819580078,2080300
2005-11-14,33.841016495769324,33.96945729649337,33.482729918978976,33.665252685546875,2433500
2005-11-15,33.41512359336236,33.475964503813074,32.82699651151853,33.29344177246094,3281200
2005-11-16,33.37813626389236,33.50688022645473,33.120653508377416,33.33748245239258,2279400
2005-11-17,33.3781354971489,33.77113956465158,33.276498385929294,33.75758743286133,2426600
2005-11-18,33.838897509610646,34.08960806956584,33.533983592311074,33.75081253051758,2622000
2005-11-21,33.683043470905055,33.852441198179534,33.40523130156707,33.472991943359375,2133400
2005-11-22,33.50687568194173,33.52042781220522,33.15452804950451,33.37135696411133,3868300
2005-11-23,33.47300093787548,34.40130000903733,33.249394637082005,34.25900650024414,2892600
2005-11-25,34.394535628129965,34.52327963830474,34.008308767217365,34.2725715637207,1314900
2005-11-28,34.211588515973055,34.36743421683005,33.879567616021454,34.04896545410156,2369000
2005-11-29,34.17769833572531,34.63846054689223,34.01507789931653,34.387752532958984,2768500
2005-11-30,34.29287872060379,34.69943226056509,33.764358601693225,33.84566879272461,3202200
2005-12-01,32.9309293346798,33.337485581471554,32.53792780606677,33.05967330932617,6144100
2005-12-02,33.073220099731316,33.49332582722354,32.95802827706772,33.432342529296875,2469400
2005-12-05,33.36460109757533,33.64241346338916,33.21553016500976,33.60175704956055,2884300
2005-12-06,33.48655451216456,33.81180054967006,33.20196746035373,33.25617599487305,3390500
2005-12-07,33.439125061035156,33.56786904475417,33.161312769312225,33.439125061035156,2379500
2005-12-08,32.65989148408349,33.07999724165794,32.59890818179002,32.72087478637695,4520000
2005-12-09,32.795427042898154,33.22230779311152,32.68701251485577,32.897064208984375,2294800
2005-12-12,32.883490625448786,33.15452806120524,32.86316372244865,32.985130310058594,1805400
2005-12-13,32.97836375505934,33.06645133825523,32.64634550154512,32.94448471069336,2908500
2005-12-14,32.87672176629037,33.50688172068784,32.87672176629037,33.351036071777344,2503300
2005-12-15,33.47977686509683,33.71693272125724,33.208739385366385,33.54753494262695,2958500
2005-12-16,33.64918163895804,33.75082136118778,32.964815608335016,33.03257369995117,4918500
2005-12-19,33.18841327513162,33.21551754071579,32.82929080295904,32.97158432006836,2847800
2005-12-20,32.910600805652656,33.54076076005012,32.7954115548599,33.351036071777344,2163200
2005-12-21,33.533983592311074,33.85922699962083,33.3103772958329,33.75081253051758,2434500
2005-12-22,33.81180508798713,33.81180508798713,33.48655900682617,33.771148681640625,1661600
2005-12-23,33.865997314453125,34.16413641903429,33.79823924948611,33.865997314453125,1485800
2005-12-27,33.974428617005145,34.143826448230584,33.683064140512926,33.72372055053711,1315400
2005-12-28,33.79146711860829,34.14381479750403,33.68983000543763,33.9540901184082,1306200
2005-12-29,33.85245649655707,34.04895856935038,33.79825054343102,33.85923385620117,1147400
2005-12-30,33.74403139047096,34.15058754264805,33.46621918297866,33.52042770385742,1380800
2006-01-03,33.710147244110374,33.913423996963274,33.025781573051304,33.82533645629883,2583100
2006-01-04,33.75082308231171,34.03541018337871,33.58820003541226,33.933773040771484,2320100
2006-01-05,34.204798294033466,34.204798294033466,33.47977602644177,33.73048400878906,3571200
2006-01-06,33.91344235417681,33.92021971432948,33.58142408125118,33.777923583984375,2627700
2006-01-09,33.832119063454414,34.08282701138885,33.61529014878605,33.913429260253906,3232100
2006-01-10,33.67629689605063,33.96766143770452,33.67629689605063,33.879573822021484,1532700
2006-01-11,33.87955098701625,34.41484851296422,33.82534246473082,34.34708786010742,2108200
2006-01-12,34.130269472324514,34.53004840072529,34.09639042784419,34.374202728271484,2206400
2006-01-13,34.52326512889704,34.61135269071012,34.39452117283066,34.55714416503906,1910900
2006-01-17,34.428406025156164,34.50971623648959,34.177695447603504,34.286109924316406,2528000
2006-01-18,34.01507022464942,34.48938446263389,33.9608617015405,34.3809700012207,2802100
2006-01-19,34.340329790896504,34.44196952721855,33.960877704740845,34.27934646606445,2201500
2006-01-20,34.259012282881976,34.441962218555744,33.65595393871051,33.66950607299805,4943900
2006-01-23,33.60173408242104,33.81178819975233,33.16807630388288,33.290042877197266,3523100
2006-01-24,33.33070137103005,33.81179296008224,33.262943302895465,33.57463455200195,2478700
2006-01-25,33.52722154594625,34.035415086611,33.39170275147444,33.83891296386719,2182600
2006-01-26,34.15059065939236,34.15059065939236,33.77113873302408,33.94053649902344,2183800
2006-01-27,33.899877129986564,34.46905367719214,33.832119063454414,33.913429260253906,1743800
2006-01-30,33.82532861312412,34.03538267375531,33.486533241992014,33.6627082824707,1747900
2006-01-31,33.703397478019056,33.93377865812701,33.39848083011058,33.80503463745117,1887000
2006-02-01,33.82534321952104,33.899878646924414,33.22906496990331,33.54075622558594,2424000
2006-02-02,33.723726539354885,34.16415942787171,33.364603900520116,34.02186584472656,2309700
2006-02-03,33.68306193890657,34.10994516943817,33.37814534566971,33.50688934326172,2378700
2006-02-06,33.3103827684856,33.50688483377061,33.174864013640594,33.384918212890625,1400400
2006-02-07,33.517349109951915,33.71431085723612,32.96042475551876,33.08946990966797,2641100
2006-02-08,33.062293058788136,33.3950878999666,32.92645731937089,33.327171325683594,1436500
2006-02-09,33.11663690049374,33.61922852754714,33.08947181618574,33.2592658996582,2013700
2006-02-10,33.354356114567466,33.91807122488931,33.19814584084328,33.7822380065918,2131100
2006-02-13,33.74148889989969,34.03353500366211,33.71432121795604,34.03353500366211,1557800
2006-02-14,34.06748607945498,34.862123767093145,33.95881796559915,34.76024627685547,2990500
2006-02-15,34.70591366770821,35.03192062589597,34.529328940304545,35.02512741088867,2578900
2006-02-16,35.06586561732963,35.419037528924875,34.90965541254063,35.14057540893555,2252000
2006-02-17,35.10663876194945,35.24247460492046,34.54292351127156,34.62442398071289,1717900
2006-02-21,34.64478910171343,34.86891857076387,34.29841025691572,34.43424606323242,1773500
2006-02-22,34.58364573891839,35.2560312173199,34.52252237718764,34.98435974121094,1801100
2006-02-23,35.00474589616261,35.09983016029162,34.617615626007705,34.71269989013672,1675200
2006-02-24,34.794188702423284,34.794188702423284,34.23047392862228,34.427433013916016,1381100
2006-02-27,34.62439873939272,35.28999103479281,34.30518512974676,35.05228042602539,2287200
2006-02-28,34.90966927094092,35.24925748333975,34.57687168281498,34.76704025268555,2594300
2006-03-01,35.11342536574528,35.582056215336685,34.8349631059847,35.44622039794922,3655300
2006-03-02,34.80779262828528,36.20010381524618,34.488578871694536,35.86051559448242,6842000
2006-03-03,35.49377281227105,36.72308355847938,35.49377281227105,36.34953689575195,4486200
2006-03-06,36.152557196051085,36.54648072697994,35.86730436953201,36.51251983642578,6555200
2006-03-07,36.295186545581124,36.62798412762881,36.206895477383746,36.41743850708008,3352300
2006-03-08,36.40384867920283,36.600810428199615,36.32234824856181,36.519309997558594,2408200
2006-03-09,36.56007516837441,36.60761731991601,35.99635738459121,36.04389953613281,2053500
2006-03-10,36.064266030064324,36.68231645431025,36.02351710395402,36.6551513671875,2608700
2006-03-13,36.70267972388241,36.94718355212604,36.64155376682151,36.831722259521484,2679900
2006-03-14,36.69590219783113,37.56524980218787,36.67552773371853,37.538082122802734,3666900
2006-03-15,37.35470199584961,37.59241269948226,37.05586531258966,37.35470199584961,2924400
2006-03-16,37.40224413657614,37.48374457912843,37.19849173476925,37.35470199584961,2446000
2006-03-17,37.34791825591672,38.08822077192355,37.246040740808695,37.95238494873047,4459900
2006-03-20,37.96595410711753,38.24441627108665,37.77578299185318,38.033870697021484,3491800
2006-03-21,37.626365661621094,38.10858018212621,37.422610711907446,37.626365661621094,3309700
2006-03-22,37.483741923639776,37.578828789208885,37.08982098683361,37.4633674621582,3110400
2006-03-23,37.47695824747258,37.49733271273113,37.08303464678976,37.34791564941406,2126700
2006-03-24,37.40901902886675,37.612771330877685,36.886053146166354,37.11017990112305,2573000
2006-03-27,37.02869984739256,37.320745924079155,36.906447880832935,37.19849395751953,2184100
2006-03-28,37.32074597973868,37.551666073489855,36.743444449934486,36.85890579223633,3015900
2006-03-29,36.90643578670835,37.36827582217837,36.84530982345933,37.13735580444336,1973100
2006-03-30,37.08302485575802,37.409031758934994,36.641561816315644,36.8249397277832,2461900
2006-03-31,36.8656877452681,37.03548181570998,36.770603480356954,36.78418731689453,2159600
2006-04-03,37.001547658424364,37.205300157705885,36.75025299567228,36.892879486083984,2748600
2006-04-04,37.04227565282591,37.28677953291351,36.77739731301498,37.150943756103516,2117200
2006-04-05,37.062664340813974,37.60600506578918,36.98795450534495,37.44979476928711,3365200
2006-04-06,37.823337148494254,38.441387640189525,37.68750392549959,38.43459701538086,5813600
2006-04-07,38.3395255034444,38.97116004616537,37.7758075948608,37.830142974853516,3650500
2006-04-10,37.36149992972388,37.48375191289732,36.668742146211514,36.96757888793945,7034200
2006-04-11,37.06944775032338,37.286783982816075,36.56006546963383,36.83852767944336,2667500
2006-04-12,36.83853306913763,37.15095362519831,36.66873895073257,36.99474334716797,1578900
2006-04-13,36.899659685391846,37.144161043753336,36.675530201661296,36.736656188964844,1540000
2006-04-17,36.69591057212217,36.90645624912636,36.17294428344967,36.600826263427734,2202100
2006-04-18,36.54648869328859,37.673921588772956,36.54648869328859,37.5584602355957,4397800
2006-04-19,37.748616499473435,37.75540712186928,36.899646203146865,37.212066650390625,3010400
2006-04-20,37.19170070745119,37.41583017621837,37.01511597305941,37.25282669067383,2053000
2006-04-21,37.313950717543726,37.45657973148692,36.45139637322647,36.6551513671875,2692700
2006-04-24,36.46497971967782,37.17132379237603,36.42423079411791,37.001529693603516,2021100
2006-04-25,36.82493827545246,37.27319451107716,36.82493827545246,37.042274475097656,1929500
2006-04-26,37.116983978164996,37.18490056843327,36.79097709049212,37.028690338134766,2370300
2006-04-27,36.84531506269268,37.29357132664159,36.68231160723306,36.92002487182617,2692500
2006-04-28,37.04228872108465,37.04228872108465,36.5396969468324,36.96757888793945,2679400
2006-05-01,37.178098620998426,37.3139317601591,36.68909102929661,36.75700759887695,2938000
2006-05-02,36.75702963377106,36.94720080613063,36.55327721203465,36.66194534301758,2635000
2006-05-03,36.56684933754868,36.98793788634917,36.22726121316241,36.64834976196289,3759200
2006-05-04,37.25281676648703,38.0134960419125,37.021896734813545,37.714656829833984,4146700
2006-05-05,37.9659558997938,38.59759006096198,37.7825779893722,38.50929641723633,3369400
2006-05-08,38.5977887732604,38.96538737986421,38.27784154934905,38.69989776611328,1867600
2006-05-09,38.76117528165471,38.767984107874774,38.271046262869675,38.53653335571289,1457300
2006-05-10,38.55693760756712,38.96538130572498,38.345910830483824,38.665855407714844,1902000
2006-05-11,38.475259245925315,38.69309489909696,37.90344000714828,38.1621208190918,2234000
2006-05-12,38.20296636835008,38.20977519374739,37.37246884949436,37.597110748291016,2677800
2006-05-15,37.22270842858546,37.8626004294995,37.072945421152006,37.81494903564453,2968300
2006-05-16,37.712841644944476,37.876217117546894,37.508618408981974,37.60392379760742,2415700
2006-05-17,37.30439211774314,37.50861272595735,36.684921467970035,36.76660919189453,3972800
2006-05-18,36.957217732795925,36.957217732795925,36.37858964048638,36.39901351928711,2602300
2006-05-19,36.43305642813536,37.100178593988474,36.099494046805596,36.895957946777344,3685800
2006-05-22,36.65088314811764,37.072939395147095,36.569195428616474,36.83468246459961,2864000
2006-05-23,36.77340930690615,37.236310627512424,36.487498445682135,36.51472854614258,2618300
2006-05-24,36.48070725841088,37.113793072681254,36.41944080551999,36.630470275878906,4685300
2006-05-25,36.65770073316212,37.09337476469333,36.494325243543685,37.032108306884766,2921900
2006-05-26,37.12060106699324,37.2090976357777,36.86872901393678,37.052528381347656,1938900
2006-05-30,36.94360410788141,36.97764044479094,36.31732460216059,36.46028137207031,3078300
2006-05-31,36.0722591918364,36.473894174913255,35.61616399562091,36.03141403198242,8559600
2006-06-01,36.147129317777996,36.92997781243184,36.010984011581904,36.91636276245117,4182300
2006-06-02,36.71216391113967,36.78704543190177,35.90889366501192,36.38541030883789,3163000
2006-06-05,36.23562892114083,36.35816178456621,35.75230629141044,35.78634262084961,2577100
2006-06-06,35.79315645597695,35.92249556467585,35.41874898931145,35.74550247192383,3283900
2006-06-07,35.731900690361066,36.174378360816775,35.52767743051284,35.59575271606445,3302100
2006-06-08,35.62979146741206,36.56920969703391,35.59575512074023,36.38541030883789,5211900
2006-06-09,36.45347131898195,36.56919797674436,36.08587266040388,36.10629653930664,2746100
2006-06-12,36.05183344976422,36.16756009829825,35.5617045408837,35.60935592651367,2639900
2006-06-13,35.56170337456563,36.113098703572796,35.53447327029707,35.82719039916992,3712700
2006-06-14,35.78634288791626,36.3309319534235,35.69784635326962,36.06544494628906,2897100
2006-06-15,36.07907357026567,36.746195751080215,35.956540659829685,36.67131423950195,3000100
2006-06-16,36.49431971026325,36.759806788244916,36.31732659373801,36.589622497558594,3179700
2006-06-19,36.589635396145454,36.74620468715397,36.14715504565527,36.453487396240234,2034400
2006-06-20,36.97764245536179,37.671994672655416,36.95041234563117,37.358856201171875,6346000
2006-06-21,37.24994759419446,38.23701464698773,37.24994759419446,37.95791244506836,4149800
2006-06-22,37.78772317067854,37.903449852188096,37.426933263302544,37.62434768676758,2687800
2006-06-23,37.5086183900324,38.216585695768735,37.5086183900324,37.780914306640625,1879200
2006-06-26,37.740069888427115,38.37996452610254,37.706033547377785,38.325504302978516,2763300
2006-06-27,38.20296699349587,38.63863834103586,37.73325930883046,37.88302230834961,2979300
2006-06-28,37.94428516592015,38.29145992666065,37.78090712763851,38.1621208190918,1870000
2006-06-29,38.14852160073061,38.958598109906205,37.910261970874096,38.90414047241211,4146400
2006-06-30,38.86329951246402,39.06071398800973,38.597812333464624,38.89052963256836,4012900
2006-07-03,38.92453495911864,39.22405825110694,38.76796578852441,39.19683074951172,1347400
2006-07-05,39.142377858892566,39.441901206788856,38.59097994898685,38.69989776611328,2148100
2006-07-06,37.712839213181105,38.0872441269598,37.52903987075022,38.019168853759766,4707700
2006-07-07,37.86939671503024,38.59778503338827,37.774093958879526,38.230186462402344,3417300
2006-07-10,38.14170155571093,38.631833133046484,38.11447404337484,38.33230972290039,2602100
2006-07-11,38.29826261672551,38.71351260372498,38.10765708700992,38.61820983886719,3017900
2006-07-12,38.461656763677254,38.733952717541,38.012370257566744,38.03960037231445,3488600
2006-07-13,37.82176010140164,38.039595799583985,37.215901806725206,37.47458267211914,6125600
2006-07-14,37.36567686753979,37.54267005236919,36.147156252748005,36.433067321777344,6483100
2006-07-17,36.42623467300215,36.93678740822356,36.378583292125924,36.732566833496094,3719100
2006-07-18,36.4602768843313,36.53515577759333,35.643391915019116,35.99737548828125,5563500
2006-07-19,36.07907635394092,36.86873150611717,36.07907635394092,36.616859436035156,6246800
2006-07-20,36.49431487039621,36.79383824743118,36.296900496147636,36.31732177734375,3037200
2006-07-21,36.16076367549884,36.31733293866742,35.70467094324342,35.7795524597168,5297800
2006-07-24,36.017798806536995,36.4534701223401,35.82038443006188,36.32413101196289,4419600
2006-07-25,36.35816877503627,36.827876443939104,35.91568861683643,36.759803771972656,3266300
2006-07-26,36.69173087833772,36.72576721411532,36.085872675550256,36.3037109375,3731300
2006-07-27,36.35137953831831,36.405837181985454,34.874177975541826,35.02394104003906,5313600
2006-07-28,35.351500827852234,35.58353781342581,34.600794311611466,35.39927291870117,4768700
2006-07-31,35.488002248907264,36.10221871379978,35.35833548560077,36.00667190551758,3852000
2006-08-01,35.76098155799716,35.86334921500303,35.208186837983526,35.65861129760742,3538800
2006-08-02,35.665422001126174,35.93158406219631,35.24229677617173,35.788265228271484,2745600
2006-08-03,35.24913921522367,35.87700257585989,34.11625317475838,34.805538177490234,7369500
2006-08-04,35.13311835960184,35.79510685997005,35.05122370702955,35.33785629272461,4404200
2006-08-07,35.385630513003115,35.481177317350394,34.73046804635569,35.12629699707031,3177800
2006-08-08,35.38562912470531,35.59719313524044,35.05804790423371,35.25596237182617,3176100
2006-08-09,35.597183226792914,35.829220185462674,34.11624337541782,34.259559631347656,4011700
2006-08-10,34.129905582703785,35.20137275612718,33.72725310964951,34.98298263549805,4723500
2006-08-11,34.846489873318475,34.989806183026026,34.30051851624983,34.634925842285156,4471900
2006-08-14,34.96933633351133,35.82241340191546,34.78507137432989,35.2491455078125,3863300
2006-08-15,35.760979323491206,35.760979323491206,34.976147651899964,35.365150451660156,3295200
2006-08-16,35.426577409740915,35.54259722193561,34.94203035520707,35.45387649536133,3564500
2006-08-17,35.45387545863739,35.890650402255616,35.119468178026175,35.38562774658203,4488800
2006-08-18,35.569883705686564,35.87699182412965,35.11263586530281,35.86334228515625,3450100
2006-08-21,35.72003118839202,35.81557537161745,35.05121930243025,35.09899139404297,4228600
2006-08-22,34.928366653457125,35.583528822458774,34.928366653457125,35.20817565917969,3812500
2006-08-23,35.43341172753723,35.43341172753723,34.368773096238755,34.464317321777344,3756100
2006-08-24,34.72363700198901,34.72363700198901,33.29046649001017,33.856910705566406,6969300
2006-08-25,33.30412487146012,33.43379423894794,33.00384271088052,33.16080856323242,5140900
2006-08-28,33.242704074707,33.76819982169802,33.05843912939448,33.54981231689453,3547100
2006-08-29,33.69311977009706,33.78866395290479,32.962886254770886,33.61122512817383,3108900
2006-08-30,31.911893154894297,32.751322947785255,31.393223648794294,32.19852828979492,23977100
2006-08-31,32.28725332635678,32.478341706314694,31.768581147351124,31.932373046875,8895900
2006-09-01,32.15077058904,32.51930052595484,32.02792727673505,32.31455993652344,4582200
2006-09-05,32.41690808217337,33.0311242240309,32.32818739426441,32.90145492553711,4992000
2006-09-06,32.7376821409627,32.9560696337243,32.48516948720738,32.55341720581055,4554400
2006-09-07,32.601189371120036,32.778628233067955,32.03474502083131,32.205360412597656,4472000
2006-09-08,32.40327484844682,32.86734892170029,32.171237811820085,32.80592727661133,4274900
2006-09-11,32.75813996212601,33.54297144007184,32.53975257064915,33.18809127807617,5119900
2006-09-12,33.18810586240042,34.368764029962925,32.99701485834702,33.83644485473633,5783100
2006-09-13,33.78184398181081,34.157197283154126,33.44061323451979,33.80914306640625,4470800
2006-09-14,33.65218105008783,34.25957143258211,33.31095026411268,34.0616569519043,4841700
2006-09-15,34.4233581097169,34.89425822438362,33.795494761340066,34.0002326965332,7989500
2006-09-18,34.054829620997225,34.054829620997225,33.52250788492211,33.80914306640625,3726300
2006-09-19,34.08214426518823,34.764606123466294,33.897879251046895,34.71001052856445,5057800
2006-09-20,34.873777315979154,35.61083689487768,34.82600522513022,35.39927291870117,6155000
2006-09-21,35.44705370426118,35.726862849317314,33.81597093649124,34.30051803588867,7072800
2006-09-22,34.1845046323776,34.41654170076937,33.99341620077895,34.048011779785156,3629800
2006-09-25,34.66221885973496,35.3037317075301,33.95245830256764,34.97615051269531,5206100
2006-09-26,35.09216776792414,35.46069758895324,34.29368909241167,35.228660583496094,6283700
2006-09-27,34.9761396785119,35.160404531663204,34.22543333164342,34.54618835449219,7073600
2006-09-28,34.593978131087304,34.744120518619475,33.829621855566565,34.17085266113281,6386200
2006-09-29,34.27322736052461,34.43701671040663,33.850099232662366,33.90469741821289,4135500
2006-10-02,33.82962259759363,33.82962259759363,33.0993888659355,33.27000427246094,5419600
2006-10-03,32.92875349845155,33.92514624374823,32.68306704544515,33.618038177490234,7705100
2006-10-04,33.43377391901138,34.4165170682168,33.10619026589348,34.34144592285156,5680700
2006-10-05,33.85008323648864,34.641738329173805,33.45425699183784,34.36875534057617,7963900
2006-10-06,34.36194078836718,34.36194078836718,33.590761048750636,33.7681999206543,4219000
2006-10-09,33.87739599788821,34.136732154665935,33.54299124621326,33.99341583251953,2289700
2006-10-10,34.11625801660171,34.37559156146918,33.7818506725359,33.95928955078125,3086700
2006-10-11,33.96611469846995,34.232274310270114,33.638533437532494,34.17085266113281,3962900
2006-10-12,35.34469242417599,37.091792727624906,35.07170670006969,36.78468704223633,18346400
2006-10-13,36.57994031986645,36.66183758541041,36.143165317169505,36.30695724487305,4914800
2006-10-16,36.17727232229802,36.61404974059408,36.033956074289115,36.15679931640625,4329600
2006-10-17,35.85654134079769,36.190946143861986,35.69957544907986,35.80876922607422,3821600
2006-10-18,35.993035762806684,36.23871981908481,35.488012895345015,35.58355712890625,4050100
2006-10-19,35.487999395083236,35.7609850471683,35.09899653306171,35.25596237182617,4684400
2006-10-20,35.378794646483456,35.38561811413954,34.85329912193224,35.276424407958984,3501900
2006-10-23,35.09899998868492,36.0612707321168,35.09899998868492,35.958900451660156,5242200
2006-10-24,35.91111724475873,36.05443611376123,35.62448471352088,35.8223991394043,3122300
2006-10-25,35.842880159963336,36.28647859604617,35.50164939218385,35.87700271606445,5140600
2006-10-26,35.99983360175518,36.7505399909598,35.829218276628374,36.50485610961914,3552800
2006-10-27,36.52533337305194,36.532156841363744,36.08855850635689,36.177276611328125,2771600
2006-10-30,35.9725451124036,36.44344521451472,35.91112347314494,36.238704681396484,2582600
2006-10-31,36.211406847511945,36.71642688176955,36.11586005404598,36.42979431152344,4106500
2006-11-01,36.545794963388055,36.80513093573288,35.82921125888687,36.1090202331543,4389300
2006-11-02,35.48800198536999,36.457096174576776,35.14677119704913,36.17046356201172,6367600
2006-11-03,36.34107048709606,36.34107048709606,35.07851790589316,35.365150451660156,4497500
2006-11-06,35.474337004220516,36.07490365926691,35.419741455607124,35.76779556274414,2240900
2006-11-07,35.836063937828925,36.3410867584593,35.65862503529574,35.88383865356445,2582400
2006-11-08,35.795119678526795,36.006681157049314,35.45388879999629,35.80876922607422,3169400
2006-11-09,35.74734483785432,35.87701162458945,35.255971577157354,35.310569763183594,2963200
2006-11-10,35.46752915017849,36.17046374458461,35.29691375515687,36.10221862792969,2618300
2006-11-13,36.177293236807465,36.45710242708335,35.522130635681215,35.57672882080078,2620600
2006-11-14,35.92478760110364,36.245545470058694,35.692750492295,35.781471252441406,5091300
2006-11-15,35.822491971235046,36.506649563932875,35.822491971235046,36.26719284057617,2861600
2006-11-16,36.527182706179104,36.56139007250536,35.93880660989041,36.547706604003906,2528700
2006-11-17,36.30826514911801,36.68455153023428,36.17827606759949,36.53403854370117,3939500
2006-11-20,36.63665468642035,37.47132815190526,36.6161307847626,36.80085372924805,4546500
2006-11-21,36.67770242468129,36.94452356619366,36.56139423410753,36.752960205078125,1825600
2006-11-22,36.93768545388646,36.94452588441765,36.417723998438696,36.78032684326172,1516400
2006-11-24,36.575091323097475,36.9240134148867,36.46562613172078,36.60929870605469,962300
2006-11-27,36.84874622169561,37.2113490864339,36.36983515269738,36.527191162109375,2570900
2006-11-28,36.50667528379934,36.58193308959377,35.952506303740705,36.19196319580078,2676500
2006-11-29,36.19194894791609,36.534027850600154,36.14405811032871,36.46561050415039,2369500
2006-11-30,36.12354263016942,36.205640861119235,35.58305717255043,35.781463623046875,4309500
2006-12-01,35.76776684715558,36.02774752663865,35.39148060123689,35.713035583496094,3211200
2006-12-04,35.651469854127704,36.79401233501908,35.651469854127704,36.527191162109375,2902400
2006-12-05,36.72559097284559,37.272916691769645,36.36298817340619,37.21818542480469,2989000
2006-12-06,37.286603151922506,37.423435245093245,36.924000323396896,37.238712310791016,2030100
2006-12-07,37.23871582197187,37.41659573296728,36.670863495220686,36.7255973815918,2161400
2006-12-08,36.7666356623166,37.15660533951576,36.602436667249044,36.732425689697266,1853000
2006-12-11,36.773494328936835,37.23187895900397,36.540880492973514,36.9855842590332,2076600
2006-12-12,36.746120618381006,37.00610135422341,36.25352869924129,36.42456817626953,3710100
2006-12-13,36.6845624670161,36.69824594439051,36.06197860069092,36.35616683959961,3097400
2006-12-14,37.320815391076096,37.710785211076605,36.82822344520229,37.0197868347168,9833100
2006-12-15,37.28660566984857,37.33449651421408,36.69822945638053,36.759803771972656,5623200
2006-12-18,36.91031491086551,37.07451132614626,36.70506808683709,36.81453323364258,3932000
2006-12-19,36.7119194086419,36.73928635592642,36.226167838692405,36.45193862915039,4069300
2006-12-20,36.39719008539743,36.5682295100376,36.15089289633888,36.212467193603516,2327200
2006-12-21,36.32196106720544,36.46563367124466,35.6856936951957,35.802001953125,2168600
2006-12-22,35.76092641789367,35.973016262979165,35.541996143546264,35.713035583496094,1749800
2006-12-26,35.925122574484206,36.18510325219976,35.71303534069535,36.04827117919922,1794600
2006-12-27,36.26037429751352,36.63666067862979,36.08933479611015,36.53403854370117,3185900
2006-12-28,36.37666814935933,36.54086716597647,36.24667910985127,36.32877731323242,1632400
2006-12-29,36.10986959573213,36.5272065226468,36.027771341048464,36.171443939208984,1573100
2007-01-03,36.49982886127722,37.00610693800853,35.87040474357118,36.150909423828125,3888100
2007-01-04,36.56140749720483,37.0950525836709,36.27406235129357,36.992427825927734,3982700
2007-01-05,37.04714862387337,37.10872293477161,36.335623833461455,36.540870666503906,3511500
2007-01-08,36.37666879189586,36.81453197399078,36.342461424037396,36.691383361816406,2978100
2007-01-09,36.69137679581031,37.053979527960216,36.670850290884594,36.96503829956055,3211500
2007-01-10,36.71875479068307,37.23871627815689,36.575082251981904,37.225032806396484,3842600
2007-01-11,37.22502696051068,37.916025211835475,37.09503791398364,37.84761047363281,3427300
2007-01-12,37.62183844355696,38.35388707830169,37.62183844355696,38.278629302978516,3538600
2007-01-16,38.24443314277384,38.477046966552734,38.107601021164676,38.477046966552734,3041900
2007-01-17,38.31284474787934,38.85333014836651,38.26495390073293,38.778072357177734,4804700
2007-01-18,38.778058081431645,39.16802775597791,38.627542554464846,38.92857360839844,3675900
2007-01-19,38.76438759705415,38.98331792240733,38.600188548111596,38.83964538574219,2818400
2007-01-22,38.737019308182404,38.81912013472914,38.23758435770506,38.54545593261719,3358100
2007-01-23,38.565981681890584,39.092783599787445,38.394942199840514,38.61387252807617,2775100
2007-01-24,38.65492223292557,39.12014982434036,38.64123876143039,39.03805160522461,2026300
2007-01-25,38.88069569739366,38.976477388249904,38.02549830066959,38.12812042236328,2515500
2007-01-26,38.210220677065074,38.210220677065074,37.72446915621615,37.87498474121094,1841500
2007-01-29,37.62184451881424,38.237585070257495,37.39607115638634,37.81340789794922,3074000
2007-01-30,38.02549312000955,38.196532576051645,37.61499685959553,37.833927154541016,2177500
2007-01-31,37.96391776921537,38.66859947360956,37.64920319524799,38.42230224609375,3101100
2007-02-01,38.48387302720145,38.91489313586541,38.374407892762704,38.579654693603516,2176800
2007-02-02,38.66175432962996,38.805429444430374,38.17600294061099,38.31967544555664,2224400
2007-02-05,38.31283612736216,38.79174710092516,38.21705445462053,38.45650863647461,3316100
2007-02-06,38.67544144045864,39.02436339659203,38.59334323130874,38.70280838012695,1675400
2007-02-07,38.73702688763472,39.304879304676106,38.73702688763472,39.0859489440918,2986700
2007-02-08,38.34020837038949,39.05857362520691,38.09391111505661,38.73701858520508,5392400
2007-02-09,38.84649355547617,38.914910926938525,38.21022635508351,38.29916763305664,2510300
2007-02-12,38.868338490890025,38.882053814781095,38.15515734413797,38.26487731933594,2442500
2007-02-13,38.498028335593716,38.827188224781274,38.33344969896507,38.71746826171875,2285000
2007-02-14,38.75174169760377,39.1906240121869,38.63516542211795,39.122047424316406,2246200
2007-02-15,39.01233532184309,39.7049446105957,38.9231870477014,39.7049446105957,3241400
2007-02-16,39.58151675161233,39.84210003875084,39.47865313789477,39.636375427246094,3756100
2007-02-20,39.75294566235716,40.253543066617745,39.49921616830731,39.96552658081055,3534800
2007-02-21,39.8352359497041,39.96552756797215,39.65008305052538,39.89695358276367,1882000
2007-02-22,39.999847464705695,39.999847464705695,39.464960034525134,39.83526611328125,2099300
2007-02-23,39.84209315135879,39.903810785734294,39.27292173738904,39.410072326660156,3148000
2007-02-26,39.71866372794561,39.82152733901971,39.06720291091062,39.36207580566406,2731500
2007-02-27,39.04663145049742,39.170066746364796,37.963147050687716,37.990577697753906,4827000
2007-02-28,38.26486242209076,38.57345054967406,37.750549748095104,38.32658004760742,5102600
2007-03-01,37.78483563417675,38.66945403546457,37.55853942450397,38.40201187133789,4399200
2007-03-02,38.05914559813358,38.90947720935336,38.05914559813358,38.23058319091797,4694300
2007-03-05,37.90829369702431,38.49118329758879,37.87400668897488,37.88772201538086,3807700
2007-03-06,38.20315156010965,38.46373742686218,37.825989388925464,38.21001052856445,3297300
2007-03-07,38.39515687352063,38.765460012939734,38.2100039958463,38.48430252075195,3136200
2007-03-08,38.045436775815915,38.71747194041782,37.064813368302275,37.20882034301758,12785200
2007-03-09,37.332242037772765,37.39395966386762,36.68763775539394,37.263668060302734,7836100
2007-03-12,37.153962832779264,37.28425448791516,36.536786327544824,36.7905158996582,6271200
2007-03-13,36.50934507348886,36.975652844656395,36.049891037997675,36.31733322143555,6579200
2007-03-14,36.221329144128255,36.4476279894493,35.32985431404983,36.0224609375,7118000
2007-03-15,35.9333262468482,36.673935405963476,35.9333262468482,36.475067138671875,3777100
2007-03-16,36.35848533042432,36.721932193416315,36.18704773604242,36.3310546875,5569600
2007-03-19,36.413353990514665,36.83852122469803,36.31049297522319,36.509361267089844,3162600
2007-03-20,36.605343606888354,36.605343606888354,36.14588964776914,36.46819305419922,5226000
2007-03-21,36.447626218319265,37.40767498254754,36.40648026227951,37.263668060302734,4189800
2007-03-22,37.380260664230725,37.483124291272354,37.009957361928414,37.19511032104492,3585800
2007-03-23,37.160798462456796,37.72997232385069,37.092224496087745,37.414527893066406,2715500
2007-03-26,37.33225037684408,37.393968016725076,36.8179375831458,37.38711166381836,2799900
2007-03-27,37.21566785878782,37.28424184013821,36.90022335908851,37.11966323852539,2840100
2007-03-28,36.86592913726173,37.22937851752197,36.46133641971385,36.831642150878906,3600700
2007-03-29,37.126539369062606,37.16768534935075,36.50936536032702,36.82481002807617,3497900
2007-03-30,36.735653936555394,36.9756655642739,36.36534804013493,36.920806884765625,4306400
2007-04-02,36.584763370420994,37.04421725477614,36.584763370420994,36.96878433227539,4549000
2007-04-03,37.023658219859975,37.71626484139286,36.920794633011575,37.407676696777344,4584600
2007-04-04,37.51055659955045,37.51055659955045,37.09224833444608,37.33911895751953,3444900
2007-04-05,37.37339393289372,37.79855841581671,37.21567166690503,37.63397979736328,2787300
2007-04-09,37.71626974655574,37.77798738350549,37.39396624071484,37.59283447265625,2301500
2007-04-10,37.585974584806316,37.77112747824041,37.2636711092807,37.489967346191406,2451300
2007-04-11,37.44884211814031,37.56541846895616,36.92081382201498,37.05110549926758,3796900
2007-04-12,37.49683380126953,37.743704375142414,36.85908569074135,37.49683380126953,3707700
2007-04-13,37.55854014203464,37.55854014203464,36.9002205537723,37.14023208618164,2628100
2007-04-16,37.25680726861853,37.345952905519184,37.030508461264766,37.3048095703125,2831900
2007-04-17,37.99056049369617,38.42258121766054,37.832835652456644,38.127708435058594,5958500
2007-04-18,37.86714636128002,38.19630631269987,37.57912976883093,37.72999572753906,3553500
2007-04-19,37.53798459527842,38.011151512084595,37.51741030085684,37.93571853637695,3287000
2007-04-20,38.312877759809425,38.45002837604104,37.61341197136555,37.79856491088867,6148600
2007-04-23,37.78484309495726,37.93570900848121,37.44196792126099,37.63397979736328,2766300
2007-04-24,37.42826425697878,37.4419769652205,37.05109938206623,37.20196533203125,3950200
2007-04-25,37.36353775686498,37.48730382568716,37.08162673853456,37.315406799316406,3557000
2007-04-26,37.17102060350265,37.37729654761171,37.102260206839006,37.15726852416992,2697600
2007-04-27,37.136625988731716,37.52167620534676,36.895971242684816,37.446041107177734,4273700
2007-04-30,37.377294110914605,37.59732212001235,36.82722408817025,36.83409881591797,4180100
2007-05-01,36.84096963983716,37.0678723364844,36.51780241119077,36.75845718383789,3904700
2007-05-02,36.730950317427634,37.322276427022004,36.64156576444438,36.68281936645508,2764800
2007-05-03,36.882230993048125,37.012874431022155,36.44217496036706,36.53843688964844,3975900
2007-05-04,36.72409016816475,37.136642089665116,36.6415803084529,36.985374450683594,4429600
2007-05-07,37.09538148219562,37.391044598643866,36.97849013193111,37.18476867675781,2470400
2007-05-08,37.39790128729669,37.56979824311102,37.32914355414671,37.549171447753906,4442400
2007-05-09,37.52857436431234,37.9204995240267,37.4391871420967,37.77610397338867,5123000
2007-05-10,38.13363539062173,38.649326465542316,37.54918655488791,37.78296661376953,5204900
2007-05-11,37.507934017789765,38.168018029176444,37.45292832831123,37.796722412109375,3267000
2007-05-14,37.82421935297921,38.08550355936558,37.50105473704542,37.61106872558594,4045400
2007-05-15,37.714202959795664,37.94110827209704,37.17788512772363,37.274147033691406,3569000
2007-05-16,37.38415094923922,37.693566008637646,37.164123045431346,37.68669128417969,3004300
2007-05-17,37.700453531233805,38.40866837382598,37.63857050265214,38.21614456176758,3636700
2007-05-18,38.44993060593717,38.78684997558594,38.27115882932858,38.78684997558594,3785500
2007-05-21,38.78684243864891,38.84185074257224,38.13363325573098,38.34678649902344,3520400
2007-05-22,38.22301842835034,38.5736871671322,38.119879175387354,38.470550537109375,6028700
2007-05-23,38.773095081159006,39.09626234868567,38.47743196894112,38.5186882019043,4089900
2007-05-24,38.5737054076289,39.068769859250004,38.49807289235692,38.71122360229492,4901000
2007-05-25,38.83497776358937,38.98624799346215,38.58057088666383,38.779972076416016,3398800
2007-05-29,38.71120911544934,39.178769228574545,38.66307815876943,38.89685821533203,3269000
2007-05-30,38.71807905074329,38.90372811507432,38.44304281700696,38.869346618652344,3146600
2007-05-31,38.58744848626239,39.50194203792386,38.48431183153251,38.82810592651367,7044100
2007-06-01,38.87623511336551,39.12376727011047,38.15426807148649,38.70433807373047,4948900
2007-06-04,38.47744172332763,38.979380881726364,38.44306283194659,38.58745574951172,2748900
2007-06-05,38.388050455190566,38.43618141934299,37.92049026947492,38.126766204833984,2962100
2007-06-06,38.023610893480324,38.525549752962455,37.71419580943252,38.38115692138672,4982300
2007-06-07,38.51870052323592,38.71122442610057,37.996131896972656,37.996131896972656,6938000
2007-06-08,37.920486709666804,38.669957882035646,37.920486709666804,38.511810302734375,3979500
2007-06-11,38.31241998813497,38.443060817714475,38.037383625614694,38.298667907714844,3112100
2007-06-12,37.94111261179922,38.3192855526167,37.89298165331011,37.92736053466797,2497100
2007-06-13,37.920473033609,38.48429489135742,37.892968888611605,38.48429489135742,2841000
2007-06-14,38.374286282664684,38.573684804337574,38.22989081277328,38.33990478515625,2303100
2007-06-15,38.649339546886935,38.80060981940387,38.518698707948616,38.566829681396484,3866000
2007-06-18,38.4430417544367,38.80746252456577,38.4430417544367,38.50492477416992,2356700
2007-06-19,38.31241284667758,38.7868477295019,38.305535496278885,38.731842041015625,3411400
2007-06-20,38.786850260920986,39.06876131803125,38.43618143298024,38.7455940246582,3718800
2007-06-21,38.6355702381343,39.35066241470683,38.436171704021326,39.323158264160156,4933300
2007-06-22,39.11689386016503,39.59133141603279,38.986253041140785,39.309417724609375,4497100
2007-06-25,39.330047607421875,39.44693634848157,38.99312821782806,39.330047607421875,4001100
2007-06-26,39.36442527758193,39.52944760314526,39.23378446109409,39.41943359375,5055800
2007-06-27,39.28879260503995,40.210160974800296,39.24066163686106,40.14140319824219,4680200
2007-06-28,40.1757725700412,40.38204847379577,39.82510117301203,40.03137969970703,3731800
2007-06-29,40.26515597565312,40.62957679216334,40.072629543679646,40.23765182495117,5020500
2007-07-02,40.91148265664508,41.46842983538885,40.863351710413625,41.42717361450195,4434900
2007-07-03,41.20028229337056,41.44781445668023,40.93900067471324,41.310298919677734,2887400
2007-07-05,41.26217157111184,41.39281502312843,40.98713783259387,41.337806701660156,3085100
2007-07-06,41.4409303782001,42.403552034713535,41.365295276150725,42.24540710449219,4270300
2007-07-09,42.37605973503241,42.37605973503241,41.922251646855734,42.19041061401367,4354300
2007-07-10,41.94288021818732,41.94288021818732,41.20028370285372,41.605960845947266,4773300
2007-07-11,41.49596041974309,41.84663198551088,41.42032789622734,41.750370025634766,3568400
2007-07-12,41.77098855770032,42.52733462644106,41.5440831633134,42.45170211791992,5231000
2007-07-13,42.458576569751266,43.366192895496084,42.121657156237276,43.3043098449707,4582700
2007-07-16,43.04301577262147,43.19428600015407,42.396683876424966,42.52732467651367,3022900
2007-07-17,42.48606857802441,42.953628687600585,42.396681392180035,42.7198486328125,3739000
2007-07-18,42.699218697926895,43.12552519583532,42.637335665839565,42.919246673583984,3953900
2007-07-19,43.13929234678153,43.14616707588671,42.52733653876919,42.754241943359375,3089100
2007-07-20,42.7542377100844,42.76798978987439,41.92913128327203,42.11478042602539,3686600
2007-07-23,42.38293256004646,42.44481559760806,41.784731612244755,41.87411880493164,2602300
2007-07-24,41.86723500238348,42.657962291260034,41.22090319419112,41.358421325683594,5152500
2007-07-25,41.768534350608896,41.78231966130468,41.01725200800325,41.56175994873047,3540300
2007-07-26,41.0792821314553,41.37565972046812,40.210828643861724,40.7001953125,6301800
2007-07-27,40.8311451922187,41.23090857078216,40.300422714193324,40.369346618652344,5130500
2007-07-30,40.36935348450436,41.058603163432934,40.32799755722825,40.9965705871582,6304900
2007-07-31,41.09307501533379,42.08559647469471,41.09307501533379,41.217140197753906,5861600
2007-08-01,41.35499292929479,42.12695206110999,40.66574304713988,41.43770217895508,6664200
2007-08-02,41.437703009171024,42.02356699830843,41.32053178891135,41.933963775634766,4209100
2007-08-03,41.865015621389155,42.57494176221379,41.63756202523476,41.69270324707031,6106100
2007-08-06,42.058010760255115,43.39515403303307,41.72717126892692,43.37447738647461,4649600
2007-08-07,43.07810911159912,44.67716831147935,43.07121777102408,44.38079071044922,7913400
2007-08-08,44.80122636502737,44.88393821447424,44.05683549567775,44.766761779785156,6706800
2007-08-09,44.44971336752972,45.19410433383424,43.58815383911133,43.58815383911133,6793100
2007-08-10,43.422738357966125,44.13955879680722,43.07811345036322,43.59505081176758,5193700
2007-08-13,43.42273366966228,43.78803519091076,42.5336008730184,42.58184814453125,4150900
2007-08-14,42.40264416677669,42.56806263138142,41.851244902629084,41.9063835144043,4331100
2007-08-15,41.97530830636033,41.97530830636033,40.17636614619075,40.31421661376953,6955600
2007-08-16,40.11433059113841,41.04481657702366,39.4526515509854,40.824256896972656,6470600
2007-08-17,41.14820195520719,41.727171728731015,39.8386266536504,40.23149871826172,9738600
2007-08-20,40.24529601151649,40.86562189263363,39.51469289517782,39.92824172973633,5438500
2007-08-21,40.11433921883475,41.665151281707644,39.99027404346257,41.547977447509766,5421600
2007-08-22,41.80300190338683,42.485357740852855,41.63758079259786,42.22344207763672,3367700
2007-08-23,42.41642949127816,42.54738599490746,41.74785640430528,41.94084548950195,3881400
2007-08-24,42.07180478120484,42.526709504656175,41.81678048419915,42.51292419433594,2274000
2007-08-27,42.51292427242557,42.650774746602025,42.051125578326314,42.064910888671875,2294700
2007-08-28,41.947726427919775,42.06489758488083,40.5485507363495,40.66572189331055,4337100
2007-08-29,40.975902767692006,42.27858452088569,40.82426696428383,42.25790786743164,3218600
2007-08-30,41.844341782873805,42.38195824847785,41.74784726140805,42.05801010131836,2108000
2007-08-31,42.31995129446887,42.86445679933941,42.25102471650544,42.561187744140625,2462900
2007-09-04,42.70591992767096,42.85755573551738,42.31994169574118,42.464683532714844,2382100
2007-09-05,40.14189341224526,40.98967001077885,39.89376316305918,40.66572189331055,13475000
2007-09-06,41.00346115596378,41.08617037437813,38.66001139023524,40.176361083984375,6376100
2007-09-07,39.83864613198736,39.85243144634449,39.05290161859011,39.28724670410156,6050700
2007-09-10,39.34926347608787,39.962695257191946,38.94260606860737,39.45265197753906,4859800
2007-09-11,39.714563753183015,40.58991111662277,39.64563984049086,40.38313674926758,4301600
2007-09-12,40.21772786812286,40.72088257454487,40.01784740901879,40.30733108520508,2841400
2007-09-13,40.59681060949119,41.56175866487605,40.36246559346018,41.32052230834961,4344300
2007-09-14,41.120648652946336,41.54798285188099,40.789809018679534,41.327423095703125,3167200
2007-09-17,41.07238366154985,41.52728829118673,40.727758862452866,41.017242431640625,2825700
2007-09-18,41.29985255025498,43.1056891727798,41.29985255025498,42.60942840576172,5150100
2007-09-19,42.62320611189026,43.24353195994812,42.38886108365499,42.6783447265625,3882500
2007-09-20,42.409534153595814,42.595631892295394,41.802996297033125,42.147621154785156,4020100
2007-09-21,42.230317321750086,42.37505908620741,41.55485312500442,41.85123062133789,5831700
2007-09-24,41.789194424428224,41.89258026321036,41.16197753708261,41.527278900146484,3798200
2007-09-25,40.56234630017349,41.08617757694417,40.0936562648646,40.927650451660156,5152900
2007-09-26,41.08615930895759,41.9752917126042,41.01034145029778,41.83054733276367,4334600
2007-09-27,41.851247163279,42.24411932453562,41.83746185227079,42.12694549560547,2786800
2007-09-28,42.27857109481129,42.74726103898069,42.188967909499276,42.29924774169922,4080200
2007-10-01,42.402644561643605,42.87133459785343,42.19587016432259,42.6025276184082,3953200
2007-10-02,42.67834346140924,42.733484703726106,42.154514805794776,42.4715690612793,3905000
2007-10-03,42.2854725658856,43.40205909238975,42.2854725658856,42.6783447265625,3019100
2007-10-04,42.871323396388036,43.202162871515384,42.6990110054293,42.79550552368164,2375700
2007-10-05,43.160831236788724,44.11199690627873,43.09879863596807,43.60884475708008,3691600
2007-10-08,43.83628765914328,44.27740712485711,43.68465448610378,43.912105560302734,2658200
2007-10-09,43.932783570255204,44.07752539775983,43.20906917417342,43.63640594482422,3992600
2007-10-10,47.08954414604101,48.21301937972966,46.331370449625915,47.64783477783203,27403800
2007-10-11,47.50999373846915,48.62658042069256,47.420393148471156,47.72365951538086,7133500
2007-10-12,46.97925523837672,47.20670360976809,46.55881256188663,46.86897277832031,6862500
2007-10-15,46.731122010756,46.80004591466018,45.39397618907643,45.88334274291992,5391600
2007-10-16,45.800629866714985,45.84887712421184,45.07002703646071,45.45600509643555,4375400
2007-10-17,45.92470246499895,46.1452621435143,45.3319473430094,45.84888458251953,4546300
2007-10-18,45.77306353346242,46.13836494077517,45.28369174260419,45.855770111083984,2731500
2007-10-19,45.78688444095222,46.09704488312131,45.0287103812137,45.283729553222656,5402900
2007-10-22,45.03556246524578,46.52434399726548,44.96663856288709,46.21418380737305,4508900
2007-10-23,46.21419993468827,46.352047787510244,45.19410794470668,45.62144470214844,3497300
2007-10-24,45.297501793582015,45.442243633643855,44.318768251130095,44.96665954589844,4713600
2007-10-25,45.214783778057594,45.814432969948065,44.11887916985873,44.67716979980469,6781800
2007-10-26,45.001100756440835,45.53871452830237,44.56687546191184,45.16651916503906,2850600
2007-10-29,45.00801452202809,47.58580732904331,45.00801452202809,46.17973709106445,3375700
2007-10-30,46.17283672365818,46.59327946856424,46.007418265213204,46.283119201660156,2503800
2007-10-31,46.35204996867593,46.6139630047858,45.33885190122543,46.358943939208984,3819100
2007-11-01,45.97295169321813,46.21419328880233,44.64269959640629,44.704734802246094,4383400
2007-11-02,45.04934541659058,45.58695915748609,43.52610473120127,45.20098114013672,6153900
2007-11-05,44.8908405022802,45.69037284641952,44.808133886375444,45.43534851074219,3731900
2007-11-06,45.3526426006665,46.448547346932244,45.3526426006665,46.37962341308594,4472400
2007-11-07,46.07635250261136,46.31070019156429,45.42156723316132,45.59387969970703,3690100
2007-11-08,46.221080421599325,46.86897678340243,44.752980541905835,45.89024353027344,5856300
2007-11-09,45.897143134691554,45.97985500643403,44.80123844153756,45.001121520996094,4290500
2007-11-12,44.918414068791364,46.31070179137051,44.918414068791364,45.30439758300781,4463400
2007-11-13,45.662790103155835,46.52435218057387,45.30438259271528,46.46232223510742,5841700
2007-11-14,46.86898760725733,46.93101756674695,45.449134665423344,45.53184127807617,4518900
2007-11-15,45.4491311140325,46.39339992509248,45.29060135457076,45.72482681274414,4668800
2007-11-16,45.897142103736144,46.22798432471575,45.400886660104796,46.04188919067383,4407400
2007-11-19,45.93847708415048,46.23485455921813,45.5524938147365,45.807518005371094,4476700
2007-11-20,46.00741726541251,46.70356093163743,44.83569488417347,45.717933654785156,5156000
2007-11-21,45.83508902557724,46.36580879526663,45.449111011257685,45.53871154785156,3721500
2007-11-23,45.717930631656436,46.489886875616605,45.68346604566928,46.15904998779297,2076300
2007-11-26,46.441659845830024,46.441659845830024,45.049377257361236,45.06315994262695,3648800
2007-11-27,45.06313306865925,46.35203160258476,45.06313306865925,45.45600509643555,3905800
2007-11-28,46.150227434580124,46.59922787386059,45.52854019419277,46.267662048339844,5521500
2007-11-29,46.25385282042684,46.66831281884272,45.93609997930317,46.343650817871094,3399300
2007-11-30,46.97226035976104,47.200215241047786,46.31603235985206,46.55780029296875,4936000
2007-12-03,46.55780034876037,46.91009377752153,46.08807753379405,46.240047454833984,3641000
2007-12-04,46.11571453892513,47.95315632733364,46.04663873096625,47.78046417236328,5067400
2007-12-05,48.319238274277616,48.96165297479847,47.61465695925974,48.11201095581055,6381400
2007-12-06,47.697557190389055,49.17580105373318,47.663016664458524,48.9271240234375,6545800
2007-12-07,49.08599107587913,50.205037559043674,49.04454666655054,49.61788558959961,5401000
2007-12-10,50.04618247189118,50.12216743875883,48.906418509168645,49.217262268066406,4611200
2007-12-11,49.127462123471275,49.88730648913895,48.25018309672138,48.326168060302734,4818800
2007-12-12,49.24489074044424,49.293244328313705,47.94624775898878,48.48504638671875,6842800
2007-12-13,45.25915560481394,48.2432756966682,44.96903406244594,47.345279693603516,17559600
2007-12-14,47.14493942434328,47.732091462046185,46.69593894722545,47.31072235107422,7735300
2007-12-17,47.24166491454612,47.66303418913423,47.02752833144754,47.08969497680664,2972100
2007-12-18,47.42127228899268,47.580146138643265,46.62688723029894,47.28311538696289,3273600
2007-12-19,47.43506318737425,47.43506318737425,46.70285039414462,47.248558044433594,2743900
2007-12-20,47.67683795224595,47.72519153481854,46.972256424738774,47.587039947509766,3112100
2007-12-21,48.04293222713815,48.40903854370117,47.90477541984991,48.40903854370117,5863700
2007-12-24,48.6231979183805,49.04456715640636,48.40906135386257,48.8787841796875,1093500
2007-12-26,49.03764184922814,49.03764184922814,48.04293904628277,48.76133346557617,2083200
2007-12-27,48.78207324181026,48.975487578089634,48.181102751103296,48.25708770751953,2093200
2007-12-28,48.45741804606607,48.851155934839134,48.222553983034224,48.50577163696289,1910800
2007-12-31,48.50576404130435,48.66463784216707,48.16728895802935,48.188011169433594,1862200
2008-01-02,48.098201721257595,48.118929200147434,47.048236073725505,47.0689582824707,3736000
2008-01-03,47.33143980600945,47.58011680621047,46.21930773362739,46.3643684387207,3501000
2008-01-04,46.21239055128691,46.21239055128691,45.16242000604832,45.34893035888672,4936000
2008-01-07,45.34895324092357,46.03281258272422,44.76180106785654,45.576908111572266,3973500
2008-01-08,45.5976303750633,46.1916917094685,44.83778607551922,44.87923049926758,5856600
2008-01-09,45.08646509209645,46.523265073260625,44.83088407795076,46.46800231933594,8802400
2008-01-10,45.956827343599706,48.664638591801726,45.77722605842083,48.25708770751953,10950500
2008-01-11,47.92550160201373,48.00148653479444,45.59070670152093,45.88773727416992,8229300
2008-01-14,46.26765850186197,46.26765850186197,43.946674185476276,44.69961166381836,10121500
2008-01-15,44.25062601251301,44.63055077487059,44.00885810471507,44.19536590576172,6862100
2008-01-16,44.20916824719715,44.96901227241714,44.022660502445675,44.27824401855469,9600600
2008-01-17,44.27135394932308,45.286784563557795,44.26445005831098,44.416419982910156,7161200
2008-01-18,44.015766111825656,45.473287950837616,43.967412531532865,44.575286865234375,7358100
2008-01-22,43.33191069256702,46.143341106722765,43.090142754836705,45.68743133544922,9818400
2008-01-23,45.11408537938924,47.66302262352869,44.70653452720547,47.39362335205078,10043800
2008-01-24,47.23475130859858,47.248569630809094,45.65979986592924,46.385108947753906,6217400
2008-01-25,46.48180845453991,46.95844035940305,45.17625653874904,45.21770095825195,5562900
2008-01-28,45.16243071608709,45.846295145145774,44.899940652600655,45.839385986328125,5407900
2008-01-29,45.93609772833292,46.143330352458406,45.11408166148491,46.0604362487793,5705200
2008-01-30,45.963732169899856,46.695945022523695,45.35585784603714,45.749595642089844,5766000
2008-01-31,45.3351377271756,48.06367664298073,45.1210011645963,46.930816650390625,7975200
2008-02-01,47.048236076037256,47.26237259327431,46.260760522813335,46.82719039916992,6057300
2008-02-04,46.965334221688984,47.131122404593135,45.94990399951211,46.267662048339844,4288100
2008-02-05,45.5354577154984,46.19169094480826,44.50621413833727,44.81015396118164,6934300
2008-02-06,45.07955094258293,45.30750052789618,43.995042041713376,44.00885772705078,7394000
2008-02-07,44.43021855427628,45.16934045290208,43.73254370387072,44.72724914550781,8453100
2008-02-08,44.63055237644185,45.314411703080715,43.48387679317399,43.684200286865234,7423400
2008-02-11,43.70491829366097,44.38187102973461,43.504594819241674,44.20917892456055,4825100
2008-02-12,44.50620654226712,45.272959858926356,44.21608509005672,44.492393493652344,4451900
2008-02-13,45.13279951280744,45.58973259316038,44.758942293226355,45.47203826904297,4922500
2008-02-14,45.513575880954406,45.6866576323992,44.12199976138611,44.315853118896484,4277400
2008-02-15,44.03202218221299,44.29510733727511,43.692783230571884,44.25356674194336,4250900
2008-02-19,44.7727960619381,44.82818350229392,43.25660053594765,43.49891662597656,3887200
2008-02-20,43.270429282269646,45.00124645356043,43.25658242797723,44.69662094116211,4911500
2008-02-21,44.92510801359556,45.69359156705906,44.682794569268545,44.98049545288086,6183500
2008-02-22,45.21588774442283,45.76282686629966,44.87664889537322,45.70743942260742,4368600
2008-02-25,45.707430840812506,46.03975015853401,45.18818553827265,45.43742370605469,5986000
2008-02-26,45.423573749873185,46.510526901248014,45.30587943052254,46.01205062866211,6913800
2008-02-27,44.89739712654541,45.001247214986975,43.554283929664386,44.64815902709961,10423700
2008-02-28,44.440476040311225,44.75202110708116,43.31198218366463,43.68583679199219,5432600
2008-02-29,43.498924476943756,43.7897006682374,42.67505331957377,42.86890411376953,5399100
2008-03-03,42.86196764902938,43.75507017923174,42.709654852586716,43.27736282348633,6205000
2008-03-04,42.98656597132077,43.595814221866824,42.66809631529184,43.19426345825195,6800800
2008-03-05,42.69581002802898,43.325830210221845,41.73347580325855,42.1142578125,13979800
2008-03-06,42.48118168764706,42.52271961401739,41.53961662165993,41.56731033325195,6139700
2008-03-07,41.53962448828176,42.42580229890595,41.498083913026925,41.74732208251953,5712600
2008-03-10,41.86501266847121,42.2596388295944,41.51884918390576,41.71269989013672,4895700
2008-03-11,42.28733034052513,43.360436558603475,42.135017570120766,43.353511810302734,5926300
2008-03-12,43.35352657831822,44.12201015838297,43.19429164638872,43.33967971801758,6355100
2008-03-13,42.81350655190865,43.3950614022917,42.4950367302989,43.04197311401367,7257300
2008-03-14,43.32584017263652,43.51276620431392,41.60194417400595,42.13503646850586,6801500
2008-03-17,41.8165578535582,42.155796653240344,41.304234638035126,41.78886413574219,5413000
2008-03-18,42.38427092099928,42.751203482279934,41.54655302372702,42.69581604003906,5704600
2008-03-19,42.46041239655376,43.415821669940875,42.14886474609375,42.14886474609375,5412400
2008-03-20,42.176550575504635,44.170452649664405,42.14885950858511,43.90736770629883,5915700
2008-03-24,43.94892254069724,45.43050470425816,43.94892254069724,45.3474235534668,6447700
2008-03-25,45.61740513803917,46.46896929002189,45.139698032143976,46.10203170776367,7618000
2008-03-26,46.039752098512864,46.3374529624614,45.5966631775713,46.122833251953125,5810600
2008-03-27,46.45514607832027,47.043623040758256,45.11895460071952,45.18126678466797,5307400
2008-03-28,44.98741391610527,45.04279606561373,44.488937596275775,44.565093994140625,3116000
2008-03-31,44.94587698281832,45.27127158607328,44.128933381507885,44.98049545288086,4127800
2008-04-01,45.125867478630475,46.29590162794613,45.07740480699205,46.032814025878906,5742800
2008-04-02,45.65204140456077,46.33744361556908,45.513572843424654,45.866661071777344,3978400
2008-04-03,45.78358030955395,46.42052513191852,45.707423920815096,46.29590606689453,3128500
2008-04-04,45.99820748620344,46.36513995040725,45.832045203441254,46.005126953125,3712800
2008-04-07,46.03973890210831,46.482827696046996,45.63818803196541,45.901275634765625,2927000
2008-04-08,45.67281104817839,46.4759075865819,45.67281104817839,46.33744430541992,3068300
2008-04-09,46.399757787307266,46.66284545373016,45.27819131731108,45.71435546875,2997900
2008-04-10,45.81126788880817,46.57975113989915,45.64511091836642,46.05358123779297,4891500
2008-04-11,46.0189881317903,46.039757101898296,45.35435467814871,45.48589324951172,4058500
2008-04-14,45.589737533460536,45.68666290288822,45.06356746939845,45.22280502319336,2593600
2008-04-15,45.25049102559148,45.60357925804285,44.98048393078619,45.49972915649414,2661400
2008-04-16,45.58973267896334,46.67668587640675,45.36126349733892,46.552066802978516,4909600
2008-04-17,46.68360793919331,47.48670448015718,46.48283248344343,47.41747283935547,4911100
2008-04-18,47.90902647285547,48.37980904596141,47.7359447221847,48.06826400756836,4981000
2008-04-21,47.79132659830634,48.0267204985322,47.25131244407117,47.84671401977539,2802100
2008-04-22,47.528251222655825,47.909027916383046,46.63514872844063,47.13362503051758,3396500
2008-04-23,47.230530794281414,48.34517726225809,46.91898059373424,48.18593978881836,4142900
2008-04-24,47.94366085549175,49.04445861990044,47.7082721317959,48.61521911621094,5546800
2008-04-25,48.72597749718232,49.63292955461522,48.46289511097015,49.52907943725586,4626700
2008-04-28,49.30061138404048,49.61908121120195,48.940603621782095,49.03752899169922,3575400
2008-04-29,48.919823779737655,49.43906898117086,48.64981141551988,49.15521240234375,3183100
2008-04-30,49.14830917391289,50.01371822189295,48.746763389998755,49.32831573486328,5117300
2008-05-01,49.00290206108023,50.491406102064104,48.63596961233351,49.84754180908203,4656400
2008-05-02,50.19371142867235,50.401411657743424,49.14137663040165,49.94447326660156,4448700
2008-05-05,50.03447735604445,50.470646810970024,49.75062599077796,50.1452522277832,3415700
2008-05-06,49.778308803177566,50.512173680542034,49.501376966538096,50.29755401611328,3538500
2008-05-07,50.42216104359062,51.28756952525859,49.79214113355993,49.902915954589844,3670800
2008-05-08,50.12447769813618,50.12447769813618,49.085987159978814,49.29368209838867,4701100
2008-05-09,48.91289617177917,49.81984271367428,48.80904608115693,49.459835052490234,2782500
2008-05-12,49.63293630971667,51.16990346611631,49.52216142758039,51.01066589355469,3528800
2008-05-13,51.22527273834933,51.28758491438432,50.415251424144905,51.218353271484375,3768000
2008-05-14,51.66936380229045,52.19667448073439,51.329389618452055,51.495906829833984,4171000
2008-05-15,51.44731146387964,51.669336057665014,51.03795047608182,51.65545654296875,3612500
2008-05-16,51.59301331389687,51.59301331389687,50.094343373303005,50.83673858642578,5690300
2008-05-19,50.93388796315342,51.16978681233086,49.865392796532014,50.03190994262695,3963400
2008-05-20,49.9070123034588,50.024961708062214,49.26175251650328,49.532344818115234,3740500
2008-05-21,49.879256325165585,49.92782403625842,47.804713674938036,48.14468765258789,6635200
2008-05-22,48.17244209933516,49.26869078706059,48.08224643268063,49.09523391723633,6521100
2008-05-23,48.928730845842274,49.712759595098554,48.24878261178988,49.483795166015625,6182100
2008-05-27,49.62946631984355,50.81591037713552,49.51151694833387,50.36492156982422,6240100
2008-05-28,50.691047849961784,51.627719438763414,50.455148983157095,50.81593704223633,6563400
2008-05-29,51.22526538933622,51.863585167111225,49.03276881330689,50.63551330566406,8817500
2008-05-30,50.3025121268542,50.62861201794461,49.247896270707635,49.483795166015625,5908600
2008-06-02,49.57396981005871,49.58090956682154,48.44997271471844,48.7968864440918,7114900
2008-06-03,48.87321614057202,49.310325607737,48.332031478324616,48.59568405151367,5971100
2008-06-04,48.36673058608397,49.28258298103109,48.061444689939755,49.129940032958984,4615800
2008-06-05,49.62949271020036,51.0449018014035,49.59480450256628,50.996334075927734,6103400
2008-06-06,50.61473743240375,50.61473743240375,49.26177529863843,49.39360427856445,6308400
2008-06-09,49.41440500762471,50.28168955130393,49.19932013470739,49.490726470947266,5510500
2008-06-10,49.178510427360074,49.27564589167215,48.415300939128386,48.88710403442383,6616800
2008-06-11,48.72057115830033,48.900967802551484,47.700643818069246,47.783905029296875,5864900
2008-06-12,48.123880917174425,48.51242266438502,46.58358285718343,47.31903839111328,8404100
2008-06-13,47.596589463385705,48.803848440515985,47.52720773706537,48.789974212646484,6884900
2008-06-16,48.456926936520965,49.31727714748649,48.144706570169106,48.85934829711914,3972700
2008-06-17,48.99117407812025,49.15075148397908,48.35285386771448,48.519371032714844,3639300
2008-06-18,48.26265098110256,48.41529391530145,47.63127055467127,47.84635543823242,5099700
2008-06-19,47.67289213442054,49.05360752914176,47.67289213442054,48.73444747924805,4711700
2008-06-20,48.56099420759955,48.644255428624426,47.305167894678064,47.68677520751953,5460000
2008-06-23,47.922663141907826,48.42221976727298,47.31209687395237,47.48555374145508,5222800
2008-06-24,47.194143060288525,48.65118500924455,47.076193658625186,48.05449295043945,5187400
2008-06-25,48.151615974125214,49.906998206938006,48.151615974125214,49.18541717529297,7661200
2008-06-26,48.332038992425154,48.658133557270446,47.83248221315175,47.89492416381836,6761200
2008-06-27,48.33202987486601,49.192374558268284,48.00593007805243,48.74832534790039,9101900
2008-06-30,48.567941749452594,49.94865746843965,48.47774604900127,48.665077209472656,7608100
2008-07-01,48.165519794578536,50.46902764875456,48.01981660635034,50.33720397949219,8572400
2008-07-02,50.40657347876774,51.30161166968979,49.98333824212668,50.045780181884766,5225700
2008-07-03,50.378825940406415,50.71186024706612,49.691938051121525,50.11517333984375,2633400
2008-07-07,50.52452586279122,50.99632884479538,49.83763801766965,50.55921936035156,5202900
2008-07-08,50.46898390548155,51.96071329224291,50.46898390548155,51.8011360168457,5979900
2008-07-09,51.835882508684215,51.84282226995891,50.04580523086859,50.05968475341797,5511400
2008-07-10,49.705807931644905,49.9833400252671,48.581805334543,49.16462326049805,7238200
2008-07-11,48.651177002821214,49.05359285365279,47.72838533193994,48.44996643066406,5146700
2008-07-14,49.03278231203252,49.03972206838106,47.88796601474707,48.26957321166992,5260100
2008-07-15,47.97122721048017,48.78300401831631,46.97905379196386,48.26957321166992,7814400
2008-07-16,48.5748725876684,50.60084794382886,47.82553749643604,50.358009338378906,7751400
2008-07-17,50.64942158936566,51.52364596472783,49.43522312660689,51.43344497680664,6776500
2008-07-18,51.42650717097167,51.44732115345229,49.92783691054841,50.11517333984375,7249400
2008-07-21,50.05274041829101,50.711874755009035,48.20022133874818,48.33205032348633,6269800
2008-07-22,48.470791189029114,49.9902751585889,48.22795261463195,49.95558166503906,7971800
2008-07-23,43.77357047305126,46.25053670914452,43.2323859517029,44.00947189331055,40327700
2008-07-24,43.78052802491729,44.47435574415048,43.4821818939076,43.697269439697266,11113400
2008-07-25,43.92623466246061,43.95398576021404,42.63571465755833,42.850799560546875,8608900
2008-07-28,42.73977822613744,42.98261946921023,41.79617493272273,41.872493743896484,8306800
2008-07-29,41.87249608491104,43.12832503823424,41.85168210313109,42.86466979980469,9240600
2008-07-30,42.88546705797004,43.98865258864437,42.81608273880556,43.71112060546875,12036000
2008-07-31,43.24627805349997,44.23151203145044,43.09363512580642,43.48911666870117,6712500
2008-08-01,43.78746136468969,43.898473677621986,42.85773225135331,43.15607833862305,5735500
2008-08-04,43.142203655791086,43.745832972540526,42.732845234836304,43.37810516357422,4223300
2008-08-05,43.829076513623264,45.098781952886625,43.82213940404294,44.842063903808594,6882800
2008-08-06,44.668189280009244,45.83671264026532,44.57081277553969,45.71151351928711,7900300
2008-08-07,45.32200321738713,46.33054776404203,45.224621415501005,45.781063079833984,8414300
2008-08-08,45.98277465537475,46.78960925953452,45.94799506015719,46.59485626220703,7178500
2008-08-11,46.567037971241774,47.97205096520023,46.16362328501425,46.67137145996094,6363500
2008-08-12,46.455763086620614,47.43648536167672,46.267961704050116,47.14435577392578,5146400
2008-08-13,46.817426242560174,46.94958232054398,45.9271239009484,46.5670280456543,5372200
2008-08-14,46.191436347804995,47.283448649724555,46.08710288066709,46.69918441772461,4225700
2008-08-15,46.92873427139506,47.53385905178969,46.803535126033665,47.2973747253418,4690500
2008-08-18,47.366930506371645,47.63819444764801,46.64355822742707,46.88700485229492,4119600
2008-08-19,46.88002580003221,47.05391313214908,45.73932532587516,46.2262077331543,4898400
2008-08-20,46.114930697448926,46.41401717347191,45.46111251576586,45.864532470703125,3761100
2008-08-21,45.558499836471846,46.17753857002541,45.377655450503326,46.080162048339844,2984300
2008-08-22,46.29577183456914,47.12347741646051,46.28186317983933,46.900901794433594,3510300
2008-08-25,46.914810654641755,46.94263327084465,46.10101903053735,46.219261169433594,3202200
2008-08-26,46.19839807431085,46.41402203508476,45.62804767734239,46.26795196533203,2622000
2008-08-27,46.14969870066762,46.72004896021641,45.815837981557344,46.40009689331055,2851000
2008-08-28,46.50443704868507,47.24867475427614,46.49052308785839,47.16520690917969,3031500
2008-08-29,46.699192290843115,47.053924016268766,46.56703618974657,46.64354705810547,2831800
2008-09-02,47.40168434533896,48.29894355053216,47.318216521616385,47.47819519042969,5241800
2008-09-03,46.60180786387008,47.64513192052388,46.26794183082781,47.52688980102539,5869300
2008-09-04,47.227819871134415,47.979014728149345,46.85222244262695,46.85222244262695,6158900
2008-09-05,46.66440527738795,47.735551957554485,46.191436794150896,47.60340118408203,5903500
2008-09-08,48.2989723994957,49.31447431489001,47.83990705475173,47.94424057006836,8855500
2008-09-09,48.15984700012293,48.535444375543,47.63818486314311,47.73556137084961,6780000
2008-09-10,47.86771043533923,48.86930328911833,47.71468871527621,48.291996002197266,6010400
2008-09-11,47.937273639494514,48.98059796290754,47.58949886502351,48.945823669433594,6455300
2008-09-12,48.78586394250241,48.78586394250241,47.86078140845994,48.375492095947266,5410800
2008-09-15,47.756432820263186,48.688466634371295,47.41560973305494,47.95813751220703,6569400
2008-09-16,47.22781495171873,48.59109141691487,47.19303535197838,47.90945053100586,10797500
2008-09-17,47.26258062686767,47.50602716741576,45.44719622917778,45.46806716918945,11423300
2008-09-18,45.732382660465795,48.79975870623981,44.96727922100671,47.45734786987305,11588600
2008-09-19,49.38399868029591,49.38399868029591,45.968849182128906,45.968849182128906,103300
2008-09-22,46.288821088929694,46.30272974393847,44.68905512522254,44.73774337768555,6314600
2008-09-23,44.94641318062567,45.54458620949475,44.52907921137051,44.626461029052734,4405100
2008-09-24,44.57080822188425,45.3706911182668,44.07001178913618,45.06464767456055,3521300
2008-09-25,45.134220189149566,46.3722978220185,45.04380063737057,45.892372131347656,5293400
2008-09-26,44.87684575957391,46.12883682472191,44.87684575957391,46.10797119140625,4508100
2008-09-29,45.87147133312556,46.254025546761696,43.12405389322143,43.95871353149414,7243100
2008-09-30,44.27869604292097,45.468088106796955,43.81963332375693,45.162044525146484,5082700
2008-10-01,44.515163494769695,45.21071292437547,44.26476527558194,44.995094299316406,3860200
2008-10-02,44.73078712301885,44.82121195521917,42.65805256266365,43.068424224853516,6284800
2008-10-03,44.29956555198428,45.29420462583971,43.325797429572816,43.54141616821289,7767800
2008-10-06,42.233774339696154,43.12407701613086,39.722839753420665,42.05988693237305,9508900
2008-10-07,42.04598988132109,42.720671446301886,39.68111927835455,40.202781677246094,9819200
2008-10-08,37.55967082893851,40.89830770529314,37.10756261874741,39.688053131103516,13645400
2008-10-09,39.931501325010096,40.34883001213864,36.65546343644887,37.83789825439453,7837500
2008-10-10,36.95454272872949,38.943814564503214,35.473021669036875,37.490116119384766,12410400
2008-10-13,39.02033886973007,41.51736251155748,38.77689752506776,41.39912033081055,8433700
2008-10-14,42.49110950121389,42.7901959311884,39.72282343243769,40.627037048339844,7996300
2008-10-15,39.80631092275607,40.27233062384059,36.86413586896967,37.288421630859375,7662600
2008-10-16,37.58053709717731,40.439245849655066,36.48157031189694,40.195804595947266,10619000
2008-10-17,39.47940090538808,41.69124922532827,36.70415901085759,40.327972412109375,8423400
2008-10-20,41.25304766079907,41.25304766079907,38.95077753353557,40.39752197265625,6356700
2008-10-21,39.67414603125452,40.75224727761571,38.651687367856745,38.853397369384766,7081300
2008-10-22,38.13698261562327,38.38042389370637,36.23117570537651,37.24667739868164,6863600
2008-10-23,37.15624262388182,37.33708692915406,34.554889707329224,36.31462860107422,8923400
2008-10-24,33.94977131461229,36.21030714063393,33.84543783054854,35.42433547973633,5103600
2008-10-27,34.79834972587179,37.19799665836325,34.49230882112049,36.099029541015625,7446200
2008-10-28,37.524904643918696,40.24450370521595,36.37029231579711,39.980194091796875,9123600
2008-10-29,39.701961363996254,41.37127834623876,38.143929527259495,39.56285095214844,8166000
2008-10-30,40.334914723083905,40.703555091208194,38.874259251690425,39.62545394897461,6783600
2008-10-31,39.64632402284429,40.64096008340157,38.978597097148906,39.65327835083008,6046800
2008-11-03,39.319416202858015,39.52808319576291,36.711105324657225,37.191036224365234,8809200
2008-11-04,37.79616314805194,38.94382098190426,37.09365926080987,38.31782531738281,8033800
2008-11-05,38.164793093669985,38.630812550127615,37.26057944559,37.35795593261719,5565000
2008-11-06,36.86412769362655,38.17871597364308,36.79457379703848,37.21885681152344,9811700
2008-11-07,37.46924606283733,37.844843381924626,36.78760795781433,37.60835647583008,4063400
2008-11-10,37.99786681855067,38.35955284735109,36.37028101560405,36.86412048339844,5286500
2008-11-11,36.34246901543449,37.05192997298483,35.38956674302874,36.36333465576172,5035500
2008-11-12,35.58190705776882,35.70051213712966,33.88653362621755,34.03304672241211,7948300
2008-11-13,33.93537110139576,34.87026836752678,31.598129266795677,34.8632926940918,11219800
2008-11-14,34.17260380356198,35.35866858675145,33.20282228307239,33.53073501586914,7232700
2008-11-17,33.02837978420941,34.17956011512613,32.965588081405684,33.007450103759766,5252400
2008-11-18,33.014449469258636,33.32142986912571,31.451636773535917,32.62374496459961,7754200
2008-11-19,32.59582989694079,33.23769854071021,31.486511122203723,31.584186553955078,6165600
2008-11-20,31.395817306277785,33.66329300062007,31.291163517340962,31.38884162902832,9610700
2008-11-21,31.54928843672443,32.72837407786544,30.614391263393642,32.588836669921875,10862700
2008-11-24,32.70048324999681,34.86330755617565,32.407456934622125,34.500511169433594,8242600
2008-11-25,35.00283842254721,36.05634375882789,34.50748294833999,35.351680755615234,7454600
2008-11-26,34.64006801567016,36.04938964621984,34.605181629755776,35.89590072631836,4421900
2008-11-28,35.82611553292988,36.05635280803715,35.34471395060078,35.90983963012695,1533300
2008-12-01,35.39353760971211,35.41446729496483,33.40513766704221,33.42606735229492,5559800
2008-12-02,33.83770792575335,35.02377244719465,33.32142007708269,34.954002380371094,6138500
2008-12-03,34.18654723444083,36.433092618655614,33.998172062958005,35.874942779541016,7885400
2008-12-04,35.560978918349576,37.22146607015582,35.24004203375094,36.8028564453125,9864600
2008-12-05,36.39821681761768,38.993605273535884,36.18193622059546,38.77732467651367,8656700
2008-12-08,38.64476363834926,39.258727055094916,37.9959165111939,38.505226135253906,7387300
2008-12-09,38.41451033272471,38.484277719603945,36.60052899785736,37.04704666137695,7886900
2008-12-10,36.87959494673651,37.65402499644747,36.202840279609894,37.45867156982422,7260800
2008-12-11,36.454038980987846,37.305215479674246,35.37262783058963,36.32147979736328,10660400
2008-12-12,35.83309286937515,37.73777211329614,35.83309286937515,37.256370544433594,6796200
2008-12-15,37.179616845787486,37.25636258561505,35.95866866860008,36.79589080810547,4868700
2008-12-16,36.97730028480388,37.28428068753444,36.5028743323842,36.99822998046875,8211700
2008-12-17,36.7610079373908,37.99591024471508,36.7610079373908,37.633113861083984,6888800
2008-12-18,37.93311375248731,38.19125898976076,37.39589625151937,37.779624938964844,5053200
2008-12-19,38.08660869597342,38.37265932264764,37.2424108296246,37.52846145629883,6452400
2008-12-22,37.877305292535304,37.91916467373513,36.10518540860964,36.78194046020508,4977100
2008-12-23,36.53775439036625,37.20753386066054,35.75634811338878,35.90983963012695,3533700
2008-12-24,36.22377965363448,36.32145772381698,35.97959113181643,36.06331253051758,1123400
2008-12-26,35.923793646326466,36.27961174431642,35.78425614578781,35.90983963012695,1218200
2008-12-29,35.82611931414026,36.15403207579667,35.28890427177006,35.46332550048828,2413900
2008-12-30,35.46331399172115,35.930761455487904,35.16330936276857,35.6726188659668,2355800
2008-12-31,35.72147002633899,36.85869724176757,35.67263229268165,36.62845993041992,4939600
2009-01-02,36.58658829056415,37.326135103066896,36.31449165676731,37.22148132324219,3687200
2009-01-05,37.1028725507809,37.40985286058946,36.14006691978436,36.48193359375,5890900
2009-01-06,36.64242360781592,36.68428567403864,35.637757971588876,35.89590072631836,6472900
2009-01-07,35.58191982635668,35.82610840764146,34.66795190798691,34.96795654296875,6870000
2009-01-08,34.570275656301426,36.20983626514654,34.45167053718953,35.337730407714844,7287100
2009-01-09,35.0516763246453,35.56796145074424,34.12375450665508,34.28422164916992,4577100
2009-01-12,34.59817880499743,34.97492912104481,34.13072874735593,34.486549377441406,4812900
2009-01-13,34.22840790729601,35.135397367543085,33.87258726596206,34.144683837890625,6310400
2009-01-14,33.733040039561075,33.89350979537352,33.09814733516569,33.230709075927734,7906800
2009-01-15,33.15397531724973,34.14468625559656,32.96560013993257,33.816776275634766,6015900
2009-01-16,34.40283686587014,34.40283686587014,33.39119342004754,34.04701614379883,6413000
2009-01-20,34.30515860775314,34.333066637094646,32.89583772493708,32.94467544555664,7370300
2009-01-21,32.97257746069842,33.516773331697834,32.49815431741426,33.419097900390625,6242200
2009-01-22,33.174896625642994,33.40513378247095,32.56093353555688,33.10512924194336,6144900
2009-01-23,32.72139927413507,33.146984520556295,32.23999533701742,32.77023696899414,4906200
2009-01-26,33.126081105844456,33.50980729604404,32.74933059410369,33.03538131713867,4091900
2009-01-27,33.063277216107636,33.54468135820157,32.846996664343365,33.419097900390625,4085300
2009-01-28,33.53770867805664,33.85166737554321,33.06328279328946,33.3563117980957,5163300
2009-01-29,33.48190236438837,33.48887804293961,32.330721117079555,32.407466888427734,4706600
2009-01-30,32.47722145480104,32.553967195748484,31.249297584009557,31.41674041748047,6682800
2009-02-02,31.242336501807806,31.86327578666226,31.06791523476072,31.605133056640625,4782600
2009-02-03,31.723718385898966,32.21907379397846,31.30510604522672,32.17721176147461,5326400
2009-02-04,29.819039813178556,30.349278917478014,29.18414695837459,29.986482620239258,20971900
2009-02-05,29.895797165791254,30.670227837498658,29.588816765190707,30.579530715942383,9886100
2009-02-06,30.76790852177434,31.730714600977198,30.69814108389381,31.542339324951172,8261300
2009-02-09,31.24232859580489,31.681870822743587,31.095815407310873,31.51442527770996,5332500
2009-02-10,31.256263691488826,31.81441073462246,30.544625213447805,30.677186965942383,6590400
2009-02-11,30.92927909063152,31.13234722793541,30.166027962265208,30.488134384155273,4778800
2009-02-12,30.460131959089782,31.083338829255318,30.032989451355668,31.03432273864746,6573000
2009-02-13,31.006292045292458,31.013295865653532,29.843906284612046,29.941938400268555,4873100
2009-02-17,29.51480991472815,29.92794732215151,29.339751736517844,29.49380111694336,6194100
2009-02-18,29.549823062605324,29.850923363673793,29.213711657705268,29.675865173339844,6191500
2009-02-19,29.927953434675487,30.439123098910443,29.82291743782629,29.843923568725586,5451200
2009-02-20,29.78088525723646,30.31306341533582,29.479785089905857,29.941938400268555,6996200
2009-02-23,29.96996296252937,30.271063276775067,28.737554423961214,28.828582763671875,6430200
2009-02-24,28.79358266399128,29.955969436127383,28.744566563511462,29.7949161529541,6083600
2009-02-25,29.563828753619287,29.96296122354293,28.933618184699817,29.40977668762207,6932700
2009-02-26,29.654851102597526,29.717872146762048,29.09466552734375,29.09466552734375,4907600
2009-02-27,28.91260816009011,30.131011534250455,28.884598211651188,29.647851943969727,7385700
2009-03-02,29.20670731301923,30.0119760426552,28.51347838752652,28.597505569458008,7625200
2009-03-03,28.92661214533348,29.311739574086513,28.18436456413309,28.49246597290039,8133400
2009-03-04,28.786563468927145,29.339747880449924,28.11434079403072,28.576494216918945,14476000
2009-03-05,28.387430014462154,28.67452527128277,27.491130477344445,27.701202392578125,8932600
2009-03-06,27.715211875866533,27.827249002344217,26.727881192863688,27.29507064819336,7087200
2009-03-09,26.916946411132812,27.63818797243205,26.73488706832027,26.916946411132812,6474500
2009-03-10,27.33009041570585,28.142360508032745,27.064003825430532,28.107349395751953,8581000
2009-03-11,28.09333093584022,28.310404001699855,27.547150367053522,27.701202392578125,6356500
2009-03-12,27.98131373029905,28.702555631847815,27.54016880534922,28.61152458190918,6020300
2009-03-13,28.702540888168322,29.689868934410327,28.35942567383417,29.549821853637695,6387500
2009-03-16,29.50080493993023,30.124011626970795,29.409773939331643,29.49380111694336,4879100
2009-03-17,30.17303679282054,30.8242536256364,29.976972428936755,30.79624366760254,6168300
2009-03-18,30.740226013777,31.538491108886454,30.16603523760436,31.132354736328125,7082400
2009-03-19,31.230387679795413,31.69954513296284,30.985307222214658,31.59450912475586,6798600
2009-03-20,31.90961218142511,31.958628269413204,30.810246771675356,31.391441345214844,7206600
2009-03-23,31.846585856068288,33.289066314697266,31.685532640535968,33.289066314697266,6274500
2009-03-24,33.20503646490628,33.61117275114712,32.392766563600595,32.462791442871094,5045800
2009-03-25,32.567836284193255,33.44312755111196,31.90961821309409,32.77790832519531,6118800
2009-03-26,33.170019625986754,34.55647994172083,32.95294921571825,33.93327331542969,6826500
2009-03-27,33.387115905088734,33.716226331487896,32.9529721117293,33.1910514831543,4866300
2009-03-30,32.60283435214267,32.84091356880019,31.965622723908666,32.38576126098633,4478700
2009-03-31,32.546809596024815,32.819899871465104,31.643508937895206,32.43477249145508,5363500
2009-04-01,31.979629163778988,32.56082364213645,31.524479468261188,32.455787658691406,4637300
2009-04-02,32.78488843317326,34.0313015423319,32.56081422638463,33.660179138183594,5122400
2009-04-03,33.51314620490208,34.29040513235384,33.50614238021386,34.248390197753906,4225700
2009-04-06,33.72321563968573,34.21337919349273,33.107009952866186,33.42911911010742,4338300
2009-04-07,32.931947542787626,33.05798965976816,32.42778174604162,32.48379898071289,4584100
2009-04-08,32.67286870779536,33.88427136730841,32.651862574478464,33.4011116027832,5340700
2009-04-09,32.105680373898004,33.205045915155196,31.888609864320618,32.84092712402344,10597600
2009-04-13,32.85491641498157,33.07198950972749,32.364755670677425,32.497798919677734,4185900
2009-04-14,32.28773258600218,32.3857647437844,31.636515913676327,31.75555419921875,4674900
2009-04-15,31.769565184467908,32.07066553814287,31.545490875385582,31.972633361816406,3676800
2009-04-16,32.049658658823375,32.7358865482782,32.02865252757954,32.37176513671875,4668100
2009-04-17,32.28072750952938,32.5608216676136,31.937614970610856,32.049652099609375,4742400
2009-04-20,31.75556443845857,31.923621528256263,30.880273217209144,31.048330307006836,5403500
2009-04-21,31.1463571065826,32.61684770652222,30.831251787225796,32.53281784057617,6380200
2009-04-22,32.154688348001905,33.45012060871732,31.937617893239462,32.959957122802734,6135200
2009-04-23,32.630856141135745,33.70221442815185,32.39978064432861,32.79191207885742,5548400
2009-04-24,33.044000280587966,34.052337692383176,32.56084038488768,33.730228424072266,6728100
2009-04-27,33.562168556831146,33.84226283075269,32.92495662127775,33.359100341796875,4138400
2009-04-28,32.980963251669785,33.70920599238996,32.68686676282669,32.959957122802734,4413100
2009-04-29,33.53416000388454,33.91928764332213,33.12102240164278,33.38010787963867,5846000
2009-04-30,33.55516382908376,34.29041061057475,32.93195689109202,34.03132247924805,7551400
2009-05-01,33.88426366757468,33.91927477220593,33.15602093806999,33.394100189208984,4440200
2009-05-04,33.47112499737179,33.58316213079791,33.12100862151816,33.408103942871094,4743000
2009-05-05,33.70920139066532,33.800232388622504,33.001967546534495,33.3660888671875,3848700
2009-05-06,33.48513367876464,33.751222901790904,32.623847619386844,32.81991195678711,5077900
2009-05-07,33.3730841535278,33.562147267822525,31.97261901461152,32.16168212890625,8110300
2009-05-08,32.56082952477548,32.777902683230856,31.874601610170853,32.63085174560547,6487200
2009-05-11,32.00062673477254,32.74287149726796,31.685521566177744,32.224700927734375,5167400
2009-05-12,32.609844000119224,33.08600255749796,32.049658247666706,32.847923278808594,5375200
2009-05-13,32.510513501688074,32.721391971892466,31.842729444819817,32.0887565612793,5929500
2009-05-14,32.194192412971255,32.4050708697957,31.357706705599455,31.491262435913086,6582900
2009-05-15,31.477202763395933,32.039548876794186,31.420969760935105,31.45611572265625,5187400
2009-05-18,31.779469162362204,32.45428141449014,31.674031256291578,32.398048400878906,4243000
2009-05-19,32.49645078876898,33.557876499277995,32.137957699386256,33.18532180786133,6007600
2009-05-20,34.09211321095855,34.872366127913985,33.92340879048206,34.28893280029297,9621600
2009-05-21,34.03587337099714,34.64039367210857,33.642234240201205,33.958553314208984,4702500
2009-05-22,33.95151901245117,34.324073741868915,33.78984543161393,33.95151901245117,4038600
2009-05-26,33.56491215172838,35.09026917602285,33.459471564529416,34.54198455810547,7600100
2009-05-27,34.338114767024315,34.935606620808926,33.881212070974435,34.324058532714844,6273600
2009-05-28,33.698465176511476,34.295957319820424,32.7143647286828,33.71955490112305,10927600
2009-05-29,33.8812218557961,34.10615921020508,33.185320072086284,34.10615921020508,4713300
2009-06-01,34.58414304724012,35.13242737532077,34.26782413432278,34.93560791015625,4680700
2009-06-02,34.809100219091476,35.24491614712471,34.65445473304571,34.75989532470703,3820700
2009-06-03,34.598211849307624,34.6192988890393,33.740636480688046,34.071014404296875,9321500
2009-06-04,33.129102239371214,33.74065078402111,32.51052289085368,33.649269104003906,8815500
2009-06-05,34.02182693854041,34.15538272764502,33.164251130957496,33.48759841918945,5473000
2009-06-08,33.31888789365355,33.62817617307848,33.00959693276308,33.4102668762207,3293000
2009-06-09,33.43135714804683,33.712527584438455,32.960392577855835,33.12909698486328,4992200
2009-06-10,33.19235840893012,33.35403200152738,32.601897049178426,32.74951171875,5181800
2009-06-11,32.8338548396903,33.07285111188792,32.489420691839605,32.524566650390625,6474800
2009-06-12,32.58080709007132,33.10800463315639,32.30666479670154,33.058799743652344,4735700
2009-06-15,32.861967350375444,32.91820302010998,32.327741895218985,32.56673812866211,4338700
2009-06-16,32.587838058585774,32.71436568408918,32.194196259079014,32.29963684082031,4675300
2009-06-17,32.376959643698285,33.17829948590444,32.25043201793254,32.74951171875,5875000
2009-06-18,32.81980301005877,32.93930251270551,32.264490309472635,32.50348663330078,4628500
2009-06-19,32.826838267297006,32.826838267297006,32.271522809880295,32.412109375,5120600
2009-06-22,32.20121457828721,32.48941568432952,31.807572931378346,31.877864837646484,5446700
2009-06-23,32.348835214025605,32.36992225353981,31.617787454265006,31.68105125427246,4396600
2009-06-24,31.779466148340507,31.863819682955405,31.47720601963365,31.659969329833984,4248300
2009-06-25,31.50531636250246,32.57377008001828,31.50531636250246,32.531593322753906,5439800
2009-06-26,32.35587543444629,32.75654542385546,32.215291543153555,32.622989654541016,3675800
2009-06-29,32.847920564211535,32.89712545266925,32.341810075543215,32.47536849975586,3545400
2009-06-30,32.39804692054476,32.538633470347435,32.08172785385509,32.180137634277344,5136000
2009-07-01,32.20122322796354,32.601893100538724,32.13092862134899,32.187164306640625,3044100
2009-07-02,32.08172564288355,32.08172564288355,31.343649659117126,31.378795623779297,4920300
2009-07-06,31.32957483906603,32.18714988527383,31.280369977214487,32.12388610839844,4745700
2009-07-07,31.779475616681403,31.94114925066424,31.266336861483868,31.308513641357422,4268100
2009-07-08,31.512353074469623,32.41210261318483,31.371766538679086,32.348838806152344,7496100
2009-07-09,32.615954522212654,32.686246452750744,31.807583913698302,31.98331642150879,5697600
2009-07-10,31.842738666510588,31.990353370256514,31.385835628992346,31.61077308654785,3791400
2009-07-13,31.575624430113674,31.716211011452366,31.280395022621825,31.61077308654785,4686400
2009-07-14,31.49829605737159,31.75134861933788,31.18900512363729,31.652938842773438,3880600
2009-07-15,31.91301995883429,33.03770677651259,31.67402367489454,32.96741485595703,7246300
2009-07-16,32.84792416489273,33.45244449674201,32.700309483338536,33.38215255737305,3903700
2009-07-17,33.2978031332552,33.38215668869615,33.01663265951652,33.375125885009766,3293600
2009-07-20,33.38917151734755,34.09210144402854,33.05879359373872,34.071014404296875,4881200
2009-07-21,33.94450289298529,34.15538143465499,33.466510101752014,34.00776672363281,3911900
2009-07-22,33.8671609920528,34.50682705971239,33.7406334022771,34.31703567504883,3799300
2009-07-23,34.092095939168296,34.605234381013034,33.57895749732356,34.16238784790039,6234200
2009-07-24,33.8249857471185,34.612269159021665,33.817957628023265,34.53494644165039,4589700
2009-07-27,34.43653716518127,34.53494692267369,33.761722419655804,34.2186279296875,2905100
2009-07-28,34.04992739818854,34.38733346812387,33.81093109680121,34.33110046386719,3268900
2009-07-29,34.113209292169714,34.731788755780876,34.02885840032572,34.28191375732422,3579600
2009-07-30,34.62632514663226,34.95670305247694,34.35921371951055,34.61929702758789,3295600
2009-07-31,34.45061075385346,35.097307985371586,34.443582631120776,34.795047760009766,3384000
2009-08-03,34.97078231811523,35.1746327480441,34.802077866785694,35.146514892578125,3582800
2009-08-04,34.8653185413033,35.14649154625918,34.549002262558574,34.780967712402344,3805600
2009-08-05,34.9566985243678,34.97075744210015,34.22565089107195,34.48573684692383,3524400
2009-08-06,34.13427418998669,34.6966175288941,33.91636497301933,34.26782989501953,4750200
2009-08-07,34.75988638927836,35.31520169054195,34.38030357463249,35.21678924560547,4221300
2009-08-10,35.03403497111949,35.118385829130666,34.443573602110405,34.72474670410156,3165000
2009-08-11,34.46466711197851,34.717722414951815,34.302993486515774,34.38734436035156,2613100
2009-08-12,34.528435117040566,34.91647649872605,34.50727020217321,34.676597595214844,2881100
2009-08-13,34.68366093714618,34.71188262542186,34.013410643124736,34.486114501953125,3694600
2009-08-14,34.422622237930355,34.591947010371996,33.999304924088804,34.30973815917969,3318300
2009-08-17,33.935804890934364,34.14040810922393,33.43488199763387,33.49132537841797,4494500
2009-08-18,33.5407097112101,33.7946995247382,33.23027652073428,33.44193649291992,3410200
2009-08-19,33.3078917568478,33.91464472858921,33.27261598459121,33.82292556762695,3459200
2009-08-20,33.92874124799839,33.92874124799839,33.51248085186785,33.8017463684082,2335800
2009-08-21,34.02751678523773,34.44377720999465,33.78763785077836,34.26034164428711,3974800
2009-08-24,34.41555624669209,34.41555624669209,33.872300922229236,33.94990921020508,2839600
2009-08-25,34.415563363789225,35.33274947532064,34.189795220098944,35.00820541381836,6258400
2009-08-26,35.184574555475514,35.53028341766882,34.95175241674747,35.43856430053711,5574900
2009-08-27,35.212801196732315,36.440417573673834,35.18457951189044,36.200538635253906,5890400
2009-08-28,36.33458170043242,36.68734462956283,36.22875174514627,36.52507400512695,4994000
2009-08-31,36.22876009115117,36.47569581324948,35.883053848128995,35.967716217041016,3788800
2009-09-01,36.22170191447303,36.242866831462905,35.40329193066087,35.73488998413086,5505400
2009-09-02,35.558508498900935,35.854828102230634,35.241021287213485,35.73488998413086,4268100
2009-09-03,38.253623431258774,38.966203560146376,38.218344975535935,38.796878814697266,12230400
2009-09-04,38.578151090537226,39.17784694603022,38.47937790882001,39.13551712036133,4593400
2009-09-08,40.11620949163113,40.21498270273825,39.61528666880608,40.02449035644531,5526200
2009-09-09,39.85516318749154,40.27142361700749,39.71405745536668,40.2573127746582,3931100
2009-09-10,40.24321222555567,40.24321222555567,39.975111535081524,40.151493072509766,3886900
2009-09-11,40.11619692438764,40.207916030840515,39.87631804768825,40.0809211730957,3031500
2009-09-14,39.66467236387036,40.22909262250364,39.62233983520983,40.20792770385742,3083000
2009-09-15,40.05976430728632,40.21498088421756,39.80577452371448,40.08798599243164,3330000
2009-09-16,40.08798722514706,40.758237465434654,39.99626809128839,40.7088508605957,3920300
2009-09-17,40.821725256940155,41.082769062391804,40.44074065998856,40.892276763916016,3979200
2009-09-18,41.06159339016029,41.06159339016029,40.53950322468062,40.60300064086914,4561700
2009-09-21,40.64534337045963,41.43553154401824,40.48307275302859,41.32970428466797,4847800
2009-09-22,41.42848108196753,41.52725427585317,41.16038049044389,41.20271301269531,2833800
2009-09-23,40.82172498302512,41.48491829479758,40.82172498302512,40.90638732910156,2952200
2009-09-24,40.94166697049586,41.08982945440963,40.26436275482728,40.51835250854492,3389400
2009-09-25,40.72296376405171,40.72296376405171,39.50945811776814,39.70700454711914,6137100
2009-09-28,39.86221992983682,39.97510398481526,39.72817095560247,39.9045524597168,4786200
2009-09-29,39.9045387189637,40.16558250158184,39.6858247602815,39.85515213012695,4939600
2009-09-30,40.29963352128873,40.52540156522232,39.495334528354405,39.77754592895508,12235900
2009-10-01,39.61528881014787,39.996270831958974,39.086144272299244,39.29074478149414,5097900
2009-10-02,39.45301156638171,39.989212819117576,39.31896259888176,39.8410530090332,5760800
2009-10-05,39.92571830722764,40.391365381260805,39.721115111769734,40.13032150268555,4480100
2009-10-06,40.22908816056616,41.18154707315904,40.22908816056616,40.871116638183594,5865700
2009-10-07,42.162232355961244,42.543217039903105,41.52726057409289,41.626033782958984,11117300
2009-10-08,41.823572806694244,41.89412700867394,41.195655211596815,41.36498260498047,5025900
2009-10-09,41.06161692908602,41.40732318878399,40.72296474573424,41.372047424316406,5751900
2009-10-12,41.18860899580104,41.50609623686668,40.751180934169206,40.941673278808594,2915700
2009-10-13,40.849962971974485,41.534321470661915,40.74413297859954,41.2591667175293,4733900
2009-10-14,41.626046339906075,41.626046339906075,41.23095069388874,41.463775634765625,3461400
2009-10-15,41.19566346318489,41.65425644812353,41.19566346318489,41.6048698425293,2879900
2009-10-16,41.52021062545402,41.555489084158026,41.00517688652426,41.2591667175293,3230700
2009-10-19,41.49905298493684,41.872981028767285,41.17451156231536,41.7883186340332,3502500
2009-10-20,41.809471366924065,41.81652813439251,41.21682939388044,41.68953323364258,3384300
2009-10-21,41.583378251946,41.93014349567996,40.84031295776367,40.84031295776367,4153300
2009-10-22,40.87568747501368,41.39229741166258,40.74122894468607,41.23660659790039,2917600
2009-10-23,41.10216145171774,41.349849009184176,40.734166580916245,40.91108703613281,2152500
2009-10-26,40.826164413829645,41.30031265083653,40.70585979672747,40.79785919189453,2766600
2009-10-27,40.769548479430505,40.91816100788629,40.175095666015544,40.44401550292969,2876800
2009-10-28,40.3732392080158,40.69169650317632,40.139705657958984,40.139705657958984,3027100
2009-10-29,40.5572385566331,41.00307607686747,40.16801146812332,40.988922119140625,3940900
2009-10-30,40.85445376031171,41.01014455833177,40.20338805875651,40.231693267822266,3902700
2009-11-02,40.23171091468115,40.96062503456117,40.16801944206236,40.86862564086914,3884000
2009-11-03,40.7270893880768,41.30738828142231,40.557247258098194,40.79785919189453,4122300
2009-11-04,40.819074386821995,41.94428822455007,40.819074386821995,41.61875534057617,4756800
2009-11-05,41.12338363179208,42.099985124483794,41.03138425577257,42.04336929321289,4668700
2009-11-06,41.859373240765294,42.22028971654733,41.61168302834223,42.04336929321289,2749300
2009-11-09,41.72490559568602,42.78642797298218,41.72490559568602,42.772274017333984,3698200
2009-11-10,42.404288284189235,42.74397789278037,42.12121720981873,42.48921203613281,3078600
2009-11-11,42.78643194962014,42.94919840531573,42.30520821121957,42.74397277832031,3156500
2009-11-12,42.5741453277963,42.92091066560916,42.46091632557845,42.54583740234375,3690500
2009-11-13,42.70860573054878,42.9067585175046,42.43261019469483,42.79352951049805,2466200
2009-11-16,43.019972144398615,43.34550508571179,42.81474379894798,43.25350570678711,3266400
2009-11-17,43.21102831036992,43.331332855502474,42.61657581187935,42.8996467590332,3307500
2009-11-18,42.7298144006752,43.04827165043367,42.22735842901586,43.00580978393555,3116900
2009-11-19,42.71567707805892,42.87844358029423,42.305220307523925,42.80059814453125,2240800
2009-11-20,42.64489109080986,43.055347705591394,42.3193582098672,42.50335693359375,2696400
2009-11-23,42.53167700530989,43.06951670917308,42.41137238972509,42.864288330078125,2750600
2009-11-24,43.034125979189504,43.048279937413575,42.69443908058627,42.82181930541992,2578000
2009-11-25,42.74397766715541,43.16150999677017,42.74397766715541,43.09074020385742,2469800
2009-11-27,42.10706529862033,42.821822698221936,41.89476130762126,42.48213577270508,1483300
2009-11-30,42.56706161776445,42.66613663845336,42.04337589464784,42.397216796875,3399200
2009-12-01,42.552889281360095,43.019958962613345,42.53165700067312,42.97749710083008,4418600
2009-12-02,42.92089572569234,43.27473657190714,42.666129884483055,43.07658386230469,4316200
2009-12-03,42.0362842410246,42.15658880612004,41.68244347367454,41.767364501953125,8326000
2009-12-04,42.03628761020386,42.453819857125495,41.519677672826916,41.887672424316406,4936000
2009-12-07,41.84521215825049,42.27689834962091,41.78859633661917,42.00090026855469,2422400
2009-12-08,41.64708013133433,41.72492557487876,41.04555157600565,41.57631301879883,3853300
2009-12-09,41.54798348293151,41.753211781965014,41.11629730206479,41.51259994506836,3745600
2009-12-10,41.85936830425003,42.00798079442301,41.20829981937288,41.583370208740234,5576500
2009-12-11,41.781529091383284,42.09998640297446,41.7319915873126,41.979679107666016,3197100
2009-12-14,42.15660541939301,42.26275877126777,41.873531614121575,42.085838317871094,2174900
2009-12-15,42.05043452980514,42.08582076539966,41.65413460721773,41.73905563354492,2794900
2009-12-16,41.85936622645947,42.10705369778653,41.55506293334853,41.59044647216797,2859300
2009-12-17,41.420602752582724,41.4559889918869,40.903995513916016,40.903995513916016,2876800
2009-12-18,41.06676452226135,41.371067842072115,40.7058480752904,41.34983825683594,4540800
2009-12-21,41.597513628215424,42.142428653746826,41.49843865986252,41.944278717041016,2114000
2009-12-22,41.77444838528794,42.31936359864854,41.77444838528794,42.15659713745117,3026200
2009-12-23,42.17783333804252,42.68028945746204,42.17783333804252,42.51044464111328,2945700
2009-12-24,42.66612736481562,42.88550694877473,42.524590494769946,42.74397277832031,1681400
2009-12-28,42.7439716693779,42.99165916083843,42.69443417108579,42.857200622558594,1748300
2009-12-29,42.80766279605626,42.94919696175359,42.6024344763675,42.644893646240234,1794500
2009-12-30,42.55290795481351,42.807673838130455,42.368909172599345,42.49629211425781,1678500
2009-12-31,42.63073782606392,42.67319699139174,41.83105691743585,41.87351608276367,1862900
2010-01-04,41.84521928294757,42.51043910283216,41.84521928294757,42.04336929321289,3280200
2010-01-05,41.93722614360004,42.05045513404746,41.640001056022584,41.91599655151367,2775800
2010-01-06,41.802770219365875,42.49629816740781,41.75323270161947,42.460914611816406,3722900
2010-01-07,42.51752813508438,42.77229134116438,41.93722651683566,42.25568389892578,4527600
2010-01-08,42.08583531668679,42.18491033158909,41.823991120625934,41.95137405395508,2348300
2010-01-11,41.90182528029084,42.050437762686606,41.75321279789508,42.00090026855469,1830400
2010-01-12,41.91597761439356,42.02920655368555,41.555061214022494,41.77444076538086,2113300
2010-01-13,41.8310646939121,42.17075157763748,41.71075740407254,42.036293029785156,2051500
2010-01-14,41.83814770235816,41.930147093216334,41.54799826927485,41.555076599121094,2145700
2010-01-15,41.746154987405596,41.746154987405596,41.3498521656157,41.604618072509766,3081700
2010-01-19,41.87353408921719,41.95137952524778,41.60461692786502,41.71784591674805,2558200
2010-01-20,41.38521908398738,41.52675594199019,40.77661248428902,41.23660659790039,4484600
2010-01-21,41.137538785969866,41.47014735578935,40.58554521339119,40.70585250854492,3456800
2010-01-22,40.62093020560848,41.01723022543848,40.36616436452267,40.387393951416016,4220600
2010-01-25,40.58554061745659,40.91815184920245,40.160932717024956,40.72707748413086,2690600
2010-01-26,40.47939109972458,41.38522275187901,40.43692922868311,40.99599838256836,3530500
2010-01-27,40.84029256526572,41.073828720891356,40.5359893501361,40.71290969848633,3776200
2010-01-28,40.75538172139509,40.91814815853264,40.38031135319078,40.58553695678711,3197000
2010-01-29,40.75540659409822,41.4277050357672,40.62094798560146,40.64217758178711,5413900
2010-02-01,40.904011861569536,40.988932930738734,40.59263280822106,40.98185729980469,4295300
2010-02-02,41.045531335657465,41.66829187732532,40.76245762591999,41.59044647216797,5231500
2010-02-03,41.46306162987159,41.71782741677932,41.314449154039025,41.34275436401367,5269100
2010-02-04,41.165845841090395,41.710761109091735,41.116308334871334,41.413536071777344,5962700
2010-02-05,41.4630845426388,41.682466913617205,41.095089613703585,41.45600891113281,4793600
2010-02-08,41.236610730502946,41.59752718996854,41.137535729849304,41.14461135864258,3319800
2010-02-09,41.61167812103731,41.75321498293157,41.18707023494563,41.583370208740234,3486900
2010-02-10,41.64017198579784,42.1086770527656,41.44141308098939,41.98800277709961,4520500
2010-02-11,41.782138692931326,42.43520513352792,41.64726427437015,42.357120513916016,4030800
2010-02-12,42.01639312908524,42.17965975199998,41.84602913469023,42.08028030395508,4337600
2010-02-16,42.32163741255773,43.19476045141606,42.09448358332079,43.066986083984375,4052300
2010-02-17,43.15214670112474,43.514172068071346,43.116654442857154,43.336708068847656,2663100
2010-02-18,43.25154758326956,43.39351939471941,43.003098944147624,43.27284240722656,2275200
2010-02-19,43.109551969724556,43.55676198111287,43.05986226933537,43.40059280395508,2510100
2010-02-22,43.58516952283859,43.62066178943696,43.08116958875089,43.152156829833984,3004300
2010-02-23,43.04568172711139,43.24444060671077,42.88241511774239,42.953399658203125,3081200
2010-02-24,43.159254731241894,43.45739573168795,43.02438303335344,43.201847076416016,2908200
2010-02-25,42.7972299489788,43.67035272965319,42.74044015451879,43.58517074584961,3534000
2010-02-26,43.55677741769273,43.63486203394492,43.145059516685386,43.27993392944336,3681600
2010-03-01,43.3012342293365,44.08917515431256,43.07408043033814,43.76264190673828,4031100
2010-03-02,44.09627221302129,44.09627221302129,43.44320572250545,43.570980072021484,4126100
2010-03-03,42.41391483116319,43.71295318770254,42.33583020323302,43.07408142089844,10153500
2010-03-04,43.123759901821735,43.41480080683545,42.93209842175618,43.15925216674805,3286100
2010-03-05,43.19475569469091,43.27994040218942,42.94630706753762,43.07408142089844,3514800
2010-03-08,42.97470670252935,43.30123999357154,42.96050924971613,43.066986083984375,3020400
2010-03-09,42.86111500759623,42.99598670098147,42.619763808774124,42.683650970458984,3187000
2010-03-10,42.74042916525589,42.882400907016226,42.42099342326657,42.477783203125,3248400
2010-03-11,42.435193437847055,42.63395497150161,42.42809606887785,42.52037811279297,3957200
2010-03-12,42.50619892314685,42.93211164925994,42.45650919536322,42.71205520629883,3938700
2010-03-15,42.641042875966654,43.031463071878,42.62684543329357,42.981773376464844,2584700
2010-03-16,43.09537484915392,43.27283892220221,43.01019285229906,43.23734664916992,2480600
2010-03-17,43.27283555660268,43.62776367509427,43.23024591543114,43.535484313964844,3115300
2010-03-18,43.301224108762014,43.60646246255304,43.24443431834217,43.49288558959961,3156200
2010-03-19,43.5709753932362,43.656157381137504,42.939203792852325,43.10247039794922,4687500
2010-03-22,42.974705548163385,43.365126012434125,42.8966209137318,43.21605682373047,2369000
2010-03-23,43.130863189697266,43.22314525747681,42.84692232344064,43.130863189697266,2937800
2010-03-24,42.97469698614499,43.11666877429071,42.605571420120775,42.64106369018555,2910000
2010-03-25,42.889519106049725,42.889519106049725,42.59847811263743,42.62687301635742,2591500
2010-03-26,42.7688329500767,42.889507195544596,42.52748175125459,42.683650970458984,2302000
2010-03-29,42.69076156616211,42.89662056290958,42.56298720320762,42.69076156616211,2375500
2010-03-30,42.78304246590906,42.94630910118198,42.619775830636144,42.71205520629883,2121500
2010-03-31,42.63397227599802,42.66946455102165,42.36422611162182,42.385520935058594,2548200
2010-04-01,42.399720563407364,42.80433847680086,42.38552311109162,42.69076156616211,2638300
2010-04-05,42.82561869179431,43.20893891776718,42.591364885140734,43.17344665527344,2146100
2010-04-06,43.336727861932296,43.90461237723955,43.12377150717795,43.82653045654297,3589100
2010-04-07,43.762646238810824,43.98269998018727,43.656166700289404,43.81233596801758,3897200
2010-04-08,43.72714704401842,43.74134449498016,43.1734599959449,43.28703689575195,4471500
2010-04-09,43.32963166065868,43.592277748354356,43.24444695014626,43.4503059387207,2804500
2010-04-12,43.223147711000045,43.450301500054174,42.775937504099275,42.83982467651367,4550700
2010-04-13,42.74752892483549,42.98177999530089,42.42099310884129,42.513275146484375,4191400
2010-04-14,42.44230554031303,42.49909263181446,41.83892610730444,42.32162857055664,6763100
2010-04-15,42.172547569262186,42.19384238411097,41.81052217740318,41.902801513671875,5754400
2010-04-16,41.85311753682999,42.25063795170577,41.831822719065926,42.01638412475586,5443700
2010-04-19,42.087382199921024,42.25774620166938,41.604679681822375,42.21515655517578,4040700
2010-04-20,42.378412555417384,42.53457906653451,42.11576653900041,42.22934341430664,3703300
2010-04-21,42.16545600168146,42.27903287631154,41.909907356792225,42.24353790283203,3033200
2010-04-22,42.044780718909855,42.88241121802854,41.966696106772055,42.74753952026367,3929700
2010-04-23,42.641062964830354,42.93210390702928,42.591373246007606,42.73334503173828,4017400
2010-04-26,42.733345758663255,42.8043302987928,42.59847134137584,42.64106369018555,2874600
2010-04-27,42.76882785573649,42.76882785573649,41.95959237604323,42.00218200683594,3948900
2010-04-28,42.094483218053455,42.22935766466502,41.696965374281824,41.775047302246094,3462400
2010-04-29,41.88860792037984,42.200946342279956,41.82472076207174,42.12995910644531,2883800
2010-04-30,41.97380098688349,42.36422138435183,41.895716365812476,41.93830871582031,4960700
2010-05-03,41.902804765104044,42.23643799901478,41.81052542167497,42.101566314697266,4051400
2010-05-04,41.760842763505515,42.85401928538811,41.391717203795665,42.50619125366211,6046200
2010-05-05,42.55960988969736,43.32888949823035,42.53824191741214,42.994110107421875,6438700
2010-05-06,41.98978538477856,42.10375246141099,39.17621995375296,41.33447265625,11175500
2010-05-07,41.2133902880819,41.81171821351332,40.47972728705152,40.82162857055664,9286700
2010-05-10,41.75471448815421,42.01826548311955,40.672026219777855,40.97119140625,8378900
2010-05-11,40.885721918843046,41.52678559774169,40.83586150105723,41.27035903930664,5442100
2010-05-12,41.35584774441188,41.4484441359445,41.07092866396918,41.22763442993164,4151100
2010-05-13,41.177768458127765,41.662129199397725,41.02818446656693,41.07804489135742,5007700
2010-05-14,40.793108424233864,41.39855769327704,40.7503697738637,41.12788772583008,4890500
2010-05-17,41.184881660373875,41.62650363847842,40.97831553359365,41.56239700317383,4129100
2010-05-18,41.76895346933977,42.018258201058394,41.085151329037814,41.15637969970703,4308800
2010-05-19,40.949827438316134,41.654997737534416,40.949827438316134,41.149269104003906,4350200
2010-05-20,40.60080618931428,40.9711998349988,40.280272965434484,40.30876541137695,6755600
2010-05-21,39.8386324909765,41.12076207613685,39.73891169350229,40.9141960144043,5966100
2010-05-24,40.72900907418031,40.89283652071414,40.37286174244889,40.42984390258789,3376800
2010-05-25,39.8599893229857,40.24462890625,39.453981779713544,40.24462890625,6120300
2010-05-26,40.31588579174455,40.38711690417571,39.68194383564724,39.874263763427734,6146600
2010-05-27,40.842980967856846,42.21058558006252,40.62929308684831,41.84019470214844,8764500
2010-05-28,41.87583189135939,41.96842830309088,41.32736430803834,41.49119186401367,3501100
2010-06-01,41.44132199617155,41.91855832670553,41.12078871295261,41.29886245727539,3200400
2010-06-02,41.55527259810718,42.011140767971824,41.27747810192021,41.98977279663086,3898900
2010-06-03,41.476913387632436,42.13934756952297,40.8144792057419,41.26322555541992,7219000
2010-06-04,40.92133697380467,40.92133697380467,39.8956307185334,40.00959777832031,5499000
2010-06-07,39.895621391051904,40.330121554026206,39.71754773194365,39.781654357910156,3414800
2010-06-08,39.66769667493828,40.40136217108652,39.56797583708235,40.35862350463867,3726500
2010-06-09,40.37288128269383,41.135036724102896,40.3016528687488,40.88573455810547,4926900
2010-06-10,41.18488581085482,41.35583776129133,40.81449218256661,41.06379699707031,3270300
2010-06-11,40.729011099939655,41.0637904779186,40.60079783676425,40.97119140625,3093000
2010-06-14,41.05666600930405,41.24186415264125,40.81448570299371,40.97119140625,2510800
2010-06-15,41.263236278722104,42.153604741982655,41.25611180939023,42.13935852050781,5099900
2010-06-16,41.64788550936779,41.94704807631135,41.39858065305864,41.5552864074707,2876900
2010-06-17,41.733352373763296,41.82595145842773,41.30597658132425,41.72623062133789,2829000
2010-06-18,41.66923929915471,41.833066751533195,41.34870614572349,41.46267318725586,3657100
2010-06-21,41.66923266352759,41.811692122054204,40.99255227341728,41.15637969970703,2795600
2010-06-22,41.305970135941934,41.53390421863447,40.98543698303413,41.03529739379883,2716300
2010-06-23,41.021041278662636,41.08514789378005,40.61503362198166,40.9141960144043,2541200
2010-06-24,40.7218818737357,40.921326213812,39.888498477649485,40.045204162597656,3772600
2010-06-25,40.00959203103249,40.50107711347893,39.79590416427643,40.20191192626953,4488900
2010-06-28,40.308766609357114,40.743266912730974,40.04521826952958,40.351505279541016,3043600
2010-06-29,40.01671961070454,40.15205463616078,39.454006101321646,39.62495803833008,4298400
2010-06-30,39.546612499308836,39.65345510217222,38.95540643814522,39.05513000488281,4609600
2010-07-01,38.9839003643766,39.29018739514275,38.62063115335996,39.1049919128418,5376600
2010-07-02,39.30442330226587,39.30442330226587,38.29296337572596,38.627742767333984,3385200
2010-07-06,38.95541077175747,38.969656997161955,38.11490249322055,38.46392822265625,3364700
2010-07-07,38.292975902621905,38.69898653015151,38.043673753181444,38.670494079589844,4813000
2010-07-08,39.01951886893881,39.738938333898844,38.834323366218364,39.68195343017578,7592700
2010-07-09,40.095069143220684,40.095069143220684,39.603584063327155,40.02383804321289,3895600
2010-07-12,39.92413965940592,40.194812557187596,39.69620544564982,39.83866500854492,2644600
2010-07-13,39.995357595693825,40.42273342609845,39.995357595693825,40.25178146362305,3207300
2010-07-14,40.16630983154467,40.17343430232245,39.79591614959484,40.1378173828125,3428200
2010-07-15,40.152056343890514,40.30876206638078,39.78166272894286,40.280269622802734,2949400
2010-07-16,40.30875938081999,40.315881132645536,39.1405964438385,39.161964416503906,5020200
2010-07-19,39.268808863446985,39.38277591050806,38.891290812341346,39.047996520996094,3575000
2010-07-20,38.727476497975495,39.24032974243164,38.54228100258281,39.24032974243164,6343500
2010-07-21,39.22607652058555,39.24744449623008,38.10065208921708,38.186126708984375,4973800
2010-07-22,38.528032053614744,39.23320521489225,38.349958324899056,39.1049919128418,5284100
2010-07-23,39.17620573920003,39.88850038900367,39.01950004674293,39.85288619995117,4905800
2010-07-26,39.738938333898844,39.88851963038726,39.496757927455334,39.68195343017578,3494400
2010-07-27,40.23754993747365,40.857245891219854,40.16631879973899,40.75040054321289,6930000
2010-07-28,40.75751288080195,40.88572617336119,40.18055306428536,40.25178146362305,3077800
2010-07-29,40.41560784102244,40.600803292054614,39.72468102076243,40.038089752197266,3439800
2010-07-30,39.68195395950113,40.52246228029974,39.68195395950113,40.394248962402344,2973900
2010-08-02,40.643529712743806,40.842971325642395,40.42983916499454,40.48682403564453,3588100
2010-08-03,40.330130040469825,40.53669618062718,40.15918081337951,40.280269622802734,3246800
2010-08-04,40.38393827841078,41.18461036892624,40.205216659192786,41.03448486328125,4364600
2010-08-05,40.56265401718795,40.56265401718795,39.933553245161356,40.362483978271484,4358300
2010-08-06,40.21235622862329,40.49116146214309,39.8620607255632,40.419673919677734,3030000
2010-08-09,40.42681871181224,41.098813562388415,40.41967104890334,40.86289978027344,2391800
2010-08-10,40.59839879428079,40.970140044803045,40.484017080818184,40.73422622680664,2433600
2010-08-11,40.39822351081838,40.476861439951286,39.89780528374505,39.940696716308594,2847500
2010-08-12,39.669056235574295,40.005051062848835,39.58326788526625,39.797733306884766,3269000
2010-08-13,39.611850852884864,39.82631620331162,39.36164173189947,39.54036331176758,2270600
2010-08-16,39.4188246396434,39.67618410802738,39.31874100795506,39.583248138427734,2395400
2010-08-17,39.68334321606176,40.24095646741869,39.59040994673162,39.912109375,2641600
2010-08-18,39.49746548377253,40.02648251097934,39.31159625787939,39.804866790771484,2909200
2010-08-19,39.63330241234886,39.769132578399955,39.03994809779634,39.32590103149414,2946200
2010-08-20,39.12573529177914,39.404540572447274,38.94701367831747,39.34735107421875,2896200
2010-08-23,39.55465854629628,39.783421934057216,39.21151073758018,39.247257232666016,2407500
2010-08-24,38.97560107004465,39.797718671771435,38.63960363925317,39.747676849365234,6658600
2010-08-25,39.583253835612474,41.03447488518974,39.461724473092,40.798561096191406,5946600
2010-08-26,40.841469444427965,40.855767502704836,40.14088095131596,40.23381423950195,3854500
2010-08-27,40.312445758885815,40.41252942376551,39.61185737765261,40.16946792602539,4254700
2010-08-30,40.183747559425164,40.641274233161106,40.08366394042969,40.08366394042969,2843100
2010-08-31,39.93353703338962,40.791400878418976,39.84775146700888,40.39106369018555,4358700
2010-09-01,40.69847181177469,41.38476191311495,40.57693973901631,41.31327438354492,3966400
2010-09-02,41.75651310527179,42.05676680121472,41.21320065952639,41.88519287109375,5011300
2010-09-03,42.21404436953548,42.21404436953548,41.59924158558517,41.87089920043945,2779400
2010-09-07,41.642116177309,42.178280763282935,41.60637241699223,41.920921325683594,2598500
2010-09-08,42.44280808484159,42.4785518621892,42.03532302351291,42.328426361083984,3412700
2010-09-09,42.53572463425278,42.54287229562322,42.05675223728284,42.1353874206543,2622900
2010-09-10,42.39276094169927,42.74305646081442,42.27837923226729,42.564334869384766,2608600
2010-09-13,42.76450102810609,43.057604321078784,42.4713977351334,42.928924560546875,3107800
2010-09-14,42.89317160450389,43.7581832440302,42.8502774511526,43.636653900146484,4134800
2010-09-15,43.636661358583,43.80108488392149,43.54372537397433,43.743892669677734,3523100
2010-09-16,43.72245179187764,43.84398389705881,43.47939030859047,43.77964401245117,2230600
2010-09-17,43.9655093862464,43.9655093862464,43.572322449345364,43.81538391113281,3495800
2010-09-20,43.9726472165895,44.1656668101765,43.58661075648982,43.808223724365234,3472500
2010-09-21,43.75819607455005,43.98695950535144,43.507986924322026,43.801090240478516,3198500
2010-09-22,43.979801940964386,44.64464636427917,43.979801940964386,44.558860778808594,4806500
2010-09-23,44.358693842402424,44.909156614109406,44.237164481842655,44.68039321899414,3399200
2010-09-24,45.03783840025958,45.97433773912751,44.88056253635661,45.78847122192383,4481600
2010-09-27,45.62404370334762,45.852807102462805,45.48821628733386,45.5597038269043,4704400
2010-09-28,45.65264695709338,46.54625497699554,45.53111484830756,46.46761703491211,5453500
2010-09-29,46.41756905319151,46.624886740835294,46.03152978524962,46.23169708251953,3585200
2010-09-30,46.37467234678413,46.46760559447939,45.80276117319241,46.10301208496094,4090300
2010-10-01,46.41041822206549,46.64633201481451,46.110167279012046,46.50335693359375,4037200
2010-10-04,46.51050793157124,46.63918770310095,46.13161900821999,46.1530647277832,4502900
2010-10-05,46.46761472055368,46.46761472055368,45.988642154737875,46.22455596923828,5698600
2010-10-06,45.03784790666969,46.796467979955814,44.90202045822214,46.76072692871094,11502200
2010-10-07,46.62488061150148,46.66062165037269,46.060119837505255,46.65347671508789,5048000
2010-10-08,46.03869808187744,46.43188243896822,45.709848173649384,45.960060119628906,5632000
2010-10-11,45.31662022998056,46.10299368928436,45.237982338635476,45.98146438598633,2584800
2010-10-12,45.77416962069493,45.81706105402705,45.259453331185505,45.28089904785156,4454400
2010-10-13,45.18081483396069,45.72412722359357,45.03783702813893,45.295196533203125,5006500
2010-10-14,45.12362119183119,45.65263823849637,44.97349572765618,45.1665153503418,4214500
2010-10-15,45.366676087281235,45.58829178365062,45.18795454323073,45.53824996948242,4033400
2010-10-18,45.33809469898742,45.616902688928235,45.13077971318687,45.18796920776367,2417000
2010-10-19,44.79478293023676,45.13792808429755,44.251470451409325,44.47308349609375,3970600
2010-10-20,44.57317642705871,45.08789562871865,44.50168886108409,44.75904846191406,2785800
2010-10-21,44.72330170741543,45.67409936166887,44.70900364975534,45.46678161621094,4190700
2010-10-22,45.638331093504846,45.82420028920545,45.19510245216172,45.7741584777832,2406400
2010-10-25,45.83850643795321,46.30317811812118,45.75986851733884,45.831356048583984,2764000
2010-10-26,45.40957460871346,45.88854981093239,45.352382400118834,45.523956298828125,2826200
2010-10-27,45.4558167578418,45.4558167578418,44.83185518067252,45.16893768310547,3378700
2010-10-28,45.22631674114199,45.36258280338097,44.8246865646057,45.03984451293945,2385400
2010-10-29,44.9035861419308,45.111573379826915,44.83903847278657,45.01833724975586,2350900
2010-11-01,45.21916253788634,45.62796363477282,45.02551948106387,45.384117126464844,2790600
2010-11-02,45.57774810917849,46.02958178873461,45.43430854184044,45.69967269897461,2988400
2010-11-03,45.56341139176501,45.80008712728037,44.9753115310017,45.29804992675781,4080900
2010-11-04,45.82158646691888,47.06950419001542,45.82158646691888,46.96192932128906,5801500
2010-11-05,46.9977973034722,47.36356836206208,46.78264204153355,46.904563903808594,3039900
2010-11-08,46.517284375540186,46.52445786013805,46.07262135048666,46.481422424316406,2613500
2010-11-09,46.40254698180131,46.4599239354218,45.87182384023041,46.05829620361328,2600000
2010-11-10,45.91482672120485,46.259082767984715,45.857452537329614,46.22322082519531,2680800
2010-11-11,45.97221548122195,46.91891301398563,45.835949365525735,46.868709564208984,3798400
2010-11-12,46.531617621982775,47.11971740411852,46.36666580783988,46.7611198425293,3703200
2010-11-15,46.94040887578037,47.327694818485526,46.90455241012606,46.96192932128906,2949000
2010-11-16,46.75394159004138,47.62174684239255,46.30927874123391,47.14839553833008,6198600
2010-11-17,47.349230042509554,48.14531724213503,47.349230042509554,48.06642532348633,5484600
2010-11-18,48.231362668838116,48.403487932885916,47.564371114918956,47.62892150878906,3671100
2010-11-19,47.521371141427544,47.85128038551417,47.4209642180867,47.73652648925781,2710300
2010-11-22,47.528513609444445,48.29591209493803,47.46396868131848,48.23854064941406,2827200
2010-11-23,48.030561566972374,48.10227998985321,47.52852166327667,47.9803581237793,2985800
2010-11-24,48.173993600475946,48.76926684727645,48.173993600475946,48.43935775756836,2688000
2010-11-26,48.130977463298954,48.38916821141426,48.07360052554757,48.209869384765625,952900
2010-11-29,47.980367530850714,48.05208596779273,47.57156642133864,48.03057098388672,2350200
2010-11-30,47.75802089434082,48.7118917267511,47.70064944270525,48.48956298828125,3305000
2010-12-01,48.919866377924976,49.343014239374014,48.77642957811086,48.99158477783203,3038100
2010-12-02,49.14222268465052,49.56537078397385,48.86251693754114,49.49365234375,3288800
2010-12-03,49.39324066792337,49.672946388048445,48.9414041417477,49.04898452758789,3092300
2010-12-06,49.00594957172812,49.7805217047847,49.00594957172812,49.622737884521484,3366000
2010-12-07,49.9884988598429,50.24668954690226,49.57252983892696,49.94546890258789,5115400
2010-12-08,49.759012541547925,49.99568832563892,49.14939757457696,49.66577911376953,3691400
2010-12-09,49.98849482264914,51.014084004593414,49.68727420266209,50.9351921081543,6777000
2010-12-10,50.74154214691698,51.12165459069799,50.648308774290946,51.10013961791992,3555900
2010-12-13,51.014088296021185,51.272278983948055,50.583772306731305,50.73438262939453,5797100
2010-12-14,50.7056972776435,51.30814407701694,50.633978853656544,51.071468353271484,2682500
2010-12-15,50.92802235663547,51.243584459843795,50.841956980252824,50.95671081542969,3522600
2010-12-16,50.95672618743556,51.80301682598951,50.92803771998695,51.724124908447266,3449700
2010-12-17,51.58784676427547,51.953617818657314,51.42288947409866,51.52329635620117,6457100
2010-12-20,51.55914245287848,52.032493727367694,51.46590908294713,51.8603630065918,2631800
2010-12-21,52.04684484502614,52.19028166710708,51.824516129271494,51.86754608154297,2200500
2010-12-22,51.87471190083226,52.0253221832971,51.638036254774704,51.8316764831543,1947900
2010-12-23,51.75280539508097,51.96078717642049,51.59502158432837,51.810176849365234,1379400
2010-12-27,51.55199223826018,51.83169794605536,51.43724384438381,51.6954345703125,1155800
2010-12-28,51.80300057131695,52.26200496293752,51.73845017187071,52.14725112915039,1974500
2010-12-29,52.276340663477605,52.46998636859428,52.04683849309872,52.140071868896484,1526400
2010-12-30,52.14725852235645,52.33373079281575,52.075540101953564,52.24766540527344,1424800
2010-12-31,52.13291036178391,52.348065595484954,51.77431283385146,51.78865432739258,1304200
2011-01-03,52.17593809073326,52.67797241973926,51.91774744388337,51.97512435913086,3405500
2011-01-04,52.01816217985329,52.01816217985329,51.465924334395005,51.874725341796875,3966700
2011-01-05,51.63089937486711,51.709791312813586,50.84915895382832,50.91370391845703,4270100
2011-01-06,50.461858301638244,51.10016163733174,50.210841058123755,50.66984558105469,3280400
2011-01-07,50.885000873310446,51.05713167323369,50.52640324778531,50.66984558105469,2342700
2011-01-10,50.404493119129754,50.63399543409909,50.21802077829004,50.547935485839844,2073200
2011-01-11,50.59812261698697,51.100157059036405,50.433165316447855,50.97106170654297,2065500
2011-01-12,51.06430578655632,51.40856195576442,50.99976083269827,51.27229309082031,1629900
2011-01-13,51.15036342727678,51.45875759409809,51.10015998020193,51.35117721557617,1923100
2011-01-14,51.17186956505469,52.01098652333098,51.07146268825741,52.00381851196289,2454700
2011-01-18,52.02532180000773,52.29068589864116,51.838849582812266,52.06835174560547,2416600
2011-01-19,51.9105763979784,51.989468292205565,51.537637374893315,51.68824768066406,2310500
2011-01-20,51.48744301229805,52.30504508584647,51.48744301229805,51.896244049072266,2306800
2011-01-21,51.982310565304786,52.3265611975251,51.881898203161626,52.19029235839844,2182900
2011-01-24,52.25484704037577,52.276362022676416,51.91776439295754,52.08272171020508,2212600
2011-01-25,52.003826121508894,52.07554454803493,51.43006776577024,51.96796417236328,2820000
2011-01-26,51.9751413269363,52.34091244134392,51.79584251207686,52.08272171020508,2093700
2011-01-27,52.24048784594014,52.85727606246015,52.183116397152745,52.441307067871094,2854500
2011-01-28,52.591930770970365,52.77122958952262,51.45876092449636,51.58785629272461,2426000
2011-01-31,51.81017550725037,51.9464443351458,51.35834453778905,51.52329635620117,2309000
2011-02-01,51.79582372774653,52.089870832158454,51.56632154682858,51.946434020996094,1997700
2011-02-02,51.74561471197681,51.98229034943855,50.590930449920116,50.81325912475586,4454800
2011-02-03,51.473086028681365,53.24455866726177,51.473086028681365,53.09394836425781,3780100
2011-02-04,53.15850810489593,53.373663373382016,52.692330148862034,53.16567611694336,1874300
2011-02-07,53.0437522533472,53.27325448081499,52.79990853055973,53.251739501953125,2447000
2011-02-08,53.23741619287268,53.660558846410225,53.1585242622527,53.646217346191406,1771400
2011-02-09,53.477205926631896,53.77206125329447,53.30460755280983,53.70014572143555,1746000
2011-02-10,53.53472948106695,53.685753712794565,53.175146409295785,53.61383819580078,1938600
2011-02-11,53.2614319501847,53.98059794675453,53.2614319501847,53.966217041015625,1678200
2011-02-14,53.97341791260117,54.01656612275492,53.59225527130281,53.69294357299805,1220000
2011-02-15,53.47000453615635,53.60664786651781,53.30459938690016,53.455623626708984,1460200
2011-02-16,53.58505368152686,54.00935893627601,53.50594499220066,53.90867614746094,1435000
2011-02-17,53.41965643954142,53.9446501009303,53.26143902140226,53.8223876953125,1360100
2011-02-18,53.8080047338185,54.28265697011857,53.43404079441979,54.24669647216797,2130900
2011-02-22,54.01657820321878,54.23233027584287,53.103233980820335,53.13919448852539,2115700
2011-02-23,53.07447970057559,53.07447970057559,52.07483889652346,52.38407516479492,2783600
2011-02-24,52.348109318740505,52.880290780218935,51.99571941056721,52.4847526550293,1848000
2011-02-25,52.67890945805373,53.239858059718884,52.67171626175514,52.90904235839844,1818100
2011-02-28,53.16794333666981,53.901490252648266,53.11040873903979,53.78642654418945,3306600
2011-03-01,54.016563217552516,54.217928836509024,52.80836401701186,52.94500732421875,3507200
2011-03-02,52.85873957430403,53.052912121811296,50.960140387722426,51.607391357421875,6197500
2011-03-03,51.959748785680105,52.211455813925134,51.506676134839054,52.132347106933594,2985400
2011-03-04,52.139548033018166,52.39844829667804,51.93098918246979,52.36248779296875,2678000
2011-03-07,52.491940396596284,52.491940396596284,51.801541489927196,51.91661071777344,3105000
2011-03-08,51.84467864326079,53.26143665966401,51.84467864326079,52.94500732421875,2615800
2011-03-09,52.844329393812906,53.39808489707108,52.55666184582853,53.3333625793457,1926400
2011-03-10,52.865910281132095,53.347750330903075,52.585435894739874,52.77241516113281,2372300
2011-03-11,52.56385917218845,52.945021897905676,52.16832102230535,52.175514221191406,2068600
2011-03-14,51.95975486214626,52.11797229463218,51.44914754890685,51.664894104003906,2217400
2011-03-15,50.88819428236636,51.75838459657217,50.81627877041913,51.463523864746094,2542200
2011-03-16,51.16147259957917,51.19743309696955,50.010808011507415,50.16902542114258,3980200
2011-03-17,50.67242431640625,51.05358133287897,50.39914327305597,50.67242431640625,2346600
2011-03-18,51.082360646880666,51.2261971404953,50.449496535379886,50.8162727355957,4766800
2011-03-21,51.13990668943083,51.197441299752924,50.60772526095756,51.08956527709961,2553200
2011-03-22,51.10394542194452,51.700854649803105,51.00326259878794,51.45634078979492,1929300
2011-03-23,51.413189893729125,51.44915039830474,50.62930137256524,51.003265380859375,2494900
2011-03-24,51.197430772571664,52.0172795972762,51.13270297756799,51.85906219482422,2118700
2011-03-25,51.95255016309369,52.0460452543934,51.355646554677996,51.3916015625,2122100
2011-03-28,51.41317732909571,51.643310236451576,51.05359431842709,51.247772216796875,1328200
2011-03-29,51.2333861195902,51.74399333927181,50.90257040628105,51.708038330078125,1334600
2011-03-30,51.974137397478934,52.48475021349884,51.974137397478934,52.36248779296875,1769700
2011-03-31,52.182680380150366,52.829930842482064,51.8374837914407,52.729248046875,2323500
2011-04-01,52.614175527149605,53.45559824374269,52.59978913773096,53.39806365966797,2474600
2011-04-04,53.66417751304545,53.85115675257516,53.17514433504078,53.34054946899414,1287100
2011-04-05,53.47002810978985,54.527203741337175,53.47002810978985,53.88714599609375,3386300
2011-04-06,54.16039644847205,54.613474596443716,53.75766519409886,53.93026351928711,1980700
2011-04-07,54.92273754113982,56.425792617735944,54.9011579411681,55.96552658081055,5923000
2011-04-08,55.498046969114945,55.58434887690626,54.80764816719025,54.95148468017578,2933400
2011-04-11,54.77169518387136,55.1025109457951,54.419299829098584,54.80045700073242,2423900
2011-04-12,54.47682963017444,55.26071801032998,54.469636433192726,54.98024368286133,2108000
2011-04-13,55.18880532469849,55.18880532469849,54.6278566410598,54.95148468017578,1285900
2011-04-14,54.62784577147881,54.99462194811015,54.41209927513162,54.901126861572266,1590700
2011-04-15,54.90113179196299,55.397358105686536,54.82921628672222,55.354209899902344,2137000
2011-04-18,54.65663191307213,55.41894633924073,54.65663191307213,55.30388259887695,1641500
2011-04-19,55.43331828739673,55.48365968945996,54.98743337855005,55.1672248840332,1794500
2011-04-20,55.74254081807246,56.57677026485743,55.663432143791205,56.49766159057617,2477700
2011-04-21,56.56241703448501,56.78535677826979,56.130918455274866,56.72063446044922,1790700
2011-04-25,56.555205131813416,56.72061570065044,56.35383956056856,56.5695915222168,1610300
2011-04-26,56.77096424531913,57.53327842872339,56.34665346377078,57.37506103515625,2800000
2011-04-27,57.75624455382071,58.46102995124679,57.65556170944605,58.32438659667969,3069400
2011-04-28,58.202110073950685,58.61203451303605,58.15176866868763,58.58326721191406,2500000
2011-04-29,58.38189099453514,58.604830679264836,57.92162523372507,58.17333221435547,6513700
2011-05-02,58.4034611077643,58.453802500453754,57.93600218319063,58.28120422363281,2154800
2011-05-03,58.19491396618731,58.36751776428595,57.626772142749076,57.90005874633789,2700000
2011-05-04,57.727461787914656,58.194920861248285,57.61239806235062,57.63397216796875,2187700
2011-05-05,57.56925009512795,58.19492110791384,57.080216914103374,57.25281524658203,3300000
2011-05-06,57.84974206616127,58.1230232997377,57.583648545476294,57.856929779052734,2214700
2011-05-09,57.8713133624177,58.61205377767026,57.770630518799116,58.540138244628906,1519700
2011-05-10,58.741503157248175,59.475050363482346,58.6480135142076,59.137046813964844,2069300
2011-05-11,59.165892588910516,59.33899618565152,58.56002724888496,58.92787170410156,1600000
2011-05-12,58.949532380232355,60.15405467426966,58.77642322802885,60.096351623535156,2500000
2011-05-13,60.060262527723026,60.291069138203824,59.555374786941165,59.66356658935547,2215700
2011-05-16,59.54094888983416,59.61307492031986,59.216373498353434,59.36783981323242,1768100
2011-05-17,59.26685822594918,59.77896016117714,59.18030919641731,59.65634536743164,1538300
2011-05-18,59.598674366643905,60.132419348885065,59.18034099246658,60.03865051269531,1630900
2011-05-19,60.11073760094348,60.51465320436937,59.93763405825376,60.485801696777344,1137300
2011-05-20,60.42089288405548,60.55072193495617,59.36783747246686,60.15402603149414,2223400
2011-05-23,59.59144247239944,60.06747871432713,59.34620734551367,59.605865478515625,2400000
2011-05-24,59.84387644413997,59.84387644413997,58.617712018422466,58.6754150390625,3623100
2011-05-25,57.93973607526782,58.2570917668071,57.08142130105667,57.93252182006836,5232000
2011-05-26,57.744965833274726,58.36525945525493,57.42039602071252,58.285919189453125,2353600
2011-05-27,58.37247522081632,59.007191860824065,58.28592070055344,58.80523681640625,1736000
2011-05-31,59.1009457504504,59.50485573757178,58.89899075688972,59.49043273925781,2230300
2011-06-01,59.389486075044445,59.51210639860808,57.802691152360616,57.853179931640625,2708800
2011-06-02,58.300354451075926,58.321991707372945,56.95878953203306,56.98042678833008,4003400
2011-06-03,56.691944176438376,56.872262068540834,56.0860787003495,56.12213897705078,3377400
2011-06-06,55.93460212048176,56.36736388195405,55.76149301360137,56.035579681396484,2496700
2011-06-07,56.31684001741157,56.944342254624516,56.136522270559865,56.518795013427734,2467000
2011-06-08,56.52605564941901,57.456496647037575,56.43950107887352,56.92996597290039,2517700
2011-06-09,56.98043793478282,57.48532569002144,56.720779802699006,57.0020751953125,1843700
2011-06-10,57.05253843537737,57.182367443310675,56.42503614941754,56.47552490234375,2121900
2011-06-13,56.38898036598813,56.99484550822299,56.29521709479341,56.58372116088867,1381100
2011-06-14,57.081392669534125,57.283347690905096,56.83616314440126,57.15351867675781,1746900
2011-06-15,56.655854058334235,56.95157238413344,56.07162065369746,56.20866394042969,1765800
2011-06-16,56.1726079192626,56.91552199463786,56.07884462953023,56.87224197387695,2191800
2011-06-17,57.68728289220332,58.17774761244591,57.14632939941503,57.43483352661133,4217400
2011-06-20,57.49253588656895,58.6393601394717,57.44204711460867,58.603294372558594,2178600
2011-06-21,58.70423126220703,58.74029700414363,58.091152169302234,58.70423126220703,2242000
2011-06-22,58.49510183135298,58.68263391176385,58.06234014821227,58.07676315307617,1545700
2011-06-23,57.52136892306639,58.12723399197963,57.21122213697175,57.990196228027344,2315900
2011-06-24,58.51674236974113,58.51674236974113,57.07419967651367,57.07419967651367,2462600
2011-06-27,56.94438329052578,57.744995103722104,56.92274602576883,57.593528747558594,1841200
2011-06-28,57.69449234008788,57.82432140003941,57.43483422018484,57.69449234008789,1786600
2011-06-29,57.84596534489857,58.19217804573614,57.61515871196159,57.723350524902344,2262000
2011-06-30,57.896439177479856,58.66819917302065,57.68727536341962,58.596073150634766,2410500
2011-07-01,58.78360652815676,58.92785857616045,58.45182241545795,58.81245803833008,2087500
2011-07-05,58.920635382640576,59.10816189850471,58.40131933254579,58.63212585449219,1860800
2011-07-06,58.68985326138261,59.82224909030519,58.68985326138261,59.605865478515625,2155600
2011-07-07,60.00976788686707,60.19008570564114,58.862949200838244,59.18751907348633,3197400
2011-07-08,58.84850484725964,59.14422863179219,58.35804579501146,58.71868133544922,1992300
2011-07-11,58.19218063354493,58.48069031326224,58.019077026860316,58.19218063354492,1590300
2011-07-12,58.34363520688132,58.971143220956826,58.170531635119,58.21380615234375,1725100
2011-07-13,58.415755567163224,58.82687994948778,57.925290909051235,58.30756378173828,1448500
2011-07-14,58.329207284585166,58.76196892893819,57.79546260378234,57.939720153808594,1558500
2011-07-15,57.961343542295246,58.11280980643461,57.268923976431765,57.6007080078125,2212200
2011-07-18,57.36270894910668,57.564664044409575,56.843392702405744,57.059776306152344,1486900
2011-07-19,57.528587792520625,58.38689670904413,57.48530778208013,58.285919189453125,1839400
2011-07-20,58.29315371135421,58.336428233980016,57.59351958029556,58.19939041137695,1562400
2011-07-21,58.329208935291476,59.23079801273461,58.18495138118276,58.798030853271484,1729600
2011-07-22,58.906219482421875,59.02162551951653,58.53116086758968,58.906219482421875,991500
2011-07-25,58.56721804468772,58.84851336672319,58.466240518975624,58.53837203979492,1174200
2011-07-26,58.394118460500195,58.83409435359131,58.00463133368858,58.0984001159668,1127100
2011-07-27,57.74498047025385,57.91087529612495,56.49718416065176,56.54045867919922,2309200
2011-07-28,56.540451637181135,57.21123410543943,56.43947410457131,56.49717712402344,1985600
2011-07-29,55.89854145964114,56.92274567279474,55.67494905471933,56.43949508666992,2434000
2011-08-01,57.211215469086156,57.23285271861674,55.58114146916261,56.04996871948242,2554400
2011-08-02,55.754262085501644,56.07883190179482,54.65071260380809,54.693992614746094,3445100
2011-08-03,54.94001708951519,55.93129819062653,54.346696964848086,55.77211380004883,3809400
2011-08-04,55.070239354050585,56.640365718566954,54.84593716492924,55.35966491699219,5799000
2011-08-05,56.03981653906083,56.09770276387359,54.10790932869238,55.52608871459961,3586500
2011-08-08,54.701240698142335,55.33074110302819,50.982135546338526,51.09790802001953,8417500
2011-08-09,51.8214716778,54.02109909057617,51.163028125800196,54.02109909057617,5714800
2011-08-10,52.79826596661755,52.92127005580024,50.808472503834885,50.93147659301758,4918600
2011-08-11,51.083421160063445,53.1021576315251,50.873587743280616,52.53778076171875,4324100
2011-08-12,52.83444579939073,53.11663979632738,51.879345066199654,52.66802978515625,3012700
2011-08-15,52.94298170445469,53.601425170898445,52.58843819501146,53.60142517089844,2615200
2011-08-16,53.49288823045928,54.70847146028397,53.0876956606293,54.3683967590332,2847500
2011-08-17,54.71569971757539,56.00363776529069,54.50586630795503,55.07748031616211,3584500
2011-08-18,53.919779222215716,54.542042307696434,52.42924488832813,53.804012298583984,4974400
2011-08-19,53.109394195791694,54.621634482839355,53.109394195791694,53.804012298583984,3734400
2011-08-22,54.968953417695005,54.98342221489871,53.34817763448061,53.84743118286133,2455700
2011-08-23,53.970429163252824,55.591210283102484,53.65930313579141,55.149837493896484,3399300
2011-08-24,55.14985081289172,56.09771448075629,54.80977607150463,56.06877136230469,2488100
2011-08-25,56.27136941130534,56.81404047830019,54.82424656598573,54.88936996459961,2077600
2011-08-26,54.83147606517436,56.19900652131121,54.30327939181715,55.86616897583008,2177700
2011-08-29,56.33648433726874,56.51737466572894,55.9891724776779,56.28583526611328,2613600
2011-08-30,56.148343956435376,56.82849320176775,55.8733927076344,56.48841857910156,2241100
2011-08-31,56.611439666732934,57.19029096701858,56.45225528313762,56.82851028442383,2693400
2011-09-01,57.14685593833821,58.543329029158194,57.00214041163002,57.508636474609375,3998300
2011-09-02,56.604193179937205,57.65335467612351,56.49565789956153,56.84296417236328,2459300
2011-09-06,55.735922464688265,56.821264344759825,55.417553746693635,56.727203369140625,2242600
2011-09-07,57.35671114573364,58.32628631591796,57.07452263448896,58.32628631591797,2038400
2011-09-08,58.09472457538594,58.94852694113982,58.0078952512923,58.43479919433594,2340900
2011-09-09,57.84869827344726,57.94276473407219,56.7995370582119,57.08896255493164,2494400
2011-09-12,56.45948035572883,57.798067490699815,56.45224319793242,57.68230056762695,2215800
2011-09-13,57.935541904344085,58.456506823192726,57.37840223966813,58.39862060546875,2353600
2011-09-14,58.56504831745708,59.70827087701303,57.834249922042,59.259666442871094,2738300
2011-09-15,59.97600633466499,60.26543200997734,59.4043921440154,60.062835693359375,2440300
2011-09-16,60.24368739467823,61.47373882506661,60.02661689739461,60.95277404785156,4399100
2011-09-19,60.44630556527948,61.74871246166308,60.359476230720276,61.524410247802734,2567700
2011-09-20,61.61126530604579,62.47229977183367,61.285659305753654,61.55337905883789,3318300
2011-09-21,61.553353555917646,62.356506962069716,61.06133169917884,61.090274810791016,2639000
2011-09-22,59.86021360944912,60.61994946973229,59.13665249279854,60.185813903808594,4549800
2011-09-23,59.83851299112601,60.706789800776505,59.67209699550193,60.32330322265625,2827400
2011-09-26,60.63444114271085,61.32182219218848,60.31607239373099,61.10475158691406,3125000
2011-09-27,61.94407121794312,62.18284772511711,60.742957045128634,61.017913818359375,2494200
2011-09-28,61.20606220391582,61.719795706404305,60.61274201829806,60.62721633911133,2141000
2011-09-29,61.48824511686993,61.698073047625435,59.32479273511077,60.04112243652344,2434200
2011-09-30,59.60697674726275,60.547608627100345,59.34649424270263,59.42608642578125,2764100
2011-10-03,59.12944301214929,60.21478519513195,58.738719163835235,59.0643196105957,3235000
2011-10-04,58.3696810886136,59.17283446787486,56.87914677266357,59.078773498535156,4717800
2011-10-05,58.60122202950634,59.17283605933015,56.886385460368956,58.06578826904297,5043100
2011-10-06,57.74742215532563,57.884900560664185,56.73444081178145,57.30604934692383,4214800
2011-10-07,57.385660522799434,57.66061742449362,56.9587618896117,57.17582702636719,3353600
2011-10-10,57.88488171151648,58.8399820389432,57.77634645424088,58.774864196777344,2324400
2011-10-11,58.59400760825969,58.651888327775495,58.06580533020236,58.5361213684082,1983800
2011-10-12,58.977476896339276,59.69380096219204,58.76040632107041,58.912353515625,2454000
2011-10-13,58.92684187431093,59.29585421173946,58.81106940115546,59.093257904052734,1839100
2011-10-14,59.382658915795204,59.918092581032745,58.745927138764976,59.16558837890625,2227700
2011-10-17,59.0209074575848,59.715525789520655,58.99920149726427,59.59252166748047,2278000
2011-10-18,59.58527839772456,61.502717154247556,59.46951144777323,61.191585540771484,3544500
2011-10-19,61.06131811951183,61.495453656477174,60.90213380121354,61.054080963134766,2704000
2011-10-20,61.054101351042064,61.75595670500208,60.619965669105,60.96727752685547,2419600
2011-10-21,61.33626510323178,61.719757080078125,61.01066485307197,61.719757080078125,2957200
2011-10-24,61.37970637988681,61.63295173072089,60.89492163395663,61.126461029052734,3025600
2011-10-25,60.38116364727083,61.14090491050472,60.09174366159351,60.22198486328125,2193000
2011-10-26,60.35225423133612,60.873213760886266,59.41162227789524,60.58379364013672,2421100
2011-10-27,61.502711380420834,62.327570832602056,60.82256198217731,61.661895751953125,3728300
2011-10-28,61.249437806277946,61.63292424082955,60.967249466878386,61.45203399658203,1904900
2011-10-31,61.17709715280951,61.71976801275637,60.23646545410157,60.23646545410156,3073100
2011-11-01,59.59975085346076,60.9528070555402,59.32479400529356,60.308837890625,2790400
2011-11-02,60.80808637298992,61.336282978993374,60.460774553977906,61.090274810791016,2620900
2011-11-03,60.69955026583526,61.32905051415791,59.96875188840331,61.2856330871582,2623300
2011-11-04,61.155398082871294,61.27117053956387,60.417367992627135,60.64167022705078,2097100
2011-11-07,60.5548380753885,60.988973687600016,60.207526273419,60.89491271972656,2055200
2011-11-08,61.05456133545925,61.700372159300265,60.474054611589324,61.67860412597656,2499400
2011-11-09,60.64092784117019,60.98197498983597,60.060421349468406,60.52482986450195,2850300
2011-11-10,60.96748259676907,61.040050088071894,59.8282427384558,60.024166107177734,2502500
2011-11-11,60.48132959275469,60.74255713884788,59.99515825712947,60.256385803222656,2500700
2011-11-14,60.03865896586185,60.94569698429272,60.02414879346007,60.553855895996094,1539500
2011-11-15,60.52484132021461,61.482673337530066,60.33617584428424,61.301265716552734,1724100
2011-11-16,60.90942257414085,61.214186038622664,60.12574034879811,60.18379211425781,2459300
2011-11-17,59.96610733854329,60.35069063868057,58.91394527076691,59.4871940612793,2312000
2011-11-18,59.54524614361457,59.67585987498794,59.09535870809024,59.29853439331055,2355900
2011-11-21,58.93569825363346,59.36381750527178,58.62367697988408,58.98649215698242,1872400
2011-11-22,58.935688497454926,59.58149896289327,58.8123326863306,59.363807678222656,1635300
2011-11-23,58.98649284387461,59.23320450983669,58.34794011774894,58.60190963745117,2183600
2011-11-25,58.30442995488958,59.233236433882794,58.268151738877116,58.645477294921875,826800
2011-11-28,60.05319680962837,60.09673287900155,59.31305041354771,59.66861343383789,2005400
2011-11-29,59.96611905310422,60.706265448177035,59.50897371694002,60.59741973876953,1917300
2011-11-30,61.62779312712781,62.273603772028764,61.315771818323455,61.896278381347656,3558500
2011-12-01,61.678594768665256,63.6232848016398,61.64956888326306,63.195159912109375,3572400
2011-12-02,63.60154280477158,64.34894166740561,62.854143942137554,62.933963775634766,2616600
2011-12-05,63.70311120096634,63.99336454893177,62.87589275774425,63.274986267089844,1818900
2011-12-06,63.536217271604166,64.14574988995223,63.079071959934964,63.89903259277344,2350500
2011-12-07,63.63053343838639,63.84096692497404,62.542087806042424,63.47089385986328,2715800
2011-12-08,61.5842726572444,63.093580138039606,60.95297202540581,62.23008346557617,4377800
2011-12-09,61.44640215949371,61.89629514448631,61.04730309731298,61.221458435058594,3893100
2011-12-12,61.0255105495205,61.38832571989353,60.60464362321894,61.06179428100586,2535900
2011-12-13,61.38833739523768,61.46815719079015,60.50306732538023,60.68447494506836,2491200
2011-12-14,60.64095349897057,60.894923120502135,60.045936584472656,60.045936584472656,1891000
2011-12-15,60.29990854030518,60.46680603298538,59.864531238522304,59.91532516479492,1912000
2011-12-16,60.278140505634454,60.68449191581544,59.73391749437516,59.91532516479492,3874600
2011-12-19,60.08221676202931,60.503078308653684,59.39286436040186,59.54524612426758,2236700
2011-12-20,60.33619588236636,60.88767678340214,60.16204605850567,60.69175338745117,2909500
2011-12-21,60.655464874575244,61.250487336952105,60.198319546786166,60.800594329833984,2642200
2011-12-22,60.91669315010839,60.95297689842558,60.365217821321465,60.78607940673828,1677900
2011-12-23,60.728029791243834,61.46091274871618,60.61192623196758,61.43189239501953,1043100
2011-12-27,61.315765686126824,61.49717327691418,60.851362696600816,61.373817443847656,986700
2011-12-28,61.37382951194971,61.43188128108542,60.97473051929347,61.08357620239258,1142900
2011-12-29,61.0980696400866,61.24319902317074,60.662692563073996,61.19965744018555,1021300
2011-12-30,61.04006727139371,61.19970140328035,60.43053449681939,60.45956039428711,1235500
2012-01-03,61.1561346544751,61.73664124044945,61.06906254186372,61.388336181640625,2339500
2012-01-04,61.43913468073912,61.642310340166176,60.96022141724984,61.00375747680664,2260200
2012-01-05,60.64095172006003,60.6917456428763,59.574273804796036,60.41600799560547,3590500
2012-01-06,60.35067460251369,60.35067460251369,58.863135713545866,58.87038803100586,3397400
2012-01-09,58.29715378889151,58.776072593286266,57.18693997013111,57.332069396972656,4798300
2012-01-10,57.5933211569348,57.84729084103388,57.41916577116064,57.43368148803711,3647500
2012-01-11,57.55702261304073,58.166555234398395,57.31031085076624,58.04319381713867,2415500
2012-01-12,58.188326952398384,58.39150266034158,57.88355785436077,58.0141716003418,2502900
2012-01-13,57.95614153028546,58.623720624481486,57.53527428285233,58.493106842041016,2658200
2012-01-17,58.95021972482142,59.32029282651364,58.493074507051965,59.080833435058594,2747800
2012-01-18,58.98652832224236,59.32757568359375,58.47858344120618,59.32757568359375,2418100
2012-01-19,59.28400892873279,59.320292667748745,58.85588959617534,58.92845153808594,1994100
2012-01-20,58.9937542785363,59.26949184007596,58.69624315445452,59.07357406616211,2304400
2012-01-23,58.993755385964455,59.50169446573585,58.93570362367037,59.2404670715332,1916800
2012-01-24,58.96473889517262,59.414626284296176,58.88491909333683,59.3057861328125,1642900
2012-01-25,59.059076048522165,60.08221788577107,58.942978027457805,60.024166107177734,2558300
2012-01-26,60.1039847945641,60.285392447183604,59.356586151551284,59.54524612426758,1952500
2012-01-27,59.596035001239166,59.82098423601034,59.05181208944467,59.22596740722656,2312100
2012-01-30,58.921196859531754,59.26224409463105,58.77607296788685,59.09535217285156,1973300
2012-01-31,59.3348013406525,59.719390141679966,58.86314596210471,59.69761657714844,1844900
2012-02-01,60.16929816237413,60.90944459932356,60.06771030414547,60.38698959350586,3036300
2012-02-02,60.778792065824305,62.32438252504745,60.778792065824305,62.04864501953125,4697900
2012-02-03,62.48403066113714,62.534824564826195,61.65681249470378,61.9398078918457,2347900
2012-02-06,61.43914482824296,61.82372818083781,61.42463465136798,61.7076301574707,1379000
2012-02-07,61.43187762530838,61.678589325271346,61.228696445424596,61.359310150146484,1574900
2012-02-08,61.45391096935663,61.55578794198094,61.01729457926977,61.330204010009766,1662600
2012-02-09,61.322939666286636,61.563080679478375,61.177402686589765,61.512142181396484,1317300
2012-02-10,61.213787900098765,61.352046361164696,60.89359989196342,61.27199935913086,1689300
2012-02-13,61.526670737987665,61.57033070131636,60.57338564091829,61.031837463378906,1556200
2012-02-14,60.740776157722145,61.19922256469727,60.61706919023538,61.199222564697266,1186000
2012-02-15,61.47577250621558,61.50487546623428,60.42788828535137,60.57342529296875,1570300
2012-02-16,60.76990051066563,61.16285705566406,60.76990051066563,61.16285705566406,1771900
2012-02-17,61.082793601163665,61.49758002836181,60.980916622685456,61.46847152709961,1966300
2012-02-21,61.56307634246396,61.628571865029436,60.87176740978553,61.3156623840332,2345800
2012-02-22,61.38115928880303,61.66496029759488,60.92271278657315,61.35205078125,1955300
2012-02-23,61.352050956313825,61.82505448960997,60.980929975684056,61.686790466308594,1996900
2012-02-24,61.846852575430965,61.846852575430965,61.16282243045621,61.41751480102539,1262000
2012-02-27,61.250156938713374,62.03606977090117,61.133728492395896,61.91963577270508,2344500
2012-02-28,61.87600601958051,62.47999518848436,61.548544955509485,62.05065155029297,3529700
2012-02-29,62.72008463168567,63.45505317968348,62.3853453267618,62.62548065185547,5345100
2012-03-01,62.97481043610051,63.15673443012025,62.356269966809315,62.69828796386719,3051100
2012-03-02,62.37080922985006,62.80015265863869,62.37080922985006,62.74921417236328,1956300
2012-03-05,62.581829067950544,63.797079532517124,62.458122133638916,63.76797103881836,3040500
2012-03-06,63.389579994655406,64.00084178644568,63.273146004669705,63.731597900390625,3181300
2012-03-07,63.96444327480742,63.98627325414005,63.45505303224677,63.9571647644043,2173900
2012-03-08,64.04452170882837,64.40109116754616,63.92080917868265,64.25555419921875,1614200
2012-03-09,64.37928274653261,65.14336041406034,64.31378720252661,65.01237487792969,1724100
2012-03-12,64.96868722012395,65.2888751836395,64.80859323836619,65.07784271240234,1354700
2012-03-13,65.33253062322589,65.49262459386703,64.97596122162973,65.47807312011719,1735400
2012-03-14,65.10695473382181,66.19122009814916,65.09967622010868,66.1475601196289,2066800
2012-03-15,66.08932129150803,66.65692303237077,65.68908644762922,66.55504608154297,1834300
2012-03-16,66.4095308637505,66.58417632910393,65.68183494758543,65.81282043457031,3556600
2012-03-19,66.03840737527376,66.04568588929041,65.18700444734941,65.50718688964844,1608300
2012-03-20,65.41989079606233,65.84922889772821,65.18702822948998,65.6818618774414,1500400
2012-03-21,65.75459718637187,66.18393507124776,65.64544169893401,65.9583511352539,1693900
2012-03-22,65.67455947201555,66.28582140496927,65.52902250280167,65.85648345947266,1499300
2012-03-23,65.84918085275079,65.95105780430198,65.36890458856338,65.6890869140625,1601400
2012-03-26,65.9510754774444,66.60600287854632,65.76915150779827,66.59872436523438,1884800
2012-03-27,66.60599621707637,66.78792016852775,66.19848834242639,66.424072265625,1310700
2012-03-28,66.39498513023568,66.57690914022243,65.58724208174412,65.94381713867188,1609000
2012-03-29,65.60908880539047,66.01659688059279,65.00509965687196,65.376220703125,2245600
2012-03-30,65.52174050757779,66.32948341312196,65.4999105185435,66.07479095458984,2556600
2012-04-02,66.17669709558959,67.02082183748759,66.09665006594214,66.83161926269531,2705100
2012-04-03,66.54778405626429,66.77337354773515,65.49990579503118,65.77642822265625,2823000
2012-04-04,65.5945320562216,65.85650312052002,64.74312887319232,64.7940673828125,2529400
2012-04-05,63.60788981923033,64.67032497551176,63.60061130701605,64.5102310180664,2752600
2012-04-09,63.804372261159386,64.13911168546746,63.3313688489428,63.94990921020508,1817700
2012-04-10,63.70249944529406,63.7388809089913,62.85109657884728,63.229496002197266,2812100
2012-04-11,63.673397300721604,63.73888727304297,63.35320929769363,63.54241180419922,1912600
2012-04-12,63.68068133681478,63.71706280729925,63.27316778347571,63.4405403137207,2509800
2012-04-13,63.24405601056218,63.4114229655933,62.603680038257096,62.81471252441406,2737800
2012-04-16,63.062121515908466,63.39686092205166,62.800150580339285,63.22220993041992,1956700
2012-04-17,63.433255899548456,63.935367891706655,63.411425908911944,63.79710388183594,1732900
2012-04-18,63.527864679582784,64.39381916691615,63.447817673342215,64.08818817138672,1620100
2012-04-19,63.99358778457967,63.99358778457967,63.08396778787768,63.39687728881836,1762800
2012-04-20,63.5860554129085,64.08816727893496,63.49873547229745,63.731597900390625,2203100
2012-04-23,63.46961723775235,63.527834223813976,62.8656284990871,63.03300094604492,1712500
2012-04-24,63.17127875807952,63.455079712483794,62.74194084568091,62.89475631713867,1796800
2012-04-25,63.1421829438575,63.63701647310046,62.960258933869355,63.513309478759766,2301900
2012-04-26,63.49874098420282,64.37197377738225,63.30953850999175,64.09545135498047,2443100
2012-04-27,64.32107943988329,64.92506873821074,64.13915535377618,64.53939056396484,1597500
2012-04-30,64.54661992063733,64.76493089722216,64.13183350662914,64.16822052001953,1790700
2012-05-01,63.24406736886943,64.03725341098935,62.85838379270103,63.28772735595703,2970500
2012-05-02,63.22949324108151,63.273153216363276,62.7564898186399,63.047569274902344,2432800
2012-05-03,62.47995938905858,62.53817638323299,61.08278484014171,61.301090240478516,4696600
2012-05-04,61.27928193280785,61.43937594748068,60.63163291118056,60.68257141113281,2796800
2012-05-07,60.67527479510999,60.93724573153375,60.39875238527533,60.50790786743164,2042900
2012-05-08,60.413321348531355,60.631632376045694,59.656522370743104,60.13679885864258,2609500
2012-05-09,59.831177665577215,60.47154827166781,59.743852129886285,60.122257232666016,2416000
2012-05-10,60.68982885686908,61.38841613592707,60.478796415506004,61.039119720458984,2600000
2012-05-11,61.010010423207824,61.890527186682746,60.908133460006745,61.56306076049805,2863800
2012-05-14,61.31566002102701,61.65039947935158,60.95181205955952,61.34476852416992,1656500
2012-05-15,61.199211288608,61.95601553265669,61.18465981647616,61.54850769042969,2165200
2012-05-16,61.76684548280514,62.043373565261525,61.54126145922724,61.78868103027344,2149600
2012-05-17,61.75229616156218,62.00698870545292,60.74079895019531,60.74079895019531,2022500
2012-05-18,60.90813590256117,61.264710839942516,60.15133716039755,60.3550910949707,3152700
2012-05-21,60.53703614277197,61.03914264171694,60.21684810434657,60.92999267578125,1598800
2012-05-22,60.74080377367264,61.31568444803839,60.40606418199413,60.67530822753906,2244800
2012-05-23,60.58403252873029,60.86147004416248,60.05835675612069,60.8249626159668,2915900
2012-05-24,61.511242383813624,62.25594577541403,60.94906493400495,61.679168701171875,3558300
2012-05-25,61.985810946522065,62.10992725008052,61.32871644202189,61.679168701171875,2379600
2012-05-29,62.13913710530129,63.285399889842935,62.117234881751145,63.256195068359375,3151400
2012-05-30,62.715935035187556,63.102889265928724,62.6210179497406,62.65022277832031,3111900
2012-05-31,62.48958414144262,63.55554063515595,62.4822871137221,63.07366943359375,3564700
2012-06-01,62.78894241988979,62.90576173067069,62.182954778279374,62.416587829589844,3096100
2012-06-04,62.38007171624813,63.22698924484885,62.32896467202438,63.197784423828125,2404300
2012-06-05,63.00064285473637,63.489810949616476,62.59908363043262,63.35108947753906,2143800
2012-06-06,63.51174107559109,64.12503129036077,63.4314291954397,64.0885238647461,2187100
2012-06-07,64.28565109674147,64.76021417903738,64.21263625000296,64.34405517578125,1909700
2012-06-08,64.25644833286358,65.12526822035827,64.0301123271667,64.78942108154297,1888800
2012-06-11,65.02304079320217,65.08875302986019,64.13231329133642,64.18342590332031,1569500
2012-06-12,64.42437580587293,64.65800886453356,63.9425100593704,64.61420440673828,1822500
2012-06-13,64.32944811602808,64.54848149043525,63.70155838432758,63.832977294921875,1405000
2012-06-14,64.13962740247385,65.76776157326864,64.11042257763327,65.58523559570312,3117300
2012-06-15,65.96487279652531,66.90670730385555,65.7750442615732,66.76068878173828,3911800
2012-06-18,66.70958641343698,67.23525647201996,66.44674859902052,67.19145202636719,1570900
2012-06-19,67.11845935089967,67.65873473841505,66.76070995905515,67.06735229492188,1821400
2012-06-20,66.93593987545705,67.11846588890778,66.34455737435734,66.7972183227539,1929900
2012-06-21,66.80454027455185,67.42512778600246,65.9138121796506,66.00142669677734,2631700
2012-06-22,66.28614495216951,66.65119696386539,66.01600445822396,66.38835906982422,1539800
2012-06-25,66.25692898366343,66.62198093398663,65.99409113381066,66.34454345703125,1592600
2012-06-26,66.54897289319597,67.0162389526626,66.22042278965638,66.94322967529297,2600100
2012-06-27,67.15495163798936,67.32287239680791,66.43944744536006,66.67308044433594,2087600
2012-06-28,66.31534066264571,67.89966483868822,65.643646390349,67.84125518798828,4408300
2012-06-29,68.2720476918088,69.44021333865453,68.2136380169032,69.35990142822266,3438000
2012-07-02,69.35985986483526,69.76141917636319,68.79768239894601,68.92179870605469,2279300
2012-07-03,69.00212888087047,69.08244076449007,68.70278357460627,68.93641662597656,1120600
2012-07-05,68.23550400140873,69.01671488491937,68.22090437556517,68.6297607421875,1902200
2012-07-06,68.6735862196287,69.1408523732149,68.23552489692312,68.39614868164062,1722000
2012-07-09,68.62978186930475,68.87801457681321,68.03109676091451,68.60787963867188,1511300
2012-07-10,68.97291767537072,69.17734588013522,68.37423268845293,68.48374938964844,1867600
2012-07-11,68.5421607900034,69.15545104004974,68.44724927629743,68.99482727050781,2074100
2012-07-12,68.69548572155746,68.8050024404467,67.97998688928429,68.64437866210938,1895200
2012-07-13,68.71006000656078,69.33794963741511,68.43991963087953,69.22113037109375,1510000
2012-07-16,69.02401944050888,69.6227043815777,68.70277196033769,69.4693832397461,1313900
2012-07-17,69.57890645926133,70.34551224032924,69.29416637340026,70.13378143310547,1767900
2012-07-18,69.85633232377401,70.4039101778263,69.73951304118954,70.06076049804688,1788400
2012-07-19,70.10457384693363,70.36741169587825,69.41097737181633,70.053466796875,1602300
2012-07-20,69.9439812785068,70.38204266372811,69.42560241921271,69.80525970458984,2024400
2012-07-23,69.44020375415376,69.44020375415376,68.534876199088,68.9145278930664,1546900
2012-07-24,69.00942095728473,69.00942095728473,68.21361034794411,68.68817901611328,1278300
2012-07-25,68.76849791041016,68.81230236816405,68.0456909359619,68.44725036621094,1462300
2012-07-26,69.32335689132893,70.18487963926718,69.25765021991212,70.02426147460938,1562100
2012-07-27,70.19948399100504,71.37495159660318,70.14107434805913,70.90038299560547,1564700
2012-07-30,70.90041107409611,71.0391326384676,70.19220919109772,70.42584228515625,1838100
2012-07-31,70.19216969511297,70.51341710752742,69.76870820970285,70.22137451171875,1361900
2012-08-01,70.4038994580256,70.94417463209078,69.81981427453684,70.04615020751953,2839100
2012-08-02,69.79794712883701,70.33822257439384,69.35988580621655,69.87095642089844,1373500
2012-08-03,70.82008277041597,71.09752026463856,70.60835195762068,70.97340393066406,1371600
2012-08-06,70.95148789940085,70.96608752457165,70.39660744866057,70.45501708984375,1071400
2012-08-07,70.61564870565755,70.76896985320171,69.90744704539362,69.94395446777344,1705400
2012-08-08,70.24782346417184,70.5480249254419,69.88172057863629,70.02083587646484,1369700
2012-08-09,70.15998058666581,70.21855840895314,69.596184409444,69.83049011230469,1007000
2012-08-10,69.57419824810077,69.87440533163918,69.20077728222417,69.77922058105469,1214900
2012-08-13,69.61812605414777,70.02083587646484,69.44239264696428,70.02083587646484,830500
2012-08-14,70.29176202413177,70.29176202413177,69.83047434691184,70.05013275146484,1187400
2012-08-15,70.17458638470447,70.94340454700912,69.93296276726181,70.63587951660156,1082300
2012-08-16,70.46018276092367,70.73841901770906,70.07210890538882,70.64323425292969,1638100
2012-08-17,70.87020678304384,70.90681372474832,70.18925510092097,70.39427185058594,1520600
2012-08-20,70.2917471989466,70.3796138940083,70.02815270004766,70.30638885498047,684400
2012-08-21,70.25513395566108,70.38693120375277,69.67669637456066,69.77188110351562,1256200
2012-08-22,69.80117765711282,70.27711252665867,69.59616093454827,69.94761657714844,842300
2012-08-23,69.69135112479353,69.91833314448796,69.33257183224393,69.36917877197266,1155700
2012-08-24,69.3252523699866,70.59197098990394,69.1129119961837,70.47481536865234,1257400
2012-08-27,70.401596658609,70.91413854139971,70.1672909998636,70.7603759765625,1112100
2012-08-28,70.52606262420957,71.11914753620952,70.44551953908774,70.70911407470703,908000
2012-08-29,69.9988675859782,71.22164983035735,69.9988675859782,71.10449981689453,1494700
2012-08-30,71.43399271247603,72.53230136100136,70.69446891126204,72.18816375732422,2426400
2012-08-31,72.6933951875993,72.6933951875993,71.54383223772477,71.6609878540039,1692600
2012-09-04,71.60241039223176,72.20281896284857,71.07522128899997,71.86600494384766,1184800
2012-09-05,71.93922449792184,72.10763430076888,71.58776323324803,71.9172592163086,1156500
2012-09-06,72.28334428392915,73.21324302233144,72.28334428392915,73.20592498779297,1462500
2012-09-07,73.22056539535595,73.22056539535595,72.61283336186591,73.01554870605469,937600
2012-09-10,72.8471850317709,73.74047738850851,72.7373529969395,73.55010223388672,1288500
2012-09-11,73.49148943256603,73.61596306308036,72.82517955224888,72.86911010742188,1626900
2012-09-12,73.21325186256392,73.92349233856721,72.85447260685122,73.87223815917969,1770600
2012-09-13,73.7990084495894,75.3366392039107,73.61595703630624,75.234130859375,1901900
2012-09-14,75.18290594756566,75.32934490067048,74.6483931547859,74.81680297851562,3195300
2012-09-17,74.75821000648193,75.25611016689857,74.67034888694695,74.8680419921875,1306900
2012-09-18,74.83142060832262,74.83874422951237,74.46531775684102,74.67765808105469,1464100
2012-09-19,74.97784931791277,74.99249097092407,74.47262570160575,74.59709930419922,1664000
2012-09-20,74.37748889425588,75.1829143994524,74.31891107191358,75.15362548828125,1356100
2012-09-21,75.2414766042789,75.79063100560325,74.74357639029334,74.94859313964844,3328600
2012-09-24,75.23415357812728,75.38059251846022,74.84608535858625,75.13164520263672,1223800
2012-09-25,75.03648125781771,75.49776907544127,74.26766264215608,74.27498626708984,1790400
2012-09-26,74.58247138268665,75.24877564993221,73.92348515015156,73.95277404785156,1635200
2012-09-27,73.99669592605014,74.46530706173925,73.31574449664477,73.44022369384766,1821100
2012-09-28,73.38165333102245,73.55738112811694,73.03751577142653,73.33772277832031,1788700
2012-10-01,73.68187052362548,74.58980977324913,73.43292322331028,73.59400939941406,1873600
2012-10-02,73.85027665645035,74.22370317467441,72.73000268806501,72.84715270996094,2050700
2012-10-03,72.67140370210194,73.19126899274008,72.30530091267069,72.94232177734375,2787900
2012-10-04,73.22057798300257,74.45800753852707,73.19128908145495,74.30424499511719,2051800
2012-10-05,74.53851258306499,74.97783470951283,74.34813761330015,74.53118896484375,1192300
2012-10-08,74.38478085869228,74.51657811962008,73.99671269770676,74.20905303955078,813100
2012-10-09,74.20904120076793,74.51656623177686,72.89839242237944,72.95697021484375,1606500
2012-10-10,74.97787160565278,76.46424841781803,74.17244637977305,74.3628158569336,5739800
2012-10-11,74.5604988925435,74.68497250601168,71.97581397315095,71.9904556274414,4753200
2012-10-12,71.80007179557006,72.1076023607971,70.42352742343475,71.42665100097656,7552500
2012-10-15,71.80739228181295,71.85132282366366,70.61389934249729,70.66515350341797,4005200
2012-10-16,71.00201390168783,71.40472383396497,70.66519982538237,71.02397918701172,3788300
2012-10-17,71.13381036804446,71.28757294980173,70.13068618844157,70.8628921508789,4113700
2012-10-18,70.92878570597138,71.2875650235132,70.47481604867225,70.53339385986328,2804300
2012-10-19,70.36500270146429,70.46019306645445,69.16418518517591,69.39849090576172,3859900
2012-10-22,69.32525701120336,69.79386835500758,68.92254151904919,69.55956268310547,3097700
2012-10-23,69.17149493493474,70.15264819736234,68.7102016249173,69.69136047363281,3357400
2012-10-24,69.58883100729001,70.47479924168832,69.1934392554758,70.01351165771484,4327600
2012-10-25,70.29174276386061,70.75303031468556,70.12333300552311,70.74571228027344,2734800
2012-10-26,70.5992837203483,71.4047090039119,70.37962532644208,70.98003387451172,2998900
2012-10-31,71.6756226168272,72.32728530739203,71.31684335249399,72.07101440429688,3534300
2012-11-01,72.1881835538905,72.341951722785,71.1191635131836,71.1191635131836,2941200
2012-11-02,71.64634408378441,71.84404279927233,70.32105323149979,70.37963104248047,2025500
2012-11-05,70.11604785950942,71.6097487642261,69.88906020169003,71.5584945678711,2199500
2012-11-06,71.74150238811232,72.92767180622361,71.69756625635206,72.33458709716797,2410300
2012-11-07,71.7048940807775,71.84401493132042,70.33566760823004,71.24360656738281,2620100
2012-11-08,70.9946766084239,71.34613786480004,69.36917877197266,69.36917877197266,2906000
2012-11-09,69.20076150253352,70.43818532311462,69.14218370647548,69.89635467529297,2542800
2012-11-12,69.86707582308648,70.40891213510206,69.62544656931901,70.27711486816406,1632800
2012-11-13,69.89636377056063,70.75304320081209,69.74260122561448,70.06477355957031,2328400
2012-11-14,70.20062486620739,70.47232386648825,69.14321338900236,69.370849609375,3587500
2012-11-15,69.02571273455207,70.40622497238373,68.6658994176893,70.2740478515625,2445500
2012-11-16,70.14186276519513,70.66323206206114,69.49566669366844,70.2667007446289,3105400
2012-11-19,70.99365513386796,71.10380362956704,70.0317031830255,70.91287994384766,2877500
2012-11-20,71.0744392311132,71.31676483154297,70.64118992103703,71.31676483154297,1783200
2012-11-21,71.39020916371516,71.52238628030312,70.83947211166311,71.03773498535156,1045500
2012-11-23,71.22864365537762,71.91155767946792,70.90554286046606,71.90421295166016,671900
2012-11-26,71.49301112244758,71.61784350645551,70.36950846160256,70.68526458740234,1531200
2012-11-27,70.71465260702148,71.47099739991299,70.32546031333105,70.86885833740234,2428000
2012-11-28,73.75469052641337,75.35549940681462,73.43158973879923,75.32612609863281,10407800
2012-11-29,75.69329344862096,75.7887525102788,74.57713000862496,74.8121109008789,6360500
2012-11-30,75.25272341465477,76.73603961000813,74.65058438056647,76.31013488769531,4951400
2012-12-03,76.9710268504448,76.9710268504448,76.29545726477015,76.80213165283203,4268800
2012-12-04,76.77276146625599,77.04445487655128,76.3835691716378,76.66261291503906,3850200
2012-12-05,76.78008994431713,77.81547833879281,76.58917179123755,77.80078887939453,8470800
2012-12-06,77.39976816120311,78.33541749357248,77.11671286774465,77.42335510253906,5057500
2012-12-07,77.74578301478874,77.84800117509168,77.18753628850051,77.49417877197266,3093800
2012-12-10,77.76147929455183,78.05239301750797,77.4862882057896,77.80078887939453,2317000
2012-12-11,77.84013146989125,78.3512042398917,77.1089057524981,77.297607421875,4021200
2012-12-12,77.8558182699779,78.14673795866587,76.46413435104395,76.83367919921875,5390300
2012-12-13,77.09315415816504,77.73789011854397,76.53490168145068,76.93589782714844,2715100
2012-12-14,76.26756866494567,77.02238099580447,76.14962792603004,76.20466613769531,2160800
2012-12-17,76.27545286047449,77.7614909614634,76.26758854283969,77.6671371459961,2847800
2012-12-18,77.76147637135865,78.59491392276979,77.55704614222769,78.51628875732422,2900500
2012-12-19,78.22538033631169,78.79935552446183,77.55705733549654,77.58850860595703,3153300
2012-12-20,78.01310412536296,78.17821882241638,77.1639376844733,77.99737548828125,1964100
2012-12-21,77.39194982444229,78.27256748265594,76.77080067249474,78.22538757324219,4167700
2012-12-24,77.9344539203441,78.57918986324314,77.66712116422154,78.1860580444336,933700
2012-12-26,78.04454302955945,78.39049500719192,77.1482028169431,77.58850860595703,1456300
2012-12-27,77.46268560021811,77.61994191613343,76.3697796991458,76.99092864990234,2057400
2012-12-28,76.40123072442542,76.96734146252757,76.22039346007976,76.24398040771484,1651300
2012-12-31,76.14965066712449,77.78508087174258,75.88232384454956,77.6278305053711,2412700
2013-01-02,79.09813360312653,79.7664566040039,78.79149121450378,79.7664566040039,3153800
2013-01-03,80.28535902013314,81.0008556194545,80.01016802039416,80.58413696289062,3872400
2013-01-04,80.63131877768012,80.91437409810528,79.8450553317689,80.32467651367188,1989000
2013-01-07,79.48338576611805,79.98659999730255,79.33399975876068,79.70354461669922,1663900
2013-01-08,79.41261813477969,80.0337670558777,79.20032961682419,79.55414581298828,2189900
2013-01-09,79.43621139150378,79.80575624722131,79.21605854096106,79.59346771240234,1834400
2013-01-10,79.68782753011553,79.8057682889064,78.7285848234001,79.20820617675781,2328500
2013-01-11,79.41263795372758,79.79790550772393,78.68141243361094,78.84652709960938,2206300
2013-01-14,78.89368915685004,80.12026448947984,78.39048091736129,78.91728210449219,2155100
2013-01-15,78.50844841302798,79.82150767291846,78.47699713750326,79.53059387207031,1725200
2013-01-16,79.20035353447834,79.89226350427262,79.1374509921198,79.82936096191406,1201700
2013-01-17,79.860824157096,80.00235189917592,79.3812026977539,79.3812026977539,2095400
2013-01-18,79.33400213276079,79.76644353366191,79.11384927430704,79.56987762451172,2341600
2013-01-22,79.75073028075451,80.3325637606348,79.54630003155262,80.31684112548828,2004500
2013-01-23,80.43477110041144,80.7885873315745,80.01804634094808,80.29324340820312,1442800
2013-01-24,80.50554214957663,81.40188231425009,80.42691697698908,80.89867401123047,1515400
2013-01-25,80.95370584958751,81.08736923232001,80.20675777082046,80.48194885253906,1612800
2013-01-28,80.68635504758932,80.7885671335741,80.19886956325605,80.58413696289062,1631700
2013-01-29,80.3168330678479,81.40187474558864,80.27751748585158,81.2682113647461,2073100
2013-01-30,80.98512242004725,81.07161186563562,80.43474049240596,80.6155776977539,1939800
2013-01-31,80.59202210124,81.10309466064949,80.2853797653374,80.46621704101562,1656300
2013-02-01,80.89868727525057,82.046631779649,80.66280572009704,81.8893814086914,2316000
2013-02-04,81.85792466748187,81.85792466748187,80.4662343827176,80.5763168334961,1728600
2013-02-05,80.78859136309094,81.74783399162484,80.4190464817329,81.22889709472656,1842400
2013-02-06,81.10668962560513,81.35108596343315,79.57727126155194,80.17642211914062,3192000
2013-02-07,80.23162257038875,80.65733890203222,79.7822563338862,80.29469299316406,3007300
2013-02-08,80.71251995337374,81.16977147337641,80.2631537395025,81.03575134277344,1726400
2013-02-11,81.09882240609532,81.15400752000083,80.22373987507487,80.40505981445312,1457400
2013-02-12,80.57847722080372,80.59424782864298,80.0423908340358,80.22371673583984,1203200
2013-02-13,80.39721619153535,80.70467710751893,79.58519770563284,80.12128448486328,1224400
2013-02-14,79.65611933111143,80.4602461480278,79.63246942689717,80.4287109375,2211200
2013-02-15,80.24742147858966,81.30382436629286,79.64826428041528,80.5469970703125,4239800
2013-02-19,80.6888900057085,80.72831053138889,79.99513326271918,80.3341293334961,1894200
2013-02-20,80.55484209217995,80.90960264218336,79.66399505712596,79.6876449584961,1915100
2013-02-21,79.75859845766023,79.95568899809018,79.04119201815269,79.38018798828125,2730500
2013-02-22,79.67976906526278,79.86109502172899,79.01754768977167,79.75072479248047,1576200
2013-02-25,80.12913702599087,80.51543283673672,78.8835232520617,78.90717315673828,1644000
2013-02-26,78.91507039982581,79.43539244031983,78.29226341865602,78.40263366699219,2915100
2013-02-27,78.57602967785087,80.05026860644026,78.00840814353359,79.41169738769531,2511000
2013-02-28,79.67976979745548,80.70464309529676,79.45902933693002,79.85321044921875,2213200
2013-03-01,79.48269513833876,80.13703735914486,79.04121412898891,79.9557113647461,1790100
2013-03-04,79.82956895663976,81.56396362757626,79.7507339288203,81.54031372070312,1942000
2013-03-05,81.73741117397358,81.89508124287688,81.00423392559081,81.319580078125,1611700
2013-03-06,81.31953731848796,81.58757749762755,80.69673064876874,80.85440063476562,1254400
2013-03-07,81.63490350358941,81.97389947061022,80.3341047457316,80.38928985595703,2603300
2013-03-08,80.87020319822112,81.4062897830604,80.30258140077636,81.23284912109375,1549200
2013-03-11,81.63492461794465,81.74529486694209,80.68888617903126,80.75984191894531,2120800
2013-03-12,81.68220180306719,83.18797036274505,81.4062762570242,81.79257202148438,3795000
2013-03-13,81.98174515364754,82.1394211287433,81.13031894702418,81.53237915039062,2459100
2013-03-14,81.4141530336422,82.01330992563689,81.1303482055664,81.1303482055664,2316700
2013-03-15,80.84654297222467,81.19341823715185,80.02664559332456,80.21585083007812,4001800
2013-03-18,79.89261354429745,80.42082073053739,79.63245861852471,80.16065979003906,2138000
2013-03-19,80.3025544067337,80.83864081136528,79.72704749591497,80.50753021240234,2240300
2013-03-20,80.759807308542,81.48509892390224,80.68096629470837,81.26435852050781,2316400
2013-03-21,81.08305060360803,81.9660184278627,80.94903047390835,81.61125183105469,2216900
2013-03-22,81.56394734289555,82.87263139937572,81.54818274636997,82.86474609375,2036100
2013-03-25,82.92781912364025,83.3850646140073,82.43114710390161,83.1485595703125,2315300
2013-03-26,83.3219842051068,83.5742598120883,83.12489369919234,83.542724609375,1452800
2013-03-27,82.96723744087721,84.17343066192323,82.80956740449295,84.0709457397461,1971500
2013-03-28,84.08670826992218,84.40204831238066,83.25892562165426,83.65310668945312,1672900
2013-04-01,83.56638618912997,84.03151696103883,83.07759950083567,83.41659545898438,1005700
2013-04-02,83.77925260685936,84.94603136865797,83.59004735336352,84.8908462524414,1831900
2013-04-03,84.74892147648724,84.93812668682332,83.56637838611766,83.85018920898438,1833200
2013-04-04,83.77135420590477,84.26802013855894,83.14066215181758,83.85018920898438,1575700
2013-04-05,83.01455601637556,83.54275733560479,82.34444322198301,83.40873718261719,1678900
2013-04-08,83.92114708597876,84.4256983725301,83.46390161766557,84.38628387451172,1077600
2013-04-09,84.55183342015174,84.57548332029083,83.24314947501874,83.40082550048828,1947300
2013-04-10,83.35353624510654,83.9763370766431,83.1958601996897,83.36930084228516,1757200
2013-04-11,83.47178884816292,83.88174056668358,82.92782301185183,83.57427978515625,2319400
2013-04-12,83.6767543238202,84.18919090101866,83.29045857196779,83.66886901855469,1437700
2013-04-15,83.13278742672783,83.739829658617,82.09214961535807,82.15522003173828,1818400
2013-04-16,82.56518258814798,83.4008446636089,82.42327713998228,83.21163940429688,2796500
2013-04-17,82.59668731689453,82.97510373814129,82.25769140307608,82.59668731689453,1882600
2013-04-18,82.58882290180735,82.87263376517679,81.46146475418043,81.68220520019531,1854300
2013-04-19,81.35896873242712,82.50209742024082,81.35896873242712,82.34442138671875,2215600
2013-04-22,82.32867530805365,83.39296321112258,82.20253445286446,82.90418243408203,2048400
2013-04-23,83.3614131890488,84.63067674896536,83.20374316279776,84.55184173583984,1731100
2013-04-24,84.71740567328276,85.41904758640571,84.59127084241453,85.00910186767578,2234300
2013-04-25,85.41904450120494,86.19952140727177,84.98544889326841,86.03396606445312,1848100
2013-04-26,85.8526427281483,86.52274937916472,85.44269102571337,86.14433288574219,2146700
2013-04-29,86.16798534857803,86.30200547046245,85.51364332094107,85.63977813720703,1728300
2013-04-30,85.23769590270281,85.59245637307863,84.89081472119805,85.48208618164062,1561400
2013-05-01,85.245603111741,85.93148039579792,85.11158298034609,85.31655883789062,1199400
2013-05-02,85.27713630729022,86.16010412185598,84.92237572910126,85.68708801269531,1442900
2013-05-03,86.66465629010455,87.04307278997959,85.9393645146308,86.52275085449219,1407600
2013-05-06,86.49120518489094,86.91692144024286,85.95511871682469,86.0024185180664,1112700
2013-05-07,85.94724670954899,86.54640368179,85.66344184346264,86.49121856689453,1617400
2013-05-08,86.64097920208482,86.91690468066588,86.24679822847637,86.412353515625,863800
2013-05-09,86.62523355391062,86.83809470923573,85.83687137954574,86.0418472290039,1306300
2013-05-10,86.25470672831158,86.83809304201775,86.06549547949393,86.71195220947266,1239600
2013-05-13,86.47544651950379,86.97211251077754,86.40449079804988,86.72772216796875,1246600
2013-05-14,86.94845386150365,88.07581186789032,86.63310782896484,87.8156509399414,1932800
2013-05-15,87.64176700722368,89.2940398836705,87.50737281786473,89.19126892089844,1810600
2013-05-16,89.009404179624,89.33353760943864,87.9263377165619,88.15560150146484,1533600
2013-05-17,88.70898672702914,89.4837403629972,88.25836649910714,89.37306213378906,1678300
2013-05-20,89.38097768502058,89.43631680846076,88.50345299081762,88.55879211425781,1664300
2013-05-21,88.92245039322009,90.0924792226703,88.70899519400858,89.7130126953125,1946000
2013-05-22,89.59441715859795,90.69329815351762,89.27819106670132,89.63394165039062,2524300
2013-05-23,89.12009145249337,90.28221297640746,88.42439276270825,89.48374938964844,2225200
2013-05-24,88.92241049319193,90.66955167308187,88.74057859143461,90.43238067626953,1769800
2013-05-28,90.99369202254572,91.52336715589844,90.14779085846408,90.78024291992188,2693700
2013-05-29,90.54310392302584,90.63797357526222,89.12799660927111,89.29401397705078,1834000
2013-05-30,90.3454555183241,91.30203514407783,88.44020357836327,88.44810485839844,3459400
2013-05-31,88.63786209933194,89.12800694729218,86.66935729980469,86.66935729980469,3537200
2013-06-03,86.898615464551,87.79195481517274,85.83135745659442,87.65755462646484,2341400
2013-06-04,87.64173736728468,88.39276914230877,86.88279828040965,87.48362731933594,1855200
2013-06-05,87.056724772928,87.4282839965302,86.07642315430446,86.3056869506836,2018400
2013-06-06,86.59821725024979,87.85520873413644,86.47172435471961,87.8235855102539,2186800
2013-06-07,87.94215528958868,88.50345384173919,87.09625380514886,87.4203872680664,2013400
2013-06-10,87.69710591961616,87.77616097012253,86.67727948299688,87.20695495605469,1563900
2013-06-11,86.7642271881478,87.75243023129299,86.58239517434349,86.97767639160156,1066300
2013-06-12,87.55477622756014,87.61011534824937,86.25825451583098,86.48751831054688,1320200
2013-06-13,86.30569367885154,87.86310253433078,86.18710811540917,87.65755462646484,1230500
2013-06-14,87.25435883605324,88.24256166137613,87.22273562186155,87.75241088867188,1318000
2013-06-17,88.34533954973048,88.93826129167498,87.70498599851422,88.3058090209961,1441700
2013-06-18,88.17929967707919,88.70106754041747,87.91050541962406,88.61410522460938,1250200
2013-06-19,88.7248161107073,89.00941301065549,87.07253764575644,87.11206817626953,1458600
2013-06-20,86.7483841887149,86.7483841887149,84.89055837920975,85.0328598022461,2211900
2013-06-21,85.68905201620927,86.62982313601071,85.30167815632541,85.89459991455078,3111500
2013-06-24,84.95382011793765,87.43618514298232,84.93801152653155,86.67724609375,1832300
2013-06-25,87.49941154126218,87.49941154126218,86.36100021226315,87.15946960449219,1607800
2013-06-26,87.31760881766078,88.12398578928554,87.04091320250015,87.89472198486328,1539200
2013-06-27,88.20302456087587,88.81966211286976,87.94213758687509,88.13977813720703,922200
2013-06-28,87.91842731526829,88.71689687855813,87.37293743134109,87.41246795654297,1853600
2013-07-01,88.1872433297878,88.39278522321214,87.21484886661572,87.30181121826172,1112700
2013-07-02,87.45990254347032,88.4402041097541,87.31760109233309,87.63382720947266,1279700
2013-07-03,87.30181701940674,87.98170125117352,87.0093067233865,87.68128967285156,752200
2013-07-05,88.73274578948578,88.78808493100749,87.52318595942991,88.35327911376953,1366700
2013-07-08,88.8117491036279,89.30980711867461,88.59829997682971,89.03311157226562,1525200
2013-07-09,89.40469684293042,89.807885346383,89.13590852830357,89.61024475097656,1360800
2013-07-10,89.712987485769,90.15570032045375,89.57858734823112,89.84738159179688,1274300
2013-07-11,90.78816286780689,91.65778613902087,90.39288175598638,91.61825561523438,1549900
2013-07-12,91.2862383704975,92.40092818242405,91.07278315168433,92.06889343261719,2233300
2013-07-15,91.70521794235577,91.8949511872065,91.0095253568957,91.61825561523438,1156500
2013-07-16,91.83962650340156,92.29024680042161,91.3494817078957,92.12422943115234,1295200
2013-07-17,92.46420039381414,93.0492150253307,91.98195672830967,92.81204986572266,1276900
2013-07-18,92.76456935040636,92.97011721942242,92.02144495421337,92.543212890625,1180700
2013-07-19,92.95431622719336,93.3970291829456,92.15584661927308,93.34169006347656,1639200
2013-07-22,93.93461227534098,93.94251958716683,93.00965583160246,93.32588195800781,1158000
2013-07-23,93.57888336514318,94.19552113737542,93.51563691888524,94.15599060058594,1079600
2013-07-24,94.07690021910403,94.38521898940209,92.6934163923525,93.20728302001953,1726900
2013-07-25,92.56693670163442,93.03337159446501,92.22700070329047,92.8515396118164,1352200
2013-07-26,92.31395568703577,92.49578766708403,91.34156745074625,92.15584564208984,1863100
2013-07-29,92.08472297344328,93.04920416031939,91.89498363009528,92.60649108886719,1198100
2013-07-30,93.15986884126568,93.53143412840629,92.31396732796117,92.44046020507812,1162500
2013-07-31,92.93061205464718,93.36541775350344,92.47208441744247,92.82783508300781,1925200
2013-08-01,93.341711307789,93.76070845506162,93.00967651540464,93.55516052246094,1255700
2013-08-02,93.52352150190922,94.47219383915382,93.22310397095619,94.36942291259766,1503600
2013-08-05,94.43266262698313,95.02558434133802,94.02948020391015,94.92281341552734,1336700
2013-08-06,94.26662775320848,94.8042102489186,94.09270311760956,94.47217559814453,1308500
2013-08-07,94.44049394086545,94.73375891086468,93.89358524970059,94.5910873413086,1297600
2013-08-08,93.57653172788577,94.2502622442281,92.00715059244078,93.04547882080078,2372700
2013-08-09,92.62539024898544,92.93451095302773,91.44439048104961,91.65046691894531,1676800
2013-08-12,91.61878704165312,92.11021278266873,91.16699465210021,91.7297592163086,1596800
2013-08-13,92.21320036967943,92.22112824505658,90.95294030858113,91.66629791259766,1230300
2013-08-14,91.27002500083998,91.34928564445384,90.03353598110574,90.18413543701172,1656500
2013-08-15,89.13786439928143,89.39150204499781,88.38487933933547,88.6068115234375,1656600
2013-08-16,88.59097884343902,89.17752096527771,88.49586848102199,88.69402313232422,1651000
2013-08-19,88.69400598802193,89.51832990376377,88.61474535226189,88.83667755126953,1259500
2013-08-20,88.96347139335766,89.79572298134659,88.85250532125212,89.43904113769531,1448500
2013-08-21,89.2725994554239,89.46283220674084,88.65435813163859,88.74154663085938,1329300
2013-08-22,88.81290756988352,89.23299441786068,88.69401358246371,88.9635009765625,998500
2013-08-23,89.24090129227024,89.95425905003066,88.50377199764925,89.6213607788086,1444900
2013-08-26,89.5658914173576,89.66100781532354,88.6464510452848,88.67023468017578,1031500
2013-08-27,88.16297067360689,88.67024610036057,88.00444332324632,88.51171875,1415500
2013-08-28,88.55135158796352,88.55135158796352,87.47338980053769,87.55265045166016,1648900
2013-08-29,87.41790046888507,88.68608893746813,87.33863982344856,88.28977966308594,1388000
2013-08-30,88.56719040391286,88.92387236088564,88.09954838677878,88.67023468017578,1207700
2013-09-03,89.41531522606608,89.66895297275686,88.4166200000217,88.7574462890625,1204600
2013-09-04,88.76534211740885,88.99520220288238,88.25806677263938,88.37696075439453,1397900
2013-09-05,89.56588573094916,91.230383282881,89.56588573094916,90.84992980957031,2564100
2013-09-06,90.59629799583911,91.15905641155437,89.66100791334911,90.63592529296875,2232000
2013-09-09,90.49323791290938,91.5236442134871,90.30301119719596,91.42852783203125,1262000
2013-09-10,91.82486282287451,93.18023989173152,91.57122511491063,92.9900131225586,1665400
2013-09-11,93.18815323158825,94.59108526205188,93.13267018060264,94.5197525024414,1808600
2013-09-12,94.36916258585613,94.58317298069258,93.4180227451597,93.6795883178711,1371000
2013-09-13,93.94905172735936,93.98075718691156,92.66501387508443,92.76012420654297,1661000
2013-09-16,93.81430966533458,93.89357029197264,92.70464275080722,93.01376342773438,1767100
2013-09-17,92.97415146738919,93.94114094732569,92.80769626264686,93.45764923095703,990900
2013-09-18,93.27533430892242,94.36914553278503,92.70464808875114,94.03624725341797,1858800
2013-09-19,94.37706433312982,94.69411287464305,94.03623820926276,94.4801025390625,1219500
2013-09-20,94.60694689921556,94.67827966326051,93.21986449114738,93.48143005371094,2587100
2013-09-23,92.7997519661672,93.66370301005462,92.77597438473143,93.1881332397461,1762600
2013-09-24,92.9899719685958,93.59236352611352,92.19735372609252,92.21320343017578,1650000
2013-09-25,92.3004226615393,92.3955390593095,91.15112824601277,91.47610473632812,2268800
2013-09-26,91.85653567283546,92.32418362135107,91.34133256071406,92.26077270507812,1039100
2013-09-27,91.6346437390406,92.11021372545864,91.48404425858138,91.72183227539062,897500
2013-09-30,91.17490730416398,91.59499415182557,90.94504720791153,91.28587341308594,1829000
2013-10-01,91.23831156139141,91.28586673396437,90.87370779486778,91.151123046875,1452200
2013-10-02,90.84993970858304,91.22246534469048,90.61215172645528,91.00846099853516,1640200
2013-10-03,90.62797244723909,91.26206949861697,90.27922451145913,90.6913833618164,1608000
2013-10-04,90.50116241118528,91.11147587294712,90.38226845060366,90.70724487304688,1084900
2013-10-07,90.20789639785268,90.49323950002645,89.85122054373466,89.89085388183594,1293900
2013-10-08,89.95427085478649,90.19205882097782,88.8683873922707,88.9397201538086,2148600
2013-10-09,88.04404767644496,91.33341503491444,87.30691236983468,90.82613372802734,5852500
2013-10-10,91.13525253498412,91.91201506329286,90.46152215893171,91.7059326171875,2388300
2013-10-11,91.27795068902869,91.94374733604784,90.94504631831977,91.86448669433594,1563000
2013-10-14,91.15903030908791,92.18150861856586,91.15903030908791,92.1498031616211,1195100
2013-10-15,91.7535109832071,92.030926223763,91.36512359923012,91.43646240234375,1503100
2013-10-16,92.1577483366249,93.12474385321623,91.64255116055169,93.0217056274414,1854900
2013-10-17,92.91864290282244,94.08378668571872,92.81559865701706,93.73503875732422,2099700
2013-10-18,93.78262556432514,93.80640315301211,92.44309829443003,93.24364471435547,2727100
2013-10-21,93.06132788178618,93.13266063408473,92.53819684280333,93.03754425048828,1454600
2013-10-22,92.87903236370545,94.2344092189283,92.80769355701004,93.37837982177734,1386000
2013-10-23,92.93450719166138,93.55274857472365,92.75220229930272,92.86317443847656,1183200
2013-10-24,91.57913405688375,92.57783497112531,91.293790938529,92.13396453857422,2250100
2013-10-25,91.91993368813955,92.30831491320575,91.38095306986123,92.29246520996094,1840100
2013-10-28,92.10225110340126,93.75882662196813,92.10225110340126,93.01376342773438,1802400
2013-10-29,93.26740664193407,94.31366269887425,93.02962474779225,94.1234359741211,1881000
2013-10-30,93.99659843149148,94.24231420910216,92.90278738779685,93.33872985839844,1108600
2013-10-31,93.41802558267362,94.0045616340121,93.10890482269795,93.52899169921875,1587700
2013-11-01,94.09172555332648,94.95568271727905,93.96490975924065,94.8130111694336,2185100
2013-11-04,95.11421015032836,95.43125872693585,94.52767421428362,95.38369750976562,1588900
2013-11-05,95.23309513317577,95.45502730169271,94.40084345403918,95.21723937988281,1419700
2013-11-06,95.4629838015944,98.72856848410935,95.3678673949115,98.3401870727539,3059000
2013-11-07,98.87122710659933,98.87122710659933,97.10369128969919,97.31769561767578,2459500
2013-11-08,96.86590332777047,97.40488413390305,96.00195209068096,97.31769561767578,2314300
2013-11-11,97.28597950046905,98.02311484509552,96.77870421461841,97.5079116821289,1275700
2013-11-12,96.390325264835,97.27806006048273,96.31898646343545,97.05612182617188,1588000
2013-11-13,96.87337355390603,97.87460327148438,96.6270340618421,97.87460327148438,1679300
2013-11-14,98.04941057616342,98.5818113045624,97.62030958143171,98.32752990722656,1488000
2013-11-15,98.26397256333733,99.08244069201095,98.0494190162294,98.76458740234375,1784200
2013-11-18,99.05857994840868,99.05857994840868,97.67591936609031,97.98582458496094,1327600
2013-11-19,98.16859088534565,98.6135817451399,97.83484774049997,98.24010467529297,1233600
2013-11-20,98.53414498919511,98.70101660400985,97.28657581530155,97.5488052368164,1135900
2013-11-21,97.69974697932997,98.6930343868569,97.1911843116798,98.44670104980469,1164200
2013-11-22,98.74073980198538,99.60688371744081,98.53413427454183,99.49563598632812,1502000
2013-11-25,99.86115167401603,100.21873881522828,99.24928923523119,99.46383666992188,1391900
2013-11-26,99.49566258581505,100.21877909391443,99.36057688514208,99.4718246459961,1597700
2013-11-27,99.84526792703255,100.03597744329983,99.48768076366689,99.6307144165039,873400
2013-11-29,99.88502633438576,100.14725578852699,99.44003530618103,99.67047882080078,725400
2013-12-02,99.85322599082485,99.87706392494297,98.09708805186375,98.28780364990234,1444900
2013-12-03,98.31164384878227,98.51030138773874,97.71567123191288,98.39110565185547,1767900
2013-12-04,97.94608824687228,98.8996417512654,97.23092008730477,97.71564483642578,1644000
2013-12-05,96.5475454480426,97.22297973866789,95.75291544435501,96.1104965209961,3329000
2013-12-06,96.9448702165333,97.0640659416039,96.16613006694564,96.99254608154297,1734800
2013-12-09,97.59645790870893,97.61234784144135,96.45218875050712,96.67469024658203,2192500
2013-12-10,96.30121588955282,96.53165932722722,95.33176627676605,95.38739013671875,3163300
2013-12-11,93.84581456614931,95.59400444172172,92.9478847263978,94.21929168701172,6113600
2013-12-12,94.17956277580124,94.87884118831629,93.84581956758103,93.94117736816406,2023600
2013-12-13,94.56894678994476,94.60073272712779,93.29753961536169,93.69485473632812,1722600
2013-12-16,93.70280080349619,94.48154114243295,93.39289548048765,93.76637268066406,2069500
2013-12-17,93.90143446644902,94.05241612064746,92.98760866809157,93.40876770019531,1722800
2013-12-18,93.59153113602996,94.24312756806495,92.05789481809379,94.16366577148438,3167600
2013-12-19,93.6392270998347,94.11601010674592,93.17039815559917,93.7584228515625,2339400
2013-12-20,93.51999850926502,94.60069570031148,93.51999850926502,94.18748474121094,3007000
2013-12-23,94.64043903227932,94.6642769640968,93.86964690326734,94.31464385986328,1181600
2013-12-24,94.31464385986328,94.44178151707195,93.90938083132731,94.31464385986328,612500
2013-12-26,94.3067093365693,94.64840055404969,94.23518946835163,94.26697540283203,1169900
2013-12-27,94.45766207024516,94.80729511731649,93.96498933056229,94.18748474121094,995100
2013-12-30,94.52126091397601,94.85501020921589,94.21930361714192,94.37822723388672,812800
2013-12-31,94.71196550661018,95.12517049958659,94.33054038324633,94.57687377929688,1181700
2014-01-02,94.3305400185522,94.79937493790463,93.55974783867467,93.61537170410156,1618400
2014-01-03,93.93322961106217,94.0524253464612,93.07502759124544,93.2021713256836,1293500
2014-01-06,93.36108558098961,93.56769109748642,92.08967867667528,92.49494171142578,2120200
2014-01-07,92.48700231204579,92.6220879820066,91.68442416616922,92.06584930419922,2292500
2014-01-08,92.20889117074105,92.20889117074105,90.52427292704112,90.62757873535156,4600000
2014-01-09,92.33602341307667,94.64045212068486,90.62757339605835,94.17162322998047,5759400
2014-01-10,93.92529038739208,94.28287762699829,92.70156517310129,93.64717102050781,2790200
2014-01-13,93.01937982307965,93.39285686884853,91.04870094600123,91.19967651367188,3164200
2014-01-14,91.54141183481292,92.8366631561939,91.4778460157803,92.3598861694336,2320600
2014-01-15,92.2327198125999,92.7253926803426,91.58112334238373,92.36780548095703,1847500
2014-01-16,92.52677042789558,92.5506083711017,91.62089221076809,91.8274917602539,1938200
2014-01-17,91.85924263308071,92.66182076903713,91.72415696478961,92.40753936767578,2708100
2014-01-21,91.86721502911386,92.26453020316502,91.25534626604795,91.32686614990234,2110800
2014-01-22,91.3904264834208,91.50962223308264,90.34151479898246,90.38919067382812,2501600
2014-01-23,90.19052366322934,90.21436159815482,89.31643169486163,89.63428497314453,2162300
2014-01-24,89.54684163556522,89.68987525410036,88.93497324306412,89.10184478759766,3183100
2014-01-27,89.44359270569865,90.37331484819904,89.02243957867171,89.85680389404297,3784900
2014-01-28,90.21436656097475,91.19176438451699,90.14285275226422,90.88980102539062,2362100
2014-01-29,90.62756968765011,90.73881742199549,89.08598527951145,89.18134307861328,2356000
2014-01-30,89.59452610077852,90.18255056126651,89.07006742821562,89.5786361694336,1625800
2014-01-31,88.43439861034194,90.01571106312825,88.30725486411414,89.28465270996094,2143600
2014-02-03,89.76143946508346,89.79322540512203,87.44906840584828,87.5523681640625,3111900
2014-02-04,87.98940894526943,88.46618587569,87.0120110847418,88.11654663085938,2529600
2014-02-05,87.58413934517091,88.04502630424315,87.25039612482777,87.81458282470703,2374200
2014-02-06,89.80114600517747,91.04871497392271,89.79319800695593,90.79443359375,3738900
2014-02-07,90.6513995776743,91.07255254354533,90.09515489275992,90.61961364746094,2194100
2014-02-10,90.61962486003476,90.66730072998071,89.45946554515623,90.46864318847656,1871700
2014-02-11,90.51632339276769,91.50166308230224,90.19052212089875,91.37451934814453,1768900
2014-02-12,91.53385496666823,91.97208530070775,91.07172834405735,91.47808074951172,1737700
2014-02-13,90.94422375161552,92.37045683947095,90.94422375161552,92.27484130859375,1583300
2014-02-14,91.75699866336842,92.81670925995789,91.23112202898,92.50596618652344,1517900
2014-02-18,92.66530184099693,92.75294792434556,91.56574409678123,91.91632843017578,2056500
2014-02-19,91.71715352648013,91.86854335357128,91.0478565720727,91.55780029296875,1802600
2014-02-20,91.28685708543787,92.06770221615221,90.7370783089254,91.67727661132812,1837100
2014-02-21,91.94820357976016,92.019910698377,89.97219101020502,90.18732452392578,3654300
2014-02-24,90.40244829272793,91.47809758090683,90.19528427134384,90.78490447998047,2281900
2014-02-25,90.83269932355036,92.33860937865238,90.83269932355036,91.9959945678711,1920800
2014-02-26,92.02789202813184,93.08760860740041,91.92431303937425,92.3306655883789,1924500
2014-02-27,92.45017269817389,92.76091570691736,91.85258905383101,92.6015625,1374400
2014-02-28,92.82462387020622,93.59749939351445,92.33858887263987,93.06365966796875,2103000
2014-03-03,92.60156038396069,93.27882061628614,91.71713612422842,92.2270736694336,1667000
2014-03-04,92.91231911716528,93.15135504148695,92.30676590010351,92.9441909790039,1808300
2014-03-05,92.88044260234796,93.18321615624292,92.27488941562224,92.80076599121094,2305700
2014-03-06,90.15545693670457,91.34265478408712,89.45428821159105,90.24310302734375,8921900
2014-03-07,90.67333146645421,90.84065410339106,90.14745511128137,90.43429565429688,2905600
2014-03-10,90.20325140807665,91.30280303955078,90.03592873017416,91.30280303955078,2319100
2014-03-11,91.27889668169604,91.4302864651108,90.76895918685462,91.3984146118164,2201800
2014-03-12,91.14347124648346,92.12351125167555,91.03192276835573,91.79682922363281,2173400
2014-03-13,92.15536602264217,92.25894499628347,90.98410114058849,91.15939331054688,2519600
2014-03-14,91.58964505810975,91.58964505810975,90.29886835764684,90.39447784423828,2290000
2014-03-17,90.94425996101678,91.19922873260572,90.34667633270507,90.40245056152344,2189200
2014-03-18,90.75302950914731,90.92832166899845,90.05186086974277,90.71318817138672,2501000
2014-03-19,90.46616819012078,91.03187979900585,89.60564655452099,89.91638946533203,1635600
2014-03-20,89.68533468254883,90.21121110944884,89.34271988048992,90.16340637207031,1408200
2014-03-21,91.159398448403,91.29484928593773,90.27497414390034,90.697265625,4442300
2014-03-24,90.82475579157224,90.83272527659331,89.9483008862695,90.33075714111328,2501700
2014-03-25,90.68929330491149,91.19923085998452,90.66539093185106,90.77693939208984,2199400
2014-03-26,91.05581133815727,91.20720114077609,89.60567526344951,89.62957763671875,1905900
2014-03-27,89.6375329304094,89.98811722668508,89.09572359931711,89.26304626464844,2039500
2014-03-28,89.51802689736252,89.86861124021662,88.56189551731411,88.96825408935547,2795500
2014-03-31,89.19133299246086,89.46223459981871,88.89652293833568,88.98416900634766,2119500
2014-04-01,89.40645744519976,89.67736512259307,88.84871528429242,89.1275863647461,2566200
2014-04-02,89.15947874966584,89.24712483498624,88.39457243327098,88.88060760498047,3296800
2014-04-03,89.03198629550114,89.35866824577764,88.66546908619671,89.00011444091797,2328900
2014-04-04,89.19932124484653,89.23916258829051,88.14757421464195,88.16351318359375,2716200
2014-04-07,88.22725018629482,88.5459565938469,87.93244007248057,88.27505493164062,3119400
2014-04-08,88.09179091770184,89.82876753966944,87.9483706065693,89.76502990722656,3863900
2014-04-09,89.812836889699,90.14748226437035,89.32680171646605,90.07577514648438,2899600
2014-04-10,90.92833048109463,91.18329926224196,89.19135375986119,89.30290222167969,3305100
2014-04-11,88.79296465938502,89.8606445307722,88.76109280187471,89.30290222167969,3097800
2014-04-14,89.62955140827326,90.03590987174266,88.86464529281719,89.6853256225586,2519000
2014-04-15,89.70130015539792,90.00407371315842,88.8009368091409,89.28697204589844,2123700
2014-04-16,89.87661097909177,90.54590195464091,89.4543132971624,90.42638397216797,2455000
2014-04-17,90.45022853827187,90.85658698736604,90.13152222730639,90.43429565429688,1659000
2014-04-21,90.44228785120659,90.91238403320312,90.35464176999794,90.91238403320312,1826800
2014-04-22,90.83270099921154,91.01596263209893,90.44228144263232,90.48211669921875,2315100
2014-04-23,90.4184034715014,91.62153431852302,90.2988855116226,91.4621810913086,1991200
2014-04-24,91.54980238592363,91.8764782368861,90.94424934448952,91.65338134765625,1939300
2014-04-25,91.50995613894342,91.86850990219088,90.99204920020865,91.63744354248047,1721200
2014-04-28,91.70917447955773,92.91231132761946,91.70917447955773,92.09959411621094,3018800
2014-04-29,91.93225744450388,92.38642073047428,91.75697136412808,91.94819641113281,1580300
2014-04-30,91.66136523164336,92.23504651061482,91.43826830736229,92.17130279541016,1633800
2014-05-01,92.17132207474036,92.42629090995518,91.58170778310667,92.0757064819336,1168000
2014-05-02,92.5378014808433,92.5378014808433,91.677279734965,91.74899291992188,1321100
2014-05-05,91.67730791245287,91.67730791245287,90.77695063503272,91.22314453125,1398000
2014-05-06,91.0558158175016,91.22313851755267,89.85267897930323,89.9004898071289,1945300
2014-05-07,89.90051948037421,90.10767751323141,88.92844873918848,89.22325897216797,2950600
2014-05-08,90.0996598405616,91.48605189141391,90.01201377216361,91.41434478759766,2556900
2014-05-09,91.27095573497198,92.16334353105101,91.07176116207063,91.94024658203125,1954600
2014-05-12,92.25096802201196,93.151331171158,92.09161483258967,92.8326187133789,1940500
2014-05-13,92.68123574630172,92.90433265947894,92.49001068914052,92.65733337402344,1229400
2014-05-14,92.49350511650195,92.78921188460006,91.7981832366246,92.01396942138672,1255300
2014-05-15,91.71825388139096,91.75022333117775,90.80714590388949,91.39057159423828,1883200
2014-05-16,91.57437441376648,92.56540275060078,91.39854552710038,92.39756774902344,2145300
2014-05-19,91.9819855856178,93.14884909055324,91.80616276879134,93.00498962402344,2212800
2014-05-20,92.54145624699362,92.79720577219857,91.89409159515758,92.01396942138672,2126900
2014-05-21,91.98996838482715,92.16579727801044,91.23870779242756,91.52642059326172,1712700
2014-05-22,91.53442004327052,91.91005341108006,91.4305239171406,91.69426727294922,1059900
2014-05-23,91.96601009195601,92.02994899194438,91.51844998713557,91.86211395263672,1100300
2014-05-27,91.91007217405712,92.08590111382412,90.80715350308628,91.0069580078125,2583900
2014-05-28,91.11083986452215,91.87009442437372,91.07887041707437,91.30265045166016,2388800
2014-05-29,91.57436740216845,92.0618906969424,90.71920468958167,91.22270965576172,2976700
2014-05-30,91.59837888105817,92.78121815050693,91.11884928269922,92.72527313232422,2622400
2014-06-02,92.58140869450905,92.82117652964757,92.34164695691987,92.45353698730469,1082100
2014-06-03,92.28568802433594,92.70927251799142,92.1258407925,92.31765747070312,1127400
2014-06-04,92.14183924396671,93.10089835594638,92.12585147015588,92.95703887939453,1293000
2014-06-05,93.50852703896298,94.25979407921022,93.28474692422145,94.10794067382812,2614300
2014-06-06,94.05995299093424,94.49951916052859,93.97203853750567,94.49153137207031,1664800
2014-06-09,94.47556096352507,94.98706000609035,93.8841413388495,94.13189697265625,1623100
2014-06-10,93.80419401191064,94.0919129035148,93.42856067578587,93.5884017944336,1089100
2014-06-11,93.07692909722536,93.46055642653121,92.69330786546904,92.9011001586914,1117100
2014-06-12,92.81314426916379,93.0529120051711,91.96597550435243,92.26168823242188,1423400
2014-06-13,92.46950067500438,92.46950067500438,91.64630728408275,92.14981842041016,1230000
2014-06-16,92.16581630918083,92.27770633748364,91.87010346435237,92.25373077392578,1503100
2014-06-17,92.22975711456377,92.54145164234968,92.02195873019004,92.26971435546875,1505800
2014-06-18,92.4375619483322,92.9810243649129,91.96602013137867,92.92507934570312,2113100
2014-06-19,93.16481641274733,93.1728102978643,92.53343363455662,92.91706085205078,1635800
2014-06-20,93.22877632472154,93.22877632472154,91.98199215983578,92.19778442382812,2958000
2014-06-23,92.0699115783272,92.16581993387973,91.51845530216109,92.08589935302734,1501600
2014-06-24,92.33364984685282,93.11688612975722,91.97400420424772,92.95703887939453,1906600
2014-06-25,92.70929315662255,93.06893883760678,92.45354362629938,92.92507934570312,1188700
2014-06-26,92.9010917398386,93.10889011177947,92.13384324830578,92.42156219482422,1252100
2014-06-27,92.41356390775081,92.50947225120653,91.9180527104347,92.30167388916016,2477300
2014-06-30,92.40559581976399,92.78122319223112,91.98999900706632,92.03795623779297,1386600
2014-07-01,92.34160877857538,92.46948043291161,91.8301099661368,92.26168823242188,1501700
2014-07-02,92.10987433810472,92.63736114400132,92.10987433810472,92.50948333740234,1122200
2014-07-03,92.59737576490627,93.18080135038544,92.54942464761976,92.9889907836914,976000
2014-07-07,92.97302074186591,93.1008924364767,92.61336902457877,92.96502685546875,1576900
2014-07-08,93.068924967869,94.0279901368171,92.7971938000738,93.87613677978516,2584200
2014-07-09,93.9603157565544,94.58559459082555,93.88015290119237,94.52947998046875,2328100
2014-07-10,94.19282260585429,95.10669290610907,94.19282260585429,94.65777587890625,2266400
2014-07-11,94.69781650775805,94.79401559639321,93.8641094210201,94.60162353515625,1684700
2014-07-14,94.76192913623473,94.98638751274653,94.03243941257136,94.08053588867188,1695500
2014-07-15,94.72186367910652,94.79400840308327,93.93625313828443,94.44930267333984,2634200
2014-07-16,94.66575786060928,94.9463370296554,94.32105819264694,94.4733657836914,1531200
2014-07-17,94.07253591921898,94.22484961096454,93.45527526472893,93.62361907958984,1433300
2014-07-18,94.04848237217756,94.43327258160974,93.47931823516781,94.38516998291016,2148600
2014-07-21,94.13669036248308,94.52148068239435,93.67975529785792,93.82405090332031,1334400
2014-07-22,94.01642558317587,94.62567426178842,93.87213000445273,94.23287200927734,1769000
2014-07-23,94.12064126475282,94.40121429770123,94.00840593554004,94.26493072509766,1155200
2014-07-24,94.19278386753088,94.81806264570321,94.16071750505624,94.7058334350586,1347700
2014-07-25,94.56154153434846,94.61765614185003,93.84808176067114,94.23287200927734,1543700
2014-07-28,94.1446854841595,94.32104741619845,93.63964793040553,93.8881607055664,1402600
2014-07-29,95.33914987131116,95.87624779175742,95.01849229688365,95.31510162353516,2544900
2014-07-30,95.22690110486441,95.45135952611273,94.14468736468383,94.73789978027344,2024900
2014-07-31,94.22486877441406,94.86617780202319,94.01644043532472,94.22486877441406,2476800
2014-08-01,94.43327177213658,94.85814034147144,94.1607107686183,94.49739837646484,2089500
2014-08-04,94.2328763124088,94.89823351287286,93.88015241141548,94.71385955810547,1683800
2014-08-05,94.19280781746328,94.75395401336614,94.02446395869241,94.63371276855469,1798600
2014-08-06,94.55352708487538,96.17284487741006,94.43328586129972,95.86821746826172,2859800
2014-08-07,94.76994561558664,95.3952242582098,94.16871521059792,94.43325805664062,2698200
2014-08-08,94.56151102325711,95.7158752805766,94.4412637271144,95.52348327636719,2319900
2014-08-11,95.71591273580178,95.80409371307768,95.15476050622483,95.53955078125,1227600
2014-08-12,95.2108611101199,95.61168145112005,95.03450529754758,95.40325927734375,1082100
2014-08-13,95.39526540248336,95.47542826784995,94.79403473818199,95.10667419433594,1449700
2014-08-14,95.00243012774182,95.61167258602944,94.84209833658787,95.6036605834961,1067900
2014-08-15,96.12472339144897,96.15678363204294,94.41722506829208,95.05052185058594,2019900
2014-08-18,95.39524594068116,95.9403618764121,95.35516145815829,95.76399993896484,1232900
2014-08-19,95.69986184432862,96.79811177388704,95.58763263880095,96.68588256835938,1708900
2014-08-20,96.55762385284262,97.18290876211161,96.26903269965185,96.92638397216797,1287200
2014-08-21,96.83018118271329,97.70396661268654,96.77406657818321,97.49554443359375,1544300
2014-08-22,97.72001179956413,97.8482711433629,97.11878121767514,97.23101043701172,1401400
2014-08-25,97.63184532531254,97.80018917932,97.09474739356952,97.31118774414062,1097300
2014-08-26,97.34323975534191,97.47149909927111,96.88630475728296,97.0706787109375,1385400
2014-08-27,97.46347133969932,97.46347133969932,96.86224085439017,97.19091033935547,1028200
2014-08-28,97.00653077444629,97.1989228060682,96.7580180294009,96.9744644165039,799400
2014-08-29,97.54366642952452,97.54366642952452,96.66186264941646,97.06268310546875,1047300
2014-09-02,96.99853186245097,97.50356333897098,96.91836900973833,97.44744873046875,1469900
2014-09-03,97.5596868376096,97.75208504089264,97.0867216822824,97.27911376953125,1901000
2014-09-04,98.60183394426403,100.34139328665185,98.24910997952736,100.32536315917969,4440300
2014-09-05,100.2371652830999,101.83242874537737,99.97262235410952,101.81639862060547,2910600
2014-09-08,101.8484739912125,102.06491433295622,101.21517697613614,101.48773193359375,2057400
2014-09-09,101.1189350168946,101.39950797655776,100.79827758469449,101.09488677978516,1500500
2014-09-10,101.2552498552207,101.39954544723142,100.90253205388767,101.14302062988281,1014900
2014-09-11,101.13501828656639,101.43162150356468,100.71816159603172,100.95865631103516,1511200
2014-09-12,101.20715068440299,101.20715068440299,100.22112981242279,100.501708984375,1598300
2014-09-15,100.66200177137358,101.43157595132548,100.56580270536763,100.77423095703125,1615300
2014-09-16,100.68606955896412,101.64002393831433,100.62193683584091,101.35143280029297,1684400
2014-09-17,101.03077011217539,101.4556386779892,100.74217898897491,101.01473999023438,1594000
2014-09-18,101.17507883997115,101.64805006522263,100.97466865144827,101.39152526855469,1401500
2014-09-19,102.04088225949918,102.04088225949918,101.3835368929302,101.40758514404297,3018500
2014-09-22,101.30334726406907,101.40755836338181,100.67005031585987,100.8704605102539,1453700
2014-09-23,100.97466563067108,100.99871387400903,100.37343508308895,100.61392974853516,1563100
2014-09-24,101.07888152094621,102.43365637625865,100.6700491327315,102.3053970336914,2076300
2014-09-25,102.1691158922558,102.24928486381074,100.686081658997,100.73418426513672,1819900
2014-09-26,100.53378937184391,100.74221160471859,99.70809409778884,100.63800048828125,2045300
2014-09-29,100.22914758112458,100.6860825894547,100.02873738245287,100.46162414550781,1171000
2014-09-30,100.09287011387596,100.6860825894547,100.02071926201651,100.46162414550781,1665300
2014-10-01,100.4055205205698,100.75022634464307,99.76420536823616,100.0127182006836,1408700
2014-10-02,100.19707151556577,101.1750741689709,100.06079406150985,100.83838653564453,1545800
2014-10-03,101.16704872558051,102.3294313508214,101.01474115926354,101.88050842285156,1770300
2014-10-06,102.25730085693148,102.34548183625455,100.9506285244695,101.17508697509766,1907500
2014-10-07,100.48565676930458,100.87044698198974,100.00467359047282,100.42152404785156,2334100
2014-10-08,102.77035228458749,103.37158290898881,101.93665120086105,103.19522094726562,4262500
2014-10-09,102.78641457860127,104.80655341359602,102.76236632609539,102.93872833251953,2962700
2014-10-10,102.818447554943,105.34362348664641,102.818447554943,103.33149719238281,3353000
2014-10-13,103.06697016015457,103.29142862003393,101.72020716880982,101.78433990478516,2445200
2014-10-14,102.20921204821899,102.59400236110278,100.42155019741847,101.20716094970703,4003500
2014-10-15,100.28525269199842,100.76623590003975,98.82626682852086,99.6439437866211,3784300
2014-10-16,98.34528911605064,99.28320734154744,97.84025763679091,98.56172943115234,3542900
2014-10-17,99.21908218924796,100.8063337133239,98.74611703833709,99.92453002929688,3198900
2014-10-20,100.06881376560995,103.3074369317899,99.92451818960919,102.94670104980469,3499800
2014-10-21,103.36358634720716,104.73438552568767,102.74631938895344,104.43778228759766,2105600
2014-10-22,104.66220780879881,105.48789675102783,104.46982186936918,104.64617156982422,1880000
2014-10-23,105.03901089534088,105.39974687022932,104.49390093009967,104.68628692626953,1763600
2014-10-24,103.07496492700278,104.64617388339127,103.05892868767366,104.5660171508789,2490300
2014-10-27,103.60404754214113,105.22335293452703,103.60404754214113,104.95079803466797,1629600
2014-10-28,104.99089695043598,105.41576559747253,104.34156985711854,105.06304168701172,1439700
2014-10-29,105.24743307845972,105.81660352498518,104.9588418522906,105.76048278808594,1705800
2014-10-30,105.41573373894943,106.86670119678112,105.27945631146922,106.61819458007812,1302100
2014-10-31,107.78062201128516,107.82070650472694,106.38577460324325,106.91484832763672,2373900
2014-11-03,107.27557087216098,107.65233077058245,106.91482274955958,107.63630676269531,1947000
2014-11-04,107.90886523204946,109.60032775689592,107.41185186571887,109.46405029296875,2802500
2014-11-05,110.21758653774889,110.4741052064069,109.04718570930939,109.42395782470703,2116800
2014-11-06,110.13742154997901,110.36187998018426,109.50413074305716,109.89692687988281,1685900
2014-11-07,109.8648807788789,110.55429239815741,109.44001210756328,110.39396667480469,1589400
2014-11-10,110.50615696684187,110.53821720738836,109.00708078992744,110.37789154052734,1958000
2014-11-11,110.45006249153815,110.58633995234386,109.5522287581983,109.8648681640625,1495500
2014-11-12,109.86885239011065,110.39127932154648,109.42680260622829,110.02959442138672,1910200
2014-11-13,110.62437830097394,111.52454368958489,110.38325906792926,111.48436737060547,2235900
2014-11-14,111.66123345366316,111.66123345366316,110.97004342868671,111.299560546875,1598600
2014-11-17,110.27876461147095,111.31556119328644,110.27876461147095,111.29145050048828,1228100
2014-11-18,111.29950413068647,111.9907060691422,110.94586421838346,111.88623046875,1574600
2014-11-19,111.78977436673652,112.63368555611669,111.78977436673652,112.5291976928711,1362600
2014-11-20,111.76567146923774,112.5292055457379,111.7335279588295,111.91838073730469,1518300
2014-11-21,113.16414154669688,113.18825224295398,111.90229121135327,112.2961196899414,1849200
2014-11-24,111.98266202593378,112.51312184118227,111.87014136183555,112.36041259765625,1645800
2014-11-25,112.6015254169412,112.8024560388388,111.50846234326505,111.6129379272461,1865800
2014-11-26,112.11930555094546,113.22844669157521,111.74958774945756,112.32023620605469,1631900
2014-11-28,113.56600572569764,114.90822099477217,112.7703159374677,114.22505187988281,1442600
2014-12-01,115.18953119513422,115.18953119513422,113.54189737980526,114.11253356933594,1952100
2014-12-02,114.47422630059405,115.21366202861371,113.93573352549845,114.98057556152344,1765400
2014-12-03,114.91624063488638,115.17343772380589,114.11251812776119,114.68316650390625,1793900
2014-12-04,115.32619125629789,115.32619125629789,114.14471773594265,114.94844055175781,1315900
2014-12-05,115.07701904254512,115.18150692591102,114.09648855677587,115.13328552246094,1198000
2014-12-08,114.97255655725091,114.97255655725091,114.08845651354792,114.39387512207031,1945100
2014-12-09,114.23309169852395,115.03681426078454,113.22843849569821,114.96446990966797,2090300
2014-12-10,116.49154464700284,118.00254691727858,112.03891499414742,112.72208404541016,4910300
2014-12-11,113.3972294317051,114.67514554342968,113.05966737939113,113.65442657470703,2401300
2014-12-12,112.51315441579996,113.61425068067965,110.77711029809704,110.81729888916016,3663400
2014-12-15,111.43611936045748,112.11928838878939,110.1582035328942,111.06641387939453,2451200
2014-12-16,111.33971174392998,111.95858169623527,109.74834413040945,110.35916900634766,2470100
2014-12-17,110.35915052557807,112.21574780775178,109.93317851987734,111.98267364501953,2428500
2014-12-18,112.66586765425492,113.77500915527344,111.95055478019582,113.77500915527344,2903400
2014-12-19,113.72676279800355,114.53048550328978,113.5901314097651,113.94377136230469,4030000
2014-12-22,114.40186540426765,115.14933375675412,114.00804920162207,115.10111236572266,1776900
2014-12-23,116.16203168551152,116.5156716078254,115.47082972748917,115.85661315917969,1459700
2014-12-24,116.18614827010457,116.43530033785792,115.4145813676319,115.45475769042969,738700
2014-12-26,115.42262688191798,115.6315903860356,114.99665479716997,115.28599548339844,1233100
2014-12-29,115.21360384921151,115.61546502445978,114.72333272485542,115.20555877685547,1356400
2014-12-30,114.93234334645467,115.80839812514576,114.93234334645467,115.326171875,1158800
2014-12-31,115.32613184572834,115.84051369231136,113.87942906976653,113.92765045166016,1477900
2015-01-02,114.02415670209935,115.0529209680633,113.1722124440827,113.81519317626953,1471000
2015-01-05,113.87942620995454,114.25717671040911,112.36039139929926,112.52113342285156,1748500
2015-01-06,113.01146644436169,114.88414209049316,112.40064151488035,114.00808715820312,3185200
2015-01-07,114.61085925177227,116.08166096628494,114.41796139329173,115.9932632446289,2171600
2015-01-08,116.98987579345703,117.42389292493154,116.4915716373092,116.98987579345703,2937700
2015-01-09,116.1218460096256,116.5799738105989,115.10915987713364,115.18953704833984,1727000
2015-01-12,115.39849091903855,115.8646514927983,114.22505054180422,114.54654693603516,1344800
2015-01-13,114.28937242678151,116.06560509772022,112.83463621366485,113.3972396850586,2198500
2015-01-14,112.52918656797506,112.68994088440918,111.10660652542657,111.96658325195312,2207900
2015-01-15,112.48096517857783,112.65778511558936,111.4120127462199,111.96658325195312,1819600
2015-01-16,111.74958195916945,112.48901752383149,111.09053582175322,112.2961196899414,1784800
2015-01-20,113.0998660933287,113.54191605754927,111.20307991726615,112.02288055419922,1836100
2015-01-21,111.59690474979891,112.28006170455218,111.21915408970897,111.8299789428711,1682000
2015-01-22,112.11927799477893,113.54990292643738,111.22714561480487,113.5418701171875,1897500
2015-01-23,113.7990673442147,114.37774853301269,113.22038615541673,114.16878509521484,1696800
2015-01-26,113.8553322271464,114.97250601094382,113.78300014550815,114.8599853515625,1482800
2015-01-27,114.73141922696092,114.77160781605971,113.22041657646218,113.3168716430664,1786500
2015-01-28,113.80713131327235,114.49028820247585,112.16753025151536,112.21575164794922,2016300
2015-01-29,112.64978474719291,113.07575682798709,111.64513129931306,113.03556823730469,1873400
2015-01-30,115.00467368539982,115.57532217608761,113.59815901560977,114.92430877685547,5169000
2015-02-02,115.73609067315925,117.52838919901494,112.62568716074608,117.34353637695312,4797500
2015-02-03,117.63286908533561,123.68490076696925,116.35495278114544,123.57238006591797,10302900
2015-02-04,122.23012234511009,126.06388220038215,122.22208953488766,125.31641387939453,11006300
2015-02-05,124.13729858019262,125.46586336549196,122.49320947773762,123.7968521118164,6986700
2015-02-06,123.89650900121114,124.51095979277143,123.02463910844396,123.4730224609375,2927400
2015-02-09,123.47304333717955,123.85500991473427,121.91199394185716,122.50983428955078,2740200
2015-02-10,122.88349357928541,123.29035694562614,122.06144256808855,123.07447052001953,1703400
2015-02-11,123.51146971338541,123.58637759132472,121.97996049514377,122.73739624023438,2295800
2015-02-12,123.19518461572443,123.51147928115529,122.23799445531398,122.98709869384766,1712200
2015-02-13,123.37831448968979,123.85275653877515,122.30459660576953,122.43777465820312,1926800
2015-02-17,122.35452079251792,122.86225094464518,121.2391833109782,122.79566192626953,1541500
2015-02-18,122.48767151483858,122.75401482839068,121.9632910499137,122.54592895507812,1541000
2015-02-19,122.27130766253504,122.77903792394804,121.90508703347723,122.07987213134766,1273700
2015-02-20,122.07982787772042,123.01204859659329,121.43891978321794,122.80396270751953,1595600
2015-02-23,123.18689152891956,123.56977529353937,122.37951696704337,123.51150512695312,1587300
2015-02-24,124.3354736525914,124.35211137786588,123.18683558097005,123.36163330078125,1844200
2015-02-25,122.93712200267152,123.68623870958753,122.51263142580609,122.7540054321289,1602700
2015-02-26,122.4127897932206,122.86224978732669,121.68864216305452,122.06319427490234,1892600
2015-02-27,122.8206036138915,122.8206036138915,121.38065292927979,122.32120513916016,3036200
2015-03-02,122.62088332913143,123.59472396066087,122.62088332913143,123.13693237304688,2108600
2015-03-03,123.13691754703814,123.30338373143009,122.0715187262627,122.6624755859375,1514300
2015-03-04,123.05367853161424,123.17020613114857,121.33905269537064,122.49600982666016,2208600
2015-03-05,125.49246128208253,126.30815453942672,124.01920939950301,125.82539367675781,4471100
2015-03-06,124.26057254376904,124.97638855981948,123.3283517602822,124.46865844726562,3014900
2015-03-09,124.67673337252589,125.67555578180404,124.47697905111387,125.41751861572266,1727900
2015-03-10,124.64341492535284,124.97634718049214,123.31166050369278,123.31999206542969,2128100
2015-03-11,123.46150974569694,124.01085948988775,122.63748512941072,122.68742370605469,1734300
2015-03-12,123.50315477534944,124.55190320150531,122.68744885444983,124.38543701171875,1564000
2015-03-13,124.09407287773396,124.77660055330823,123.31166805960821,124.2522201538086,1470100
2015-03-16,124.61848723923742,125.68388605197795,124.25225401600369,124.84322357177734,2532700
2015-03-17,124.34380362162473,125.01799987151611,123.54474821770046,124.87650299072266,1972500
2015-03-18,124.85151417177921,126.20823802328944,123.39491317310846,125.6255874633789,2772500
2015-03-19,125.68388530263249,126.10005710827035,125.1178977432317,125.94190979003906,1862900
2015-03-20,126.62443040359408,127.47341169412658,126.30813578522617,127.0073013305664,5859300
2015-03-23,127.4734074264383,127.81467132424639,127.09885537544244,127.29029083251953,1665900
2015-03-24,127.30697106728488,128.37237002650977,127.25703247553331,127.46511840820312,1637000
2015-03-25,127.80642189636485,128.14768597957652,125.75885009765625,125.75885009765625,2266800
2015-03-26,124.28557066130354,125.4924665180532,124.1607114826732,124.90149688720703,1554800
2015-03-27,125.02633206244069,125.86699448803695,124.8681847535388,125.24273681640625,1329900
2015-03-30,125.60902660226984,127.00735832039973,125.51746826116177,126.8242416381836,1463800
2015-03-31,126.38306858739892,127.34859035982944,125.8919888361059,126.1000747680664,1886100
2015-04-01,126.37473096088391,126.40801911681042,124.601835019604,125.05130767822266,1795000
2015-04-02,125.24273799319214,126.51622263924008,125.15117969247049,126.20825958251953,1095300
2015-04-06,125.9918511984534,127.2153973504962,125.35095574780689,126.93240356445312,1767600
2015-04-07,126.95737234394736,127.30695514303804,126.28317603851846,126.33311462402344,1391700
2015-04-08,126.70768611761895,127.073919401475,125.84205420168827,126.51625061035156,1483000
2015-04-09,125.32597094373149,125.68387256403851,123.41157829171806,123.86103820800781,3401800
2015-04-10,124.35209763781974,124.87647803875927,123.70287080834804,124.55186462402344,1572900
2015-04-13,124.38547157774074,125.13457599023023,123.9609680701783,124.035888671875,1120200
2015-04-14,124.01919650925615,124.93477955028492,122.953797716362,124.45201873779297,1540800
2015-04-15,124.50199016580459,125.4092418818067,124.06084895708581,124.07749938964844,1404700
2015-04-16,123.81944510320143,123.9359727139917,122.27961686779827,122.44608306884766,2680600
2015-04-17,122.00491508820788,122.12976153639812,119.10836318520622,120.3319091796875,4369300
2015-04-20,122.06322152432175,122.56263291864524,121.31411713339587,121.78022766113281,2881900
2015-04-21,122.3378375374407,123.25342041874346,122.02155566071602,122.63748168945312,1616700
2015-04-22,123.1285993533566,123.1285993533566,121.75523730729081,122.33787536621094,1423500
2015-04-23,122.02157953653341,123.14523580102959,121.74690461839727,122.60421752929688,1351800
2015-04-24,122.62922000403536,123.5198213124139,122.2463362477259,123.2867660522461,1421100
2015-04-27,123.43654237000267,123.61132739096482,122.23796570976137,122.32120513916016,1717000
2015-04-28,122.26294715259344,122.51265276505916,121.56378159813343,122.02989196777344,1302100
2015-04-29,121.75444210857003,122.06324761698941,120.07684675996113,120.56928253173828,1719000
2015-04-30,120.06021632781135,120.93655804638364,118.96685229879624,119.39251708984375,2523200
2015-05-01,119.7347380688624,121.63767299051572,119.53442443778609,121.34555053710938,1504700
2015-05-04,121.34545595503825,122.02985077628811,120.6944530805937,121.64591979980469,1288800
2015-05-05,121.12014474911183,121.63761821252803,120.42740808082438,120.6026840209961,1769600
2015-05-06,121.31213026593628,121.72108628000898,120.19372878985722,120.82804870605469,1737300
2015-05-07,120.61936888849067,121.52910225743844,120.1937042452716,120.65274810791016,2564500
2015-05-08,121.85461359743407,123.15661975986819,121.68769201627848,121.75446319580078,1728700
2015-05-11,121.47068754336037,122.13004500896177,120.35229889434379,120.41072845458984,1905800
2015-05-12,120.18537537233478,121.01999603464265,119.70129385996012,120.24380493164062,1923900
2015-05-13,120.08525854840522,121.26206433250898,119.11709525292189,119.55110168457031,2135900
2015-05-14,120.29393697129846,120.29393697129846,118.12391712986711,119.0169677734375,3023400
2015-05-15,119.53435791982007,120.98660228254572,119.13374361590576,120.87809753417969,2357000
2015-05-18,120.80298876357543,121.26201989976842,120.22709851891203,121.07006072998047,1451700
2015-05-19,120.86141059577282,121.43730086432382,120.44410028352429,120.80299377441406,1332700
2015-05-20,121.07008305277456,121.07008305277456,119.56776316693878,119.75973510742188,1640900
2015-05-21,119.65955979408841,120.67779801679507,119.22556622086634,120.13529968261719,1539400
2015-05-22,120.1019220290153,120.8196963905879,119.68461164985222,119.91830444335938,1189500
2015-05-26,120.25219281603798,120.52761926879556,119.41757183264124,119.55945587158203,2477400
2015-05-27,119.87660907968096,121.55419257586526,119.44260262719615,121.37057495117188,2954100
2015-05-28,120.45249273611954,121.82961210796407,119.48432944902792,120.40240478515625,3206200
2015-05-29,120.00178391068394,120.14366792590293,118.32420059924411,119.00858306884766,3027100
2015-06-01,119.39253534477764,119.55945699596568,118.43271356366154,118.84168243408203,2182700
2015-06-02,118.49111318765505,119.07534518675348,117.58972121677357,118.01537322998047,1963500
2015-06-03,118.24067988301059,118.94175801793781,117.83171126998757,118.6246109008789,1858200
2015-06-04,117.99038593947533,118.93351189860135,117.12238556143502,117.38945770263672,2898600
2015-06-05,117.46451348654807,117.52293030900596,115.79527220614676,115.82865142822266,3203200
2015-06-08,115.9371958925243,115.9371958925243,115.19438377776196,115.21942138671875,1879700
2015-06-09,115.11087864991728,115.81195694023788,115.01906986890145,115.21102905273438,2039100
2015-06-10,115.44476833497076,116.79685010987355,115.39468038360414,116.37118530273438,1725600
2015-06-11,116.54643754923899,117.23917427934198,116.17086076998598,116.27936553955078,1342300
2015-06-12,116.06234418865482,116.26265772701107,115.6033002894844,115.82865142822266,1290700
2015-06-15,115.12759767583404,115.44475766197999,114.46824009782564,114.5350112915039,1939500
2015-06-16,114.50997698660957,115.3779897941449,114.4682433974448,115.16098022460938,1553600
2015-06-17,115.12760188668675,116.27938273298336,115.07752667342228,115.91214752197266,1508100
2015-06-18,116.42121332950286,117.7649527885106,116.19586223791092,117.26417541503906,2074100
2015-06-19,117.33931680014958,118.08212868615965,116.99711926938183,117.09728240966797,2758200
2015-06-22,117.54797626584984,117.8234026249321,116.9136691189127,117.00547790527344,1415700
2015-06-23,117.21414422924546,117.59806265577956,116.45463626395522,116.5547866821289,1489400
2015-06-24,116.29606954355465,116.73007596398267,115.41137345463494,115.4614486694336,1965900
2015-06-25,115.55323337091995,116.77178519648392,114.69357506872188,114.71861267089844,1660900
2015-06-26,115.12757939040405,115.7118113231679,114.78538185289202,115.22772979736328,2248900
2015-06-29,114.35137991956357,115.02743339838943,113.22464959212343,113.24968719482422,1963200
2015-06-30,113.82558246091537,114.10100883786296,112.4484505761774,112.723876953125,2454300
2015-07-01,113.33314421219127,113.9841601031756,113.12448902805451,113.91738891601562,1707000
2015-07-02,114.34303484215114,114.50995643354662,113.74210692488654,113.83391571044922,1148400
2015-07-06,112.79898947153602,114.20950057922472,112.72387666037321,113.40827178955078,2450400
2015-07-07,113.75877200663122,117.57298091201118,113.53342091503927,117.26417541503906,3790000
2015-07-08,116.83023708562455,117.2892811554626,116.23766334253773,116.76346588134766,2917100
2015-07-09,117.97362705419317,118.09881505023255,114.93560857574052,116.3878402709961,3317600
2015-07-10,118.27415614861542,119.70969265694121,117.82345364393882,119.11711883544922,2846000
2015-07-13,120.06855201539935,121.07844881399905,119.76808800993443,120.2354736328125,1847800
2015-07-14,119.89325272960083,120.4274094426544,119.48429675674299,120.12694549560547,1512800
2015-07-15,120.12694002426547,120.33559517978762,119.28397778066402,119.8765640258789,1306700
2015-07-16,120.31053897162012,120.59431961806614,119.71796555335806,120.46077728271484,1148100
2015-07-17,120.28552888339443,120.92819037585511,119.48430015865213,120.75291442871094,1842100
2015-07-20,120.66951010767646,121.21200868333287,120.20212436828515,121.05342864990234,1243600
2015-07-21,121.17858774195078,121.35385096625242,120.54426782653033,120.96993255615234,1587800
2015-07-22,121.20360523057485,122.2552226077648,121.03668365669864,122.17176818847656,1612000
2015-07-23,122.56410454474329,122.6892926063415,121.33721059985535,121.52082824707031,1356100
2015-07-24,121.61260096148953,121.7962058188822,120.92820580047947,121.01167297363281,1272700
2015-07-27,120.83639094662212,120.92819973836738,119.79311501101769,120.39404296875,1431300
2015-07-28,120.62770557361677,120.76958953711768,119.27562437471494,120.64440155029297,1376500
2015-07-29,120.85305388493784,122.48890297293757,120.8113203118637,121.3371353149414,1840500
2015-07-30,121.14518500066798,121.73777127913864,120.20207230478469,121.2703857421875,1392700
2015-07-31,122.01319762812071,122.01319762812071,121.02833861643019,121.2703857421875,1386700
2015-08-03,121.67099152490059,121.94641785447713,120.72786616016569,121.45399475097656,1328100
2015-08-04,121.11180286226173,121.70438912646873,120.34395339356702,120.8864517211914,1315300
2015-08-05,121.71272393815026,122.72260773497048,121.56248560740941,122.59741973876953,1687800
2015-08-06,122.81445171737947,123.18168692524249,121.83794686118192,122.22187805175781,1948000
2015-08-07,121.87133473928952,122.2218739526833,120.47751950913946,121.23701477050781,1228300
2015-08-10,122.10501941258693,122.51397543331353,121.5875458827481,122.06328582763672,1072600
2015-08-11,121.25375141226378,122.0967141317616,121.02840015119334,121.76287078857422,1260700
2015-08-12,121.31086713490443,122.79221075439683,119.97181035071564,122.59972381591797,1963800
2015-08-13,122.49093956336444,123.00982302955939,121.50337274186279,121.57870483398438,1114000
2015-08-14,121.25229324750626,122.541137195851,121.25229324750626,122.26495361328125,1210400
2015-08-17,121.47825118480635,122.39049857098426,121.33597711566087,122.26495361328125,912600
2015-08-18,122.32353843492103,122.5913446796783,121.45313940625451,121.87997436523438,1099100
2015-08-19,121.67913279058834,122.1394388271178,120.21453080092296,121.49501037597656,1436100
2015-08-20,120.758532077148,121.25232192841125,119.92161657575437,120.27313232421875,1785100
2015-08-21,119.02609352793408,119.95507001035402,116.32286071777344,116.32286071777344,3611400
2015-08-24,110.44771451155584,114.79130701485568,97.94419773359644,111.28462982177734,5205800
2015-08-25,114.47330184548842,115.81237176270567,111.01683672052238,111.06706237792969,4645100
2015-08-26,113.91254822103345,115.72865298887618,111.60266646407293,115.62822723388672,3094900
2015-08-27,117.56151126077177,117.795846559122,115.15119074023674,117.34391784667969,2603100
2015-08-28,116.95887839393582,117.41918422611354,116.02990217638089,117.12625885009766,1850900
2015-08-31,116.54044148289933,117.3606148023877,115.92111963820912,117.20997619628906,3005700
2015-09-01,115.14279661153886,117.08443326639356,115.07584186201797,115.74537658691406,2968200
2015-09-02,117.02586872544312,117.89625502441041,115.84581507956123,117.51964569091797,1809900
2015-09-03,117.95490261835599,118.59095396283917,117.25189648440295,117.56991577148438,1615600
2015-09-04,116.16383798876677,116.71620511262539,115.64494185560575,115.8960189819336,2124500
2015-09-08,117.62005990226066,118.406762255671,116.43164181722203,118.36491394042969,1638000
2015-09-09,119.1348892547145,119.1348892547145,116.65761453093722,116.90031433105469,1390800
2015-09-10,116.36471233648575,117.97160115257421,116.32287678247236,117.17652130126953,1350700
2015-09-11,117.04260971250433,118.1724377043446,116.5655618621637,118.04690551757812,1452300
2015-09-14,118.1556682601099,118.34816792866549,117.36897878936365,118.13056182861328,1123300
2015-09-15,118.27289465305907,119.64543544693241,117.36902445655964,119.20185852050781,1349600
2015-09-16,119.01770836580603,120.39861324665777,118.63272178024518,120.18938446044922,1374300
2015-09-17,120.43208725336937,121.38617003159167,119.81277820366226,119.97179412841797,1535300
2015-09-18,118.95913645352658,120.80034750099436,118.5908916899703,118.68295288085938,2833900
2015-09-21,119.1432768361648,120.33169517154093,118.91730610251182,119.85466003417969,1004800
2015-09-22,118.69135014298976,119.6370558769931,117.8460574018494,119.38597869873047,1787200
2015-09-23,120.06387406368104,121.87997872478228,119.38596194640232,121.71258544921875,2310200
2015-09-24,120.82546170893238,121.70422535661032,120.22288165168547,121.2439193725586,1974900
2015-09-25,122.14780274620368,122.94286983952149,121.36110020975514,121.81304168701172,1845700
2015-09-28,121.67911171999685,122.02225004874607,119.92158452861463,120.13919067382812,2553500
2015-09-29,119.7123849720828,120.6329971107613,119.05122735998957,120.281494140625,2513100
2015-09-30,120.13082432320114,121.31087803750137,119.58683445109585,120.99285888671875,2549200
2015-10-01,121.22720970552297,121.22720970552297,119.26045326288563,120.9844970703125,2657300
2015-10-02,119.88810709157083,122.11430467556342,119.00097898810492,122.07245635986328,2591500
2015-10-05,122.39052413602397,124.04761320726256,122.1980243813993,123.92208099365234,2273000
2015-10-06,123.98902069877143,124.44932675734904,123.32786310213561,124.20662689208984,2091000
2015-10-07,124.46599155634951,124.9681456311273,123.38636412666985,123.82994079589844,2340800
2015-10-08,123.53705041025098,126.9600304365535,123.53705041025098,126.92655944824219,2370900
2015-10-09,126.17338914881172,129.10259369982953,125.90558280185566,128.85989379882812,3715500
2015-10-12,128.8598808473675,129.28670315601636,128.1233911192043,128.57533264160156,1200100
2015-10-13,128.24053977217906,128.94355839501216,127.39525983786463,127.44547271728516,1493700
2015-10-14,127.47056309204531,127.85554973627538,124.78407221910014,125.40338134765625,3044900
2015-10-15,126.23192102159132,127.12741364412896,125.72140223929182,127.01862335205078,1697000
2015-10-16,127.47895871411227,128.0229486111058,126.60855955454409,127.2613525390625,1647500
2015-10-19,127.25303368231212,128.37449764612228,127.14423055571322,128.2322235107422,1543700
2015-10-20,128.65064702442672,129.62147203415861,128.1819764046435,129.35365295410156,1875700
2015-10-21,129.55453610319535,130.50861936658163,129.14444286609339,129.89767456054688,1797300
2015-10-22,130.08175857459833,132.51718552990494,129.78884583759518,132.35816955566406,2192400
2015-10-23,132.81846407779608,132.9021607212918,129.64656050621952,130.34120178222656,2273400
2015-10-26,127.2613308270525,131.7388325211052,126.59179607322501,131.1697235107422,2500000
2015-10-27,131.6216884261651,132.48371026583564,130.19055747439535,132.03176879882812,1675100
2015-10-28,131.8141753923195,132.17404288427403,130.14870915036641,132.03176879882812,1778800
2015-10-29,131.44594208227937,132.55067663585476,131.0023779034302,132.46697998046875,1547000
2015-10-30,132.2325515953985,133.40422732419668,131.6467137309994,132.33297729492188,2050000
2015-11-02,133.06121734367252,133.32902369813058,131.9397407215681,133.1951141357422,1260700
2015-11-03,132.5674020614095,133.25367885958946,131.71375749774853,132.9021759033203,1531100
2015-11-04,133.06956959435408,133.0946760386899,131.31204186894314,131.52127075195312,1653100
2015-11-05,129.01050542612074,131.2367034830244,128.90171510656563,130.78477478027344,2550300
2015-11-06,130.9688746682665,132.19914113180033,130.28259801990023,131.8560028076172,1749800
2015-11-09,131.23670982939691,131.47942246156654,128.79291824488996,129.85580444335938,2291100
2015-11-10,130.1662908906855,131.2822671672091,129.7215801764057,131.2403106689453,1701800
2015-11-11,130.87943976343752,132.09610083179737,130.20817451089837,131.2234649658203,1864200
2015-11-12,130.9969408234032,131.71854889787022,130.3928032353228,130.89625549316406,1657400
2015-11-13,130.1158794230712,130.266907372983,128.5719656051653,128.941162109375,2459900
2015-11-16,129.05860740321899,131.29055834118398,128.5803395184073,131.27377319335938,1778400
2015-11-17,132.02908254991502,134.18550886956842,131.75218495027158,133.32125854492188,2500000
2015-11-18,133.32115103579451,135.42723296688104,132.42334390941633,135.30137634277344,2152000
2015-11-19,135.6706631346474,136.9376676060361,135.46089341931852,136.62721252441406,2959300
2015-11-20,137.74315054454462,138.0032628705026,136.56004660713214,136.85372924804688,2051100
2015-11-23,137.21449719681806,137.52495212465476,136.5432318796146,137.14736938476562,1174300
2015-11-24,136.14881670369974,137.5416895125946,135.0915828385054,136.090087890625,2799500
2015-11-25,135.96431292615372,136.76983414723253,135.20914718409426,136.25799560546875,1828000
2015-11-27,136.86211700167124,137.95292179050352,136.3418923437627,137.25648498535156,866300
2015-11-30,137.75152734758558,137.97808214649345,134.91543768295287,135.44406127929688,3063800
2015-12-01,135.94751276749767,136.80336368591685,134.87349322792147,135.33497619628906,1939700
2015-12-02,135.68738212194867,136.29990580704904,134.78117585728617,135.16714477539062,1585700
2015-12-03,138.03676237528657,139.37090656271286,137.02987100621115,137.33193969726562,3440000
2015-12-04,137.70957568339475,140.3275096206748,137.61727652529635,139.95831298828125,2578600
2015-12-07,140.4030493298642,140.54569118152995,138.90949017321606,140.22683715820312,2791900
2015-12-08,139.90797689344473,142.4168138302392,139.1779697711637,141.69520568847656,3158500
2015-12-09,136.53484394720456,137.51656417961038,132.7589909902649,134.01760864257812,9527000
2015-12-10,135.0328373268169,137.1137603077819,134.76433898291842,135.8131866455078,3653300
2015-12-11,134.0260386665232,135.2594853935979,133.71558364111152,134.26937866210938,2511200
2015-12-14,134.32809071369584,135.8300485855235,133.75752340826472,135.79647827148438,2427300
2015-12-15,137.03831746331429,137.3907289244262,134.85670807168103,135.33497619628906,2378700
2015-12-16,135.88876883208627,136.9795735095188,134.25256821759882,136.56842041015625,2196300
2015-12-17,136.2998909674286,137.25643978654148,134.75598985646045,134.82310485839844,1703900
2015-12-18,134.0763795361162,134.8231590652932,132.2388079420676,132.3227081298828,4295800
2015-12-21,133.25407078928234,133.7742954256704,132.0122380427478,133.74073791503906,1453500
2015-12-22,134.16866139031723,135.41889309834008,133.43866711424036,135.28463745117188,1742100
2015-12-23,136.29153327092845,136.29153327092845,134.90705867769,135.68740844726562,1581000
2015-12-24,135.8048449686629,136.20759901812752,135.46081974982087,135.72093200683594,491000
2015-12-28,135.13360721658347,136.14888512361586,134.5881984602255,135.2259063720703,1124700
2015-12-29,135.8467589104078,136.96273448116173,135.5279178925621,136.48446655273438,1169600
2015-12-30,136.73624363267467,137.14738392050475,136.35864804944458,136.52647399902344,889900
2015-12-31,135.9978058429481,137.60883456487036,135.51113891601562,135.51113891601562,1873400
2016-01-04,134.09311664187936,134.3364565469882,132.46530250236884,133.86656188964844,2640800
2016-01-05,134.3952005860358,135.2846217394134,133.79106304726577,134.19381713867188,2127700
2016-01-06,132.87649710180077,134.08477242066053,132.26397326496814,132.95201110839844,2033400
2016-01-07,129.9312992581768,131.78565540793255,128.84049474479775,129.9061279296875,3826000
2016-01-08,130.29209442948596,130.3088795826091,127.38049132366109,127.63221740722656,3156200
2016-01-11,127.79165151975882,130.86268174416645,127.64061073982144,129.8222198486328,2164500
2016-01-12,130.65293965733608,131.25706449440545,130.00684552460254,130.9466094970703,2215600
2016-01-13,130.87105907316678,130.91301555383112,127.43923148994001,127.6406021118164,2157500
2016-01-14,127.5063956536283,129.35236609930968,126.97777201383823,128.53005981445312,2281500
2016-01-15,125.26606462311939,127.13721950882058,124.39342833102287,126.18905639648438,2975400
2016-01-19,127.36372631016931,127.53993843752515,125.50936990143168,126.25614929199219,2242600
2016-01-20,124.56958957771336,125.86176472880123,121.59085858513424,124.87165832519531,3796800
2016-01-21,124.99752218596709,126.9022339204377,124.27591418105672,126.18062591552734,2211800
2016-01-22,127.69096056008372,128.97476244992768,127.24624997734455,128.95797729492188,2544100
2016-01-25,129.2768181490735,129.62083057030833,126.32325852953448,126.51624298095703,1820600
2016-01-26,126.51625499602012,127.3049908332442,124.43534390439957,124.60315704345703,2828600
2016-01-27,125.26603758362728,125.51776372232882,123.10961225617271,123.95707702636719,2189500
2016-01-28,124.64511756770781,125.83660753793993,124.02419484942254,125.51775360107422,2076100
2016-01-29,125.44227124941942,127.22111407575841,123.26906039221086,126.80157470703125,3221300
2016-02-01,126.56661160671237,127.69937282600864,126.02121564383533,126.91063690185547,2142000
2016-02-02,125.85338861558051,126.52464117181036,124.27591694113235,124.60315704345703,1931400
2016-02-03,125.25761232841292,125.84496459992268,122.04394078169335,123.09278869628906,2546900
2016-02-04,121.66639891723086,121.78386941094904,118.97295093532497,120.22318267822266,5340500
2016-02-05,120.21477878405256,121.83419412330707,119.48477179187745,120.81891632080078,4079300
2016-02-08,119.77006566095612,123.80603106134559,118.83028906638334,123.36132049560547,3782000
2016-02-09,122.70681680747946,125.6268057447741,122.69841783024549,124.13324737548828,3228300
2016-02-10,125.67301166388016,126.34609726434377,124.16699402660333,124.56243133544922,2189600
2016-02-11,123.78831929015125,124.84841986202491,121.79430317239178,123.38446044921875,2198100
2016-02-12,124.50347158572036,125.58882465272364,123.67894885467206,125.06717681884766,1951800
2016-02-16,125.65615309890639,126.74149348882585,124.26791209082813,125.4542236328125,2186400
2016-02-17,125.99268531627482,127.86890000713603,125.28595146474441,126.96865844726562,2174600
2016-02-18,125.47103569114532,126.06838941128044,123.5275114060859,125.06717681884766,2894300
2016-02-19,125.36163859285435,125.47942753841359,123.55273417790188,125.1092300415039,2471700
2016-02-22,125.89170323323569,126.35443729562212,124.93256094783584,126.25347900390625,2161300
2016-02-23,126.1104603976037,127.68378714475207,125.46261468605802,126.50589752197266,1850600
2016-02-24,126.22823651086884,129.9133681296442,125.91693989325762,129.4590301513672,2590100
2016-02-25,130.1489547618991,130.30881395616473,128.60927655538833,130.1741943359375,1746900
2016-02-26,128.80274054724765,129.0719796963792,125.15968015299767,125.93372344970703,3800800
2016-02-29,126.19461536390884,128.13813988369154,125.9422067477474,126.22826385498047,3115800
2016-03-01,126.53948606346236,127.2125710310609,125.6813152468515,126.64045715332031,2681400
2016-03-02,127.15374758893076,128.6850041509943,126.53114143097314,128.55038452148438,2947600
2016-03-03,124.9914575818898,127.85206681111238,123.99866674380648,127.54917907714844,5552600
2016-03-04,127.66692857608955,127.69216814294877,126.22820907496397,126.9601821899414,2155600
2016-03-07,126.16937527650538,126.95182786160649,124.18378052237621,124.66334533691406,3159600
2016-03-08,124.23419709711398,127.81835654496237,123.76304143313716,127.00224304199219,3156300
2016-03-09,127.33882128550164,129.1477256628301,127.30515996573786,128.7691192626953,2395300
2016-03-10,128.9037915403799,130.14899128180176,127.08646467146981,128.6177215576172,1413000
2016-03-11,129.44217420730317,129.5683720318629,127.3808489272822,128.4830322265625,1829900
2016-03-14,128.1044591523511,128.97947384411282,127.59123308450054,128.4494171142578,1218400
2016-03-15,127.7174665088443,129.9218086162594,127.7174665088443,129.71987915039062,1398500
2016-03-16,129.31600876149466,130.40977069623102,128.4157673427884,129.618896484375,1485500
2016-03-17,129.41698954798986,130.19103315574762,129.22346901752462,129.43380737304688,1583200
2016-03-18,130.05638275145907,130.15734103004868,128.5335354719193,128.85324096679688,3611700
2016-03-21,128.57564778471217,129.86291761019098,128.2811689250649,129.51795959472656,1367400
2016-03-22,128.90372848865465,129.40853270218588,127.88568547528229,128.07919311523438,1943100
2016-03-23,128.03711148210905,129.5094794403009,127.5827864466001,129.15611267089844,2127300
2016-03-24,128.92897279175298,129.63570641946683,126.91813909797558,127.40611267089844,2506500
2016-03-28,127.7174437924836,129.5179394859533,127.70061313047916,128.4494171142578,1767400
2016-03-29,128.53357803638377,130.79682100981398,128.32323966098,130.6285400390625,1655400
2016-03-30,131.17544614173988,133.1358016193913,130.9566859839184,132.5973358154297,2642700
2016-03-31,132.90016267346564,134.44824954501917,132.52996519591338,132.5804443359375,2692400
2016-04-01,132.82443144198325,133.85088341835868,132.09245823382577,133.14414978027344,1531500
2016-04-04,133.50590213041866,133.76673237220754,131.63811008200474,132.7066192626953,1458400
2016-04-05,132.84127243861067,132.9338218154212,131.0155373124691,131.24270629882812,1855600
2016-04-06,131.09128183812507,132.43745252258202,130.59488637297017,131.89898681640625,1572600
2016-04-07,129.92179146401926,130.05641109015932,127.44821039534064,127.91095733642578,4050100
2016-04-08,128.7102184199862,128.7102184199862,126.9770327544338,127.59121704101562,2008500
2016-04-11,127.3304260209905,127.83524321819239,125.33642248430878,125.40373229980469,2279000
2016-04-12,125.86641393389179,126.77506387641766,124.94932940700015,126.64045715332031,2268300
2016-04-13,127.52395724713008,127.95304291410442,126.69942156669764,127.78477478027344,2078800
2016-04-14,128.38211010553002,128.65134935134174,127.16215026327602,127.38089752197266,2420000
2016-04-15,127.85202606405073,129.40852163688655,127.75105495955346,128.87005615234375,2675900
2016-04-18,128.54193915830652,129.3244042996695,128.11285365370802,128.9794464111328,1335800
2016-04-19,129.38336535508677,129.4843236865417,128.29802477783218,129.29922485351562,1579000
2016-04-20,129.33282337644243,129.47585188921843,128.39051183907964,128.50830078125,1308700
2016-04-21,128.2979976167778,128.50833598813836,126.78355877537473,127.39774322509766,2097600
2016-04-22,127.08642214594003,127.72584605042847,125.66453297442753,126.13568878173828,2233900
2016-04-25,126.18617247270808,127.61647060729176,125.75708688374299,127.47344207763672,1249000
2016-04-26,127.95299567282962,129.10564544394168,127.60803778111415,128.3905029296875,1552900
2016-04-27,128.46644604797598,128.69427400256694,127.0825463796431,128.06983947753906,1492800
2016-04-28,128.27239551448554,129.65629563917793,127.53825722226603,127.79141235351562,2198100
2016-04-29,126.58472030985752,127.40324799280687,124.43293373971808,124.99830627441406,3588800
2016-05-02,125.5298804662453,127.77450236779438,124.6776050266354,127.36101531982422,3361500
2016-05-03,126.6437187517244,128.7111276048043,126.23867848534091,127.76602935791016,2201300
2016-05-04,126.67753942302284,128.26396628422842,126.10373312276015,127.85047912597656,2111600
2016-05-05,125.71551895562017,126.89690493055133,123.51309184718538,124.7535400390625,4869300
2016-05-06,124.09537476336045,124.46666722065393,122.1376684558188,123.57219696044922,3692200
2016-05-09,123.90128722880434,125.7071080810807,123.63125168498564,125.38644409179688,2843800
2016-05-10,126.05307073703604,126.55936800520941,125.52144637325227,126.2049560546875,1943900
2016-05-11,125.21765565263489,125.47081071014728,123.69030440284499,124.1459732055664,2812700
2016-05-12,124.31479723844976,124.69452352542675,123.47095532249831,123.80848693847656,2860400
2016-05-13,123.47936686080523,123.80846463369727,121.76636911011026,121.93513488769531,2993600
2016-05-16,121.93511633741319,123.69030848448368,121.00688538790425,123.02366638183594,2615000
2016-05-17,122.77897626387077,123.40342380256716,120.85501807826978,121.1756820678711,2928900
2016-05-18,118.28974493892578,119.53864015384048,116.93117191465541,119.22640991210938,5717000
2016-05-19,120.20523832173421,120.73686267206571,119.33608246782808,120.41619873046875,2830500
2016-05-20,120.44150861886061,121.09127025968064,119.84238829015726,120.40776062011719,2088400
2016-05-23,120.5343516797884,121.51321119353261,119.74958503797836,119.8339614868164,1828400
2016-05-24,120.30654907226562,121.07443543598225,120.14621704682841,120.30654907226562,2813100
2016-05-25,120.34872768464821,122.93088183906599,120.2559045605872,121.96890258789062,4156700
2016-05-26,125.74083590107698,129.85035337035063,124.63540543252951,126.33153533935547,7679400
2016-05-27,126.77882469946208,127.22605992227005,124.98143714771993,125.79996490478516,3349800
2016-05-31,126.21342900718686,126.47501791497612,124.57637379275852,125.5383529663086,3738900
2016-06-01,126.99817964012189,129.10778395308074,126.84629431007025,128.70274353027344,3487300
2016-06-02,126.61847718670417,127.85047912597655,125.35271436153087,127.85047912597656,3957600
2016-06-03,126.8294062232085,128.07828829589897,126.80409200305952,128.01922607421875,1964200
2016-06-06,128.12048300480018,128.6774216002991,128.0192261241648,128.46646118164062,1961600
2016-06-07,128.33144054635434,129.82504388225155,128.1795423528046,128.787109375,2113000
2016-06-08,128.8377453323645,129.50438748984206,128.3061338139233,129.4199981689453,1528300
2016-06-09,129.10779895958933,130.0697781230716,129.04029006860756,129.99383544921875,1812100
2016-06-10,129.10781078194523,130.92206571769452,129.057182328074,130.685791015625,3266500
2016-06-13,130.59294864201885,131.60556907420494,130.43262952039294,130.75328063964844,2576600
2016-06-14,130.41578308769,131.94313504064826,129.58882153669734,131.52964782714844,3274700
2016-06-15,131.38619232956918,132.2975432035092,130.50860234503804,130.6773681640625,2228500
2016-06-16,130.67732242486457,132.06122225808815,130.04444116803666,131.99371337890625,1937400
2016-06-17,132.50844189608762,132.69408807323356,131.43675948729071,131.5464630126953,2858200
2016-06-20,132.80379192953424,133.64763350920902,132.01901256491638,132.04432678222656,2090800
2016-06-21,132.54219534307043,133.24257248233087,132.1962172254117,132.65188598632812,1909700
2016-06-22,132.99785288866374,133.68136241039997,132.6181268072546,133.42820739746094,2094800
2016-06-23,133.833306352467,133.99362546870745,131.92621576178288,132.5084686279297,2912400
2016-06-24,129.2427905559827,133.065392210806,129.19216211700518,131.26800537109375,3996100
2016-06-27,130.1541834575747,130.73642357136745,128.72808854076476,130.17105102539062,2790800
2016-06-28,130.5085446501395,131.58021420898737,129.70689770715848,131.3017578125,2156300
2016-06-29,132.0106161895,132.71944022703093,131.54650061397226,132.55067443847656,1942500
2016-06-30,132.44941072713507,133.1751151689913,131.21739606965681,132.51690673828125,3091100
2016-07-01,132.64343647136312,132.64343647136312,131.13295310076808,131.73208618164062,2317200
2016-07-05,131.7068141064503,131.76587632994037,130.54230843990555,131.0064239501953,2807400
2016-07-06,130.96425625557526,132.10344793575533,130.51702109248356,131.64776611328125,2133200
2016-07-07,133.60549020994677,138.52509005555336,133.3270208364967,138.1369171142578,6497900
2016-07-08,139.0989142514677,140.16216342787158,138.8035772726945,139.605224609375,3932000
2016-07-11,139.28452228791332,141.3350645109151,139.28452228791332,140.685302734375,2634300
2016-07-12,140.49123833801517,140.85408416361196,139.92586582715177,140.31402587890625,1642100
2016-07-13,140.92157761863712,141.08190961740576,140.0946162774136,140.73593139648438,1479800
2016-07-14,141.04815599370576,141.76542669584245,140.31401772578087,140.87095642089844,2150100
2016-07-15,141.29283130421868,141.29283130421868,139.74016594122733,140.42367553710938,1962300
2016-07-18,140.55025126890408,141.64724789626428,140.0101931736499,141.35189819335938,1993800
2016-07-19,141.3434909445637,142.23796112560464,141.25066783845554,141.86666870117188,1487800
2016-07-20,141.97636097570896,141.98479475704812,140.8793642295224,141.7991485595703,1336900
2016-07-21,141.28441147042523,141.5544469983848,140.33087909282432,140.96376037597656,1384600
2016-07-22,141.4953605452457,141.51224098338943,140.88780640808918,141.3181610107422,1335100
2016-07-25,141.06500589759327,141.93416175969472,140.41524422728386,141.74008178710938,1732200
2016-07-26,141.42787159352332,142.45735947957374,140.66840635122261,141.40255737304688,1593900
2016-07-27,141.05663437929218,141.3435375742758,139.86681404738042,140.204345703125,1440000
2016-07-28,140.29707609927107,140.80338612420914,139.90891623935084,140.37303161621094,1866500
2016-07-29,140.61777852725692,141.49536821829685,140.3983843234975,141.10720825195312,1359700
2016-08-01,141.04817150350436,141.76544228451286,140.8372110239143,141.39414978027344,986800
2016-08-02,140.98066032889324,141.37725414197288,138.8879233255546,140.49966430664062,2107300
2016-08-03,140.01021982306358,140.35619802637663,139.3182762924406,140.17898559570312,1837100
2016-08-04,140.11151772237272,141.5460593997097,139.98494657484622,140.54188537597656,1638300
2016-08-05,140.8034440407322,142.04389252366383,140.14524846317715,141.51226806640625,1526500
2016-08-08,141.13258411521716,141.38573930766577,140.47438834045553,141.2591552734375,1294400
2016-08-09,141.54602094152165,142.27172536751502,140.82031651552825,141.64727783203125,1286700
2016-08-10,141.67265995210062,142.569534483151,141.34267756972145,142.391845703125,1104300
2016-08-11,143.0856794588964,143.49180869172955,141.57960451446695,142.0449676513672,1497800
2016-08-12,141.43575020739758,143.3394977007866,141.43575020739758,143.02642822265625,1399100
2016-08-15,143.02642166002778,143.22103624606436,142.64567476094297,142.76412963867188,918600
2016-08-16,142.04492524071267,142.82334475065164,142.04492524071267,142.4933624267578,1023000
2016-08-17,141.6810703834312,142.45103332908806,141.2326332635673,142.1125946044922,1382500
2016-08-18,142.50184393008607,142.74722305878902,141.46958870245712,141.93495178222656,1353400
2016-08-19,141.47801377939624,142.42565254657515,141.38494119257615,142.16336059570312,1764800
2016-08-22,142.43414193136172,142.7302855698879,141.8249417514203,142.095703125,955000
2016-08-23,142.22265252427843,142.52725269579392,141.5626876377643,141.60499572753906,1003700
2016-08-24,141.41883502776517,142.04496112049918,141.09730907330513,141.7826690673828,1363800
2016-08-25,141.4696411187666,141.64732996437417,139.303600792873,139.48974609375,1817700
2016-08-26,139.93811543771852,140.15809936325846,138.3135859837152,138.70278930664062,2009900
2016-08-29,139.1596851355222,139.4727416420422,138.2543414179699,138.74508666992188,1819200
2016-08-30,138.8212882848549,138.99896417332576,136.8498502312568,137.03599548339844,2010700
2016-08-31,136.95988129730037,137.55216888409032,136.35068079877672,137.14602661132812,1933200
2016-09-01,134.53147841845066,134.53147841845066,131.60393238980714,132.17083740234375,6038500
2016-09-02,132.67847956787932,134.7683718680896,132.670023117451,133.66842651367188,2679000
2016-09-06,133.79536365129346,133.81227655378305,132.01007123208655,133.7361297607422,2716900
2016-09-07,133.38080367587963,133.57540539562052,131.48551228997883,131.68858337402344,2984100
2016-09-08,131.30778798330815,131.56162351713664,129.40404084551173,129.85247802734375,2993100
2016-09-09,129.10784392880032,129.27706324461124,127.50869750976561,127.50869750976562,2993900
2016-09-12,127.33953224353385,128.6002405660575,127.13646123200303,128.34640502929688,2982400
2016-09-13,127.91491828384612,128.25337006905903,126.97574847024597,127.54264068603516,2148600
2016-09-14,127.51720046742594,128.82020374417,127.08567625120702,127.50027465820312,2188900
2016-09-15,127.52567134165571,129.42941841035804,127.00954384216087,129.1755828857422,2284300
2016-09-16,128.57487907228762,129.16715347999198,127.88106268710976,128.9048614501953,2842000
2016-09-19,128.71871748338535,129.48021131353136,128.2702802195372,128.4310302734375,1321300
2016-09-20,128.97251686982983,129.20943950307853,128.32947803847358,128.75253295898438,1396700
2016-09-21,129.1079161571756,129.3702081800106,127.97413190528918,129.20098876953125,1535100
2016-09-22,129.48024275807364,130.53788050713365,129.18409902409002,129.58177185058594,2502200
2016-09-23,129.58175882201007,130.10635587201872,128.75257452508873,129.0571746826172,2282100
2016-09-26,128.67637703234882,128.84559640641172,127.77103336966596,127.92333984375,1862200
2016-09-27,128.11796122840832,128.41410486162835,126.91648670355484,127.29723358154297,2569000
2016-09-28,127.42417801248706,127.48339900215053,126.01963223845428,126.41730499267578,2626300
2016-09-29,126.23113939013892,126.65419434464137,124.54737602339863,124.79275512695312,4501300
2016-09-30,128.43102197895047,131.02012923758468,128.2702719354319,129.04022216796875,7318100
2016-10-03,128.79485583487127,128.82023810017003,127.18725211642143,127.77105712890625,3197100
2016-10-04,128.16030843996342,128.28721980117442,126.48501391889536,127.3226547241211,2840500
2016-10-05,127.44953053918388,127.69489671444157,126.77264007864271,126.89955139160156,2377700
2016-10-06,127.11111764620577,127.45802588831395,126.07040583049687,126.46807861328125,2465500
2016-10-07,126.72186720298883,127.0772317664682,125.89267031092614,126.90801239013672,2282100
2016-10-10,127.21268392804974,127.63573906194999,126.70501260312221,127.15345001220703,1587700
2016-10-11,126.63727291018424,127.8810555522763,126.5018922215154,127.77105712890625,2596800
2016-10-12,127.7372289244661,128.17720974354245,127.24648357061442,127.30571746826172,1664500
2016-10-13,126.85725912817622,128.05027726113036,126.67958326788886,127.1026382446289,1795300
2016-10-14,127.06875536742342,127.76257155574616,126.3072617608054,127.04337310791016,1745000
2016-10-17,126.98416400951149,127.0856930570553,125.75730734611574,125.8165283203125,1988400
2016-10-18,126.5019368552753,126.59500949774737,125.57122334117228,126.16349792480469,1847800
2016-10-19,127.50875581493383,128.0333527176151,126.33266360294486,126.45111846923828,1812000
2016-10-20,126.78955973501165,127.57643565837755,126.57803228327529,126.95030975341797,2251200
2016-10-21,126.50185356835792,127.16181808569725,125.64728743965162,126.04496002197266,2188000
2016-10-24,126.36652043667644,128.87946790647973,126.31574299707586,128.71023559570312,2432800
2016-10-25,126.83190342430203,128.5833575919,126.83190342430203,127.7541732788086,2060600
2016-10-26,127.21261086178208,128.10948516481992,127.15337697996114,127.74565124511719,2246100
2016-10-27,127.61874463055143,128.15179794408056,126.76417836733192,127.64412689208984,1993500
2016-10-28,127.28885515308245,127.64421998440291,126.39198016299454,126.71349334716797,1843900
2016-10-31,125.97731650966861,126.36653278763879,124.46278530084511,125.1142807006836,3239400
2016-11-01,125.63041341627486,125.75733766691809,123.85359010279966,124.09049987792969,2112000
2016-11-02,124.27720287451073,125.04953583489625,124.01410356831013,124.14141845703125,2260500
2016-11-03,124.50636281277733,124.50636281277733,122.33365666785116,122.59675598144531,2168200
2016-11-04,121.36614859661306,123.06357724831393,120.61079336462028,120.72113037109375,2702100
2016-11-07,121.68862507863113,121.92626397747327,121.15393108106197,121.82440948486328,3010100
2016-11-08,122.12144885704318,124.446929725212,122.04506771018342,123.98861694335938,3505200
2016-11-09,121.82437511296631,125.09192847565139,121.82437511296631,124.58269500732422,3170200
2016-11-10,124.81193111878515,127.30715339743134,124.43001224866353,124.50639343261719,3944200
2016-11-11,124.43001256587826,126.98463812177214,123.38609753145695,126.76397705078125,3218000
2016-11-14,128.08791915888096,129.1233513058932,126.88274679685894,129.00453186035156,3890800
2016-11-15,128.98757640759132,129.00455431715224,127.55324738293005,128.28314208984375,2799900
2016-11-16,129.1657903423656,129.47132791128504,128.8347923885652,129.12335205078125,2152300
2016-11-17,128.35106769431013,128.49534757995875,126.92523380059218,128.3256072998047,2098700
2016-11-18,128.02005009877305,128.32558773661256,126.89975406026247,127.6126708984375,2020500
2016-11-21,127.77391126161854,128.40195141189997,127.40895746181894,128.30010986328125,1181200
2016-11-22,128.94517360556796,129.89574254739978,128.33411114701377,129.57322692871094,1954200
2016-11-23,129.64107029228632,130.141808470438,128.3085830263063,128.66505432128906,2166900
2016-11-25,128.91119244035846,130.2097240610314,128.75843010867942,128.9027099609375,886800
2016-11-28,128.19822552375157,129.36944179297848,128.16426971864632,128.3679656982422,1733500
2016-11-29,128.6820671730998,129.19130096945491,128.435945706752,128.56324768066406,1496800
2016-11-30,128.2661511972215,128.61411409558946,127.36651642764217,127.40045928955078,2750500
2016-12-01,127.40051175178684,129.75145413025103,127.40051175178684,128.78392028808594,2305200
2016-12-02,128.99606897196912,129.74292862150213,128.52077816727507,129.0809326171875,1829200
2016-12-05,129.08089262413114,129.19971205090334,127.96907949854567,128.80931091308594,2432100
2016-12-06,128.877220955753,129.07242154189407,127.66355324982966,128.16429138183594,2245400
2016-12-07,127.81634060332014,130.6255820256251,127.71448611148692,130.5746612548828,2811300
2016-12-08,132.94254943009716,136.55806610849166,132.90860657106177,133.7488250732422,5504300
2016-12-09,133.48575571823167,135.64997931366378,133.46877780973875,135.53964233398438,2614700
2016-12-12,134.6060538771181,136.8806013211519,134.57209806283026,136.07432556152344,2299200
2016-12-13,136.51565751030643,137.5256163321872,135.0643508144249,135.5990447998047,3583300
2016-12-14,135.83667699569997,136.17615741232595,134.30898922018753,134.93704223632812,2119100
2016-12-15,135.24258575957305,137.0673157425701,135.00494686737852,135.88760375976562,1811100
2016-12-16,136.21008005334397,136.85509786799307,135.6669037488119,136.14218139648438,3767100
2016-12-19,137.50015870940769,139.63892174354348,137.19462113310257,138.73080444335938,3231900
2016-12-20,139.46072673905357,139.99540789100251,138.7647748630215,139.0703125,2204600
2016-12-21,138.84960403325874,139.21454480674288,138.35734840015348,138.3743133544922,1313400
2016-12-22,138.90053859957152,138.90902107758376,137.42377155350883,137.55108642578125,1965900
2016-12-23,137.63589039739023,138.06024722032737,137.0927141820444,137.55950927734375,1254100
2016-12-27,137.54260113098096,138.13669839431188,137.32194013327205,137.53411865234375,1301100
2016-12-28,137.50868366261489,138.21311803007706,136.26107270402363,136.65147399902344,1281000
2016-12-29,136.34594947948557,137.01644104031118,136.34594947948557,136.7533416748047,858200
2016-12-30,136.54959966664305,136.63447624971897,135.51416751478897,135.88760375976562,1472300
2017-01-03,136.34592472667646,136.63449738356033,134.52967694092087,135.5651092529297,2099000
2017-01-04,135.62454725474245,136.21016219174643,134.89465244128644,135.59059143066406,2163600
2017-01-05,136.60055249976747,138.63747441856862,136.32897068080482,138.2640380859375,2880900
2017-01-06,138.06033909282067,138.29797803577532,136.75332490657013,138.19613647460938,2167000
2017-01-09,137.77174422585122,137.89904614483592,136.40531417724154,136.61749267578125,2318300
2017-01-10,136.2865273715615,137.83967590683451,136.2271111615755,137.20314025878906,1477900
2017-01-11,137.0418693290772,137.81420228262266,136.09131366339028,137.1012725830078,1378300
2017-01-12,136.94004085688138,137.45775703503062,136.36290846877773,137.38136291503906,1296900
2017-01-13,137.48317020377073,137.60198963251796,136.93999382230527,137.37283325195312,1250100
2017-01-17,137.36435991806707,139.40126824655357,137.21158467073954,139.02783203125,2430500
2017-01-18,138.89203195592765,139.51160246019177,137.9923972460447,139.41824340820312,1834700
2017-01-19,139.3418272452875,139.86803861423437,138.81562882668564,138.9344482421875,1980400
2017-01-20,139.52009366765742,139.8426091311346,138.5355823215097,139.39279174804688,1897100
2017-01-23,139.2316082694746,139.4862251948325,137.63602095756298,138.34893798828125,1421600
2017-01-24,138.53559084531122,139.0363419774012,138.30644737591356,138.90902709960938,1347400
2017-01-25,139.35893471995485,139.82573033999284,139.10431774990167,139.30801391601562,1299200
2017-01-26,139.477709217579,139.56258583031453,138.679915679135,139.24856567382812,1180000
2017-01-27,139.66441873985514,139.68139665141942,136.39687655791604,137.54263305664062,2341100
2017-01-30,137.51707378821376,138.58644834153532,136.3034194662146,138.55250549316406,2149800
2017-01-31,137.90755220565592,139.18910577351824,137.78873275532663,139.14666748046875,1796600
2017-02-01,139.05328315862022,139.1466422062321,137.330394966612,137.37283325195312,2219700
2017-02-02,141.59945977526198,143.33084382128436,141.0223403934876,142.71127319335938,5816300
2017-02-03,142.3463570828851,143.2969129123742,141.86258373729387,142.8555908203125,3227700
2017-02-06,142.73669695356563,142.73669695356563,141.4890994395366,141.76068115234375,2172800
2017-02-07,142.18505718501345,142.65185248099587,141.33634317426288,142.17657470703125,2732600
2017-02-08,142.5424753702648,143.45305144583767,142.5424753702648,143.3253936767578,2089900
2017-02-09,143.35096567018962,145.87843703108405,143.11268667864405,145.4869842529297,2606900
2017-02-10,146.07412360889597,146.60175236228713,144.89975260926659,146.37197875976562,2070000
2017-02-13,146.7890111896605,146.7890111896605,145.3337953124357,146.33798217773438,2272200
2017-02-14,146.08271416633957,147.76769111930528,145.98910361421736,147.75918579101562,2244700
2017-02-15,147.37617678710924,148.9250030517578,147.27406094029013,148.9250030517578,2346500
2017-02-16,149.01014849040152,149.63137503504052,148.5080484757372,149.56329345703125,2206500
2017-02-17,149.32498609629403,150.20151514586217,148.4824913366568,149.65687561035156,2424400
2017-02-21,150.24409918602527,150.627046707727,149.77604644384155,150.57598876953125,2317000
2017-02-22,150.68659293306598,150.703603585586,148.98459274443826,150.21002197265625,1815200
2017-02-23,150.21854498765896,150.6610557011914,149.10373690683883,149.64837646484375,2599900
2017-02-24,149.11223952967302,151.23123446712432,149.02713432502762,151.10357666015625,1684300
2017-02-27,150.9078482545563,151.35037193938106,150.2440692199347,151.15463256835938,2340400
2017-02-28,150.58447074907417,151.36738931222774,149.33349951630933,150.7801971435547,2992100
2017-03-01,150.94190718863902,152.08225736976232,150.8142623477681,151.35890197753906,2352300
2017-03-02,151.05249167595227,151.69074164078023,150.209997047697,151.46096801757812,3190300
2017-03-03,145.2657079740257,146.27840012535663,144.5849053274374,144.89126586914062,10396500
2017-03-06,144.16793998498747,144.9508585726722,141.359636864559,141.8872528076172,5793600
2017-03-07,141.72555388568364,143.49563568869527,141.72555388568364,142.1170196533203,2811900
2017-03-08,142.11703134687906,142.46594454029423,141.4021943056619,141.47027587890625,2375900
2017-03-09,141.60643381774258,141.93832338976725,140.51715455647016,141.0703125,1993700
2017-03-10,141.68301790222785,141.69152322893962,140.39799938101476,140.72988891601562,2164200
2017-03-13,140.28739189723873,140.50864728044277,139.81933917773702,140.03208923339844,2127700
2017-03-14,139.74274878547766,140.6873595284415,139.6491382439143,140.61927795410156,1974400
2017-03-15,140.90005173349476,141.7255096435547,140.27030716831086,141.7255096435547,2079700
2017-03-16,141.92978133756313,142.6871708308352,141.48725769428955,142.16806030273438,2726600
2017-03-17,143.019100771749,143.2658981174195,142.1766188298832,142.8063507080078,3976000
2017-03-20,142.76378363860061,143.21481268923148,141.9468307483089,142.49147033691406,1603300
2017-03-21,142.55103606842434,143.64883357690812,141.81917539117927,141.9298095703125,2241900
2017-03-22,142.38937684423584,142.94252184675562,142.15108481312544,142.6957244873047,1534200
2017-03-23,142.9680267559996,143.32544526466177,141.6319502730471,142.03192138671875,1430500
2017-03-24,142.4318775818532,142.50847745693983,140.97667473366545,141.2830352783203,1410400
2017-03-27,140.86606079385618,141.53835821750934,140.68735802520175,141.3936767578125,1212300
2017-03-28,141.3595863691494,142.15952831012186,140.5426207952211,141.92124938964844,1446400
2017-03-29,141.5042957517959,142.52549327592322,141.39366158339482,142.48294067382812,1216700
2017-03-30,142.3723635849702,143.1212350758076,141.91281611638576,142.87445068359375,1034000
2017-03-31,142.6191031702129,143.11268478480594,142.22765039723868,142.70420837402344,1720300
2017-04-03,142.74675694251715,143.22331490583642,141.60640697573965,141.86170959472656,1547900
2017-04-04,141.77662805412157,142.38934919173496,141.35963331220285,142.32977294921875,1322400
2017-04-05,142.36380397394706,143.30841462398618,141.87874065918714,142.1170196533203,1715200
2017-04-06,144.39770755862992,146.46564479488202,144.08284164021933,144.6870574951172,3313800
2017-04-07,144.41474366096364,145.52104661237345,144.18496995149974,145.19766235351562,1510000
2017-04-10,144.84021296520748,146.00609192043058,144.54237072434373,145.70823669433594,2002300
2017-04-11,145.34231165588744,145.89546955119022,144.35516133877172,145.20616149902344,1191400
2017-04-12,145.88698354790395,145.90400719074407,144.40625125168398,144.81472778320312,1422300
2017-04-13,144.71260795309524,145.19767138632434,143.64885754618518,143.68289184570312,1422500
2017-04-17,143.62329474452238,144.45727123122964,143.57223681465499,144.4147186279297,1504100
2017-04-18,144.7125123327855,144.94228590471846,144.2189309118902,144.7805938720703,1542700
2017-04-19,145.41884962678753,145.46138922850326,144.5167919186103,144.7210235595703,1441300
2017-04-20,144.95088578423577,145.67422826369992,144.62750150798453,144.79769897460938,1933600
2017-04-21,145.96350627172865,146.26986675469252,145.2146222055441,145.32525634765625,2257900
2017-04-24,146.37201570168602,146.89112627678148,145.80184719875018,146.65284729003906,1906900
2017-04-25,147.1464382353183,147.257059424246,146.6188093152925,146.95069885253906,1503000
2017-04-26,151.5205677332166,151.70778879073745,149.2824333543644,150.45681762695312,4591300
2017-04-27,150.89932755945233,151.2992856165572,150.13341976158162,151.00994873046875,2148700
2017-04-28,151.53763285004368,151.53763285004368,150.56748002175715,151.069580078125,2364500
2017-05-01,151.90354160731002,151.90354160731002,150.90787289281778,151.35890197753906,3328000
2017-05-02,152.09072143583566,152.27794247514274,151.4269424729213,151.98008728027344,2505300
2017-05-03,152.10777373493153,153.57149505339441,152.07372645669827,153.02685546875,2900500
2017-05-04,153.22260389989395,155.88622596178672,153.18005128860037,155.26499938964844,3762200
2017-05-05,155.53729627785134,155.66494110234115,152.97577759441722,153.3502197265625,3713600
2017-05-08,154.64290007544156,154.67830988662587,151.93359693354907,152.85440063476562,3538000
2017-05-09,153.71320897663531,153.98767887663442,152.5621944033815,152.88978576660156,2662100
2017-05-10,152.7565958642652,152.8098715887085,151.54008832524744,152.1527862548828,2554500
2017-05-11,151.64662615245444,152.33036283635371,151.04281659730938,152.07284545898438,2106000
2017-05-12,152.09949841879418,152.59677013325876,151.2381849500386,151.73544311523438,1586800
2017-05-15,151.22047075097734,152.71224572888278,151.22047075097734,152.3481903076172,1733600
2017-05-16,152.69450886781075,152.69450886781075,151.5135134708746,151.84205627441406,1129200
2017-05-17,151.54011565538528,152.2860030306491,150.11936618407893,150.19927978515625,2201400
2017-05-18,151.0251171420597,151.85980656644142,150.67881126910063,151.59341430664062,1589700
2017-05-19,152.15280495501025,153.11179521139047,151.6732962775498,152.41030883789062,1871800
2017-05-22,152.94311044501876,153.83107552611074,152.4014512035818,153.08517456054688,1594100
2017-05-23,153.59130610542533,154.09743910641532,153.0141342789986,153.14732360839844,1788000
2017-05-24,153.5735553186582,153.7333960760177,152.5524009133724,153.6268310546875,1420800
2017-05-25,154.03526764817263,155.43825377383402,153.88431524563086,155.1540985107422,2726900
2017-05-26,160.05566131442293,160.13557489765157,157.6315211116112,157.9334259033203,4471300
2017-05-30,157.77362850887457,159.29205475348652,157.61380129853217,158.8747100830078,2086300
2017-05-31,159.15883303178103,160.25102606140388,158.75036321744219,160.2154998779297,2456200
2017-06-01,160.55293936889979,160.81045679027034,159.70937538188994,160.3931121826172,2028300
2017-06-02,160.34870155888052,160.9436364096273,159.71824052492173,160.69500732421875,2239900
2017-06-05,160.81052288858479,161.7961649236008,160.36654023406,161.68072509765625,1561100
2017-06-06,161.3432223077995,162.24895031468245,160.7305243487101,161.12123107910156,2248900
2017-06-07,161.1123524862365,161.82272711107422,160.84596030826373,161.78720092773438,1246200
2017-06-08,161.53859642271877,162.05361776536506,160.57959256564683,161.0857391357422,1823600
2017-06-09,161.35213773914313,161.54747758789085,159.7626726870105,160.171142578125,2167600
2017-06-12,159.46073184442193,160.60620055688275,158.75923201452937,159.51400756835938,2395200
2017-06-13,159.74490085720703,160.53518917897412,158.9723756295445,160.28656005859375,1745400
2017-06-14,160.57073243263284,161.5741373424839,160.03794794703867,161.31661987304688,1440400
2017-06-15,160.1800388032655,161.01472824308516,158.3863453399896,159.8870086669922,1753800
2017-06-16,151.30920043022272,151.48680423424966,146.51419580538987,148.38780212402344,24233000
2017-06-19,148.33455267955748,148.62758274898982,144.1966326192392,145.92816162109375,13809100
2017-06-20,146.95818923034815,146.95818923034815,144.23213051559833,144.64947509765625,7337600
2017-06-21,145.17340888877447,145.42203801538443,144.5163098831503,144.87149047851562,3421700
2017-06-22,144.88920354479234,145.00464329559833,141.19526701166586,141.88787841796875,8043100
2017-06-23,141.54154874904236,141.89674271089388,139.0197325915857,139.52587890625,9506700
2017-06-26,140.43165276778976,142.95348354738792,140.38726535928052,142.25198364257812,6473900
2017-06-27,142.6604718536033,143.45076022645617,141.36403688558366,141.4173126220703,5533800
2017-06-28,141.71030530591094,142.5183565606649,141.6303917222807,142.22532653808594,3234400
2017-06-29,142.26088165927746,142.49174768648578,140.12088271160815,140.90228271484375,3664200
2017-06-30,141.71922101887986,142.55389674691108,140.9999579793763,142.01223754882812,4755100
2017-07-03,142.26083598999665,142.5449776592464,140.91112580057722,141.0265655517578,1994300
2017-07-05,141.12427628645054,141.6304228592529,140.17416074611918,140.3162384033203,3770400
2017-07-06,143.0600874934671,143.273204039435,139.45495060714543,139.49046325683594,6963400
2017-07-07,139.73015467148264,139.89887016730546,136.82650570735498,136.84426879882812,7688400
2017-07-10,136.31147419104494,136.39140132202502,134.04717474692464,134.0826873779297,8999800
2017-07-11,134.48227895420345,135.9385408218006,134.0205334207891,134.1803741455078,6275600
2017-07-12,134.49116862811226,135.76982669238632,134.45564244480886,134.74867248535156,5112200
2017-07-13,136.06286221993545,136.68443496012142,135.52120307150136,136.39141845703125,5673500
2017-07-14,136.97745819599368,136.98634651637013,135.76982541118437,135.85862731933594,4368400
2017-07-17,135.85866092042727,136.24936773409507,135.43244146427705,135.71658325195312,3096500
2017-07-18,135.51231387108194,135.71654198912552,134.02941422407875,134.52667236328125,3256900
2017-07-19,134.80195511275537,135.11274826086205,133.99390376709374,134.2958221435547,4100000
2017-07-20,134.5000872917009,135.13942330711163,133.9761910857951,134.07386779785156,3207400
2017-07-21,134.02943169365983,134.28693556742877,133.1947424729462,133.58544921875,4078000
2017-07-24,133.5943040186863,134.50003192589514,133.29239923270598,134.0826873779297,3655600
2017-07-25,134.44675408507047,136.48018752242933,134.43786576550846,136.0095672607422,4605700
2017-07-26,136.22271848763953,136.3026320885048,134.57110299006857,135.05059814453125,3017200
2017-07-27,134.97956323211434,135.84977874212998,134.47343019601314,135.43243408203125,3637900
2017-07-28,135.56564815508574,136.12507057798268,135.06838980107688,135.76100158691406,2779500
2017-07-31,135.9296545878414,140.88449984798115,135.8852536375378,140.7512969970703,6937100
2017-08-01,141.27527156482094,142.0477969685017,140.21859078780648,141.8258056640625,4787500
2017-08-02,141.30187914595433,143.4507528863502,140.68918110916485,143.21099853515625,5486300
2017-08-03,143.50405054685072,144.16114964526605,139.4638063449956,140.2185821533203,5562600
2017-08-04,140.60035106146572,140.68915296615052,138.3715641662684,138.91322326660156,3117900
2017-08-07,138.96653780062465,139.92554173212628,137.93649503538896,139.36611938476562,2629500
2017-08-08,139.49927483565762,141.57710920594243,139.4371107963051,140.07644653320312,2569200
2017-08-09,139.53482296979382,139.91665497475074,138.70013368150157,139.28619384765625,2157600
2017-08-10,138.6735061548132,139.9166654074667,137.96313137462147,139.09085083007812,2764600
2017-08-11,138.97540162460106,140.12088409806609,138.88661325138284,139.09971618652344,1887000
2017-08-14,139.93442679748458,140.47608608893248,139.00206066639905,140.2185821533203,2028400
2017-08-15,140.29847155336958,140.63590259287218,139.22402792979437,139.303955078125,1869100
2017-08-16,140.10562957595965,142.4217250417637,139.95419455134305,142.3148193359375,3381800
2017-08-17,141.17463907279935,142.48412227171437,140.42636684273154,141.25482177734375,2650000
2017-08-18,140.7292544146878,141.36173142553844,139.78500406567804,139.9275360107422,2747900
2017-08-21,140.0255323047777,140.89851672664776,138.92984680438806,139.91864013671875,1857400
2017-08-22,140.32836632116468,142.03870853201687,140.32836632116468,141.37060546875,2204600
2017-08-23,141.2993498905847,142.02981581785969,140.55107766698055,141.9674530029297,1731400
2017-08-24,142.5286111114192,143.11654489447483,134.59154581793103,134.8053436279297,10301700
2017-08-25,135.73181936646273,136.23958423912626,133.67406402480987,135.80308532714844,5703500
2017-08-28,135.31308974449874,136.5424033196073,134.68952981241,135.89212036132812,3776400
2017-08-29,135.74068241977847,137.17487702892979,134.92114458491866,136.7918243408203,2446200
2017-08-30,136.92550720389391,137.84303435967078,136.1861381535179,137.57579040527344,2493500
2017-08-31,139.16145749467265,140.08788804359097,137.13932780189083,139.6246795654297,4567700
2017-09-01,140.38179992949182,141.2369777552982,140.03438691113712,140.96083068847656,2833500
2017-09-05,140.71141571393764,142.2792259708354,140.27491682991558,141.76255798339844,3413000
2017-09-06,141.80715066868953,142.47525395011678,140.82726041889111,141.51318359375,2873700
2017-09-07,141.61109052740144,142.17230130809966,140.36397056205897,141.88723754882812,2479300
2017-09-08,141.07666611096005,141.19247501422964,138.10138314890804,140.13241577148438,3364600
2017-09-11,140.64906602780562,140.74705502754117,139.90969695572707,140.17694091796875,2442500
2017-09-12,140.45306883229048,143.10766101787226,140.25709085960418,142.56427001953125,2988400
2017-09-13,142.65332702089216,146.04728749139537,142.53751817155504,145.19212341308594,4202000
2017-09-14,144.91597858985,144.91597858985,143.98954847199784,144.63983154296875,2493300
2017-09-15,144.52406857484937,144.90710783062596,144.04302672737123,144.5775146484375,3757800
2017-09-18,144.47059050186118,145.61083216103202,143.20565041526734,143.3392791748047,2047100
2017-09-19,143.38387575931026,144.0074360927605,142.48415465649308,143.91835021972656,1790800
2017-09-20,143.87378636606488,145.23671575124035,143.65108530845328,145.06747436523438,2432300
2017-09-21,145.1386937617674,145.1386937617674,142.8849606582699,143.84703063964844,1738800
2017-09-22,143.33038233526952,144.31027233756163,142.85825722305404,143.67779541015625,1535900
2017-09-25,143.26802662326452,144.93382595911245,142.99187952401613,144.60423278808594,1799600
2017-09-26,144.94274171493117,146.74215621800172,144.83583597950906,146.15423583984375,2370400
2017-09-27,146.52835096196688,147.26771989344223,145.53955800452272,146.4659881591797,2053100
2017-09-28,146.51054192817685,146.93812406256612,145.68208710066966,146.00277709960938,1730200
2017-09-29,146.00279140094136,147.04504419402988,145.878079366504,146.35020446777344,1852300
2017-10-02,146.9113556597513,148.24756131058984,146.35014493677136,147.7754364013672,2267100
2017-10-03,148.1585264034341,149.02259377008025,147.00938164245002,147.05392456054688,2839400
2017-10-04,147.18754506334398,147.811105161557,146.706516871177,147.16973876953125,1918600
2017-10-05,147.74878112292942,148.8711894909599,147.20539003205744,148.82666015625,4715400
2017-10-06,141.63785576563495,142.04763164355913,139.44647163908644,139.93641662597656,18001200
2017-10-09,139.86514297164558,140.52434288071052,137.2818165902729,137.7272186279297,7028800
2017-10-10,138.67151597986802,140.17697755445573,138.14594465873864,139.740478515625,5420200
2017-10-11,140.12348956891557,141.60222765740377,139.9096916886524,140.63124084472656,3859300
2017-10-12,140.63126342260801,140.738169176199,139.28615389055346,140.05224609375,3596300
2017-10-13,140.23037385058853,142.59991591843436,139.93640687893023,142.39503479003906,3634500
2017-10-16,141.9763775887823,142.35051372125778,141.0321273126404,141.46861267089844,2453700
2017-10-17,141.63785021607785,141.87837112614403,140.36400689266657,141.08555603027344,2426800
2017-10-18,141.49529196943374,141.49529196943374,140.13236305366513,140.34616088867188,3011300
2017-10-19,139.98093158280588,141.42402962623405,139.85621957402307,141.15679931640625,2981700
2017-10-20,141.61114927969615,143.4283839249363,141.20137335388063,143.214599609375,3993200
2017-10-23,143.2858105062796,144.65764251003944,143.04528965112448,144.34585571289062,2811200
2017-10-24,143.56201919383201,145.10310677262686,143.41948724862934,144.56861877441406,3040700
2017-10-25,143.41945404430373,145.2010621690777,143.04531796921216,144.47059631347656,3603900
2017-10-26,144.72003173828125,145.6910048891809,143.2323770154131,144.72003173828125,3038900
2017-10-27,143.2413313137782,144.91603412155445,143.15224544850946,144.6488037109375,3399900
2017-10-30,144.30143679878543,144.31033995112577,142.05660548250685,142.73361206054688,2550700
2017-10-31,142.38616612908982,143.6600234364137,142.27927395515343,143.4907684326172,2513600
2017-11-01,144.2835770763448,145.4594317128653,143.67782306942593,144.92495727539062,2129400
2017-11-02,145.85138901765976,147.47265942129033,144.85369251856116,146.93817138671875,3255700
2017-11-03,146.23442461088527,148.82666816382783,145.89591465628152,148.2654571533203,3112500
2017-11-06,147.6953247649397,148.3990540339982,146.96485886728644,147.0272216796875,1917300
2017-11-07,147.16083945505696,148.3188875417694,146.62636513298435,148.12290954589844,1944200
2017-11-08,148.43472458937342,150.71518141842154,147.8913334236553,150.59046936035156,3494300
2017-11-09,149.19189037814803,150.8220637692119,148.8088510792163,150.64390563964844,2094000
2017-11-10,150.04707697787606,152.66604376870288,149.72638688935453,152.64822387695312,2673100
2017-11-13,152.32748309283343,154.18926017952418,152.0156962576541,152.7372589111328,4093300
2017-11-14,152.1671577306394,153.06686494782198,151.2318107388129,152.71945190429688,1774300
2017-11-15,150.81309653822052,152.08693953629543,148.81769099423232,150.5458526611328,2439900
2017-11-16,152.09152647926044,153.08325350421725,151.13554497989904,152.76161193847656,2342700
2017-11-17,152.77948470127427,153.85161870943534,152.46677270047064,152.76161193847656,2100600
2017-11-20,152.8777640255821,154.1464575222476,152.6454726415471,153.923095703125,1955000
2017-11-21,154.5306874289849,155.62962404978282,154.16437067774322,154.94166564941406,2360200
2017-11-22,155.31691105195878,155.45986592471158,152.8688736124705,154.10182189941406,1950100
2017-11-24,154.01249444547958,154.70938245024328,153.22625623172448,153.33346557617188,789400
2017-11-27,153.89631493306013,154.62000514712315,152.88671500666706,154.21795654296875,2346700
2017-11-28,154.85228438891932,155.62063593867057,154.16432618709007,155.14710998535156,2728400
2017-11-29,155.45985536596598,158.80135371674302,155.05780674246682,158.6137237548828,4683000
2017-11-30,161.20474354397604,165.1984553971907,161.0171271828585,164.77853393554688,7716600
2017-12-01,163.73320487267233,165.4486226560083,161.83017072479186,165.40396118164062,4034400
2017-12-04,167.2712289852721,169.64780242168527,166.6815504093935,169.3618927001953,5774200
2017-12-05,169.4601816677398,170.84502798646264,166.9406668666502,167.80731201171875,3182800
2017-12-06,167.62861377734515,167.95025541918903,165.7434390273849,167.271240234375,3569200
2017-12-07,166.63684501179307,167.78939962170787,165.78807283395622,166.35987854003906,2240800
2017-12-08,166.88707518602234,168.44167895495625,166.13658245602477,168.03070068359375,1772500
2017-12-11,168.15574534159347,168.7722126112936,167.11039986057742,168.73648071289062,1964100
2017-12-12,167.03894394788952,168.9687801100293,166.89598908167875,168.2361602783203,3365700
2017-12-13,168.44160827155883,169.8621861214198,167.78939559891148,168.21824645996094,3062900
2017-12-14,168.48629381644517,169.5226959584783,166.33308254711534,166.65472412109375,3743200
2017-12-15,172.8016430411221,174.5349329590751,171.5418790946193,172.194091796875,8452900
2017-12-18,172.10472676698552,173.64145693686783,171.45250053974056,171.81881713867188,3492300
2017-12-19,172.3549611726989,172.4353681761117,167.07468315509269,168.26296997070312,3959900
2017-12-20,168.89733881263973,169.093898387502,165.64518989164023,167.53036499023438,3894400
2017-12-21,167.96813036952327,168.3255039171387,166.6994365526834,166.89599609375,1908100
2017-12-22,167.31593126917303,167.50354762557492,166.15444669452023,166.74412536621094,1078300
2017-12-26,166.3510115155903,167.37847080668266,166.28846363952508,166.6726531982422,1120000
2017-12-27,166.94067865979443,167.12829500915694,166.00255601419926,166.44927978515625,1175200
2017-12-28,166.6905069882738,167.09255563757955,166.35099257498464,166.73516845703125,1017000
2017-12-29,166.59218881373806,167.61071818588002,166.11864920455935,166.2884063720703,2028000
2018-01-02,167.28020576181797,170.36259753957256,166.8424251225084,168.2540740966797,2509300
2018-01-03,168.7007460882552,171.63125249526863,168.3076270475466,170.27320861816406,3364400
2018-01-04,171.54190453888845,171.8099414913156,167.57499581515853,168.95091247558594,3525800
2018-01-05,169.24572068398766,169.46908251583557,166.82448606119402,167.74473571777344,2819000
2018-01-08,167.36059913339938,168.84371168342898,167.29805126201958,168.39698791503906,1961800
2018-01-09,168.8705165620387,169.1296239860463,166.31525602304984,166.44033813476562,2241900
2018-01-10,165.95787948338028,166.3956736830073,164.28713695690539,165.6630401611328,2609500
2018-01-11,165.67196697319665,170.35363688255555,165.31459341861907,169.2010955810547,4678600
2018-01-12,169.84438157437464,171.7027404471097,169.75503136785215,171.3989715576172,3499500
2018-01-16,171.85461216869447,172.29239266790404,170.55017297132682,171.12197875976562,2006600
2018-01-17,172.01545771297478,172.04226004915253,170.9522529348316,171.801025390625,2585200
2018-01-18,171.74739395163996,172.46215461515007,170.84501696412545,171.10411071777344,1908000
2018-01-19,171.28283780257013,172.11373748993577,170.79143891776513,171.801025390625,2353800
2018-01-22,171.98861902231968,174.00780517415728,171.5954999975721,173.66830444335938,3009100
2018-01-23,172.9803345630685,173.41812865365293,171.60443170154096,172.81057739257812,2316400
2018-01-24,173.71292588287517,173.99883551970103,171.47930796862997,173.54318237304688,2799200
2018-01-25,174.22227311483036,177.30466445104565,173.98998165853124,176.85794067382812,3558700
2018-01-26,176.67926522307934,178.0015638712457,174.83876532414794,177.71566772460938,2756200
2018-01-29,177.23315328416976,178.58226755971083,176.5094630840604,177.18849182128906,2031100
2018-01-30,176.53627960126187,177.60841382213243,175.1871788502334,176.8221893310547,2285000
2018-01-31,176.4022762334177,177.3225260659689,173.4181648612046,174.10610961914062,2682300
2018-02-01,172.80169623087107,174.57964815410057,171.93505100513423,172.8553009033203,2096600
2018-02-02,170.87181778678297,172.97142466112416,170.4697691773992,170.6395263671875,2386600
2018-02-05,170.34467884293775,171.63124523705739,163.08094736201028,163.29537963867188,3407200
2018-02-06,159.84667115425728,165.50219460394317,157.4254227994952,165.29669189453125,4067900
2018-02-07,164.93037245040568,166.3509503460317,163.5633992100224,163.6706085205078,2594800
2018-02-08,164.84996234653485,164.84996234653485,159.5071511175164,159.57862854003906,3013200
2018-02-09,160.62400900049798,162.670011646111,157.05914815614568,161.46385192871094,2777200
2018-02-12,162.46446598078649,163.7331596062676,161.16004045910407,161.767578125,1596200
2018-02-13,161.01707885055248,164.93038251720793,160.8651944404531,164.5283203125,2123900
2018-02-14,163.24177951115232,168.39696116371863,162.88439237345796,167.3873748779297,2191000
2018-02-15,168.4982342319457,171.741178397661,167.13656976364737,171.53512573242188,2072900
2018-02-16,171.50825349700293,174.34805949444828,171.1409564840144,171.60679626464844,1969300
2018-02-20,170.09280237028509,171.5351024844424,168.0861334597405,168.52508544921875,2202100
2018-02-21,168.89240711877275,169.43886907227227,166.34822942386728,166.4019775390625,1747200
2018-02-22,166.9394418002815,168.71319747882276,166.3213113004885,167.15443420410156,1360100
2018-02-23,168.26529142548537,170.07488842422305,166.54528371487177,170.03904724121094,1561700
2018-02-26,170.29889374693084,172.98640908011077,170.14658918230333,172.7266082763672,1852400
2018-02-27,173.2999086110319,175.15430036998993,170.29885864257812,170.29885864257812,2170400
2018-02-28,171.64266184957515,173.5776626183633,171.00661050084298,171.01556396484375,2179800
2018-03-01,171.3828270513598,172.8878425391531,167.80844089799078,169.34031677246094,2447700
2018-03-02,167.95174836396694,170.55864090682306,167.7188353440009,169.6090545654297,2275900
2018-03-05,168.82073658904974,171.98304491343256,167.96969287901115,171.53512573242188,2155800
2018-03-06,172.12639072742172,172.22493349882683,170.27201233568323,171.51722717285156,2458700
2018-03-07,169.5015597552267,169.98530639128745,165.53298923573385,167.84425354003906,5157100
2018-03-08,166.7960787883775,166.93941614850254,164.01002207193622,166.34815979003906,6061500
2018-03-09,167.0738645379127,168.99095820084747,165.03135404354887,168.9372100830078,3288100
2018-03-12,168.65949868551985,170.29888459094852,168.01449394668202,169.64491271972656,2394100
2018-03-13,170.25405558809115,170.31675715508428,167.3425813877429,167.933837890625,1964300
2018-03-14,169.11629707291374,169.32233598612228,164.38627351174122,165.39857482910156,2866000
2018-03-15,165.56886417059633,167.13658141340684,164.97760752979235,166.18698120117188,1811300
2018-03-16,166.78718341935556,166.84989866741932,165.25530744082167,166.5094757080078,3569400
2018-03-19,166.29446315824347,166.60799835246405,163.76819266453035,164.96861267089844,2493200
2018-03-20,165.819675703637,168.04135087233988,165.37175655119,167.83531188964844,1852500
2018-03-21,167.36946129700075,168.31904765154354,166.67966201950188,166.68862915039062,2048300
2018-03-22,165.6404953887894,166.22279848257435,163.49048894711098,163.61590576171875,2489800
2018-03-23,164.18925045455967,165.23737967581565,161.99444924751558,162.00340270996094,2351800
2018-03-26,163.965291941701,168.02343856955846,163.3471612937186,167.71885681152344,2036600
2018-03-27,167.91592289238693,168.11300839991281,163.09630875828336,164.07276916503906,2495300
2018-03-28,164.48489379882812,165.38968568729862,162.35279397262707,164.48489379882812,2168700
2018-03-29,165.49711885975952,168.99088163039394,165.2014906761823,168.80274963378906,3016000
2018-04-02,167.44112197157614,167.44112197157614,162.19150954994683,163.7144317626953,3599200
2018-04-03,164.41320464256884,164.9865406166399,162.46028367974827,163.5890350341797,2287000
2018-04-04,162.26319331793817,166.93947027019038,162.09298185628262,166.1959228515625,2111000
2018-04-05,167.25300853591187,167.52176276085362,165.66737091122258,166.84988403320312,1933600
2018-04-06,166.0346790431602,167.74573359844055,164.02800985694617,164.79843139648438,2259000
2018-04-09,165.90922897812,167.880070249457,164.38630679887808,165.20152282714844,1946000
2018-04-10,166.40196334183022,166.5990488603368,163.19486060452283,164.43112182617188,2526000
2018-04-11,163.26652800023007,166.95737737285614,163.23965394514065,165.41653442382812,1697300
2018-04-12,166.17803148214054,170.24513200630057,166.16907801868163,169.1522216796875,2841600
2018-04-13,170.03905228412958,170.0569728761671,167.5307025057329,169.23280334472656,1744400
2018-04-16,171.85762337619062,175.40514920704135,171.44554539583118,174.31222534179688,3026800
2018-04-17,175.27967737472082,176.3726008969492,174.44654087427935,175.58425903320312,2160500
2018-04-18,175.8530955641767,177.16997921738582,175.6918375304111,176.0412139892578,1663100
2018-04-19,175.72766603194287,175.9426585022215,173.34473257735308,174.75120544433594,2427600
2018-04-20,174.17784300417586,175.28868747390126,172.67284114462046,173.39846801757812,2252800
2018-04-23,173.62245096442808,174.13308545152987,172.23389860779758,173.2103729248047,1618000
2018-04-24,174.27639076630024,175.01098479220104,171.23949923387926,172.4578399658203,1598900
2018-04-25,172.20702895445694,174.39287705524842,171.45452790417448,173.7657928466797,1311700
2018-04-26,173.90011640357076,175.9784677011546,173.20136366337786,174.92137145996094,1445800
2018-04-27,174.6436914035468,176.40849412546953,174.26744092006095,176.10391235351562,1563100
2018-04-30,176.56975652104273,178.3076715584921,175.93370523380943,176.62350463867188,2165000
2018-05-01,176.02321723800688,176.5517583884511,173.3536100999668,176.07696533203125,1413200
2018-05-02,175.1185160605873,175.20810538342045,172.40412634556282,173.7926788330078,2498100
2018-05-03,173.7209932602578,173.78370851404085,170.37055248464867,172.90577697753906,1815500
2018-05-04,172.75346278071237,175.94264509463628,171.35595715275994,174.8586883544922,1704500
2018-05-07,175.38718120100407,175.40510179034302,172.1890463089332,172.95050048828125,2361900
2018-05-08,172.88785057889726,174.86764570605848,172.3772161507227,174.22264099121094,1908600
2018-05-09,173.92698351242433,175.96054008250564,173.03114529980425,175.6201171875,1999100
2018-05-10,176.14124871314692,176.93187594506375,174.47910956431886,175.6021728515625,1874200
2018-05-11,175.49441001119453,176.0783975927493,174.8115922856089,175.8807373046875,1296300
2018-05-14,176.06038782585352,177.2373559331965,175.5752168185518,175.98851013183594,1440900
2018-05-15,174.98221914015787,176.7252153504123,173.63454335399416,175.6291046142578,2319600
2018-05-16,176.15921885192122,179.1061357755318,175.1978701123941,178.5311279296875,2163200
2018-05-17,178.84563936901012,180.9030996694228,177.7944534293338,179.330810546875,2391000
2018-05-18,179.2408945963289,179.2588674469136,177.69555846848124,178.7557373046875,1624600
2018-05-21,179.33070419286227,180.89399910507458,178.8724857178221,179.34866333007812,1202800
2018-05-22,179.43854739436273,181.28037378888058,178.63892694230842,178.76470947265625,1563600
2018-05-23,178.872553164561,178.872553164561,176.78815459256728,178.01902770996094,1635100
2018-05-24,178.1537343030578,178.8724974073504,176.8330247496001,178.69281005859375,1176300
2018-05-25,178.69282196220476,179.88776278947307,177.7314870422211,178.21664428710938,1331000
2018-05-29,177.98306275271585,178.647907398164,176.09631107887796,176.76116943359375,2298100
2018-05-30,178.0369505693649,180.16627382194127,177.6685825820051,179.3666534423828,2390900
2018-05-31,179.88776918255084,180.31902160547426,177.62366997098505,178.1088409423828,4822800
2018-06-01,175.60213786192827,178.7826601348572,175.19783790093314,177.11154174804688,4056400
2018-06-04,177.28228151829816,178.82760395996294,177.2193833949462,178.45025634765625,1870600
2018-06-05,178.98934754021116,179.10615051686545,176.98580634031183,177.74948120117188,1868500
2018-06-06,177.9021722165309,178.25256735064713,176.7252042970447,177.5877227783203,2066900
2018-06-07,180.1393159705891,182.2776324374046,179.1600082662596,181.99911499023438,2735000
2018-06-08,181.04676929995497,183.2928957233991,180.58856444490874,183.0682830810547,2052500
2018-06-11,183.06829589366694,184.0835494950851,182.76282596892352,183.733154296875,1684800
2018-06-12,183.50848057006857,184.25419599179304,182.59205739154086,184.0745086669922,1384800
2018-06-13,184.11052489188103,184.92811835948572,182.57418179619398,183.38278198242188,1665800
2018-06-14,184.065563749272,184.83823178725643,183.54446077395528,184.29017639160156,1685000
2018-06-15,184.5417625721083,186.58124943644228,183.79606057839612,186.2667999267578,3879600
2018-06-18,185.08085056443312,186.97658215499303,184.31716195946402,185.26953125,1975000
2018-06-19,184.09251496709962,186.70700939696195,183.84094990607517,186.4554443359375,1940600
2018-06-20,186.66214196414845,187.4078578079835,185.94339225809856,186.85980224609375,1527700
2018-06-21,187.0304378125048,189.67188446006534,186.87770287353746,188.638671875,1825800
2018-06-22,189.00703931345328,190.2648783189757,188.6925898440233,189.6629180908203,1738600
2018-06-25,188.68360871918622,190.54340807266902,188.64767672666466,190.24691772460938,2398600
2018-06-26,190.81289112271963,190.88476879635977,188.6476224730783,188.75543212890625,2276700
2018-06-27,189.12385675322201,190.8488803098494,188.3242362445364,188.7015838623047,2211700
2018-06-28,188.67463555943297,189.74379402108613,186.9226595425206,187.51564025878906,1826700
2018-06-29,188.3691627870685,189.1508104499082,187.16524223046588,187.75820922851562,2164600
2018-07-02,187.25507107128016,187.6144595342777,185.12574755143348,186.86874389648438,1876100
2018-07-03,187.35388516928728,188.59375126942166,185.88940643995568,186.08706665039062,842100
2018-07-05,187.0574013130563,188.03670911994953,186.47341394068403,187.90194702148438,1436700
2018-07-06,186.10509781193164,189.02506290641355,185.67384526734259,188.333251953125,1523200
2018-07-09,189.14186313077442,190.28288575725426,188.6746648838946,189.5192108154297,1738300
2018-07-10,189.56408837114571,191.1004311497843,189.42033299148727,190.2019805908203,1687800
2018-07-11,189.7617583971542,190.27386811340878,188.64767471113018,189.5281524658203,1472800
2018-07-12,190.95669066901615,192.42116958135514,190.66919359653562,192.28640747070312,2222000
2018-07-13,192.26840262938245,194.64031134709387,192.00785802238244,194.5504608154297,1951200
2018-07-16,194.64034031670352,195.08058605255658,192.17858070092788,193.03211975097656,2078200
2018-07-17,192.32232439854116,194.20907605548584,192.2684195585029,193.1668701171875,2064800
2018-07-18,193.4723148546391,193.9574857704191,191.90901985977538,193.139892578125,1869500
2018-07-19,192.68172821451017,196.04192479804487,192.29538731464484,195.44894409179688,2790800
2018-07-20,194.94579078922865,196.70675984771657,194.28094617563724,196.48214721679688,1793900
2018-07-23,197.5513397429979,198.07244278208194,196.04193547301838,196.616943359375,1394300
2018-07-24,197.12903161573846,198.27005390391685,195.49384509111079,196.38331604003906,1453900
2018-07-25,195.51180107029452,198.39583301880626,195.29616802905718,198.2880096435547,1560200
2018-07-26,199.45607867842315,201.81001540018366,198.39591330914124,199.2045135498047,1820000
2018-07-27,199.73450104313162,199.9052088081805,196.54499946411443,197.34461975097656,1596800
2018-07-30,196.79661420639252,197.76694250352057,196.4102870272424,196.85951232910156,1292700
2018-07-31,197.38055377242253,197.72196928233296,196.15866078403488,196.5000762939453,1888500
2018-08-01,196.44621669586593,196.8505304301718,194.28994075615228,195.08058166503906,1841300
2018-08-02,193.17584152585582,198.91693980492116,193.17584152585582,198.66537475585938,1904800
2018-08-03,198.5575834250913,200.01306901617366,198.5575834250913,199.4829864501953,1195700
2018-08-06,198.9438964001813,200.5970558120635,198.56654881866706,200.1029052734375,1285500
2018-08-07,200.57013172179137,202.58265244078893,200.33652577457258,201.12716674804688,1428100
2018-08-08,200.2286813588707,202.04355522904223,199.67164642921347,201.77401733398438,2010700
2018-08-09,199.114603837832,199.77048260122214,194.88290948118538,196.07785034179688,3637100
2018-08-10,195.98798618352652,199.2044405310323,195.63759104644083,197.9376220703125,2830800
2018-08-13,198.58454802813677,199.07869863235624,196.8145991334673,197.26382446289062,1518900
2018-08-14,197.66810262153086,199.9591542896605,197.53334052133928,199.45602416992188,1450600
2018-08-15,198.30600536386072,199.5548510728808,196.55402954318754,199.15953063964844,1844100
2018-08-16,200.75879975873067,201.48654260899553,199.58183157281897,200.52520751953125,1657700
2018-08-17,199.75254278596785,202.94204546507734,199.59081453356853,202.76234436035156,1980900
2018-08-20,203.04982734447412,205.04438869212143,203.0228749243114,204.2627410888672,1783700
2018-08-21,206.18540231316618,206.73345764562538,204.5771683023403,205.3318634033203,2066700
2018-08-22,205.2780200187976,206.85030880447002,205.18818317089276,205.93389892578125,1267900
2018-08-23,205.7451947711238,206.9581086082855,205.3588675797318,206.20339965820312,1337900
2018-08-24,206.6436548890472,208.49446108283124,206.28428010338266,207.79367065429688,1453200
2018-08-27,209.1054158918149,209.21322558629058,204.93660529110062,206.6706085205078,1904100
2018-08-28,207.48816600897263,208.28778642620247,206.4998649498045,206.87721252441406,1882100
2018-08-29,208.25187441628162,208.44055508874212,205.50261756419766,206.81436157226562,1793600
2018-08-30,206.8143296845463,208.20138587172175,206.6522137304421,207.90415954589844,1272000
2018-08-31,207.34572186246837,210.32697295118695,207.34572186246837,209.9757080078125,1881300
2018-09-04,209.9847682173177,211.57897743868426,209.9847682173177,211.37181091308594,1858400
2018-09-05,211.27269441035284,212.71377539360938,210.03875241237762,212.2093963623047,2126000
2018-09-06,212.08334050502367,213.25422846720238,211.7140580239065,213.17315673828125,1853200
2018-09-07,213.74055996224655,218.82039916047728,213.6414845238132,217.4783935546875,2722400
2018-09-10,218.86542617313472,219.58597353470995,218.0728227010722,219.0275421142578,2817300
2018-09-11,219.70305796605643,220.8109052301988,219.01854551493201,219.95526123046875,2185700
2018-09-12,220.6668249357965,220.7749022481131,218.1719349445208,218.361083984375,1912000
2018-09-13,218.41509980064978,219.75711917587844,217.10911535462523,217.30726623535156,2078200
2018-09-14,215.2627185096407,215.2627185096407,211.18263544655787,212.00225830078125,3875300
2018-09-17,210.81331624831714,211.29067590582616,208.5165777821475,208.95791625976562,2884600
2018-09-18,208.93991646238896,212.08329722635546,208.68772695194266,211.0745391845703,2000200
2018-09-19,211.31776677760348,211.4258578404681,209.33627137356567,210.62425231933594,1581400
2018-09-20,211.29971066061754,211.65997746536718,209.2461596382897,210.68724060058594,1910100
2018-09-21,211.09258264747334,212.41658469823926,210.76833696681024,211.44384765625,3717800
2018-09-24,210.930470768137,211.52492348476082,209.76858466352687,210.16488647460938,1530400
2018-09-25,210.7863324079025,211.35376572559588,209.61544458656158,209.7955780029297,1889700
2018-09-26,210.371995454427,212.25441479898,210.2639044261368,210.58815002441406,2008500
2018-09-27,210.48913135027323,212.26347388822634,209.26420473133047,210.75933837890625,1421400
2018-09-28,210.6332425226269,212.08333936747718,210.5701882608376,211.55194091796875,1602800
2018-10-01,212.38953483580926,213.03802610390468,211.14659094807666,211.34474182128906,1673100
2018-10-02,210.8493685857314,213.97473188048266,210.64220211853524,212.8759002685547,1647600
2018-10-03,213.11911493968216,213.74058697354766,209.61546670983924,210.03878784179688,2322300
2018-10-04,210.092816202907,210.75932499878155,207.75105417112246,208.66973876953125,2862800
2018-10-05,202.6531914172557,204.50859177085917,196.15927643634447,197.0869903564453,7379000
2018-10-08,197.55534632979044,202.20286309622938,197.48329020822163,201.68946838378906,3863500
2018-10-09,201.88762218196155,202.78830309955816,200.45554282137493,201.9056396484375,2502800
2018-10-10,201.84256863422524,202.65317584026707,199.08647389842724,199.09548950195312,3021400
2018-10-11,200.7708168080955,202.94146144406096,198.98745842810695,199.78907775878906,3650900
2018-10-12,202.8332936170997,205.0129392911951,201.2030637271195,204.40948486328125,3130500
2018-10-15,203.77904265657762,204.4005146430548,201.97768095353604,202.21185302734375,2441900
2018-10-16,202.5361356631947,205.5894437575991,202.04077209905282,205.06704711914062,2541800
2018-10-17,205.76055015053325,206.1478500864852,203.11254608894984,205.7965850830078,2129300
2018-10-18,205.84157432637346,207.74201127493237,203.7790214382046,205.8776092529297,2624600
2018-10-19,206.16584687783129,207.7240346874194,206.0037309170461,206.859375,2099800
2018-10-22,207.04850135715557,207.38174884669772,204.69772398010605,206.3099365234375,2007300
2018-10-23,204.5176092138911,206.4900887503823,201.59039642265668,206.03074645996094,2656700
2018-10-24,203.4908530869309,208.13837037624072,200.93292232830672,201.536376953125,3100200
2018-10-25,201.80654890487438,204.98595120359138,200.70771716921192,203.9141387939453,2218900
2018-10-26,200.2303781112969,202.65321204534487,195.44776450595484,196.5195770263672,3995400
2018-10-29,197.92465113579604,202.55415095847803,197.02397012948978,200.3294677734375,3801400
2018-10-30,200.94191310037047,205.54439302191597,200.86084137494146,205.28318786621094,2410500
2018-10-31,205.9407026992179,207.66100668711547,203.15760174076652,205.92269897460938,2674600
2018-11-01,205.51734680088222,207.87713993939184,204.9409116149033,206.79632568359375,2095000
2018-11-02,206.985476401045,209.16512254007375,204.61668122507697,207.30072021484375,2167200
2018-11-05,207.7961044348402,211.560944144072,206.97648148609534,211.16464233398438,2513900
2018-11-06,211.6600248294546,213.90272535927838,210.92145984815897,213.2001953125,2101300
2018-11-07,215.03757485611527,216.95602966001763,213.407344550375,216.49667358398438,2603600
2018-11-08,215.33198646287337,216.49663410418697,213.9958142801248,215.50352478027344,2140600
2018-11-09,214.8444706852345,216.91192621705866,214.0319367048241,214.63682556152344,2256700
2018-11-12,214.5465849167605,215.954984805392,211.37768516733962,211.69366455078125,2301400
2018-11-13,211.93741006200293,213.44512076161766,210.14982681843122,211.38668823242188,1548100
2018-11-14,214.0771085981616,214.0771085981616,209.19285295215408,210.63735961914062,1896500
2018-11-15,209.74355352637153,210.04147257811462,204.940535250762,207.59483337402344,2722300
2018-11-16,207.01701559134702,208.66014389824085,204.50717240347876,208.5698699951172,2822400
2018-11-19,209.10255345632234,210.80888607306994,205.67182792991835,206.51145935058594,1949500
2018-11-20,203.0626637556103,203.13489114780103,196.86028282087338,197.99783325195312,3704800
2018-11-21,199.12639496248684,200.45354425025062,196.31861831792136,197.3297882080078,2036500
2018-11-23,196.9054343138442,199.68611325341712,196.5081905293432,198.67495727539062,1007500
2018-11-26,201.1938548763427,201.76262327444854,197.62769754641167,198.12425231933594,2205600
2018-11-27,198.05200149883535,201.43758303756806,197.1582167892285,201.33827209472656,2369800
2018-11-28,201.13063275971592,208.06431111479148,200.59797122180373,207.95596313476562,2765600
2018-11-29,206.74616026775146,209.08446506236467,206.16835495603303,208.5518035888672,1478700
2018-11-30,209.17484785538073,210.70964262104224,207.3782269745586,208.8046875,2764000
2018-12-03,208.29907812023615,209.635250727887,206.0330000208318,209.52691650390625,2481500
2018-12-04,209.55399374063725,210.62835401594657,203.64050748455216,204.35374450683594,3418600
2018-12-06,205.7891875568947,211.13389055100265,204.57940974365363,210.53802490234375,4029800
2018-12-07,210.49291703018798,211.08878278067002,201.35636396000507,203.00852966308594,2881900
2018-12-10,202.71960399174907,203.31546969503793,197.8172881557022,201.02230834960938,2650000
2018-12-11,203.24323726180637,205.16625208570468,202.2320812637969,204.4891357421875,2466800
2018-12-12,206.15938132611808,208.05529900410178,205.0037704244989,205.66282653808594,2891400
2018-12-13,206.60176089033268,207.3059608723022,203.56827874647595,204.49818420410156,2170200
2018-12-14,196.81513474986227,197.71795646889834,185.538886519754,186.93826293945312,8822300
2018-12-17,186.5951907086652,187.78692201855458,181.16021374970867,182.57763671875,4739400
2018-12-18,183.35408312200016,184.7805432740902,181.9818038518108,183.26380920410156,3308500
2018-12-19,183.724235556728,186.88411184394442,180.43796476906158,181.83734130859375,3369600
2018-12-20,180.86232463166166,181.19636434805585,174.85855034098455,177.97329711914062,4250900
2018-12-21,178.00031561407,181.19629811812402,175.43630549488938,175.6168670654297,5080200
2018-12-24,175.05718427516223,176.3482269280602,171.35562225647053,171.52716064453125,2031700
2018-12-26,172.27643398483886,179.46288660927812,171.09372605070863,179.3274688720703,3268800
2018-12-27,177.8197770111286,181.58454203581653,175.11131177529842,181.53939819335938,2705900
2018-12-28,182.20750454632736,185.0333274476863,180.19420198868255,182.40611267089844,2037800
2018-12-31,183.61590077318837,184.5277458252893,181.81025718616036,183.91383361816406,1729400
2019-01-02,181.01576999916017,185.16875576887946,180.42894134246754,184.86178588867188,2143100
2019-01-03,183.9048278826763,185.92715400367894,180.60049624981323,180.94357299804688,2877700
2019-01-04,183.3450474187541,187.7237247547267,181.87344351961352,186.19796752929688,2761600
2019-01-07,185.54793711252634,188.79808727298203,183.76034005951016,186.8841094970703,2226600
2019-01-08,188.3737516921751,188.76197220625093,184.33813738762734,188.28347778320312,2366500
2019-01-09,188.82517247368781,190.6940201974456,187.71470552569733,189.50228881835938,1862900
2019-01-10,187.92234844179816,190.40510834267977,185.98128712058664,190.17037963867188,2340700
2019-01-11,189.62869691682494,190.7211174259928,188.96964081802045,190.0530242919922,1861100
2019-01-14,189.11403977427338,190.17936263922113,187.93134569418373,188.68971252441406,1523100
2019-01-15,189.62872325012646,190.8023945832343,188.76202186097956,190.52252197265625,1681900
2019-01-16,190.9106904142908,190.9106904142908,189.14115374976515,189.75506591796875,1455000
2019-01-17,189.47517813395132,191.08219959310355,189.27655626587944,190.91067504882812,1517100
2019-01-18,191.9038195271214,193.34834006747715,191.1905962925009,192.83372497558594,2115400
2019-01-22,192.30106755491403,194.61228944907154,190.31486210062047,191.75936889648438,3310800
2019-01-23,192.30104809299308,193.9712739741409,189.59258262689457,191.47947692871094,2220200
2019-01-24,191.75030738179046,191.75030738179046,188.59945457327086,189.8724365234375,1994400
2019-01-25,191.4252895418265,191.6871155570172,188.4550121234684,188.75294494628906,2252300
2019-01-28,188.4007969335823,190.30575098031835,187.16393580203024,190.28770446777344,1999400
2019-01-29,189.88147355738886,190.08008166482293,188.30153552413657,189.8724365234375,1636500
2019-01-30,190.02589141090985,191.55166215840907,188.9786287976371,190.8113555908203,1589800
2019-01-31,190.62174602325211,193.99830365943842,189.33974104505447,193.77259826660156,4341100
2019-02-01,193.20388657539354,194.10670847527857,189.02381677061587,189.83636474609375,3453700
2019-02-04,190.22454734967732,190.66693498368798,187.6966435964125,190.65789794921875,1630300
2019-02-05,190.93779310843013,191.86769848795257,189.26756721847045,191.04612731933594,2074500
2019-02-06,191.6329460211444,191.6329460211444,190.02592435517656,191.03709411621094,1618800
2019-02-07,190.1680747530626,190.19523146227823,186.72808218290368,189.2447052001953,2526600
2019-02-08,188.14027832752086,188.73775353125677,186.25733496049682,188.06785583496094,2013700
2019-02-11,188.88257851028678,189.12700268801532,187.17163689254212,188.94595336914062,2376600
2019-02-12,190.15898553807028,192.5941380720984,189.43477450066328,191.8246612548828,2091200
2019-02-13,192.12339926958347,193.28213140684056,191.28151377854152,192.639404296875,1703000
2019-02-14,191.91521096646278,194.22362782327045,191.13668644492077,193.5808868408203,1411100
2019-02-15,194.76676536549644,196.66781769007295,193.7619257904792,195.9617156982422,2635500
2019-02-19,196.142788869433,198.79520929013228,195.99794387575287,197.45541381835938,1938100
2019-02-20,197.5549485022725,198.31537764112724,194.68527505096492,196.5410614013672,1785600
2019-02-21,196.0794037350093,196.18803056033815,194.02445880574948,194.8391876220703,1615300
2019-02-22,194.78487985557928,196.07034797421534,193.95204193983668,195.79876708984375,1542500
2019-02-25,196.77643149086686,198.33348034752913,196.03412521074256,196.48675537109375,1794000
2019-02-26,196.34189437856932,198.170523944819,195.65390156373513,196.99368286132812,1884100
2019-02-27,195.99790493567238,198.12527219150851,195.9435915271278,197.3920135498047,1482700
2019-02-28,197.7903170175526,198.87662655504008,196.91221346989954,198.01663208007812,2055600
2019-03-01,198.93999043237548,199.67326284850319,195.32801082328817,198.6503143310547,2178200
2019-03-04,199.54654207630716,200.13496962048234,195.418556888592,197.71792602539062,2444700
2019-03-05,198.17053355077587,200.61473357301193,198.16147210743642,198.99432373046875,2160200
2019-03-06,199.6099355299967,200.88635611997728,197.55499037589811,198.4602508544922,1985300
2019-03-07,197.46440187821486,198.60502469989342,195.73535166833543,196.2513427734375,3279100
2019-03-08,204.1181301637084,207.03307002865762,202.57014247069714,206.2364501953125,6782700
2019-03-11,205.97390962043474,208.12843391726878,205.54843610277123,207.9292755126953,3748400
2019-03-12,208.49957846855915,211.28776829829556,208.11935695132692,210.88946533203125,2647100
2019-03-13,212.05717368991827,214.9540031825996,210.88033282356167,213.98538208007812,2421200
2019-03-14,213.75911950048612,213.98543457595332,211.17912211488976,211.68606567382812,2300300
2019-03-15,211.9848175179347,213.32459898730693,211.08860478594016,211.4688262939453,5075400
2019-03-18,211.4507085021791,214.2570072235132,211.3692383880409,214.175537109375,1735400
2019-03-19,215.01748405041465,215.4972710242456,213.90400365770103,214.59201049804688,1852300
2019-03-20,214.57386075106962,215.89554694661595,213.44228530779174,214.52859497070312,1499500
2019-03-21,214.257039125595,217.1267269405053,214.1393646587107,216.84608459472656,1617000
2019-03-22,217.03618770944223,217.57028804703685,214.4561899632246,215.0536651611328,1873600
2019-03-25,214.48331310315262,215.52437072079047,213.4513169288145,214.51953125,1357100
2019-03-26,215.45195808036053,217.48879381851518,214.87259202292358,216.42059326171875,1193000
2019-03-27,216.09472925770942,217.45261994000117,215.5968332449001,216.72840881347656,1351200
2019-03-28,217.2443546223828,219.02771845026973,216.882256041494,218.36688232421875,1396700
2019-03-29,218.76517076893458,219.47127257960503,217.9594897894171,219.19969177246094,1968000
2019-04-01,220.04163956318916,221.25468511514336,219.59805701963424,221.05552673339844,1610200
2019-04-02,220.8834987331081,221.05550038895092,217.54308623478218,217.715087890625,1574300
2019-04-03,218.7923882038638,220.47617309975797,218.18586539367308,219.50753784179688,1663600
2019-04-04,219.2269091642843,221.57153028248933,218.39407125480068,221.24563598632812,1319700
2019-04-05,221.75256336823048,223.68075836385952,220.89255505517406,222.5763397216797,1616200
2019-04-08,222.68502324683354,223.4454387102806,221.96985975538018,223.16481018066406,1244200
2019-04-09,221.88835520762584,222.40434640163934,220.89256334103675,221.70730590820312,1450200
2019-04-10,222.0422810720204,223.30059253933237,221.52628980069443,222.3410186767578,1556600
2019-04-11,220.53955080418174,221.04649445617673,218.09535030310397,218.38504028320312,2719800
2019-04-12,218.62942371157285,219.72479482066552,218.07721434161613,219.02774047851562,2187600
2019-04-15,219.4079755733196,223.37302084996156,219.0368292788389,222.99281311035156,1859700
2019-04-16,223.28243105410428,223.43633744938398,221.10981201910465,222.09654235839844,1360500
2019-04-17,222.9656435311178,223.1104885130403,221.1732317726541,222.29574584960938,1363000
2019-04-18,223.40923088279894,223.82565678717847,221.51723976849695,222.52207946777344,1365000
2019-04-22,221.96080480286145,222.48585750454652,219.57996547576033,220.35848999023438,1300000
2019-04-23,221.47198905157626,223.17388331362696,219.26316490248095,222.3138885498047,1524600
2019-04-24,222.40440752381855,225.1382982799228,222.33199883469067,224.46841430664062,1156400
2019-04-25,222.88416434063706,223.73509749516163,220.82921940939747,222.3319549560547,1278200
2019-04-26,222.35006934665725,222.59449353808736,219.127344325229,220.72061157226562,1842900
2019-04-29,221.7887666503385,222.46771185437015,220.42182861229796,221.13697814941406,1429700
2019-04-30,221.58060748445737,222.50396321159667,219.99640167357637,222.2686004638672,1427600
2019-05-01,222.09656955280408,222.20521018707893,218.6656389257449,218.70184326171875,1350400
2019-05-02,218.85573254565645,219.87868113941605,217.6426870178561,219.6976318359375,1237600
2019-05-03,220.22268527961208,221.68015496961272,219.72478933336782,221.4447784423828,905900
2019-05-06,219.84247075221828,221.6348822897147,219.1273073753767,221.0917205810547,1194900
2019-05-07,218.8195543677466,219.7429238829954,215.65114283200515,217.42544555664062,1775200
2019-05-08,216.86414747245675,220.02351077877879,215.62394532619638,218.4755096435547,1611900
2019-05-09,218.4482981978464,221.53448979291042,217.99444567795584,220.9989471435547,1919300
2019-05-10,220.51789008269608,225.6101164987872,217.87646478734544,224.22132873535156,2036500
2019-05-13,221.58897429428583,222.32421324144175,218.4573943320938,219.59202575683594,1962800
2019-05-14,219.92787801970553,222.46945524817394,219.49218341926232,220.3272705078125,1635100
2019-05-15,219.7645032570021,222.75084722636782,218.96571826072983,222.08822631835938,1194800
2019-05-16,222.95961029055692,226.68119292607904,222.5783758069462,224.60255432128906,1800600
2019-05-17,223.1865106248192,226.97163882620492,222.92326841761596,225.4285430908203,1672000
2019-05-20,224.33926601966908,226.87177050930515,224.33926601966908,225.92774963378906,1600500
2019-05-21,226.11840573547502,227.67965953072832,225.20162862043438,226.8627166748047,1504200
2019-05-22,227.84303336774948,227.84303336774948,226.1456294029393,226.48147583007812,1242300
2019-05-23,225.68272551391502,226.8536590094371,224.36654202646545,225.59194946289062,1822800
2019-05-24,226.11842317841618,226.5268877126473,223.99439652002954,224.47547912597656,1340200
2019-05-28,225.63732233860594,227.10780008320035,223.42251980693345,223.5768280029297,3164100
2019-05-29,221.59800145380765,222.178932035224,216.85978077237397,218.47549438476562,2594900
2019-05-30,219.80078624088318,221.09881174685788,218.53000463057577,219.24708557128906,2030300
2019-05-31,216.9233432459394,218.44829489194322,211.54065908972672,217.4679718017578,4058100
2019-06-03,217.64951780622604,219.2470737229188,216.10642197696325,218.82046508789062,2512500
2019-06-04,220.57234114156816,223.1320761931702,220.11848858777893,222.9414520263672,1761500
2019-06-05,223.38625275386082,225.8007380324045,222.4059294868019,225.0745849609375,1825500
2019-06-06,225.1108577934471,228.68721799221015,224.87485946096558,228.02459716796875,1487800
2019-06-07,227.9792015466311,232.91711918845434,227.85212339484062,232.38157653808594,2270200
2019-06-10,232.7355493919825,234.94126582676824,232.47230719370845,233.14402770996094,1839500
2019-06-11,235.01392113400914,235.65838397232923,232.56310638406146,233.38003540039062,1613500
2019-06-12,233.8066883244416,234.86871557459426,232.16375801345464,233.489013671875,1071700
2019-06-13,233.92462617849077,235.885272121437,233.77939006779596,235.7400360107422,1228500
2019-06-14,236.00328461352123,237.0925416228893,235.01388955214088,236.13943481445312,1287800
2019-06-17,237.0290301249131,238.0456553744348,236.3936254934818,237.30133056640625,1191900
2019-06-18,239.28013175612236,239.8157021501191,237.86411399464902,238.4904327392578,2763200
2019-06-19,238.10012357546626,239.72492346763138,236.85657201534218,239.32553100585938,1628400
2019-06-20,240.5418901835221,243.07439557606432,240.1334117424468,242.6750030517578,1745100
2019-06-21,242.14849808070213,244.11823048682336,241.44048915657297,241.5675811767578,2964000
2019-06-24,242.63865179417002,243.2377404934931,241.92155699787943,242.1484832763672,1586100
2019-06-25,242.09400846309845,242.42985490268256,240.86860109359316,241.77630615234375,1182400
2019-06-26,241.85804336315996,242.1938898296535,239.94277113123735,240.00631713867188,1334400
2019-06-27,240.45098944689678,241.8851785044639,238.71727000188667,241.06822204589844,1122900
2019-06-28,240.99566245291751,241.80353314893634,239.05316057774183,239.8701171875,1952500
2019-07-01,241.83984186275978,242.35724037245922,237.67347914451685,239.22564697265625,1955800
2019-07-02,239.56154350937652,241.05925139249268,237.51920702304676,240.96847534179688,1201300
2019-07-03,240.66890852141236,244.31787252057077,240.66890852141236,244.2997283935547,986500
2019-07-05,243.44649289566104,243.81862757006402,241.69460118706587,243.4918670654297,1081500
2019-07-08,243.56448502766983,244.79897830599558,242.6749518030856,244.53573608398438,1236000
2019-07-09,244.49940139952258,245.78835466630863,243.7097024949313,245.05311584472656,1400300
2019-07-10,245.12571414494315,246.4691274623478,244.48125137756745,246.36929321289062,1257000
2019-07-11,247.1953110955044,251.2255238479916,246.72331442845078,251.0167694091797,1985600
2019-07-12,250.98048394124953,254.15745209240458,250.53571726439628,253.64913940429688,2046400
2019-07-15,254.1029363620374,254.7928010166952,253.15891541897275,254.68385314941406,1568000
2019-07-16,255.0650930223429,255.4009394244185,253.95769186630727,254.7473907470703,1379200
2019-07-17,255.1104564023987,256.74434187715826,254.35707350805566,255.57339477539062,1716600
2019-07-18,256.15445664608336,256.9350699378059,253.42225472311736,256.7989196777344,1696100
2019-07-19,256.9440785939794,258.06962400675104,255.38282477902504,255.52806091308594,1607600
2019-07-22,255.2648162864617,256.26329738563334,253.5401822247797,254.31173706054688,1459100
2019-07-23,255.83663729686288,256.0453916998958,253.26781686017867,254.24815368652344,1117800
2019-07-24,254.00307686427288,255.2829442328588,253.25877982021655,254.91078186035156,1257100
2019-07-25,255.24668515503544,255.91837806460848,253.55833926483552,253.9758758544922,1600200
2019-07-26,253.97585168086033,255.76403166538063,253.35861891994944,255.4009552001953,1447700
2019-07-29,255.07417540859598,255.33738989790547,253.7398480316701,254.275390625,1257400
2019-07-30,254.4024751368237,254.67480326249316,253.34047577949323,253.70355224609375,978200
2019-07-31,253.2678404245396,253.90324500817655,247.46761984933724,250.19073486328125,1886900
2019-08-01,250.29967727136827,255.00158296498964,248.99257973245994,249.2285919189453,2634300
2019-08-02,248.98352871229616,249.5644733447684,245.5342599851276,247.34967041015625,1969200
2019-08-05,245.1620534679337,245.5795900343883,238.463185771219,240.6326141357422,3329800
2019-08-06,241.87620684814453,245.28918727991967,239.67954806576566,244.45408630371094,2383000
2019-08-07,243.42826479401478,249.49172616440882,239.26190311730903,248.98341369628906,3037500
2019-08-08,247.8397901308339,249.47364811093297,245.98806410601816,249.4373321533203,2046700
2019-08-09,249.23762455414507,250.045495293612,246.81406773766034,248.65670776367188,1284300
2019-08-12,248.73839838889575,249.60072921354816,244.4449437950842,246.26943969726562,1638600
2019-08-13,246.1514316558032,252.48722243559016,245.08943233385432,250.76258850097656,1724600
2019-08-14,248.71120355344573,249.9456692235266,243.26497281869874,243.401123046875,2122100
2019-08-15,245.561433401396,247.77623582522418,243.96386373149804,246.46005249023438,1623200
2019-08-16,248.8019256591797,250.59010547073638,248.20283708414001,248.8019256591797,1230800
2019-08-19,250.89875756885021,251.7792325802112,249.21041176210363,250.17257690429688,1313400
2019-08-20,250.7807774619295,250.85338168542708,247.6673554490378,247.77627563476562,1390600
2019-08-21,249.99101362999673,251.01672461472813,249.34655089747602,250.236083984375,1682300
2019-08-22,251.4433833449103,255.05603169489547,251.3162913421673,254.08480834960938,2345500
2019-08-23,252.53260507167215,254.27541089306783,247.5311692636961,248.7202606201172,1984300
2019-08-26,250.29972429132877,252.8231437944593,250.24526419205708,252.7595977783203,1426400
2019-08-27,255.06517670719114,266.35703229777897,254.46608791465263,265.3948669433594,5169000
2019-08-28,266.6383961436491,272.266179329875,265.43116044485254,267.3100891113281,5162100
2019-08-29,270.6214518375168,270.84888010315075,266.3276050718589,269.7936096191406,2613100
2019-08-30,271.09449515752436,271.3492137069143,266.3912663650772,268.14703369140625,1801000
2019-09-03,266.1547090995568,267.4555918801191,264.2352004493614,265.681640625,1842900
2019-09-04,267.4557200363589,269.54804959841096,267.2464759752546,269.3843078613281,1375700
2019-09-05,271.48561324200165,272.65004463990056,269.89361567193953,270.1574401855469,1865300
2019-09-06,272.18612283442997,277.1349634504913,271.3582807273137,276.33441162109375,3018100
2019-09-09,277.00763337508494,279.5912151956202,271.2855303178177,272.00421142578125,3397200
2019-09-10,270.5304793468504,271.32192528207696,267.9832660732791,270.1847839355469,2725000
2019-09-11,267.72850841096493,269.03849727177675,261.8244802861889,264.4444580078125,4754700
2019-09-12,264.1260900650115,266.31850190059794,262.6159630336111,263.71673583984375,2942600
2019-09-13,263.9986708823999,267.51925504602156,263.68026584366083,265.545166015625,2306300
2019-09-16,264.3354181497014,265.07228375163606,262.3067473588729,262.6251525878906,1508900
2019-09-17,263.4164822600458,265.44515215358297,262.62503642745435,265.0994567871094,1758900
2019-09-18,264.4535884960687,267.064460445967,262.7251115320873,266.0273742675781,1666000
2019-09-19,263.3527474166255,263.5983876384282,259.00432137896945,261.8426208496094,3004700
2019-09-20,262.67969055391603,263.2801046066514,260.30535239115,260.5054626464844,3409500
2019-09-23,260.5054283390385,262.1156382836669,259.950516677431,261.606201171875,2025400
2019-09-24,263.1799529091456,266.20020665305935,260.54179083061916,261.91546630859375,2483200
2019-09-25,262.23387546336636,263.52565236271766,260.9693610809968,262.4613037109375,1827800
2019-09-26,263.29826605765544,263.6439614909896,260.7237901004291,262.2339172363281,1877300
2019-09-27,263.389175749514,263.389175749514,258.7223441142023,260.1324157714844,1538100
2019-09-30,261.7244237174855,262.56134407471274,260.6964436542131,262.0973815917969,2151500
2019-10-01,262.0337036303306,262.6159054325069,257.61248463257294,258.2947692871094,2648900
2019-10-02,257.6579882087634,259.98685095346195,256.7391693188588,259.36822509765625,2480600
2019-10-03,259.62302315844846,264.5991269379828,256.17520289241327,262.9070739746094,3590200
2019-10-04,261.8608581518293,265.5906865135777,257.7398599144805,265.3359680175781,4513300
2019-10-07,264.7628992642536,268.99305948088323,264.2716464337723,266.9189147949219,1988700
2019-10-08,266.50048759897146,268.8930099457957,264.22620464544633,265.53619384765625,2201100
2019-10-09,266.6459002644632,271.6129520440757,266.6459002644632,270.0937194824219,2235500
2019-10-10,271.66756660275064,272.4408281168781,269.5115514809634,270.3121032714844,1637500
2019-10-11,271.15815703522367,273.6052871942758,270.5122408248397,270.7305908203125,1855500
2019-10-14,271.0945092051756,273.22323457015,270.6396526461065,270.6578369140625,1297600
2019-10-15,271.38553219035305,272.58635976270205,270.3939485587447,271.44921875,1580700
2019-10-16,270.0028049123497,271.976894320313,268.43809745566864,271.8040466308594,1811100
2019-10-17,271.86769836597074,275.2881998991587,271.86769836597074,275.09716796875,1734600
2019-10-18,274.7333156928033,276.55274162454367,273.8054184620208,275.5156555175781,1853900
2019-10-21,275.6429926689087,276.10695510484015,273.0685175270205,273.8963317871094,1322900
2019-10-22,274.3785421764504,277.3533216447995,272.86844293050655,272.8866271972656,1955600
2019-10-23,272.5318237311842,272.95938997584454,270.34851796020666,270.47589111328125,1798700
2019-10-24,268.41076837089673,271.3491509045544,267.96501795319085,270.2301940917969,2056700
2019-10-25,268.8383602331193,270.41217362659575,268.4653745932005,269.7298889160156,1686200
2019-10-28,269.00215414448047,272.08606688060274,268.55637588134465,271.9496154785156,1672600
2019-10-29,271.2854749006843,271.9495753090657,269.10216950306955,269.14764404296875,1295300
2019-10-30,270.11199466614835,273.1413267238376,269.2477562160822,272.7683410644531,1264300
2019-10-31,272.0117129021428,273.1604507740033,268.5381775322945,270.8721008300781,2277400
2019-11-01,271.6742817174293,272.0663292559586,269.40418429611935,269.94207763671875,1364500
2019-11-04,270.9176676387756,271.8840563274887,269.1034143534181,270.6076965332031,1651600
2019-11-05,270.8538797962451,273.224278494659,269.68691813553437,272.7593078613281,2204500
2019-11-06,273.47952353411796,275.01115534611176,271.61966900666374,274.938232421875,1675000
2019-11-07,277.0897221589856,279.97978948073285,275.76778936805243,278.2566833496094,2399400
2019-11-08,276.00481452603935,277.41794965887476,274.6737559154591,275.8954162597656,1501600
2019-11-11,274.91990515660797,275.6310217180644,273.2333021613621,274.2726135253906,1160900
2019-11-12,274.2634611733586,275.99569298326657,272.2851111079022,273.9626159667969,1540800
2019-11-13,273.67092992410556,277.15359026871084,273.0692115538947,276.1507263183594,1517900
2019-11-14,277.50917659867304,278.8767108306313,275.5763715132257,277.6914978027344,1336400
2019-11-15,278.3478486245849,278.4663726812189,274.9654892253045,276.84356689453125,1706100
2019-11-18,276.3421675215943,279.3234097398455,276.0139726842932,277.6459045410156,1241300
2019-11-19,277.6094690421858,277.73711893450394,274.8288270330193,275.5490417480469,1761400
2019-11-20,275.7313132744117,276.3968564774938,271.6925363651772,274.0264587402344,1979500
2019-11-21,274.1358819867249,275.2116687780606,273.0691931698568,273.7529602050781,1302500
2019-11-22,275.27549410725754,275.27549410725754,270.98144491021816,272.87774658203125,1277300
2019-11-25,273.7712303803651,274.0812014519974,271.27318238947527,272.6407165527344,1613000
2019-11-26,272.832110792865,274.7375378255736,272.43096533097423,274.6372375488281,3359100
2019-11-27,275.1661261740822,276.05046608465113,274.0265143214189,274.1997375488281,1906500
2019-11-29,274.2544028129043,274.31822774618223,273.19683980556846,273.3335876464844,981600
2019-12-02,273.27889292793463,273.6891642798664,268.28282508614427,271.1273193359375,2705500
2019-12-03,269.0668535972198,270.0332419792645,266.8514553906011,269.5591735839844,1921400
2019-12-04,269.8965438474646,270.91763154686276,269.08512690835704,270.3341369628906,1742000
2019-12-05,270.8903248747196,270.8903248747196,266.6691977375553,267.2162170410156,1941100
2019-12-06,268.9301205622764,269.850907838792,268.2737031513432,268.90277099609375,1462000
2019-12-09,268.9483341420416,270.94493586537453,268.53806284229705,269.0942077636719,1960000
2019-12-10,269.8874682960061,270.4891867642941,268.5381576862791,269.6595458984375,1565900
2019-12-11,269.8601482577697,270.179245213803,267.17065254306806,269.2219543457031,1749800
2019-12-12,269.19458292665536,271.4647089900586,268.1461454326641,271.081787109375,2742700
2019-12-13,268.62015430009416,268.94834910010417,263.5693876826121,266.0947570800781,5195600
2019-12-16,267.15234593008495,268.456055105218,266.98824851417015,267.5808410644531,2410000
2019-12-17,267.58084639068574,270.1335656531258,266.8970793215443,269.4497985839844,2474100
2019-12-18,269.85091262268173,270.1882332190976,266.04918374314894,266.0947570800781,3309800
2019-12-19,266.2680262779116,267.86348286176934,265.75748239688147,267.7723083496094,2333600
2019-12-20,267.89992769981137,268.9665886851117,266.9244133937287,268.7933654785156,4866500
2019-12-23,268.866301252948,269.2309714171881,267.15232087621445,267.4075927734375,1309800
2019-12-24,267.95468210654064,268.4470022596025,267.45323615465395,268.2464294433594,543600
2019-12-26,268.4834387089284,269.61395263671875,267.94554522909743,269.61395263671875,1101800
2019-12-27,270.06067277773786,270.1335956979668,267.28912882557916,268.1369934082031,1439100
2019-12-30,268.2190594571006,269.50451715592567,267.7267393415059,269.0760498046875,1238900
2019-12-31,268.9483879997562,269.3586593816588,266.37741707095574,267.9637756347656,1550700
2020-01-02,268.09143142931964,268.5654999873017,265.30166358444245,265.7483825683594,2103600
2020-01-03,264.43556440707897,267.03388540092334,263.779146764661,265.96722412109375,1926000
2020-01-06,264.89142324212906,266.2772093509055,263.1318688514441,266.0401611328125,2655100
2020-01-07,265.5934389972626,265.93075972057517,263.73358429656366,265.62078857421875,1963400
2020-01-08,265.2925093245862,269.3860139542324,264.845790388594,268.665771484375,2492800
2020-01-09,272.18483426758263,275.2936981750457,271.41901858055377,272.97802734375,3261200
2020-01-10,273.5068111162674,273.75295723015347,270.46177195787914,270.99053955078125,2024200
2020-01-13,270.69880831443896,274.09939171153115,270.5893822238122,273.3882751464844,1778600
2020-01-14,272.82302497564706,274.41848126205434,272.2121808983578,273.27886962890625,1459900
2020-01-15,272.0025510106637,274.454997839284,271.7199295090059,274.2544250488281,1604000
2020-01-16,274.77406998923817,277.20826500356577,274.4002740123552,276.26922607421875,1758600
2020-01-17,276.6065676944057,278.33877204812825,276.26924705667415,277.7735290527344,2506500
2020-01-21,279.1592705434282,285.6687175787036,278.75812503172506,285.5957946777344,3585900
2020-01-22,285.72349507325697,285.86936873775204,282.81520322704887,284.34686279296875,2218900
2020-01-23,284.4653222809743,285.7234581298329,283.28926296360913,285.2493896484375,1535900
2020-01-24,286.2886332269098,286.52568132267027,281.8031379332103,283.088623046875,1986100
2020-01-27,279.11363196596665,284.2373206155231,278.6577873840126,282.1222229003906,2265100
2020-01-28,283.08871055479926,284.1827212419686,281.8032250437673,283.398681640625,1571700
2020-01-29,283.40771433152554,284.4197038932863,282.06755780853075,282.2407531738281,1713700
2020-01-30,281.5661646457341,282.2955328947241,279.58781413218526,282.1405334472656,1232600
2020-01-31,281.3018782249717,281.8762472537755,277.6642448059677,278.5394592285156,1837000
2020-02-03,279.8885541499056,281.32901068830193,275.0292634810136,275.3301086425781,2816800
2020-02-04,277.6732453181722,278.89490576703076,276.02308974137014,277.9740905761719,1982300
2020-02-05,279.88863746501517,282.249909601991,278.4299289039445,281.66644287109375,1731800
2020-02-06,282.62572393457884,284.90060765429917,281.2553066805381,283.77685546875,1917900
2020-02-07,283.2195961711888,286.7004541387957,282.4156135017087,286.5360107421875,1903500
2020-02-10,286.6547827088297,289.56006088679976,285.5949899138467,286.68218994140625,2336300
2020-02-11,286.90145532706657,287.266894398077,283.6490001970101,283.8408508300781,2047500
2020-02-12,283.92315215509063,288.22628415776757,283.92315215509063,287.8973693847656,1384600
2020-02-13,287.65060782844347,291.25023963770394,286.4537789045801,290.7112121582031,1438000
2020-02-14,291.3233268091357,292.1821239447475,289.5692081483384,290.81170654296875,1113400
2020-02-18,291.442163383188,295.53515427295577,291.0858413992013,294.2286682128906,1547100
2020-02-19,294.25594914229765,296.4943082376972,293.9362074554184,295.11474609375,1413600
2020-02-20,294.47528405276364,296.9877158371503,293.2784551423346,296.0832214355469,1427500
2020-02-21,294.6945271883715,297.16128942416105,293.29670268974695,294.1372375488281,2239000
2020-02-24,288.2444496774256,292.3557017330466,286.19796868728224,286.52685546875,2300400
2020-02-25,287.7876347099794,289.2220115173262,278.10334682286157,278.5327453613281,2881800
2020-02-26,280.9811641072049,284.4072067253933,278.35910395107777,279.2818603515625,2236000
2020-02-27,275.8924132228157,278.65150993973737,267.6881718437477,267.80694580078125,3625300
2020-02-28,260.6077445270481,262.5080446470996,247.8445876149796,256.8528137207031,7091800
2020-03-02,269.00382653281025,282.771961305527,266.2081770095883,282.4339294433594,7563800
2020-03-03,282.43382781800545,287.0292918208532,275.02442522678473,276.57757568359375,5131400
2020-03-04,281.65726270797114,293.241848420217,278.6697356242341,293.0317077636719,4219300
2020-03-05,288.4910812667243,296.4760644023933,286.1431209995247,288.4819641113281,6407700
2020-03-06,285.17478430069485,290.062584845755,276.5959566070891,284.4438781738281,6185500
2020-03-09,270.2919822821085,283.52105966443327,267.6881837918499,275.8924255371094,5203100
2020-03-10,281.3649897451326,282.97295522129446,268.9855626538454,282.67144775390625,4245500
2020-03-11,274.8693088708649,281.2006615876175,268.7755320911021,271.7356262207031,3622700
2020-03-12,256.21326767017234,270.0910316394682,252.4674541196648,255.6742401123047,7307600
2020-03-13,263.8784073725559,277.0526979743019,254.23067179395593,276.1573486328125,6100100
2020-03-16,257.4831106274353,273.6540449436862,255.3635531877795,258.71649169921875,5465500
2020-03-17,264.03368395562063,280.65227688214736,261.5669221225839,280.46954345703125,7170600
2020-03-18,272.25623729674794,290.52846798780485,270.42901422764226,280.935546875,6701800
2020-03-19,283.59421662524187,286.73704316449687,276.4863185770793,278.8525695800781,5429500
2020-03-20,281.3193847964335,281.4016065205997,262.22487403390267,265.3311767578125,6581200
2020-03-23,266.783707529987,270.1275290220467,254.36773038163034,260.8634948730469,5646400
2020-03-24,269.1408398354168,271.66241679155434,258.39675842009717,260.3244934082031,7124200
2020-03-25,259.65755894598334,265.605179702743,255.08950070115165,256.5969543457031,5639600
2020-03-26,257.0354702342579,268.35513072627583,256.5969266528459,267.04864501953125,5463100
2020-03-27,262.32531067844263,268.13586723779594,258.8535697703309,259.7671813964844,4250400
2020-03-30,262.65416677842194,266.48220127503146,261.1467133477224,265.9705810546875,4396000
2020-03-31,262.59022497994687,266.336009759107,259.4656614371614,260.498046875,5618600
2020-04-01,257.9673482937376,263.85100900701565,256.6334832146291,262.0055236816406,3745800
2020-04-02,259.8129116036134,267.4872446587715,258.38767951685054,266.299560546875,3500600
2020-04-03,264.179909535776,267.085187467623,261.11016034118967,263.7139587402344,2650100
2020-04-06,267.68817189782294,279.0991707130499,264.55449111624336,278.7611389160156,5272500
2020-04-07,280.02193244220626,283.2195727800455,277.0252877551368,277.3998718261719,4036500
2020-04-08,278.75209061136894,280.862559578361,276.16658141371954,279.5378112792969,3964400
2020-04-09,273.5809701313103,278.05766082822333,271.8724932354206,274.09259033203125,6487600
2020-04-13,272.78616416750384,277.6922823276851,271.9456570322393,273.736328125,3120400
2020-04-14,276.5958745072248,287.5592122250999,275.2254572924904,287.0019226074219,4288300
2020-04-15,284.7178881587115,286.64559495214235,280.31427423959,283.4662170410156,2937300
2020-04-16,287.5409898435894,294.75851593090016,285.08337240107215,293.78094482421875,3940000
2020-04-17,293.5524192900782,294.30158718304455,286.8921856799587,290.4552917480469,3688000
2020-04-20,290.48282722158325,290.87567352870707,284.6174283233612,285.1199035644531,3156300
2020-04-21,284.26113984858995,284.94634858050875,273.4896507760868,275.298583984375,3833000
2020-04-22,277.73794039397086,284.2519958911791,275.9472693744867,282.6897277832031,2970600
2020-04-23,280.5060977319287,282.8906379051426,278.45961718572704,279.01690673828125,2625200
2020-04-24,280.7801854926683,283.9778254632582,279.1174338976796,283.7220153808594,2019400
2020-04-27,286.00609184923377,286.2253775860351,281.01778046610144,282.10498046875,2287300
2020-04-28,283.97790931265007,284.37990068671576,277.99376389610677,278.60589599609375,2425900
2020-04-29,278.6058295515755,282.0135824983167,275.1066820001788,280.5609436035156,3667700
2020-04-30,280.34120243272923,281.9436754493485,277.06301278592065,277.4567565917969,3794300
2020-05-01,276.3396232083267,279.1233557925003,274.8744993248188,276.46783447265625,2525400
2020-05-04,277.45672374961015,279.7734404901851,274.773733094717,278.82110595703125,2477500
2020-05-05,279.343122575171,283.6835267043352,277.8596947307688,281.9620361328125,2460900
2020-05-06,283.7933577667014,284.81893585529764,280.6982916418902,282.8501892089844,2406700
2020-05-07,283.26227659586147,283.74759586460766,278.85776739886916,279.28814697265625,2601800
2020-05-08,280.1122900004025,281.2843834833069,278.09776917239554,280.14892578125,2337400
2020-05-11,279.8742211724555,285.54237157237446,279.2881604713512,284.1688232421875,1865900
2020-05-12,284.63585625894177,285.2859946842846,279.0958888284445,279.14166259765625,2264900
2020-05-13,279.1416512863043,280.5701393447603,274.81955133010285,276.6692810058594,2954900
2020-05-14,275.6344823659919,277.3468345118699,269.70991049290234,274.4715270996094,3718900
2020-05-15,273.8579617586998,274.5538736280013,270.91854940338703,273.98614501953125,4577200
2020-05-18,276.2847256854744,277.63080444185823,274.6364785304779,277.237060546875,3987300
2020-05-19,278.94014437300774,282.9692132207488,277.5940661138518,278.9493103027344,3523000
2020-05-20,280.9090281301883,281.962104545906,277.64000328709636,279.2058410644531,2827000
2020-05-21,279.0958577624171,279.3247824728225,275.85427603850167,276.5135803222656,2492100
2020-05-22,276.55017560994503,278.31746740874144,275.4696298969053,276.93475341796875,2366400
2020-05-26,280.2129961267899,281.02795351986475,277.94205306372277,279.10498046875,3234600
2020-05-27,278.8852685641487,280.48774171853387,274.22436428564095,280.2130432128906,2980200
2020-05-28,281.34845263475853,284.7823230900241,281.0279524699519,283.4637145996094,4301900
2020-05-29,278.5556130139464,282.8410771046441,276.861564481517,282.46563720703125,4971800
2020-06-01,281.9436453166218,283.6285276977775,280.6250368539942,282.30078125,2293700
2020-06-02,281.98948089913875,282.9692574613032,279.03176346050185,281.20196533203125,2528900
2020-06-03,281.5773740095024,282.21837433155264,280.130582237181,280.7898864746094,2165900
2020-06-04,284.6448896496811,288.765532976923,283.03325131710255,284.5533142089844,4553900
2020-06-05,286.7327579558802,287.19060733710313,281.38508053658495,285.7346496582031,4375600
2020-06-08,284.4709323120753,285.0478269050779,280.6249869886607,281.29345703125,3764500
2020-06-09,281.5774332513472,282.58470770724557,279.44386694718895,279.79180908203125,3155800
2020-06-10,280.64343115897503,282.6121783609162,279.8833853626287,281.4217529296875,2713700
2020-06-11,281.11034250636504,283.1340568079476,275.29567796141646,275.4696350097656,3443000
2020-06-12,277.15455120653843,279.42546620744423,271.2757529729351,273.51922607421875,4020000
2020-06-15,272.0082740397121,272.94230455169276,269.068889184438,272.1273193359375,3266800
2020-06-16,275.9458180699181,277.21862477416767,273.9953753024515,275.9549560546875,2633800
2020-06-17,275.6436472274438,276.54104212629943,273.7023702108554,274.3525085449219,2188400
2020-06-18,274.7096617771851,275.45137562839056,272.6859750933352,274.31591796875,1881800
2020-06-19,274.8745281555597,276.449531605168,273.4643717695102,274.6181335449219,3438000
2020-06-22,274.43502135455566,276.0649645748114,273.10724653042223,275.1217956542969,2094400
2020-06-23,276.2938399284991,279.1965898004516,275.37814102594274,275.89093017578125,2409600
2020-06-24,275.41477870016143,275.88179413343374,271.5963295119615,272.8966064453125,2398100
2020-06-25,272.0174704848728,275.7626750471463,270.49740719505354,275.1949462890625,2274300
2020-06-26,275.08504636983776,276.6508833026227,271.0010380436397,271.5596008300781,2866000
2020-06-29,272.3654440766813,276.2022241542393,271.8068532962598,276.16558837890625,1841700
2020-06-30,275.6345270950523,278.94018661771327,274.83787354559826,277.6490478515625,2391700
2020-07-01,276.99888183994307,279.8192217956443,275.39640896979466,279.0592041015625,1906100
2020-07-02,280.20388046579484,282.87773371240723,278.9219075166989,279.9657897949219,2540500
2020-07-06,281.60482841425375,285.29509316649995,281.339267958833,285.2309875488281,2332400
2020-07-07,283.8849020624713,291.23796153542656,283.6102036293225,289.5714111328125,3346600
2020-07-08,290.40474939965867,291.23801076937565,287.5386075013539,289.65386962890625,2364500
2020-07-09,293.02360907802773,301.24659416794714,292.73057876217155,298.0965881347656,5313600
2020-07-10,298.5178947801688,299.7998678804252,295.8715110723914,298.728515625,2484100
2020-07-13,298.7924561537621,301.3655671060402,294.39711384354666,295.6974182128906,2583200
2020-07-14,294.23238113811016,300.95360779942854,293.4357275557818,300.3492431640625,1844800
2020-07-15,300.4407249294649,301.55787837153844,298.16978227568643,299.15875244140625,1770700
2020-07-16,299.08554534331154,300.2576387199201,296.7413585900944,298.7650451660156,1402000
2020-07-17,299.7082670449203,300.1661165380808,297.2175646843304,297.4098815917969,1768100
2020-07-20,297.50143550218655,299.8364565699844,295.45941685062485,298.98486328125,1863300
2020-07-21,299.43353678386023,303.54501585420854,298.9756873392366,300.11114501953125,1874200
2020-07-22,301.86003903565864,301.8692049640622,297.6112120470379,300.62384033203125,1312600
2020-07-23,300.4407899369104,302.5285821391788,297.9042863080538,298.6185302734375,1561700
2020-07-24,298.7192854694394,301.03600248483417,297.29996340374936,298.3163757324219,1423400
2020-07-27,298.22490798885764,301.2650360318877,297.767058390025,299.9830627441406,2083300
2020-07-28,300.3216876897826,302.18055483353817,298.3529411790906,299.9554138183594,1374000
2020-07-29,299.45184869923855,300.3858794759608,297.9592829436284,298.64605712890625,1341300
2020-07-30,296.12244902630374,299.5728915306756,295.48925552406484,298.07708740234375,1390300
2020-07-31,298.07710087552283,299.44441803389,295.99397537355696,298.7286376953125,2149900
2020-08-03,298.7470059253461,302.7297123523893,297.59992015846177,302.2066345214844,2480200
2020-08-04,302.4267871288587,311.84207360875683,301.8394939320415,311.8145446777344,3933300
2020-08-05,313.714145780228,314.51254091423795,309.79571129443275,311.9797668457031,2923700
2020-08-06,314.21887324127886,316.7057470253417,313.4847216410806,315.0447692871094,2104300
2020-08-07,314.8887875785859,316.34787715636577,311.66776213036167,312.8423767089844,1759000
2020-08-10,312.65886108380033,312.989236342644,310.7042224836262,312.00732421875,1503800
2020-08-11,312.78726574429066,312.78726574429066,304.48235029291163,305.06048583984375,2065600
2020-08-12,306.2718664295051,310.99785367378024,305.73963101379917,309.0340576171875,1853900
2020-08-13,309.2451432208308,311.5117858612271,307.5382930083585,308.0613708496094,1536500
2020-08-14,308.82286186206255,310.8692719214324,307.96943720248595,308.59344482421875,1522900
2020-08-17,309.85073871157846,312.34679795270387,309.5846070263984,311.9705505371094,1504700
2020-08-18,312.924973776825,314.57676595545655,309.07994033371097,312.695556640625,1489400
2020-08-19,313.03501803676625,313.78751279286786,311.96136176734217,312.8331298828125,1730100
2020-08-20,312.1357535136089,313.5305994467028,310.8509953063967,312.8056335449219,1717500
2020-08-21,312.0715671754314,317.3665049097224,311.3924733687724,316.2377624511719,2372600
2020-08-24,316.69659955784806,317.6142681649596,313.9435937365135,315.79730224609375,1461500
2020-08-25,315.8064180668515,316.51301265628615,313.34704545975865,316.3294677734375,1176200
2020-08-26,314.76941615184654,316.43955119317553,313.5580872607614,315.9256591796875,1757000
2020-08-27,317.15537659861843,319.11001485965744,314.34731340825823,317.8436279296875,2220700
2020-08-28,318.86224489763515,320.3213343151322,317.0544370020537,319.6881408691406,1487300
2020-08-31,318.2933118793858,320.03687635746206,315.9440828553426,319.03662109375,1586900
2020-09-01,317.24721546114085,322.5513390428251,316.97192607308733,322.4504089355469,1773700
2020-09-02,324.4966641800084,330.28717674023557,322.38603835667067,329.3144226074219,2434900
2020-09-03,333.1779455570725,333.72855231846364,317.072844812754,319.62396240234375,3630400
2020-09-04,324.8363350300356,324.8363350300356,312.3743799924658,318.0364074707031,2557000
2020-09-08,315.53115057962884,316.52224829552455,310.3371432308291,310.9611511230469,2144300
2020-09-09,312.8331621347723,320.9086611204608,312.36517027896116,317.9078674316406,2100900
2020-09-10,317.761003332249,319.3485796288761,310.8693332003349,311.575927734375,1959600
2020-09-11,312.26423651537937,314.9988987311764,308.4283889009879,311.20892333984375,1599600
2020-09-14,312.91570749440166,316.44873608245877,312.4385300558774,314.68682861328125,1522300
2020-09-15,316.6139047605673,319.128334929906,314.5308078146864,315.5953063964844,1362500
2020-09-16,318.67870182127393,320.04604680915446,314.98968485827254,315.43017578125,1656500
2020-09-17,311.62184330645124,314.65935167349187,308.67613539142803,310.9794921875,2681500
2020-09-18,312.19079875556537,313.12681043538373,303.93178321182046,308.29986572265625,3409300
2020-09-21,306.47375217955806,311.65857363932406,306.23514940630554,311.6127014160156,2427400
2020-09-22,312.64959477374117,316.5037847538305,311.6309684184584,316.0908508300781,2128100
2020-09-23,319.348611101764,319.5780282074406,315.73299527590007,316.2560729980469,3577100
2020-09-24,316.59557155642113,318.7337264276247,310.4563682327954,318.430908203125,5779300
2020-09-25,312.6863104595853,315.4668444918358,307.74925016353944,314.37481689453125,7338500
2020-09-28,315.4577419843815,320.97291079140615,314.852077395611,320.83526611328125,3459200
2020-09-29,320.2204318972132,325.1207782901927,318.52273958382597,323.1477966308594,2526000
2020-09-30,323.53316472427736,328.2499936823379,322.2576202272057,325.77227783203125,2525800
2020-10-01,326.9285947962772,330.07619108807654,325.6071498915239,328.94744873046875,2053000
2020-10-02,325.5245175944202,328.37845284077326,323.7992965429195,325.7814636230469,2125000
2020-10-05,326.0751033068049,329.42461540222087,326.0751033068049,329.0575256347656,2093500
2020-10-06,332.10411593687934,333.1135565577535,327.6442619278502,328.8464050292969,2760400
2020-10-07,330.79206640757724,334.7105020182714,330.0487569358183,333.1321105957031,1959100
2020-10-08,334.76545398982216,335.8391384454586,331.9665762969971,335.0315856933594,1793100
2020-10-09,335.8666837925026,339.3079407985733,335.59139443402546,339.04180908203125,1730700
2020-10-12,340.45496245814354,349.31964219973105,340.24388865298096,345.4837951660156,2806900
2020-10-13,347.264101078114,350.8154734364987,345.48382207594926,349.3380126953125,1823300
2020-10-14,351.36614379749636,352.26544110254025,345.68577292146034,347.19073486328125,1904400
2020-10-15,345.46541528590933,347.20897953015384,342.34534853225887,345.5755310058594,1697800
2020-10-16,349.17290562386785,353.1831129632384,347.9065184630091,350.1272888183594,2459400
2020-10-19,350.57690385162266,351.54963024318744,343.85956355872503,344.63958740234375,1938100
2020-10-20,346.59422748547564,350.6227777480544,345.1534811798634,347.1631774902344,1282300
2020-10-21,347.3925666688895,349.8886259765197,345.97934941254266,346.7135009765625,1466500
2020-10-22,346.28217886027915,347.22737619895497,341.40017621555745,344.81390380859375,1813200
2020-10-23,344.68540144552657,345.5204830190302,342.8041924975895,343.7585754394531,1108000
2020-10-26,336.49067044864825,341.9508090891872,335.9767783418939,340.1888732910156,2145000
2020-10-27,338.4085846464438,344.04308237887483,338.4085846464438,342.03338623046875,1525400
2020-10-28,337.08707022702566,341.748840678978,334.64609729546726,334.9122009277344,1908300
2020-10-29,333.96533847421773,339.3531972199043,333.30334622660297,335.4639892578125,1838500
2020-10-30,332.034466114681,334.5353221524963,327.12470284623913,328.8072509765625,2724100
2020-11-02,333.03658943664806,336.19943708967327,331.64823843265873,335.0317687988281,1646300
2020-11-03,339.2152383518697,344.6030963087591,338.24984599240327,341.9919128417969,2013100
2020-11-04,343.8859307771283,350.8920258654343,343.86755223915225,345.86273193359375,2449800
2020-11-05,351.6643719829432,355.43402084866034,348.92445443978346,354.19281005859375,2255800
2020-11-06,351.1126528440036,355.6362420066837,350.2024242563934,354.5881042480469,1950200
2020-11-09,356.9694110818105,358.1187008792407,335.37196618732935,335.5926208496094,4371300
2020-11-10,334.56291863431414,341.60577107895506,331.537979516059,337.0821533203125,2662600
2020-11-11,339.8956849339292,344.5112524808924,338.4981581076745,342.8746643066406,1688800
2020-11-12,346.5798729599195,347.7659199326208,343.40782161703123,345.43975830078125,1535900
2020-11-13,346.1845075782553,349.22782508686544,344.7777778176556,348.3175964355469,1274600
2020-11-16,346.54304146063646,350.5609539181575,346.54304146063646,349.1910095214844,1691500
2020-11-17,356.1143402931867,357.1808845745513,351.02988343613885,351.1494140625,3299100
2020-11-18,352.0413072041738,356.78555129893584,350.97476279207785,351.4344787597656,2134600
2020-11-19,352.7032549234057,353.71463561723726,349.6691409007457,352.638916015625,1768900
2020-11-20,353.0159181149729,354.4410264530522,350.31278586307536,350.4139099121094,1807600
2020-11-23,352.14243492878444,352.1975986007766,349.6967425880673,350.95635986328125,1679600
2020-11-24,352.7768013731661,354.9466470254226,350.0368844164446,353.26409912109375,2061100
2020-11-25,354.70765635961345,357.05219658552824,354.4961769120116,356.5097351074219,2034200
2020-11-27,359.0013777887695,359.19447869334243,356.50972515479975,357.0981750488281,1329400
2020-11-30,360.1874625268325,361.47466163117906,354.1927763786837,360.2058410644531,3733800
2020-12-01,362.7816381677925,366.1499947486796,359.649160415363,365.6687927246094,2996800
2020-12-02,363.69683047246815,365.0271904518175,360.01712669650243,361.8381042480469,2212800
2020-12-03,356.648771831634,357.3375483440613,352.1953786083335,352.921875,3976400
2020-12-04,354.01637015663596,354.11072744606423,350.88392122175236,352.3369140625,2839700
2020-12-07,353.1295521782632,355.2336022065061,351.60106160446384,352.2426452636719,2652900
2020-12-08,352.8275978640419,358.0829567962336,349.8083370449852,356.27142333984375,2685500
2020-12-09,358.4225619896174,359.4792944160636,351.74245818932684,353.1483154296875,2461600
2020-12-10,353.1483969185322,353.81828480883803,350.57258943935386,351.7331237792969,2566300
2020-12-11,358.3187980184211,358.3187980184211,351.497200772184,353.91259765625,3483900
2020-12-14,355.29007150015786,356.8185614745235,352.12928990954606,353.23321533203125,2778400
2020-12-15,353.3465174608666,354.4693030908822,348.440225861111,350.87451171875,2133900
2020-12-16,350.1951436168811,351.7802424167672,348.01562556858727,348.5722961425781,2385100
2020-12-17,349.34599378767774,350.01588160681337,347.2136399370907,349.3742980957031,2314200
2020-12-18,350.1384986693684,350.38379304311985,345.26051238557824,346.27008056640625,4140000
2020-12-21,344.4680145979183,345.439834253624,341.3732854113582,344.35479736328125,2329700
2020-12-22,343.5339246354289,344.1566481853256,340.2410366764084,341.5808410644531,2105500
2020-12-23,341.97715780827286,342.5904370407908,339.1937759457168,341.44879150390625,1782100
2020-12-24,340.995858594942,344.7038667108511,340.995858594942,343.9867858886719,972500
2020-12-28,344.85479645599344,350.6951576926371,344.45850741322977,350.1007385253906,3207700
2020-12-29,351.22353888457076,352.17649846601006,349.34595282019757,351.6669921875,2072600
2020-12-30,353.0634070835102,354.62961701124016,352.1953604112435,353.2992858886719,1778000
2020-12-31,353.8089017665499,355.7431260017157,351.42180847636837,355.497802734375,1628900
2021-01-04,356.1110051628559,359.99828394546194,353.63899945899317,358.6773681640625,3322200
2021-01-05,357.4602122644138,358.73396374775706,354.0541356663706,354.5164489746094,2748400
2021-01-06,352.7048512763844,354.5729929035791,348.77038030898655,349.1194763183594,2661400
2021-01-07,350.05355027650455,350.6573849743055,346.07191535939944,347.1380920410156,2849500
2021-01-08,347.3269232873966,349.34606029025116,343.71327157050575,349.04412841796875,2599700
2021-01-11,347.7609407608391,350.04426100866203,343.3075463153916,343.4490966796875,2562500
2021-01-12,343.4396118150786,344.44918022186147,339.9014290010496,343.6283264160156,2387600
2021-01-13,343.78867575291184,347.91183313282016,342.49606435944526,346.22296142578125,1968800
2021-01-14,345.32666879185007,345.7984265361012,341.1374577193951,341.8828430175781,2363900
2021-01-15,340.6655882376649,344.2981274356964,340.42026507710125,341.7034606933594,2340400
2021-01-19,341.8922280608475,342.4489274879,332.53257137527737,334.4479064941406,4533800
2021-01-20,334.3723641425603,341.4581436849723,333.447708884682,340.89202880859375,2767200
2021-01-21,340.89206956603823,343.4301280503195,339.60890256704215,342.3073425292969,2121600
2021-01-22,342.6848498484789,344.03407013734056,339.5240670841866,341.8356628417969,1960300
2021-01-25,340.4768965618,341.5147690872316,336.66511571392414,341.4393005371094,2735900
2021-01-26,339.8542553947542,345.2322758477891,338.60880816797805,344.3642578125,1807000
2021-01-27,342.48654568046015,345.13782087565744,334.8063475431183,336.2593688964844,3120800
2021-01-28,336.6934103943617,341.18452324015044,335.95746967805775,336.89154052734375,2251100
2021-01-29,334.71197213369163,336.1649934083175,332.00408848129445,332.52301025390625,2598700
2021-02-01,331.37209738688665,332.86286812151025,329.4850662348741,330.7210693359375,2371200
2021-02-02,331.89091106006384,337.4953935687233,330.90964720430503,335.4951171875,1905000
2021-02-03,336.10846114995456,337.335019505885,333.2590265543663,335.14605712890625,1759800
2021-02-04,337.22588380048734,338.80467824868634,334.5221157229437,336.4128723144531,3411600
2021-02-05,337.07458669910733,337.35821747036533,334.758427412426,335.7699890136719,2165600
2021-02-08,337.0934715747609,340.37393469232165,336.14809348728687,340.1753845214844,2520700
2021-02-09,340.3740190314449,341.91499031195895,338.7290411331997,339.92022705078125,2154000
2021-02-10,341.2816340084358,341.2816340084358,335.7228038854889,336.6681823730469,2162400
2021-02-11,336.29943401041083,337.02736491726375,332.19649563871417,332.9622497558594,2088400
2021-02-12,332.76371148389165,333.69965565561836,330.9769614299721,333.4822082519531,2096600
2021-02-16,333.7941492033601,335.94961051995426,332.81097656818065,334.6639099121094,1829000
2021-02-17,333.8224789273722,338.6061191128743,332.68804240940773,338.48321533203125,2143000
2021-02-18,333.0378090362556,338.63446030305965,333.0378090362556,337.42437744140625,1914900
2021-02-19,337.20701539774313,338.3792753523087,335.2122520211283,335.3918762207031,1839400
2021-02-22,333.482232361635,333.9927447785164,329.7669021541668,331.0809631347656,2215600
2021-02-23,330.69335111158955,331.82781672613055,323.3477713668808,323.4612121582031,3692600
2021-02-24,323.1208213192104,323.7920317594194,319.43385212916075,322.0903625488281,3305800
2021-02-25,322.2321948328832,324.26475237941605,315.1418576817298,315.66180419921875,3618100
2021-02-26,317.18389254884954,317.5431409301489,312.8635066590663,312.92022705078125,3362200
2021-03-01,316.9002358196116,317.6470927169807,313.26052377876533,313.64813232421875,4653200
2021-03-02,315.463352367242,316.4087308624297,310.4812180838411,310.5190124511719,4660100
2021-03-03,310.24478618522363,310.48113074253456,306.07566473218003,306.2269287109375,4064200
2021-03-04,305.70706293110374,307.81526752407285,297.83207215361983,301.61358642578125,5501200
2021-03-05,298.1061044623573,301.036782744414,290.2311165036312,299.9874267578125,8102800
2021-03-08,301.49063463753504,304.7238126695575,293.9370703126552,294.4097595214844,4873500
2021-03-09,296.6219474516822,302.78580447107606,295.6292827830172,301.36773681640625,5426800
2021-03-10,303.59880458958514,309.5074190322984,299.98745251804127,306.141845703125,4523500
2021-03-11,312.3624529497521,313.1565672733627,308.87400465456386,310.6985778808594,4338900
2021-03-12,310.1786841730808,313.5158690439322,307.8152379798246,313.0526428222656,3182100
2021-03-15,315.37821630678866,315.4538338788153,309.44124155502897,312.4570007324219,3243000
2021-03-16,311.6628585635927,312.003180883304,308.79836363673803,309.3750305175781,3066700
2021-03-17,308.1933471513312,312.4475497960582,306.41603120809555,311.2091064453125,2672400
2021-03-18,308.64720387937535,310.21653575728027,304.7711459978671,305.33837890625,2736900
2021-03-19,305.9338443748001,311.26579160087897,304.7805105960968,310.9443664550781,4859300
2021-03-22,310.50947992730096,317.80780075235145,310.2636723642026,316.21954345703125,4064900
2021-03-23,315.6523880475923,323.80154472891365,315.56727860834457,321.75006103515625,3641200
2021-03-24,323.5273270066229,323.8014947613216,318.43172468789425,319.5756530761719,3006400
2021-03-25,319.358197097545,328.78361860050626,318.84768480788546,327.4222717285156,4307100
2021-03-26,327.29937768553384,333.20799142003955,325.30464353707816,332.7920227050781,3061200
2021-03-29,332.2531814011126,338.22794972506597,331.8372126832189,336.6964416503906,3012000
2021-03-30,334.26690499105354,335.39190767255957,329.7858202987543,330.6461181640625,2602400
2021-03-31,331.5063334091394,337.9254596654453,330.1544494651497,333.2269287109375,2832200
2021-04-01,333.2836795988541,337.8025867952811,332.4233818692204,335.5525817871094,2938600
2021-04-05,337.97272642694327,342.86034470340564,337.3487733160765,341.11138916015625,2705700
2021-04-06,340.14711800063776,342.98325304405824,339.3908268626553,340.44964599609375,2142000
2021-04-07,341.1587506866856,341.71652056577767,338.07680739986324,339.2112731933594,1808400
2021-04-08,342.9832174107663,346.0273365284703,339.958024322473,341.4895324707031,2839200
2021-04-09,341.19652135012245,343.8435693263214,339.9580779558302,343.3708801269531,1610800
2021-04-12,343.02105697462184,345.29942212684625,341.6029895326225,344.8834533691406,1836600
2021-04-13,345.3845310017443,347.23746453288027,344.37296921943687,345.2616271972656,1796400
2021-04-14,344.9213282138743,344.9213282138743,342.74694050024226,343.3330993652344,1509400
2021-04-15,344.94962047690484,349.3645207480485,344.3729247420631,348.6554870605469,1850100
2021-04-16,349.5063970504067,352.4370469346661,348.44754903502763,350.4706726074219,2249200
2021-04-19,350.7353425194646,351.2363918547519,348.08829487090065,349.3645324707031,1560000
2021-04-20,348.8445830007416,354.8571749732528,348.5893412530745,351.42547607421875,2330700
2021-04-21,351.3120672997751,354.11984241308636,351.1797293208727,353.6566162109375,1531800
2021-04-22,353.8929232381956,354.93284517910837,349.81834491345927,350.9811706542969,2138000
2021-04-23,350.98112398714915,354.3750283039056,350.17754673735004,352.8907775878906,1404500
2021-04-26,353.47704097255945,353.47704097255945,348.0978346100374,348.3908996582031,2059700
2021-04-27,348.0599438996981,350.69752860312826,345.3372497600807,349.9884948730469,1875900
2021-04-28,349.36458157038805,350.2627026045096,348.0694177585093,349.40240478515625,1305600
2021-04-29,349.15604950965576,355.00151216907733,349.14656622387645,353.89306640625,1848300
2021-04-30,353.2962259167163,354.480480235611,351.7993122666564,352.51934814453125,2118900
2021-05-03,354.1772081031137,359.6531974315548,353.2771924124023,359.3689880371094,2685800
2021-05-04,359.0943048078914,359.2837970503743,354.092016078386,355.551025390625,2133800
2021-05-05,356.5552231823438,357.6636688071209,352.4813718111723,352.90771484375,1905300
2021-05-06,353.5614558621119,362.79863845570736,353.5614558621119,362.62811279296875,2641400
2021-05-07,362.6943675863617,366.1239915821296,362.0975278350138,364.10601806640625,1817100
2021-05-10,365.2145651926857,367.488356717858,361.22600456158744,361.4154968261719,1998700
2021-05-11,359.359633122255,360.884967850523,356.2237297293895,358.2890625,1859700
2021-05-12,356.22371794608995,357.11427955395203,351.5909009277994,352.62359619140625,2344600
2021-05-13,353.4667432616231,361.37756770772097,352.02670045230195,359.5680236816406,2023100
2021-05-14,362.0406968629715,365.5271339324215,360.10798611063274,364.2007751464844,1876100
2021-05-17,364.78816534192964,366.6924262654664,362.7607084541156,363.76495361328125,1830800
2021-05-18,366.12403816496493,368.9662482304325,362.3912666326543,362.67547607421875,1698200
2021-05-19,357.313109798877,361.6522326300794,356.3467689468716,359.69110107421875,1725000
2021-05-20,359.23636909092374,364.295499141129,358.3837119206561,363.4049377441406,1427300
2021-05-21,364.7977095602064,365.0819479603708,360.4207099748032,360.6954650878906,1706600
2021-05-24,364.1249732012126,365.47029858042333,361.80385251245843,363.28179931640625,1657000
2021-05-25,363.44291221396355,365.45140293154105,361.9365441757804,365.1103515625,1379700
2021-05-26,365.5650445550881,367.35565077339373,364.76922920665976,365.3376770019531,1648000
2021-05-27,364.87346357650335,367.3745934323991,363.32919146137857,367.1188049316406,4452000
2021-05-28,363.94500410080894,365.0439954955013,357.19949663421033,358.374267578125,4681200
2021-06-01,359.94690237266076,360.202719748828,355.74991300114306,358.3363342285156,2117800
2021-06-02,358.4784514729731,361.83226712128607,357.84367856494197,360.57220458984375,1881000
2021-06-03,359.6721901843099,363.9828634844477,358.93318788004865,363.6796875,1780300
2021-06-04,363.9828854815892,367.3651222883831,363.52812147743424,367.1377258300781,1765900
2021-06-07,365.19558454004573,366.1240502672732,358.658506955877,360.3922424316406,2515800
2021-06-08,360.40168265235957,361.15959370599046,357.82474459257975,359.7290344238281,1553800
2021-06-09,360.2122231542849,361.69965336741797,359.1890402476922,359.9753723144531,1398900
2021-06-10,360.2690852239345,363.196558298748,359.5301117187627,362.864990234375,1404000
2021-06-11,363.6702982856116,363.6702982856116,360.51545731172416,361.7470703125,1404200
2021-06-14,360.76165096158064,363.78386930110787,359.1415707698934,363.575439453125,1652600
2021-06-15,363.5755466363175,364.27661591691486,361.49124754203075,363.7176513671875,1252000
2021-06-16,364.1817559812478,366.1144664544599,357.2846623780163,359.4542236328125,1801700
2021-06-17,360.3733100187883,366.1429932569072,359.2648353189971,364.5134582519531,1686500
2021-06-18,364.51349277875653,364.66508080665227,360.297535683258,360.8470458984375,3415700
2021-06-21,362.14489317348267,367.2608649531551,360.54377936417984,366.45556640625,1631600
2021-06-22,366.6639476665376,371.8557272090461,366.22815032376553,371.55255126953125,1934800
2021-06-23,372.32955363925447,372.746413467776,370.0463078688164,371.3537292480469,1538000
2021-06-24,372.72739493026137,374.6979809454868,371.19257739694507,371.4483947753906,1487300
2021-06-25,372.3010920776988,373.7979766350323,370.6715571746437,373.7601013183594,2056100
2021-06-28,374.2243402884586,376.51706922132723,372.45270056928865,375.683349609375,1645500
2021-06-29,375.45594836201514,378.4308088566251,374.6696162771892,377.81500244140625,1523600
2021-06-30,377.03808581082393,379.4065940190703,374.2242969029291,374.85906982421875,2031700
2021-07-01,375.45594630122037,376.7728508716901,373.16324632253617,373.779052734375,1523400
2021-07-02,375.3705798218974,379.6907357101162,375.27583372797756,377.9570007324219,1676600
2021-07-06,378.8097829059201,380.2877299395262,376.2233611408803,377.8813171386719,2113100
2021-07-07,378.2033902775146,384.7594045992933,378.2033902775146,383.3951416015625,2308600
2021-07-08,382.2772436379112,387.146910631872,381.95512997522025,385.7352600097656,2235500
2021-07-09,387.0616372663992,392.22499722480006,386.1521381219455,390.68072509765625,2304200
2021-07-12,392.2629189193371,392.55661166564727,383.25310317055124,386.4269104003906,2491300
2021-07-13,383.4141662754452,387.7627443975516,383.4141662754452,385.6500244140625,1540300
2021-07-14,387.090033660473,388.88063980352024,385.8394832583348,388.38800048828125,1265800
2021-07-15,388.8712147507073,390.519716425876,386.42692655384593,390.1596984863281,1894100
2021-07-16,390.44387509918585,391.675516836747,388.21747138076773,388.7859191894531,1413900
2021-07-19,388.4922801049209,393.47563180805747,388.4827968178553,392.3671569824219,2293100
2021-07-20,392.2249633267035,396.08090166844534,391.1354553221757,394.3471374511719,2045400
2021-07-21,395.1713780554867,395.1713780554867,390.5385909357239,393.1818542480469,1480000
2021-07-22,394.11984796612705,396.5831027984073,391.798697873458,395.578857421875,1339200
2021-07-23,396.289358360721,401.6895401490427,395.1145585373762,401.15899658203125,1344500
2021-07-26,401.1306163707038,402.1727659518931,398.24104740293524,400.9695739746094,1220000
2021-07-27,401.69903500042756,402.22957858271457,399.42527266027497,402.0211486816406,1666500
2021-07-28,401.00745739363384,402.51382544540263,398.421064417702,400.0126953125,1362700
2021-07-29,400.24997099867886,404.2080619266449,398.99704721188965,403.6670227050781,1434200
2021-07-30,404.33139593754265,409.57085508091893,404.2934206560729,407.8813171386719,2283900
2021-08-02,408.73556611311517,408.82098877005853,403.85679980555557,407.1219787597656,1366900
2021-08-03,408.07117457090806,414.6015037776242,407.31181375618297,412.9594421386719,1448100
2021-08-04,413.84214266728986,415.7310000583007,410.89020917748593,412.9309387207031,1280500
2021-08-05,415.50327097011865,420.9610523706399,414.5351184366309,420.66680908203125,1742600
2021-08-06,420.2301814869223,420.9230638695313,416.5948083772987,417.2877197265625,1789800
2021-08-09,418.25586730060223,420.2776239145931,416.983970470358,418.08502197265625,1472500
2021-08-10,418.26537268785864,421.2457807616872,418.26537268785864,420.5149230957031,1893700
2021-08-11,422.85939422159294,425.2323425617815,419.34741909145214,421.7203674316406,2267500
2021-08-12,420.4863913908303,423.93191656894527,419.77450698102643,422.7264404296875,1230700
2021-08-13,423.12518936187166,425.5740594545863,421.9482161819095,425.0615234375,1309300
2021-08-16,425.1468864327329,430.15855177405916,424.33057720530223,429.8453063964844,1515600
2021-08-17,429.8453389483375,430.7185966802488,426.8459577459462,429.3517761230469,1936700
2021-08-18,428.04192727326546,432.10441388168107,423.239081903347,423.5333251953125,2030100
2021-08-19,420.43903837919606,432.3512285901317,418.8823702163909,431.17425537109375,1953700
2021-08-20,432.3416603664947,437.2109547006735,430.60467503187823,435.6637878417969,1911200
2021-08-23,434.0311649767412,435.7302038656623,431.48737165737754,431.8100891113281,1835900
2021-08-24,432.11392559098715,432.24682461213285,427.41547593364817,428.82977294921875,1541700
2021-08-25,427.91858383296506,429.8074707467407,424.58698346510323,428.29827880859375,1520600
2021-08-26,428.2982674260662,429.4847417767246,423.9984855379466,426.475830078125,1418600
2021-08-27,426.4756548009981,428.66825618254535,424.0932060147072,427.45330810546875,1310200
2021-08-30,428.1178663741046,433.3858002321084,427.54835296513403,432.75933837890625,1219800
2021-08-31,432.9587256520006,433.6611091714927,429.4467501212247,432.34173583984375,1699000
2021-09-01,432.33224074146057,433.4712386340938,428.8867149070988,433.3193664550781,1325400
2021-09-02,436.07199646204856,437.98932835068615,435.09434287510464,437.543212890625,1455000
2021-09-03,435.67321139145247,440.03944108979437,435.67321139145247,439.04278564453125,1302400
2021-09-07,438.99544264863357,439.6598797701149,434.37294391962513,436.2428283691406,1463400
2021-09-08,435.7777194781461,442.1562058981396,434.80006590181716,442.0328369140625,1372000
2021-09-09,443.589434778926,445.89593344373833,441.59615252662485,442.2605895996094,1398700
2021-09-10,443.4281540571452,444.59562618315425,439.65991067186354,441.5202941894531,1324800
2021-09-13,443.3236954164357,444.443720073495,434.91398045921034,436.2997741699219,1679500
2021-09-14,437.52423544086156,438.7107096350643,434.1736334750992,435.1133117675781,1383900
2021-09-15,434.95195331499275,438.7581719286906,432.95869977430954,437.3154296875,1770300
2021-09-16,437.37236069312723,440.20089661679526,433.3668226784138,439.7642822265625,1577500
2021-09-17,438.1601948376945,439.29922171695034,433.79396375608957,436.1574401855469,3411400
2021-09-20,433.4237845951816,437.5242464656676,423.9224897392613,428.2127990722656,2602000
2021-09-21,428.21280767830365,433.62311286893873,427.2826014399185,429.13348388671875,1531300
2021-09-22,431.5918645609234,432.208825348708,426.97883783022905,429.34228515625,1380800
2021-09-23,429.3137621951687,432.39859475053225,428.1747644777948,429.7693786621094,2061200
2021-09-24,432.8067775063559,444.8993122358391,431.8765713861446,443.9786071777344,3353800
2021-09-27,441.89044856906634,446.5793970214419,434.0027702422272,437.154052734375,2526000
2021-09-28,433.9078297015725,434.2495203381731,423.0207422078706,424.6153564453125,2632700
2021-09-29,427.0073357401123,432.82581014715026,426.0866305554751,428.82977294921875,1922000
2021-09-30,430.5667181754708,432.2182809216823,426.4662565642,426.51373291015625,1836400
2021-10-01,426.8743757739161,428.15574453179204,418.3602371168556,425.5455017089844,1860700
2021-10-04,425.5550734898106,426.51375391883045,414.00357682655476,417.7718200683594,2264000
2021-10-05,417.2402599364597,426.285938287001,416.9270434857717,423.5617980957031,1808700
2021-10-06,421.36914807837456,426.92185262359766,419.89793179060257,426.50421142578125,1334600
2021-10-07,433.271879177438,436.2333139789216,429.0954960223546,429.8548278808594,1966200
2021-10-08,432.294269328476,432.5885126258753,427.13073106230144,428.88671875,1545800
2021-10-11,427.1687258363073,430.6332250196414,426.6941361134764,426.84600830078125,1011700
2021-10-12,427.2730665428978,429.83586230218594,423.09668331417066,424.1597595214844,1380900
2021-10-13,425.74491647500207,427.6148009650941,421.5020835947757,422.6695556640625,1621500
2021-10-14,424.3875675403756,428.74432627079335,423.80858203777865,427.7571716308594,1480400
2021-10-15,430.82303050433137,430.87047788532675,426.3523748950127,429.3992614746094,1494800
2021-10-18,426.7605203362713,438.853085142071,425.7069451452576,438.4734191894531,2141300
2021-10-19,439.47001259761583,443.4186019319427,436.91671798247023,443.3426513671875,1365300
2021-10-20,444.7095218443254,448.4872662824896,444.064086804636,445.89599609375,1352900
2021-10-21,445.8959689305782,453.3755067779759,445.24103286746083,452.97686767578125,1423300
2021-10-22,454.6474264315834,460.3804780538727,454.24878730938724,457.4949645996094,1710300
2021-10-25,457.4949203749204,467.1955339549318,455.13147319325634,465.1927795410156,1903400
2021-10-26,457.6278072533823,463.4367797660154,456.77355170152197,460.8550109863281,2378600
2021-10-27,459.2603885711608,466.521604082471,458.98511847640066,464.2530517578125,1741800
2021-10-28,462.96009749977316,467.59007419978826,462.5037729381875,466.3541564941406,1362400
2021-10-29,462.7890404997337,469.81483818453125,462.6749593433856,467.314453125,2471600
2021-11-01,469.7957415097374,470.49929023419463,463.1882906514871,467.62811279296875,1548700
2021-11-02,470.35664967112547,474.87254515165745,468.43621614321705,472.4957580566406,2012200
2021-11-03,476.6313723974681,478.1715257896221,471.31687994586264,477.57257080078125,1856000
2021-11-04,482.0219397303825,494.57138720862696,481.071224891531,490.20758056640625,2615000
2021-11-05,489.3995745281324,492.37531709238334,483.5621705563974,487.83087158203125,2071700
2021-11-08,488.1065151954222,488.1065151954222,475.5476084029053,478.97967529296875,2834800
2021-11-09,480.2251204789498,484.00897634269074,479.2173649749037,483.63818359375,1881800
2021-11-10,483.2103521393566,485.20683016805856,478.94162261710915,480.59588623046875,1226600
2021-11-11,481.25190761230994,487.2414000464991,479.1983598885407,486.9371643066406,1227300
2021-11-12,488.9050814008641,494.048422889641,487.9353337451397,491.68115234375,1780200
2021-11-15,492.93609645997054,497.3188776645019,492.47977193471655,494.2671203613281,1392300
2021-11-16,494.21966338129505,502.2626743668893,491.90937509071694,500.7605285644531,1690700
2021-11-17,501.50210098651996,504.58240792436806,498.6594727695186,500.3517150878906,1609400
2021-11-18,502.129582282892,504.6394836764947,496.7390447658644,503.27996826171875,1664200
2021-11-19,507.7579222427479,508.89879193532363,501.98707478858245,507.482177734375,1909800
2021-11-22,507.03524254095277,518.5388688285481,506.08452770637365,513.0532836914062,2190500
2021-11-23,511.44651288282347,518.919116673391,507.46301587542564,518.38671875,2147000
2021-11-24,518.6529163544081,523.6822346406967,516.5423574113944,522.6364135742188,2316400
2021-11-26,522.4653569033009,527.2189313597535,517.4836201572637,519.2139282226562,1844800
2021-11-29,519.2138989783489,533.1418945620846,515.6772096078927,527.5326538085938,2919100
2021-11-30,523.8439338605137,529.7098288142495,509.4786449909362,512.796630859375,4244200
2021-12-01,516.3332687155173,521.2294739433094,503.3085202570304,503.7268371582031,2877100
2021-12-02,492.9551344179485,504.74396298268414,488.70540913802,499.6101379394531,3277500
2021-12-03,503.86941936888377,511.00929810204,498.9067150616891,502.8616638183594,2984400
2021-12-06,506.0179823766141,509.6306872259402,501.5686438113982,506.9211730957031,2432900
2021-12-07,511.7222441336346,516.238139460406,508.3567346114124,515.3064575195312,2579800
2021-12-08,519.2899412219862,520.792028795936,499.6481413588719,503.9833984375,3037500
2021-12-09,502.73816377488583,506.0942161344734,497.9845879864942,498.4884948730469,3200500
2021-12-10,508.3567228746222,533.607705208249,508.2616165800384,531.2784423828125,6333600
2021-12-13,523.3114471331253,532.1625994359817,520.9726678787468,529.7572631835938,3415200
2021-12-14,529.0347734222562,529.7097437864837,511.07575709606573,518.4628295898438,3494400
2021-12-15,519.2898753802165,538.5703385128938,518.643396374594,537.610107421875,2937100
2021-12-16,536.954284164556,538.6275517871944,522.3703490973586,525.3936157226562,2683000
2021-12-17,522.2467150459746,529.044291754534,514.3177272600027,520.6209716796875,5752000
2021-12-20,515.4110799995965,522.0756008185272,511.513172070341,521.524169921875,2033600
2021-12-21,523.3685321986387,524.5854750765255,509.6592401186788,518.5484008789062,2472800
2021-12-22,518.5009215475369,522.8932199529792,513.1959159048077,522.5794677734375,1454500
2021-12-23,524.547347614034,525.3744648055285,520.5068099208851,523.244873046875,1757800
2021-12-27,524.3573778384989,537.8575436701486,524.262329540681,535.6994018554688,2262900
2021-12-28,535.6612596524164,538.7130752031275,533.0658266869608,536.8116455078125,1155000
2021-12-29,538.4849397866781,543.3240461075202,535.7278433801201,539.7874145507812,1753000
2021-12-30,541.4606242356725,541.793351202612,534.6534738185669,536.1175537109375,1338700
2021-12-31,535.6422819764822,540.2437678451494,531.4782038995653,539.7208862304688,1509200
2022-01-03,537.1824081593535,539.5020965518592,528.1315847475698,538.7796020507812,2714100
2022-01-04,536.4218139648438,540.6905142990707,534.1020674412534,536.4218139648438,2097500
2022-01-05,535.9084392785176,537.2013975074037,522.6745052299162,522.8170776367188,2887500
2022-01-06,519.2804527459439,526.2396922781157,516.7610352308074,522.7030029296875,2503100
2022-01-07,520.5638643109107,521.3434573909492,507.9098529557134,509.7542419433594,2323900
2022-01-10,503.2038863662396,504.26868244981637,483.43854378443154,493.23089599609375,4916800
2022-01-11,493.2309696945888,496.7200777750256,485.1404041291363,496.30181884765625,2457300
2022-01-12,496.3017086762457,503.90742759390594,496.2826758103019,499.8858642578125,1729500
2022-01-13,501.63525024405936,502.9757327919298,489.83684521707755,491.4055480957031,2428100
2022-01-14,486.35722324604876,487.6977057090699,477.12576077431277,478.2000732421875,3872500
2022-01-18,470.0904333634647,470.6798718991574,462.86499505802556,464.015380859375,3801900
2022-01-19,465.7457893164685,471.7828064080195,463.09328631967475,466.0024719238281,2709400
2022-01-20,466.5633630513432,475.2433952119141,458.0924893409131,459.0242004394531,2893700
2022-01-21,458.1685581392468,470.23310407460605,457.5981233706901,457.8738098144531,3295600
2022-01-24,452.1124547973239,465.8217762911174,445.89480030008485,464.80450439453125,4412600
2022-01-25,456.24808932298754,458.8530679616278,449.0892070571968,453.7952575683594,3076800
2022-01-26,459.41398857878517,469.529580402223,455.17377907808634,459.64215087890625,3074900
2022-01-27,462.922121494467,471.35495819055694,456.63788078783847,458.73895263671875,2372300
2022-01-28,459.8987778348194,468.4457237975249,452.4451771261444,468.1604919433594,1918500
2022-01-31,467.7517576621698,481.46108007341945,466.44928281653347,480.2346496582031,2480700
2022-02-01,480.11105532738856,484.56039438183166,472.44829506245264,483.3529968261719,2347200
2022-02-02,485.9199634972141,498.1651781904767,485.1879233412008,496.29229736328125,2547600
2022-02-03,491.19812400797633,501.2528866295444,489.60804014190273,496.80633544921875,2665100
2022-02-04,493.3214882426563,497.0253887076334,486.36123081351474,494.902099609375,2387400
2022-02-07,496.35884029047327,497.02536101828343,489.62709135805613,491.20770263671875,1863600
2022-02-08,491.20765476294855,498.3488230471083,486.07552120847146,496.21600341796875,1462000
2022-02-09,502.73838075119534,508.6798250434926,500.5293718013683,503.5286865234375,2256700
2022-02-10,495.94940295554596,499.37714070054426,490.122213920061,493.6737365722656,2558900
2022-02-11,493.5976092395816,496.4064224672754,483.10483331707536,485.2852783203125,2349700
2022-02-14,484.6378285731122,487.056312726801,477.44906305720684,482.3240966796875,1749600
2022-02-15,488.7797311227471,491.31244022463005,486.3231526494285,489.3319396972656,1984600
2022-02-16,487.0181797162999,489.93177425260706,477.7060967937421,487.8846740722656,1770800
2022-02-17,485.25676975388285,493.4167531762722,482.77162762755427,490.3698425292969,2022800
2022-02-18,490.25547854138017,493.1214765916012,485.9136216728367,488.14166259765625,2154700
2022-02-22,485.59952232192717,489.9604127357593,474.32599964354864,478.1536560058594,2451800
2022-02-23,478.8773089176187,483.6666521148109,471.107712990669,471.56475830078125,2021400
2022-02-24,460.1483943442003,482.3145836424258,459.8722900407867,481.3909912109375,2859800
2022-02-25,484.24739771361493,493.45475734606225,481.07673159497915,492.7311096191406,2003000
2022-02-28,489.69367788843255,494.7686841763667,486.837210712593,494.4068603515625,2408900
2022-03-01,494.6070264672374,504.0333369470709,494.34992572456144,497.9109802246094,2316000
2022-03-02,498.92953676165956,507.5846567772131,494.9019371513842,502.7381591796875,2571500
2022-03-03,508.9177375178539,513.1739041073938,504.2045547471467,507.546630859375,3851800
2022-03-04,494.6449749308694,504.56642283341864,487.29433044524677,500.35791015625,4417900
2022-03-07,498.40596159199987,519.2010115718708,498.37736902301356,503.2333984375,3896900
2022-03-08,501.0434951906632,513.9071318633345,497.41578320764023,498.3203430175781,3649700
2022-03-09,502.37637569610644,505.4613508037586,491.0362271074263,502.40496826171875,2789700
2022-03-10,498.0822483352831,508.80353284024346,493.3500615078622,507.2324523925781,1777700
2022-03-11,510.9459118762941,516.6874400447697,501.24344059900045,502.1860656738281,1735100
2022-03-14,502.51943005288626,509.6986659334642,498.49177033941675,500.7864990234375,1950000
2022-03-15,504.6424825705083,517.8298147652789,502.66198259313506,516.373046875,2547900
2022-03-16,518.4773170352864,525.2280676984485,505.84219361986635,517.391845703125,3017200
2022-03-17,517.3538703552581,526.7040480020371,517.2110818432957,526.3422241210938,1974200
2022-03-18,526.5041321783712,535.6352744512451,523.2191827952535,534.49267578125,3597800
2022-03-21,533.3404733510249,539.6342081745553,524.4854375350712,528.9510498046875,3136900
2022-03-22,530.312702244919,533.5404661601401,525.9042163501593,532.6549682617188,1777500
2022-03-23,530.303176175983,533.8642295141397,525.5042738251178,527.5133666992188,1546800
2022-03-24,528.9321327523414,531.5505614745937,522.9430349540365,531.40771484375,1614200
2022-03-25,533.0359052656022,533.6167063977784,523.9047049162982,529.12255859375,1974900
2022-03-28,530.1032996231055,538.2156869952926,527.018323612552,538.1680908203125,2056100
2022-03-29,540.8245278282972,543.8904417986115,537.5205748932697,542.7097778320312,2005400
2022-03-30,543.6334211916055,550.584147618965,541.3863472215523,548.8892822265625,2086500
2022-03-31,551.0124453598073,558.2678662248222,547.9750667372642,548.2987670898438,3439800
2022-04-01,549.7557483938028,555.0973287556869,544.9283112686575,548.0323486328125,1933500
2022-04-04,546.4802137068333,551.9551086705018,544.1283590417869,547.61328125,2201800
2022-04-05,545.1950053908648,556.0400175816936,544.7284001550015,547.7943725585938,1826800
2022-04-06,546.5660697705355,558.7250608861956,543.0811466920896,556.8112182617188,2646200
2022-04-07,563.9523285301551,582.9764406175909,560.6103105440295,578.9583129882812,4804200
2022-04-08,577.3681746065421,578.9106621822378,569.1320046041778,571.3314819335938,3230200
2022-04-11,570.1413342768797,572.2456194561715,554.9163727681141,556.6968994140625,2792700
2022-04-12,558.6202948284747,563.41913919236,551.0697062244445,553.5452880859375,2142000
2022-04-13,554.6021777425459,565.0949535734079,554.6021777425459,562.809814453125,2211800
2022-04-14,563.4667599572788,567.7514608499744,558.9630237229956,562.1432495117188,2206200
2022-04-18,557.3730194328086,563.7810099745114,551.8695304944492,554.2689819335938,2161900
2022-04-19,555.4401526508999,566.3709425235893,554.1547653586917,565.8662719726562,2327800
2022-04-20,570.484094520177,576.3208134427798,568.722571656774,574.654541015625,1793300
2022-04-21,578.2251252250858,580.0341861355247,562.8668495642769,563.4285888671875,2027900
2022-04-22,562.1052696933885,563.5811579810205,543.7286705706762,544.3475952148438,2878200
2022-04-25,543.023856536294,543.0429182450349,527.0467158285354,541.0243530273438,3154500
2022-04-26,538.2058821065682,541.1480680941498,526.8371434133676,527.265625,2057400
2022-04-27,529.579652906933,536.6541650791575,526.3994262666577,527.5706176757812,2261600
2022-04-28,529.7543961927295,538.6524785924703,520.5320867467672,535.9821166992188,2118700
2022-04-29,534.9615552552937,535.581486576566,505.17737694373824,507.10382080078125,2968000
2022-05-02,507.59024892548,514.2376011508032,494.27656817225596,504.4621276855469,3303400
2022-05-03,505.4636350891111,509.5359739460302,499.45530540826013,503.6325378417969,2398000
2022-05-04,506.9895349655077,520.8564423793993,498.60648929751625,519.2255859375,2465200
2022-05-05,516.4980122344599,517.2323836950164,488.4590625804087,493.37066650390625,3977000
2022-05-06,490.58585530859716,492.5313924739485,475.727115714932,480.0569152832031,3560800
2022-05-09,473.1330373820506,483.57608925116864,471.4545073357146,475.73663330078125,3292700
2022-05-10,486.1033595382237,486.9902980377652,472.6847257041478,478.24481201171875,2729400
2022-05-11,480.5909948702485,484.4820981278562,465.22679351364553,466.43798828125,2782900
2022-05-12,464.2540774460447,474.23937022579145,457.54953228192977,463.67230224609375,2829500
2022-05-13,470.2814243284121,475.69849045350185,466.9339398134558,474.24884033203125,2338600
2022-05-16,473.1711611696988,474.63984575441305,466.9529866194425,471.63568115234375,1579700
2022-05-17,466.5142598363693,470.71055528271745,457.9976826585591,467.76361083984375,2602800
2022-05-18,438.70428217630564,442.3855693564541,404.89542965798626,409.5209045410156,9511600
2022-05-19,410.44603166300175,410.5986279613251,399.33537381519295,403.3504638671875,5839600
2022-05-20,408.9487248352134,408.99642755186187,387.6906596524125,397.1513977050781,5115000
2022-05-23,400.55612507772753,410.0931756748163,397.3803000349952,409.5972595214844,3687200
2022-05-24,405.1338331414402,418.4189646250722,404.7046833958417,417.4461669921875,3473400
2022-05-25,416.13004305623866,422.7392400827551,410.88466614600367,419.73504638671875,3225100
2022-05-26,428.308841315983,446.3815302272763,426.7924541418051,443.46319580078125,5917600
2022-05-27,435.652324979241,452.89532342788516,434.0501079592968,448.966064453125,5719600
2022-05-31,448.9661198199902,449.0042470598624,436.82544618748886,444.63629150390625,4424500
2022-06-01,447.650036529298,448.71818142236134,435.5570646824852,435.8336181640625,2319400
2022-06-02,439.5626198862377,468.39313193724144,436.6824413215675,465.03607177734375,4950600
2022-06-03,462.57555547387113,465.55111054889954,453.5725775467364,454.2020263671875,2857400
2022-06-06,458.25526558534784,458.73211809896424,447.2018278122921,450.5970153808594,2297000
2022-06-07,438.61849061943644,451.7987013229024,438.3132980199749,449.93896484375,2435500
2022-06-08,449.93895202136486,452.46626449695157,445.2753496199641,446.32440185546875,1697000
2022-06-09,445.70449916948144,461.8221081364526,445.523292887863,450.1964416503906,3087500
2022-06-10,443.47278658799496,446.5151076028615,436.56797229959034,441.86102294921875,2549900
2022-06-13,429.1672132501555,437.4072377148454,428.11813201903556,431.31304931640625,3113400
2022-06-14,431.3130895083006,437.5217184187283,429.4342894799168,433.7450256347656,2224600
2022-06-15,437.2737103897255,442.86240730904325,430.49288230794946,437.55029296875,2250200
2022-06-16,429.462849899829,436.57748028311147,427.2311839331081,430.8457336425781,2906600
2022-06-17,430.168668782503,434.5938743660709,422.6821071171298,426.0105285644531,3623400
2022-06-21,429.6917858600416,443.3011751459604,428.34708739171816,441.6703186035156,2420600
2022-06-22,438.1224870127929,443.2057210804138,437.2736757221303,438.66607666015625,1827500
2022-06-23,444.77934873165265,454.2305677657025,444.14990000624795,453.00982666015625,2030100
2022-06-24,457.77835910098867,462.38474103334613,454.6120517987301,461.946044921875,2862600
2022-06-27,463.31942770018065,464.6832188767476,455.25109148023193,459.4473876953125,2034700
2022-06-28,461.1163926438444,464.6832402248128,446.2290707523537,446.91571044921875,1754600
2022-06-29,449.1473727813715,451.07384636672333,444.82709037838566,448.0887451171875,1275600
2022-06-30,446.62001453821296,459.7716138919543,443.2057636378718,457.0917053222656,3852400
2022-07-01,458.90377375043397,468.5075902704867,455.870998777186,463.2717590332031,2660400
2022-07-05,463.08096040599776,468.17374120579274,456.3096496270292,465.6559753417969,2489400
2022-07-06,465.6559327869712,474.01036736354416,465.19814398773303,469.8426818847656,2262300
2022-07-07,469.28000339470526,472.5893603688765,466.57148512925215,472.0362243652344,2125200
2022-07-08,474.2965613830575,482.11692465305185,473.9913688083389,478.3211975097656,2607800
2022-07-11,477.92066262180504,482.14556894294276,471.93139616444915,475.8034362792969,1891100
2022-07-12,474.0009942019851,478.66459713576165,465.44625805369037,467.859130859375,1775300
2022-07-13,461.8983244288383,474.29648706256813,461.4214720198487,469.4325866699219,2008400
2022-07-14,473.1234862622753,489.5081594613146,470.7678338660613,488.2397155761719,3715600
2022-07-15,492.9892423964306,500.5044435217334,491.90206278109684,498.7401123046875,4265100
2022-07-18,497.7004857448691,504.06174011328994,491.79704936667207,492.39788818359375,2464100
2022-07-19,498.2250049798847,501.2482917501065,493.0368474354453,496.14593505859375,2391000
2022-07-20,497.1282341231623,501.8013532886227,492.8842356025341,499.93212890625,1740700
2022-07-21,499.7794860207988,505.2156154967712,497.4524437774838,504.9486083984375,1716100
2022-07-22,506.140749952961,512.2444264055569,501.71554523339785,505.196533203125,1800800
2022-07-25,506.8178495541043,507.6475681732668,501.6487852142528,504.6434326171875,1452700
2022-07-26,491.15807542950125,495.6214078482602,485.2069655378226,488.2301940917969,3334800
2022-07-27,489.34593501699374,501.00023854736884,487.5053207472798,498.12957763671875,2060100
2022-07-28,497.05018424440937,515.1062881705847,497.05018424440937,512.240234375,2083300
2022-07-29,508.24683731779515,517.9149867764081,508.1513255220024,517.131591796875,2131500
2022-08-01,517.2461516340121,528.0321023584146,517.0837582815368,522.3955078125,2256000
2022-08-02,519.739625419136,526.4365868572573,516.6251718720799,519.195068359375,1984200
2022-08-03,520.6663438668936,524.201154560651,517.914928063861,522.5866088867188,1693300
2022-08-04,522.5771330509713,522.7682149627183,516.529743319757,519.0232543945312,2000500
2022-08-05,513.2526945131207,517.4180103317568,509.5363656167274,516.529541015625,1711500
2022-08-08,519.5582176282371,523.0547773326319,514.6190099851041,517.704833984375,1344100
2022-08-09,519.3670619703653,520.6663254118552,510.0523891763,511.8962097167969,1877300
2022-08-10,520.1695003918713,525.3570493902037,513.3005242826987,515.7175903320312,2336600
2022-08-11,518.9849836465387,519.2238214498008,508.1417707024493,508.43792724609375,2340200
2022-08-12,512.2402643496786,514.3611746037272,509.89964195098247,513.2243041992188,1918200
2022-08-15,512.4503039011865,522.5770012597343,511.7624208543806,521.3828125,1848000
2022-08-16,526.4939311032616,534.9678901034405,524.4590287376269,528.3282470703125,2498000
2022-08-17,525.443070443974,534.4711494072385,524.4972822467747,531.4808959960938,1835200
2022-08-18,534.0985061384365,539.5344554411062,531.5763656059863,535.9136962890625,1619200
2022-08-19,533.7069158947356,534.2896660719416,528.4715522104817,529.7708740234375,1617000
2022-08-22,528.3091784920633,528.3091784920633,519.988049101427,521.1153564453125,1860900
2022-08-23,521.373371224429,521.6313347158781,512.9089733162615,517.8672485351562,1359000
2022-08-24,518.516772281395,520.8764613401033,515.2781182906175,518.9657592773438,1145800
2022-08-25,521.3733881731838,526.3125378688255,515.4597615315109,526.1788330078125,1483300
2022-08-26,525.4431366666671,527.9939079305923,507.9315336215014,508.0748596191406,1886800
2022-08-29,503.4987202554639,511.5905161163454,500.6039784219701,507.3487548828125,1579900
2022-08-30,510.42506815062114,512.0778070707396,498.22521464289963,500.73779296875,1872700
2022-08-31,502.07510581446917,502.82030752726166,497.03088323477124,498.7886962890625,2179800
2022-09-01,496.5150418509352,505.9348479394534,493.945203389477,505.5431213378906,2280600
2022-09-02,508.9155908652044,510.96005640737246,493.0089702186302,495.9323425292969,1901700
2022-09-06,496.93547458601796,499.7920237696826,489.6461982811182,495.7317810058594,1933400
2022-09-07,496.78255863184637,507.92192650169034,495.731695774126,505.9921569824219,1827900
2022-09-08,500.91934134743445,509.2309089526017,498.2729997040272,505.4954528808594,1600800
2022-09-09,508.36142751489217,514.0362154354067,505.88710079589924,512.622314453125,1930900
2022-09-12,513.7209753646646,518.3735309827125,513.0235876570338,515.4310913085938,1522400
2022-09-13,507.0907585181452,508.47602919084466,485.9775238170028,487.515625,2881400
2022-09-14,490.916702833232,491.0600288224033,480.6562413366761,485.318359375,2007300
2022-09-15,485.70044011961164,486.3309752750317,478.1818324523278,481.01922607421875,1749600
2022-09-16,477.2648058423348,483.82806391962436,475.0961399597627,481.6307678222656,3004800
2022-09-19,479.73913791197214,484.0859739908917,476.6151501412214,483.9522399902344,1441300
2022-09-20,480.5416430971848,480.95243710700527,471.3893916294204,477.2170104980469,1843100
2022-09-21,480.06388470870496,483.8184071978837,470.98805007242095,471.054931640625,2082600
2022-09-22,471.94349290043647,471.94349290043647,462.7816783890873,465.41845703125,3133100
2022-09-23,457.5558555169363,460.78494688103865,442.8338916525832,445.57574462890625,5377800
2022-09-26,445.06945293940095,462.4950492652412,444.43891765721537,458.85516357421875,4001900
2022-09-27,463.81337337589713,466.5934484386344,454.2025441154378,456.94439697265625,2412400
2022-09-28,460.03019036911434,469.6027974032373,453.0179171541779,466.4883728027344,2419500
2022-09-29,463.92803906979043,467.1762561715526,452.9033082392286,457.5940856933594,1963900
2022-09-30,459.19909559109885,462.2275424647569,450.8015506668001,451.1836853027344,2436700
2022-10-03,453.31413803286864,459.3710610571941,449.3971923368841,456.3999328613281,2338500
2022-10-04,462.2275405538614,466.2304642608578,459.2659752713613,464.42486572265625,2175600
2022-10-05,459.8104624583541,462.26572172750394,453.61980612835913,458.8742370605469,1587700
2022-10-06,461.86451525372576,471.8288205379641,460.40282919168027,460.9473571777344,2430700
2022-10-07,456.90620340653675,457.718228476643,445.30822764219135,447.2475891113281,2568100
2022-10-10,448.71886804851124,449.25386234112125,440.99961470370624,445.4897766113281,1616300
2022-10-11,444.2382999299612,455.9413519173634,442.9963550545244,450.9448547363281,2341400
2022-10-12,453.1422236315653,458.3202112138485,445.48028774895124,445.5567321777344,2043900
2022-10-13,437.7323876118927,450.67738527034055,428.9813667424193,447.0948181152344,3390900
2022-10-14,450.9543474333509,452.25364000024996,433.5287539019975,434.350341796875,2301600
2022-10-17,441.03777882773926,446.0342750026575,439.92003449592096,443.4452819824219,2097500
2022-10-18,452.072155148722,455.2438986637352,447.89724632412265,452.1390075683594,1864000
2022-10-19,446.9227982145768,453.6675746852412,446.1012102584628,450.38116455078125,1207600
2022-10-20,449.9704200446276,451.00218652353396,442.2416322520158,443.8752746582031,1709500
2022-10-21,443.0058712340234,458.157755552597,441.63972609403,456.8298034667969,2508400
2022-10-24,460.1065855735511,475.76480260966224,459.53339829199655,474.7807922363281,2366200
2022-10-25,471.29382076500303,477.8570782841498,468.5997236136932,476.77752685546875,2130900
2022-10-26,475.76484521731606,484.76426535866364,473.55798652069615,477.1501159667969,2088700
2022-10-27,478.3559450023453,481.41859855227557,472.9293428007417,475.226318359375,1576600
2022-10-28,475.9537592303913,490.8075935769603,474.6808613330777,488.9412841796875,2369300
2022-10-31,487.7641527387625,487.7641527387625,479.01646540481096,479.9735412597656,2192200
2022-11-01,482.0790865833955,485.61069858127746,478.3273366393036,478.4996032714844,1586300
2022-11-02,476.432298271164,481.6387927053057,462.52598874514473,462.7557067871094,2464400
2022-11-03,460.2385380873922,470.23996099322915,459.118746738084,465.41632080078125,2010400
2022-11-04,469.3499423819243,471.48423182109804,456.03701518249716,465.5312194824219,1987300
2022-11-07,456.5729745846293,468.96711722285846,454.13244310662515,467.579345703125,2036000
2022-11-08,469.66581042073597,476.8725899124515,463.7127978705806,471.6086730957031,1709900
2022-11-09,470.7855341131938,476.2217171154433,465.9618643750408,468.9383850097656,1640500
2022-11-10,483.27534596807845,492.75035955625634,479.87770999273926,491.1042175292969,3098300
2022-11-11,491.10431686166385,494.65508915929865,484.95987728754415,493.3438415527344,2393500
2022-11-14,493.6309543846683,498.34933059402425,487.5535178247153,487.8023376464844,1820200
2022-11-15,497.6793608483686,507.0586909659196,497.6793608483686,503.8716125488281,2502200
2022-11-16,498.93323626612624,505.8720365574497,497.842155717893,501.613037109375,1833600
2022-11-17,496.72226545656304,499.39248550726865,490.941549523904,498.94268798828125,1902500
2022-11-18,504.25454893747036,506.8099251033348,495.9471375607168,501.19189453125,1584400
2022-11-21,503.1729889460143,504.6469229677087,499.67011744906966,500.90472412109375,1268300
2022-11-22,507.21179247862517,509.92985439759207,504.07255655502144,509.1163635253906,1809100
2022-11-23,511.07837506183563,513.7581750832278,507.63292623651125,511.5473327636719,1288200
2022-11-25,511.2316202096354,512.8586608691226,510.18844022553594,510.7530822753906,744200
2022-11-28,508.1019028234038,513.2318142572024,506.2355936339617,508.1305847167969,1684300
2022-11-29,508.24534413775547,510.8102994257714,505.3358556950624,506.2546691894531,1685700
2022-11-30,504.77134570659007,519.2902283341756,499.7275957258476,516.1031494140625,3601800
2022-12-01,496.856354808948,496.856354808948,474.3937841635758,482.2322082519531,6970400
2022-12-02,477.121427030851,477.5521228326881,470.9865675228309,473.3027038574219,3632100
2022-12-05,471.35979865867796,471.5512254883948,463.92333072555203,467.68463134765625,2455300
2022-12-06,469.5987495848537,470.37397853737366,456.6878082024441,460.50653076171875,2995900
2022-12-07,458.525386154414,465.65561168655984,458.31482833553144,461.2817687988281,2072600
2022-12-08,462.1718243592368,462.58335987785085,453.17531911381496,460.75537109375,2901000
2022-12-09,454.70668915464324,469.0532451267937,450.3041349164836,462.2867126464844,4211100
2022-12-12,462.00922677654853,466.88073925525146,460.0376528997496,466.7467346191406,2276400
2022-12-13,475.7049307446294,476.59500416692924,460.8798077719084,467.244384765625,2626700
2022-12-14,467.8760706731799,470.5846115961639,460.3917599693386,462.7652893066406,2145000
2022-12-15,454.9363466872342,456.23798478987703,443.2791720053496,443.9969787597656,3437700
2022-12-16,441.46073141169865,444.83920734717515,437.26873531792126,441.642578125,4909200
2022-12-19,441.1353762396348,443.5184855576819,435.8140080936852,438.94366455078125,1939200
2022-12-20,436.96250172322294,440.4941135744227,433.1054876222075,438.1684265136719,1993700
2022-12-21,439.66145396296076,443.78644802680026,436.6179601483308,442.2264099121094,1462400
2022-12-22,438.9627804291754,440.637662967001,433.9285819195303,439.02020263671875,1906100
2022-12-23,437.88130371538745,443.2983561767265,435.27805640547956,442.7911071777344,1229500
2022-12-27,444.4659856356489,444.7531258937422,437.48889503316013,438.8192443847656,1230800
2022-12-28,437.90045814922286,440.69510305516616,433.3638991157994,433.5457458496094,1324100
2022-12-29,436.0723840924224,439.2977243671695,433.9955170757559,436.9337463378906,1465000
2022-12-30,435.1344335228205,437.0964561077681,431.4018443714488,436.905029296875,1803200
2023-01-03,438.34073285411057,439.10638183979677,428.6742610697306,433.8233337402344,1978100
2023-01-04,437.55590673616547,439.78590970390326,433.16293232408157,436.9625244140625,2097300
2023-01-05,435.0291908406765,436.8380487006953,430.32036561043054,430.86590576171875,2169300
2023-01-06,443.20259161701165,463.6266122652122,442.3795205545232,462.14312744140625,5174500
2023-01-09,462.2005818050851,465.9714625711385,457.6162100231523,458.20001220703125,2384800
2023-01-10,456.65914419514064,461.3966517038177,455.0703949214956,460.73626708984375,1649900
2023-01-11,459.71222050467884,463.72237056839776,458.54458682394574,463.5213928222656,1576400
2023-01-12,464.17212679613027,464.1817068994158,458.1999838723615,461.7220153808594,1628200
2023-01-13,460.24815389890915,464.74639222791853,458.4392667806745,464.4209899902344,1405900
2023-01-17,464.3061738616202,469.42653508244325,463.57878692858554,465.8757629394531,1539900
2023-01-18,463.9999108461084,467.82821400142876,457.9798959562292,458.8891296386719,1925500
2023-01-19,455.79772438743913,457.06107132782853,447.9784322341262,449.33746337890625,1919500
2023-01-20,453.5773454988819,459.70262436562695,449.3183467921083,459.5016174316406,2588600
2023-01-23,459.3485639023675,473.9822325560303,457.09942982307496,471.4651184082031,2709400
2023-01-24,470.92911953862915,472.41260450227827,466.1054787017358,470.9865417480469,1510200
2023-01-25,468.3545828322404,470.823854664807,463.70320862912365,469.8093566894531,1329800
2023-01-26,472.02979495373756,477.26500073374336,470.6611543656729,476.9108581542969,1576400
2023-01-27,478.308199700599,487.2472839536223,476.4897323580367,481.6866760253906,2034100
2023-01-30,478.89193882135584,483.8974549908717,478.89193882135584,481.6770324707031,1855900
2023-01-31,481.629264479574,489.45813749961303,480.45205073294966,489.1997375488281,1924100
2023-02-01,486.49114334097794,498.1100562776919,483.05524510683193,495.6790466308594,2080200
2023-02-02,502.65876301218714,508.18112564559266,499.1593902338177,501.8342590332031,2287400
2023-02-03,497.71167141421995,500.0318103537513,491.3552081378313,493.560302734375,1844100
2023-02-06,493.2150506624923,495.8803219876939,491.1345976924856,494.317626953125,1740100
2023-02-07,490.86620785569204,496.6186586912756,486.45601895519366,495.21893310546875,1927300
2023-02-08,490.1951424482758,491.0484075043345,480.86657345268713,483.02374267578125,2062900
2023-02-09,484.44268567504326,488.1530120151948,477.85613373682327,479.9749450683594,1517300
2023-02-10,477.94240891270437,479.8982212202166,474.94154224143483,479.361328125,1536800
2023-02-13,481.0390842691557,485.88074774212936,480.6651901948555,485.5547790527344,1452600
2023-02-14,484.17416367763934,486.89698664184937,478.05738684418884,482.4580078125,1257300
2023-02-15,481.98825549594704,490.31972373030084,480.6555904055942,490.18548583984375,1422600
2023-02-16,482.8319239365369,489.6581898480666,482.82235641469646,483.3017272949219,1456000
2023-02-17,483.46468480623486,486.76275871961633,481.13494940917917,486.5422668457031,1340400
2023-02-21,480.1570365000177,483.19623137569477,476.063190619386,481.0390625,1811800
2023-02-22,483.12920492334337,484.605646303175,476.11120757386914,476.8686218261719,1332000
2023-02-23,478.22039815322813,478.2779203205519,467.7317605201854,472.7939453125,1546300
2023-02-24,468.4220750967931,470.12863440086454,464.7021813364362,468.4508361816406,1587600
2023-02-27,472.228279557232,472.65972508676765,465.6417278261219,466.93603515625,1501700
2023-02-28,465.5650089495907,468.7096807820546,463.82009190770833,464.2035827636719,1918200
2023-03-01,461.2506950712899,462.66961423828735,455.42152842577474,458.92095947265625,1759300
2023-03-02,457.6649705912674,467.3195075179397,455.93924705847695,465.65130615234375,2379200
2023-03-03,455.2393606310843,456.36110142217586,446.131313438835,455.6516418457031,5354200
2023-03-06,456.85961269727727,468.65215389404256,455.9008709377912,463.1489562988281,3104700
2023-03-07,466.04436126967397,474.77848439461985,464.9897395139267,465.133544921875,2659100
2023-03-08,463.0722941471538,466.7922170506448,461.28904842494234,465.98687744140625,1548500
2023-03-09,467.36756944304886,469.7835887952271,458.8730999496049,459.7359619140625,1629400
2023-03-10,459.2181929306666,460.63711217748977,449.0555232236641,451.70166015625,2123000
2023-03-13,447.54071441841296,457.02268600606726,447.54071441841296,452.52618408203125,1799600
2023-03-14,455.8145808947352,465.14314860850754,453.48484547595217,462.0368347167969,2422900
2023-03-15,461.6437556118737,466.92640282963345,458.79629140575133,465.6225280761719,2226300
2023-03-16,464.92263994722674,468.0002220979636,462.84218668909074,467.1565246582031,1979600
2023-03-17,468.8918467881096,469.6875895874037,461.6437613118464,466.9551696777344,3959300
2023-03-20,467.86599808957186,470.5408959021708,465.6800679573613,469.102783203125,1623800
2023-03-21,472.65973886254517,472.65973886254517,465.93894903446363,470.59844970703125,1664000
2023-03-22,469.26575367073093,476.1303484761131,467.24282251492457,467.4057922363281,1299700
2023-03-23,470.4450932402139,472.89947030955545,464.3091505668599,467.635986328125,1565900
2023-03-24,466.84972292925147,475.50715999958845,466.48539637287223,474.8360290527344,1635200
2023-03-27,476.7631253883872,479.2366663807314,472.1899374946272,472.8706359863281,1452100
2023-03-28,472.28575479710554,473.6759420243783,465.3828318198096,466.68670654296875,1407800
2023-03-29,469.0165018020108,471.0298361818334,465.85263629654503,470.6175842285156,1643000
2023-03-30,472.6597000760704,475.2866432046527,470.7422165057821,471.2024230957031,1545500
2023-03-31,474.57718317966544,477.79854153051286,473.56091922909025,476.3700256347656,2082000
2023-04-03,476.01536648447484,478.60398138929366,474.57725359479366,476.52349853515625,1804700
2023-04-04,476.01528665571976,481.8444237172705,475.0565448900486,477.1945495605469,1913300
2023-04-05,478.4121356128893,483.3304854960374,474.73057078572316,476.6192932128906,1941500
2023-04-06,462.11354889886354,467.7221942963233,457.7992107867372,465.9293518066406,4114700
2023-04-10,463.935175306222,473.5225938050424,461.7876029251996,473.4554748535156,1653600
2023-04-11,473.455456561169,479.3613096392823,472.65971373024195,478.07659912109375,1547400
2023-04-12,479.3709344066341,479.4188597966828,468.3837607824084,469.16033935546875,2063700
2023-04-13,473.12953466034236,477.87531880677136,470.08074241594215,477.3480224609375,1600500
2023-04-14,475.718107752483,479.7256415527568,469.9368957270036,471.02984619140625,1675300
2023-04-17,472.43920278453345,477.34798554942284,470.88604569554184,473.5609436035156,1411800
2023-04-18,475.63182195960934,477.0986957714212,473.73350262612644,476.3988037109375,1339600
2023-04-19,476.6193191048205,477.44382301461457,473.45545358723405,475.564697265625,1098800
2023-04-20,475.2962833901084,489.5911282230554,475.06619470337444,484.720703125,2936500
2023-04-21,488.3543130848882,489.5719339140171,484.60562908136825,485.45892333984375,1508600
2023-04-24,485.2192193882716,490.5785824128589,484.9411760804552,490.3197326660156,1374100
2023-04-25,490.0417332898039,491.95921701648183,481.537697643344,482.41015625,1789900
2023-04-26,479.7736136881912,482.1225136863496,473.0336595935017,474.2512512207031,1441900
2023-04-27,474.4142013228156,481.5376752729393,474.4142013228156,480.5885009765625,1361600
2023-04-28,480.8664930518784,484.0015679322049,479.9844670573257,482.4580078125,1170200
2023-05-01,478.555912780338,479.4187744569789,468.63293035278105,473.2253112792969,2203200
2023-05-02,474.5772133400814,475.22915077273586,469.60134082317074,474.3950500488281,1940800
2023-05-03,476.1111829723422,478.20123307097407,469.45751255027596,469.84100341796875,1426400
2023-05-04,469.74496406539896,471.6376260443887,466.8531226899135,471.0899963378906,1487000
2023-05-05,473.83775040130206,479.79433049770836,473.6263860847502,479.4676818847656,1709200
2023-05-08,477.84402629841395,480.6109666898181,476.23960430779795,479.4676818847656,1015000
2023-05-09,477.4500739659984,482.04241703178616,476.9024736094935,481.1297302246094,1571800
2023-05-10,482.2441428138858,485.1455711987602,475.663058559828,480.0440368652344,1257600
2023-05-11,479.89998454874416,483.25296292116496,478.01691014382027,482.1865539550781,1046700
2023-05-12,483.4162833918929,486.163989837651,481.52362158181745,484.28094482421875,1472800
2023-05-15,484.22331983610394,485.17444451340407,479.2754777879391,482.3306579589844,1135700
2023-05-16,480.3707970362366,480.6494203079795,474.89455822222084,476.67193603515625,1229300
2023-05-17,478.4492716471354,478.45888844447,472.58874257631186,475.5670471191406,2069500
2023-05-18,475.5670749217256,479.0257504214211,474.6831797808845,478.5453796386719,2298900
2023-05-19,479.7846963950895,479.7846963950895,474.5294393855889,477.02734375,1635000
2023-05-22,477.48854531407784,477.48854531407784,469.3606800962614,472.5599365234375,1943800
2023-05-23,468.04443979295826,468.04443979295826,464.00931384846064,465.834716796875,1800200
2023-05-24,468.12130672264124,468.12130672264124,462.0302089898344,463.8075866699219,1600600
2023-05-25,461.3576634482353,469.360656491777,458.0335060969299,467.4487609863281,3421900
2023-05-26,466.58409496611296,490.6987120332121,465.1141616711284,487.3457336425781,5302600
2023-05-30,489.77642470102757,494.58010295220504,481.89833255730787,488.08551025390625,2544800
2023-05-31,488.8828845274571,493.6962086170636,485.12641122566527,491.4768981933594,3320800
2023-06-01,489.33442971541496,493.57130302728115,482.3882877979934,492.4760437011719,2407700
2023-06-02,490.2855898164777,498.1444479372252,489.40169477105127,492.46649169921875,2284800
2023-06-05,492.46652562780423,498.5479772798232,491.9188959201752,497.904296875,2023500
2023-06-06,497.9042366325846,498.26932306016477,492.62977566439,495.99237060546875,1410300
2023-06-07,494.3111125004686,498.9034263220081,490.5257886912131,491.1598815917969,1784700
2023-06-08,492.3800346021167,499.8641900180255,492.3800346021167,499.6720886230469,1530400
2023-06-09,497.8465999673508,501.56466458053274,495.2622031958029,496.97235107421875,1287300
2023-06-12,496.97231571690213,500.80566433691456,495.7425386371294,500.51739501953125,1404500
2023-06-13,501.5263366699219,502.4198192996364,497.5776442237481,501.5263366699219,1204700
2023-06-14,504.38922588274926,507.12731536765546,502.6022609844105,506.50286865234375,1841400
2023-06-15,508.2323774795749,510.40366318148534,505.984216019989,508.4053039550781,1871600
2023-06-16,509.28902061489094,509.596464916432,502.1123101100256,503.09228515625,3147800
2023-06-20,501.4590009805869,502.3717170666405,497.79857847883767,499.2973327636719,1684400
2023-06-21,497.57760044019557,501.161206080742,496.2613892869596,499.2204895019531,1273600
2023-06-22,500.24845472131454,504.081803623234,499.2780965002265,503.62066650390625,1114000
2023-06-23,502.59274923064277,504.77365138951194,498.95155973948914,503.851318359375,1434300
2023-06-26,503.81284335757397,504.2643636955082,500.7961011101239,502.87127685546875,1278500
2023-06-27,502.1316129804107,511.5084015955659,501.6031581973194,509.5101013183594,1673600
2023-06-28,508.2130473930223,512.5460011746181,507.85757770991677,511.8830871582031,1245200
2023-06-29,509.75024139917457,511.5468233127377,508.18422806332967,510.816650390625,1121800
2023-06-30,513.1992756898142,518.3776864991704,512.6804963847482,517.2440185546875,2221900
2023-07-03,516.1583713684369,519.8380277358766,513.3626394019275,519.799560546875,951400
2023-07-05,519.972420214265,524.6128174867816,516.3984904364759,519.885986328125,1630400
2023-07-06,517.7244107622658,519.0886473433077,515.5147169267448,516.273681640625,1750100
2023-07-07,512.9303286552264,515.3994415160951,504.03385237338335,504.4373474121094,2740600
2023-07-10,504.4468551239589,510.2977957957797,504.4468551239589,506.3203125,1955600
2023-07-11,506.7911365867285,509.9231632301502,505.49415902926575,508.8471374511719,1262300
2023-07-12,511.1145178358794,518.906117934789,510.25944376087375,516.8789672851562,1960500
2023-07-13,516.6867128964756,517.9548985804299,511.87338910299025,517.3112182617188,1647200
2023-07-14,517.5611110145929,525.39111960747,516.9750140926823,525.2374267578125,1828700
2023-07-17,524.7377923466759,532.4525748400408,524.6609166067409,531.2516479492188,1909900
2023-07-18,530.9730700928014,533.2116145511933,527.8218679801749,531.8569946289062,1778800
2023-07-19,532.7118538916682,534.0665320556606,530.3484676601059,532.3563842773438,1261100
2023-07-20,532.0682453254855,539.0432379656884,531.9721946315298,535.0946044921875,1732800
2023-07-21,537.2177363316885,539.9846761729806,535.5652893192777,535.9591674804688,5264300
2023-07-24,536.0938248456696,544.3273875793539,534.0570572990258,541.791015625,2086400
2023-07-25,544.5195139660874,545.2688618923086,542.1464518151957,543.0015258789062,1602500
2023-07-26,543.3089295816044,545.7300169017309,541.3009540656411,543.9429931640625,1306400
2023-07-27,545.4322222974045,548.7371759244556,538.5917464291616,539.7734985351562,1485300
2023-07-28,542.4154386609116,545.5186148623187,540.5323642588748,541.2048950195312,1371400
2023-07-31,540.8974184349975,542.1367537544079,537.1024781053883,538.6588745117188,1365900
2023-08-01,538.6206068247753,540.7822755809973,532.7696642567666,533.6631469726562,1445300
2023-08-02,530.5790934493185,534.7775289808706,529.3877834091077,530.66552734375,1635000
2023-08-03,531.7991792503456,538.3513835520017,530.5405518081974,535.7958374023438,1463400
2023-08-04,539.0432610396396,539.2545960309915,529.7624649571569,530.3677368164062,1142000
2023-08-07,533.2018905074628,537.5924859916757,533.2018905074628,536.4876098632812,1015400
2023-08-08,536.0937965004549,536.9584873697701,530.1756542255578,534.28759765625,1020400
2023-08-09,536.0745448428831,540.0232371314352,534.9504936618549,537.72705078125,1471800
2023-08-10,541.0896053253327,546.8636709176609,538.6877516605709,539.4467163085938,1107200
2023-08-11,538.3514898792483,542.8189614244513,537.0833626690448,540.8590698242188,1043100
2023-08-14,542.59792263337,545.4225046084687,538.4378960797894,539.4274291992188,1247600
2023-08-15,539.0241251401792,542.9727594983755,536.2860347198872,536.5838623046875,1124300
2023-08-16,539.648527565227,542.7709375286802,536.785477939596,537.1025390625,1340100
2023-08-17,537.5060379085976,538.4187540937476,523.6810117992559,525.6312866210938,1941900
2023-08-18,525.4486970591362,527.8985760271757,521.788274482676,523.5464477539062,1878100
2023-08-21,522.5089072995925,523.7483014802195,515.2457032214786,521.8844604492188,2076100
2023-08-22,520.6835240838601,520.6835240838601,516.3985955576537,517.2344360351562,1286000
2023-08-23,517.8012134115265,519.9244144067343,515.1879662741138,519.6265869140625,1295800
2023-08-24,519.0973483257392,520.7433419613554,510.94451865797566,511.80120849609375,1587500
2023-08-25,512.9561059092606,515.7282741255354,510.69412098443087,514.0149536132812,1511500
2023-08-28,515.9304541398533,516.9314920800452,513.1582858056845,516.1133422851562,945800
2023-08-29,514.3326739594314,522.7357768011361,514.3326739594314,522.447021484375,1468500
2023-08-30,522.4084281791905,524.0351515053491,519.1165004051779,521.9560546875,1292800
2023-08-31,519.7806410291171,531.5238450393647,519.7806410291171,528.7131958007812,2086500
2023-09-01,532.361340764306,532.7559632352585,520.3967657937991,523.87158203125,1437700
2023-09-05,525.296175094953,528.6266432257669,523.6309704044525,524.3336181640625,1714300
2023-09-06,521.4363371553778,528.1357548623387,519.9540205613714,526.2202758789062,1476600
2023-09-07,528.106785761855,530.359135662828,523.9099936710834,528.077880859375,1340000
2023-09-08,528.5110202154049,531.6970805779588,527.5773096560926,530.5516357421875,1075300
2023-09-11,532.1111093935563,538.4447506246634,531.1966685338516,537.8576049804688,1388600
2023-09-12,538.3387675872376,539.4168264477488,535.3548064109857,537.8670654296875,1055500
2023-09-13,537.3955489827205,539.4554350152714,533.8533463542167,538.8009033203125,1162700
2023-09-14,543.6616500635752,545.4808963355168,539.272393839877,543.6231689453125,1257300
2023-09-15,544.1621790215993,544.3354321723257,534.7387116168782,535.5280151367188,2945300
2023-09-18,537.2798553367389,543.0648301115746,536.5964189761379,541.6498413085938,1003100
2023-09-19,540.6103809079004,544.1622176242505,538.4831093651127,543.2188720703125,1144700
2023-09-20,543.2188733445741,547.9065199737877,541.592150102109,542.7183837890625,1311500
2023-09-21,542.9493343195978,543.4306126425628,533.5259259058714,534.2959594726562,1687700
2023-09-22,534.3730001022916,541.8905662599129,534.0072825729956,537.6746215820312,1527300
2023-09-25,538.540788691906,540.2541676587614,533.9686447913243,537.703369140625,1313300
2023-09-26,538.2135376660085,540.3503850834719,531.3312345876468,532.2553100585938,2425100
2023-09-27,526.8843709407962,545.2884531320468,524.3335717995672,542.4296875,4591400
2023-09-28,542.9493668286208,550.755687594563,542.9493668286208,547.338623046875,2192400
2023-09-29,548.657356256087,549.6102780538266,539.7055900881851,543.8060913085938,1887500
2023-10-02,546.6455575982588,550.3321662628256,542.8819866964277,549.9182739257812,1831700
2023-10-03,549.7160249423665,554.6154636561704,541.9289753139734,543.8829345703125,2007400
2023-10-04,548.166510595876,551.1696833746653,542.6510784492204,550.3900146484375,1798800
2023-10-05,550.7459911948848,553.2294036630094,543.2284265285945,548.1952514648438,1579700
2023-10-06,544.8937803640817,545.7215650750642,522.3121776972522,536.654296875,4246700
2023-10-09,534.2189007534698,538.7910444986571,529.1943836165531,538.0402221679688,1781500
2023-10-10,538.9548493392788,545.7216526258047,536.3752038669045,541.0436401367188,2176800
2023-10-11,543.7001984367715,545.2884406960028,539.2243444558761,544.3451538085938,1449800
2023-10-12,546.780427072414,547.8296399275524,541.3227459814351,542.6703491210938,1458000
2023-10-13,542.7375677596624,546.1931721368803,540.9375914440296,545.6156616210938,1243900
2023-10-16,548.3589685494165,552.6038180544148,547.2327935786707,550.8134765625,1428300
2023-10-17,550.5247400759848,554.4904694030506,549.3408140086234,552.8348999023438,1404600
2023-10-18,552.430585776185,555.6840324811951,550.5824931581869,553.1236572265625,1311900
2023-10-19,552.2188289285033,554.2882907274867,542.9878836838851,544.4509887695312,2019600
2023-10-20,545.3270099239851,545.4521470312842,531.341087564114,532.2266235351562,2295400
2023-10-23,533.3913614409446,536.0672394080348,526.1625488170035,531.610595703125,1776500
2023-10-24,531.4275225172838,535.1718821234967,528.7612804485489,531.1773071289062,1678600
2023-10-25,528.01052229962,533.092850417094,525.1806029500731,529.3966064453125,1757500
2023-10-26,529.0694189988375,533.8917796761951,525.1036893051981,527.0961303710938,1925300
2023-10-27,527.0960371065494,527.50998819655,520.0019987702483,522.6972045898438,1503100
2023-10-30,525.3057925059269,535.5281420703182,523.2844465185452,534.1035766601562,1696200
2023-10-31,531.4852777034278,533.2853127689707,528.5013754553477,531.7548217773438,1394700
2023-11-01,534.2189478428928,537.5301451128478,529.0692931969384,535.9515380859375,1735300
2023-11-02,536.6459462892353,539.5485690008502,532.3161438487042,536.1348266601562,2100600
2023-11-03,537.4463963610176,542.9044411042601,535.4212818334951,540.8890380859375,1826800
2023-11-06,540.4936296135302,552.2198354771809,540.1464873047222,549.4907836914062,2056900
2023-11-07,552.0750146799766,553.415438011752,549.2399022066166,550.888916015625,1373100
2023-11-08,551.7086393530969,552.5475959119375,544.1579714659096,547.1377563476562,1343600
2023-11-09,548.6998691894862,548.6998691894862,541.9592598270305,543.17431640625,1288400
2023-11-10,547.639240619526,557.2728212332869,544.7848223845646,556.5302734375,1908800
2023-11-13,554.4859015254831,559.259313666662,553.0297639146921,557.6006469726562,1650700
2023-11-14,560.9854617214046,570.4454715235095,560.474400946851,569.7222290039062,2037600
2023-11-15,572.798452655033,578.4879843147643,572.219882152321,575.4889526367188,2165100
2023-11-16,565.459881085469,565.6624101599507,551.824335986604,557.9381713867188,2954700
2023-11-17,558.2467698400662,559.2303395616111,553.5794192716509,556.5592041015625,1773600
2023-11-20,556.7425191036762,561.5448309862595,556.7425191036762,560.0790405273438,1624100
2023-11-21,561.236169708031,564.080935260722,557.0992438726391,563.4541015625,1173700
2023-11-22,565.9130567988731,570.0500410719352,565.4308951899935,568.0635375976562,1068600
2023-11-24,569.9344310727665,573.0009724023215,569.3461490707148,570.2622680664062,645800
2023-11-27,571.3808701542827,578.5361326804148,571.2747498577053,573.6759643554688,1627400
2023-11-28,572.026883957199,576.1059522772654,570.3200130510185,572.8079833984375,1286800
2023-11-29,573.9651203351121,573.9747729833206,566.4626583727319,566.886962890625,1319800
2023-11-30,566.8582157895694,571.911260766275,562.0365990014722,571.593017578125,1755200
2023-12-01,572.1137104450531,575.0741309472975,569.5196786188292,574.9777221679688,1475300
2023-12-04,571.0240944018207,578.1408054229153,570.3587089369987,577.7068481445312,1624000
2023-12-05,577.1764793810856,587.1572024492152,575.7299943649726,583.7531127929688,2349700
2023-12-06,583.8977133344179,586.7713777134176,582.3162091179726,585.7588500976562,2233900
2023-12-07,588.2371404837558,590.5032764163434,584.717337329618,589.1532592773438,1690400
2023-12-08,586.8871642311321,591.7184336068614,586.048207629582,588.9894409179688,1502100
2023-12-11,599.7800761477549,602.7309616612487,596.684636325558,601.6026611328125,2139300
2023-12-12,605.0550003065487,607.2247276834972,600.9759316723246,607.04150390625,2374400
2023-12-13,611.3038320279451,619.674151512623,608.4880243699498,619.0955810546875,2436900
2023-12-14,618.3048679445835,618.9992113956259,607.8130246881682,608.2759399414062,3839200
2023-12-15,618.6133444850973,638.266256380934,617.649021266882,635.3154296875,8807700
2023-12-18,640.7927259091034,657.5815658628859,637.5140036932349,656.9354858398438,5733400
2023-12-19,650.9182493264644,656.5113128824853,645.2480234237217,653.5604858398438,3437300
2023-12-20,647.8227522081263,650.2914175920966,637.2248481707971,637.417724609375,3782700
2023-12-21,642.1042983353502,643.5315368423633,635.9230118804439,641.4292602539062,2388400
2023-12-22,644.1679252063027,649.2499275225332,642.239278723649,647.6394653320312,1641700
2023-12-26,648.9992723676262,651.7475703939558,646.8488501144463,650.5518188476562,1774800
2023-12-27,653.5894460735997,659.3886147222746,651.3210777019497,657.633056640625,1875900
2023-12-28,656.6960805879888,657.6922050586068,652.4946962861528,653.98388671875,1496900
2023-12-29,651.9128285061764,654.0727236438657,648.1255928497645,651.0054931640625,1947500
2024-01-02,646.5673562005993,648.7568076038528,640.5709248375977,641.7051391601562,2657700
2024-01-03,642.2574109159032,646.4391112251051,634.2588586532039,635.8270263671875,2612600
2024-01-04,633.2529450532271,640.9654458889389,631.7045215929817,639.4367065429688,2171100
2024-01-05,647.1590400824625,650.5813669346488,643.2732035340098,646.9913940429688,2233500
2024-01-08,646.7942145874534,652.9780366902881,645.0387165344887,652.5933837890625,2245300
2024-01-09,649.8218700463477,658.11622476241,649.2103984832638,658.0077514648438,1886200
2024-01-10,660.355088992475,664.566405585222,659.8126622655275,663.5111083984375,1801900
2024-01-11,661.775458898589,665.2372149692076,658.4616647884209,664.3200073242188,1670800
2024-01-12,668.1859670415155,674.3204277636372,666.8150618281309,673.8470458984375,2388400
2024-01-16,673.8470965271172,677.0820333718777,668.8369173584108,672.1211547851562,1626700
2024-01-17,671.14478371499,675.4547020511551,669.8527954297151,674.7840576171875,1786800
2024-01-18,673.4427534625933,678.2654820234543,670.8587769506978,677.8611450195312,1900600
2024-01-19,679.0346871633042,686.5597967909804,673.2848195805027,685.4157104492188,2267900
2024-01-22,685.8695253209158,689.0551014309906,681.0270523395296,682.9896850585938,2452900
2024-01-23,681.2241824880098,682.1217058207471,675.2179394904326,678.1372680664062,2208600
2024-01-24,679.5279023949614,680.4845383271518,673.7287334775599,677.0721435546875,1946500
2024-01-25,677.0622813969267,677.0622813969267,666.6672026364506,670.5530395507812,2751900
2024-01-26,670.730568280804,677.7921091810307,670.1585250175007,677.4370727539062,1825500
2024-01-29,680.4155721556727,684.5874006511077,676.8255988812479,684.4690551757812,2215400
2024-01-30,683.4138099202,692.9903433680622,681.3032151226405,691.1065673828125,1610500
2024-01-31,691.6785554040417,695.8208276131613,683.5123564606854,685.3270874023438,1928500
2024-02-01,685.465366914453,696.6263903707011,682.9961112699485,695.8164672851562,2039200
2024-02-02,694.6904375946006,705.495901229714,693.623702422272,700.7548828125,2377400
2024-02-05,701.9006814728237,704.0933513440017,697.0016570287106,702.4142456054688,2276900
2024-02-06,702.4833584333558,703.955024944358,695.6781366533095,702.0487670898438,1920200
2024-02-07,705.367576312287,714.4247889413406,703.2439923899819,710.9283447265625,2145500
2024-02-08,714.9877559322763,719.2150899761003,711.7974368510445,715.25439453125,1918500
2024-02-09,716.2223151527401,716.6075334399736,711.2640313204419,714.5037231445312,1426100
2024-02-12,714.6223352306552,714.8988605064997,706.5033915692394,713.5259399414062,1572600
2024-02-13,712.5184552471434,712.9036735467948,700.3202977500566,705.4662475585938,1951100
2024-02-14,707.1947142191767,713.6641510144108,702.325350027205,713.2987060546875,1472500
2024-02-15,712.6172786391172,717.1014853854687,709.4467930346308,715.6001586914062,1264100
2024-02-16,713.1111433363149,720.0942055318628,709.6640721027375,715.0865478515625,1764900
2024-02-20,719.07693594732,725.9217056668476,714.8100547680239,716.7656860351562,2407300
2024-02-21,716.7656270538765,719.8274798246615,711.412297896592,714.1284790039062,1564200
2024-02-22,716.9235677892136,726.9981415839642,716.9235677892136,725.3684692382812,1801600
2024-02-23,731.01817284361,733.378795651934,728.055066140644,728.8551025390625,1265800
2024-02-26,732.8750595120431,737.5963051392891,729.9119528024256,736.183837890625,1707000
2024-02-27,736.8258720013205,737.4580159040398,732.2133194141795,735.5517578125,1471300
2024-02-28,734.0701942045197,742.633555637289,734.0701942045197,738.7617797851562,1365000
2024-02-29,742.1792493348131,743.305244431099,733.8529261356637,734.7418823242188,3361200
2024-03-01,731.3341912836888,742.1396553479573,730.1588232994607,740.2235107421875,1678100
2024-03-04,745.7941950882166,755.3353718282207,744.4015012249359,749.84375,2133400
2024-03-05,758.9699944615649,759.8095773770954,747.5917078078717,750.6041870117188,2353400
2024-03-06,755.4342330729023,765.6272674807428,754.2686913402449,763.7308959960938,2400600
2024-03-07,769.5286647129136,777.4006827804418,767.4545141578453,775.9290161132812,4187900
2024-03-08,746.7522375145948,746.920130009202,716.1828423160415,716.63720703125,8590200
2024-03-11,710.9579151699612,711.1455809985514,702.2661479035571,705.2984008789062,3762500
2024-03-12,708.261501897288,730.9489922205523,708.0935491204357,727.8179931640625,3727400
2024-03-13,725.9611091672192,727.442662451234,717.644673612626,725.1709594726562,2270300
2024-03-14,729.2502145720404,731.5712907312336,720.0250490893935,722.9486694335938,1826100
2024-03-15,723.5116425622565,723.5116425622565,714.3259637765058,716.7063598632812,3390700
2024-03-18,717.1705377985996,724.3215523107116,717.091565028088,722.5436401367188,1595200
2024-03-19,722.7906229042485,726.3068405762231,721.0424308787785,723.1659545898438,1322700
2024-03-20,722.0102816786746,732.9639251995242,720.1632834552843,731.6107177734375,1398700
2024-03-21,734.3566041237691,743.0582583126967,731.9860946704738,733.4281616210938,2106900
2024-03-22,735.27518845588,735.6307468022869,725.3487927690358,725.7636108398438,1794100
2024-03-25,722.0102505425621,725.1313627201145,717.8026298610399,721.9707641601562,1604700
2024-03-26,722.0103128859682,725.6648231065982,721.23987622838,721.9905395507812,1353500
2024-03-27,724.9734588619237,726.8402306016751,718.8003197367372,723.0770874023438,1246700
2024-03-28,724.825329231598,725.8624649035686,719.3633667061646,723.620361328125,1713300
2024-04-01,722.7610702172794,724.2525103884788,711.34323363745,712.3704223632812,1600700
2024-04-02,711.1456341070602,711.1456341070602,699.6883118936048,702.5526123046875,2326700
2024-04-03,701.2487561838267,702.0685658515303,688.6951003854161,697.0115356445312,3205500
2024-04-04,700.0536012237906,708.3107758929591,695.5595086689452,696.21142578125,2252400
2024-04-05,697.3572037513729,708.0738082414276,697.3374907018855,704.9427490234375,1552900
2024-04-08,704.7353801485045,707.3330416606257,702.127831969222,703.0562744140625,1459000
2024-04-09,707.4318542501284,710.2072951783342,698.2857217132857,709.7529907226562,1386400
2024-04-10,702.2562997566213,715.0766556706826,700.2315222010144,713.6939086914062,1832000
2024-04-11,722.5041662006487,724.7659825578104,715.2445790751354,723.3436889648438,2107800
2024-04-12,719.0471755330572,723.8869402514289,717.6051086708941,722.3164672851562,1481800
2024-04-15,726.3858341940966,731.8873427767817,709.1208187324725,709.44677734375,1808000
2024-04-16,709.4664630541926,713.6148242625262,703.3723574899934,707.1651000976562,1412300
2024-04-17,714.1087275604978,714.8988773044823,702.2563005470455,706.394775390625,1376700
2024-04-18,706.3947841925707,710.1085543485905,700.8439022948694,702.5032348632812,1846400
2024-04-19,704.2613380151192,706.0786763280556,693.3669536669266,700.7846069335938,2190400
2024-04-22,706.0687804973168,709.4269920924413,697.4856459646084,706.6614379882812,1437100
2024-04-23,710.1875864881195,715.3631366962396,707.4911183189562,713.7926635742188,1176200
2024-04-24,710.8590834512397,716.5087103943891,707.2836067557107,714.9876708984375,1206600
2024-04-25,719.4988376926362,719.4988376926362,706.7568106846542,714.1270141601562,1613600
2024-04-26,707.3405628329058,723.1197105415956,707.3405628329058,721.36865234375,1524400
2024-04-29,721.714926357368,724.4057593277284,712.5046019258335,718.5491943359375,1526900
2024-04-30,717.7379706604842,717.7379706604842,709.4180291240963,715.1559448242188,1734800
2024-05-01,714.5327890532772,722.0414482800945,707.6572280138375,714.4832763671875,1609100
2024-05-02,716.9861869877054,726.5328364654246,712.9103269125344,724.5938110351562,1826900
2024-05-03,726.414088902998,739.4825387531824,725.4939983488418,735.9310302734375,2323300
2024-05-06,741.5600597121004,748.8312988416482,738.4833296308352,748.3465576171875,1773300
2024-05-07,750.562559467903,763.9673934395157,747.4759872010378,763.04736328125,1897800
2024-05-08,761.7514262603967,765.1051256025927,754.5395416373628,755.2319946289062,1511900
2024-05-09,755.6177272301863,771.3573240606968,755.4297602031661,770.6944580078125,1716200
2024-05-10,770.6945455577468,779.0144876057169,769.8239676896313,778.7572631835938,1652700
2024-05-13,779.558510992627,781.0226370973439,765.2930028632101,766.84619140625,1596800
2024-05-14,766.6284963776702,772.4455112623812,763.1659903930239,769.5667114257812,1327700
2024-05-15,770.180076723173,781.2006929094279,770.180076723173,778.6087646484375,1661700
2024-05-16,783.3277678186744,795.941184004985,779.3904227154798,784.5742797851562,2000000
2024-05-17,785.1084065861027,789.0556538902259,782.1405442063029,787.2848510742188,1309100
2024-05-20,786.7309018071333,794.3780750295554,783.9015539859575,784.5050048828125,1347100
2024-05-21,787.0474700691651,792.8545829112384,783.5157064194707,792.3500366210938,1375700
2024-05-22,791.469448231309,797.7118491402676,789.461226262213,793.2699584960938,1192800
2024-05-23,795.683955300732,799.3937835708598,786.9089796629621,787.8092651367188,1519200
2024-05-24,792.0532936073874,808.1193137101079,790.5298125222398,801.0557861328125,1623000
2024-05-28,801.0656135822032,806.5561468772939,796.099371239607,804.4588623046875,1986300
2024-05-29,798.3747706740687,804.7259791442187,797.6525497821976,797.880126953125,2282800
2024-05-30,801.5207605477835,810.7211224048513,799.6410901078013,806.605712890625,2277800
2024-05-31,800.3633385234913,803.0442691498745,779.7564618739088,801.214111328125,4360700
2024-06-03,802.3122254451002,819.0410518147744,798.483687350239,806.6552124023438,2008700
2024-06-04,806.2496998154926,819.140147999447,804.330479192275,818.5267944335938,1754500
2024-06-05,822.0087889258614,825.4515502291249,812.8776853019472,825.3624877929688,2080000
2024-06-06,826.470533180318,839.9941365644805,825.3823411001761,833.6132202148438,1735000
2024-06-07,837.6099205966539,841.2702963676034,833.266934045767,836.521728515625,1593600
2024-06-10,838.1045289826866,840.3798780260506,833.712090319111,839.2521362304688,1401600
2024-06-11,840.1425956492646,841.8243966533088,831.258812282194,840.2118530273438,1690500
2024-06-12,843.1796380481454,846.572886973017,834.5728246061445,838.7278442382812,1838300
2024-06-13,838.7279240344852,838.7279240344852,828.5778235213081,836.8977661132812,1322400
2024-06-14,834.3849497673783,847.0082694930818,832.891115796203,846.5037231445312,1395500
2024-06-17,845.3363866289031,861.2342462642501,844.2283893015787,858.6126098632812,1904900
2024-06-18,858.701578425567,864.5977538580221,858.4048042420063,861.422119140625,1763800
2024-06-20,861.9760244398199,864.4887927637333,851.3411846139347,853.2010498046875,1944600
2024-06-21,857.3561922032487,857.6826136260538,838.5696309527563,839.2225341796875,3833100
2024-06-24,840.8943511607049,841.517607098541,832.4953101848279,839.0740356445312,1722900
2024-06-25,840.221584438524,846.5233403657052,835.947855611416,846.3452758789062,1564200
2024-06-26,843.5852127388736,850.5300303497681,840.9537345419236,847.6611328125,1505300
2024-06-27,848.5217650558171,849.135118447622,839.5489205901375,841.5076904296875,1254900
2024-06-28,842.1310945936864,848.0569178332514,837.7386551035482,840.8845825195312,2131700
2024-07-01,844.3568555696141,846.8300742443934,831.4961184607624,836.6107177734375,1989000
2024-07-02,836.6306302614497,851.1434624016157,834.0486041249846,850.1541748046875,1377900
2024-07-03,845.8407857294924,854.2695342847476,845.8407857294924,853.418701171875,814400
2024-07-05,855.2984061581584,877.4386654347092,849.5209405392212,876.1822509765625,2620700
2024-07-08,877.2902037735005,878.437811039142,868.2580044449593,871.4039916992188,1611300
2024-07-09,874.3816859984364,887.0643583164748,873.5111082144518,877.3495483398438,1356800
2024-07-10,877.8937780620844,880.7330284419918,871.2655395364246,874.8368530273438,1755800
2024-07-11,881.2177472285199,881.2177472285199,837.451677687516,837.5209350585938,6021100
2024-07-12,840.7855935738589,840.8944007106696,829.3988844396952,833.8704833984375,3288400
2024-07-15,837.7880376057977,848.7098107693078,835.6214954624988,839.6380004882812,2064000
2024-07-16,838.7179127184282,842.1210640618405,832.3271542473799,841.6561279296875,1687600
2024-07-17,838.9256814083145,840.8449015252331,833.6231150333716,837.2142333984375,1783100
2024-07-18,840.3305881213367,846.1377017053027,816.2711056047164,830.3783569335938,2338500
2024-07-19,827.5489093481777,839.7863910858308,826.6090741320799,829.1515502929688,1984400
2024-07-22,836.6899477093593,840.4888384795688,829.6165175549135,838.342041015625,1920200
2024-07-23,839.8061762823572,845.4253219923036,836.5217345624903,842.9817504882812,1744100
2024-07-24,835.5522114045907,836.9372380787612,820.613994073679,821.9198608398438,2511300
2024-07-25,826.8366606671026,827.6874938920854,805.5571351319932,807.209228515625,2183700
2024-07-26,810.3892224571757,814.6294298092399,801.482876251879,809.992919921875,1441500
2024-07-29,814.9067949396652,816.075808813823,806.5156299189947,807.971923828125,1320400
2024-07-30,810.3892869338672,814.3520707330548,795.8062715771522,802.4934692382812,2017200
2024-07-31,812.7867342880825,817.7996532525459,803.7219028499005,814.35205078125,2135000
2024-08-01,810.9341404526651,816.5018467353233,802.1466724013003,809.2896118164062,1861400
2024-08-02,808.6059778848726,822.5648487744852,797.5200887261594,814.4312744140625,2598500
2024-08-05,790.5753685550395,803.2760978974237,785.6218888021884,794.3697509765625,2820900
2024-08-06,797.5696905674811,825.3389274699505,797.5696905674811,809.2797241210938,2476300
2024-08-07,816.4424340988937,826.0720302850574,801.7306232615091,802.7609252929688,1702000
2024-08-08,813.8567023681217,834.9189074078851,812.8164837403525,831.619873046875,2345000
2024-08-09,830.6985204294971,849.789249962302,829.836619825289,846.9756469726562,1710600
2024-08-12,849.2740728832854,862.1531197744871,844.4692218838644,855.5352783203125,1748200
2024-08-13,856.872666006836,859.9735489573327,848.1941603988823,856.7736206054688,1484100
2024-08-14,856.8231039419636,858.6657836871391,850.5123762959385,854.6832275390625,1341500
2024-08-15,864.7487134973469,872.1393265778783,860.9147252544819,869.18701171875,1923800
2024-08-16,869.1871053906087,869.1871053906087,860.538348720066,862.4900512695312,1516300
2024-08-19,862.4900074761003,865.5017013740895,860.6175776319993,864.2335815429688,1318400
2024-08-20,863.8868555059917,868.6025778323719,863.064560948926,868.0477905273438,1104600
2024-08-21,872.5455722674366,882.8290014304547,869.0583030502528,873.21923828125,1465500
2024-08-22,874.0909693981248,875.7751645002348,865.0558277420205,869.3950805664062,1440900
2024-08-23,874.2792363441631,876.3299841630298,863.5598991898189,871.02978515625,1305800
2024-08-26,874.9529278808684,884.9391600179554,873.2390432317073,884.2060546875,1737000
2024-08-27,884.384339909587,910.3801910776244,878.8166336975582,900.4435424804688,2098900
2024-08-28,902.4843523536829,903.732578386208,873.4569143182349,879.7874755859375,1668400
2024-08-29,882.7101350176429,892.0821409354355,876.9343604132308,878.3807983398438,1709900
2024-08-30,882.2147572553372,887.9905316648947,874.8835829239102,884.0772705078125,1933500
2024-09-03,888.3370542961562,888.54512217104,866.3039905791613,870.3955688476562,1784200
2024-09-04,869.2861418815907,883.4629979930359,868.4341579076499,881.7391967773438,1425200
2024-09-05,880.3621849742478,880.3621849742478,860.6176210925845,877.73681640625,1998800
2024-09-06,882.9676792656211,884.8896318212043,862.8961697076448,868.5233154296875,2074600
2024-09-09,876.5083096099999,890.4672419039665,873.4966157435423,888.1489868164062,1954000
2024-09-10,884.2952038040969,892.3099608538506,879.2625117835231,885.969482421875,1360800
2024-09-11,886.6728618071638,893.6077333520244,869.7022356035727,892.0226440429688,1796100
2024-09-12,892.042426800596,907.1802898803502,888.1688322571919,906.5165405273438,1867300
2024-09-13,905.1294117402448,915.2345210288541,900.8991213100006,907.4773559570312,1327500
2024-09-16,913.4215718373043,914.0457150589136,896.9264617815315,899.4230346679688,1661000
2024-09-17,899.977892858967,900.1462942355595,887.1186790881759,888.9217529296875,1387000
2024-09-18,891.5668891826546,896.5599748541412,882.6605425314332,884.2159423828125,1338200
2024-09-19,895.846705033751,896.7086056494046,887.1681990732446,892.3594360351562,1747500
2024-09-20,893.1817434209087,899.3636763947108,887.3663631065142,898.5413818359375,4658200
2024-09-23,898.5414196832987,910.9449526899015,892.3991529873299,908.5474853515625,1697600
2024-09-24,903.5245952596923,904.2775338333118,889.1793376941994,893.1519775390625,2432600
2024-09-25,894.5984623429634,901.8899701816949,892.7458657134786,899.968017578125,1728100
2024-09-26,896.8769891550213,900.7803334326752,889.7737164592698,893.0529174804688,2738600
2024-09-27,884.9490583900026,885.1768991049606,865.8682450542034,877.380126953125,3459100
2024-09-30,883.0765793337399,901.5332483656855,873.2092266273636,878.271728515625,2142900
2024-10-01,877.0135073969423,878.7373085133338,864.6298091846161,869.2167358398438,1836700
2024-10-02,866.512113490275,873.0308483767686,859.0917510886849,870.3560180664062,1317100
2024-10-03,866.3041684098963,872.9814494340707,864.5506172299323,867.522705078125,1451900
2024-10-04,869.8211351807363,876.0625076276386,867.5227133002763,874.8934936523438,1516400
2024-10-07,873.3975208946252,879.4507190734982,864.2138106025471,865.4620971679688,1963200
2024-10-08,868.5431782183892,883.0172319816891,868.5431782183892,882.135498046875,1697900
2024-10-09,883.9385434180342,901.5333131382223,879.6092069604563,900.6416625976562,1956500
2024-10-10,901.5333004035043,901.5333004035043,883.5422888384182,885.3156127929688,1765800
2024-10-11,886.1775619207864,886.1775619207864,877.2612980221983,880.7584838867188,1527300
2024-10-14,884.1466641324303,886.841328248977,878.014253426304,881.481689453125,1431500
2024-10-15,883.789925456618,892.270279878789,881.2735191902946,886.2864379882812,1613900
2024-10-16,881.6401252483756,883.0370404032853,871.3170903526377,879.123779296875,1475500
2024-10-17,883.2647828675676,886.9997255430965,874.5862776130247,877.0531005859375,1321500
2024-10-18,877.5187541438047,882.3236047657309,875.5274458369249,881.2833862304688,1654000
2024-10-21,880.728764030714,883.1064586717048,875.4780872047531,878.51953125,1184900
2024-10-22,882.6902234713305,886.5638783451842,876.0822986755137,885.1768798828125,1189700
2024-10-23,887.6832994850643,897.2533946246356,886.6628537529537,890.803955078125,2193500
2024-10-24,893.112384018547,895.0937758854767,879.9955795342377,885.1075439453125,1649600
2024-10-25,887.3168146013197,893.2312401505465,881.7193585315949,882.927978515625,1425800
2024-10-28,887.6535789170819,887.6535789170819,881.7193203570833,882.67041015625,912500
2024-10-29,881.719370121089,882.8784674183872,865.9574246158761,878.7373657226562,1361700
2024-10-30,878.1330400423127,878.3212746827248,869.2068602743641,870.910888671875,1412200
2024-10-31,869.0384909134162,869.4843161800019,860.5680527174168,866.0465698242188,1771900
2024-11-01,867.2865507151091,872.3854475553421,860.4119132347095,870.30224609375,1625200
2024-11-04,874.300232379311,879.9149959038726,869.727009214163,878.992431640625,1576700
2024-11-05,880.9068596929146,888.4263293449787,879.7164329081296,883.0595092773438,1622300
2024-11-06,891.1048547503914,892.7119098629576,879.2007069253809,892.0670776367188,2437400
2024-11-07,891.4421154221552,912.135478101056,887.2260630183245,906.6298217773438,2145500
2024-11-08,906.6992749698494,954.3158670908043,906.4512718858861,936.26123046875,3277100
2024-11-11,936.2612244817859,943.6815178789057,923.9999666204759,925.428466796875,2181800
2024-11-12,928.4739252624382,932.0550751377413,919.5954030586574,924.9324340820312,1691400
2024-11-13,922.5714808090243,930.1008811481963,915.8258089728496,926.2716674804688,1757600
2024-11-14,919.5953976127656,923.7122728567273,914.8039612738105,916.51025390625,1859900
2024-11-15,910.4093390219765,913.1968911033883,898.3266367323894,899.8245849609375,2269900
2024-11-18,903.3661385259051,918.543915330896,899.8643058768836,912.165283203125,1797300
2024-11-19,920.587364295783,926.5394377718334,909.040327220816,922.72021484375,1690500
2024-11-20,917.6907721279044,921.3810288881608,909.1792894857659,920.6668090820312,1452100
2024-11-21,927.5314034221584,950.8337602226532,922.5713424412912,948.0164794921875,2320500
2024-11-22,955.0499394207311,968.501624172839,950.8636764574613,956.309814453125,2078700
2024-11-25,967.2119388902729,967.2119388902729,942.1041113908313,953.2146606445312,3240900
2024-11-26,956.2998371055552,966.5869995965841,953.2146934488126,963.7399291992188,1438000
2024-11-27,963.7002602541495,964.5235868428007,950.9330672010396,953.869384765625,1499500
2024-11-29,960.3572992415435,965.4959161451416,954.7821339177337,964.1170043945312,1095900
2024-12-02,963.6010358591951,968.6999935208835,957.0537790160455,967.2119750976562,1955800
2024-12-03,966.9044373090189,975.1480568119433,963.0058363720167,974.3048706054688,1653900
2024-12-04,974.156028435194,983.2329647318215,969.7415618179947,983.0047607421875,1784700
2024-12-05,978.778819211381,982.2211333417459,970.3864339901679,974.4140014648438,2089400
2024-12-06,974.414032145577,989.7406346150636,974.414032145577,984.6813354492188,1737300
2024-12-09,989.0461132793307,989.0461132793307,972.6679818373667,979.9691772460938,1855500
2024-12-10,981.8243589896337,987.0423536127408,978.0051356798592,985.465087890625,1556800
2024-12-11,987.0522113240344,999.7499563049092,985.6535006604996,986.7446899414062,1903600
2024-12-12,993.6788160258426,994.4624839004504,979.3244279364882,980.4949951171875,2344300
2024-12-13,973.1641088472138,998.6389785592726,958.0160609886934,981.4473876953125,2951900
2024-12-16,981.1497756810089,1000.1964243868422,978.4911899218229,984.9392700195312,2581300
2024-12-17,986.0602435029734,988.9569025164676,972.9260101081195,974.2354736328125,2050200
2024-12-18,974.15601538627,977.7272352154806,956.2997951449738,957.0338745117188,2725300
2024-12-19,966.7259242372497,966.8548906811372,945.8936657632041,947.17333984375,2610800
2024-12-20,941.8066082730481,954.2563510076407,935.5172234080513,946.44921875,5373800
2024-12-23,946.2607080547242,946.6376775767121,929.5155354013361,942.3223876953125,1856800
2024-12-24,943.145778426394,951.7167793571608,937.8980550785755,951.1612548828125,939000
2024-12-26,949.1772466668464,951.7465246997758,946.379764625195,948.502685546875,969000
2024-12-27,941.1418794935255,942.8581019436351,924.5554629127156,932.1939697265625,1943400
2024-12-30,923.56339370577,926.7080555473309,908.1872040146427,914.8436279296875,1881200
2024-12-31,916.2722278341455,917.3534873848876,905.2509246510949,908.951171875,1742900
2025-01-02,907.6912709616528,918.3752630016551,894.7951108277713,902.542724609375,1765100
2025-01-03,907.0265783923252,916.8276642758221,903.7231606432257,909.2586059570312,1612200
2025-01-06,910.6473407271477,920.0020085151007,905.9750020117948,915.339599609375,1970400
2025-01-07,916.4606778636924,923.8709807464434,909.109832749929,914.0103759765625,1888000
2025-01-08,915.6074540021332,923.0674055533653,908.1078437577474,919.96240234375,1774800
2025-01-10,925.9045727151838,936.7373904724259,916.1233461068053,929.4559936523438,2765800
2025-01-13,926.539483976704,927.5215664616074,913.6433241354865,917.3137817382812,1693800
2025-01-14,916.9169152567548,920.3492994564602,902.6517741849593,909.9033813476562,1683800
2025-01-15,919.8533279579042,925.4185023869559,910.9648760206671,916.1233520507812,1839400
2025-01-16,917.3435222312594,919.9922386879958,910.4887438237133,912.4033203125,1353000
2025-01-17,922.5714826516795,936.2612409298883,917.1848628735255,935.6561279296875,2375000
2025-01-21,937.6996798058013,948.9094073226237,935.9636581822518,940.1598510742188,2042400
2025-01-22,943.631800255442,944.3361507553583,931.7375829765322,937.1539916992188,2155000
2025-01-23,934.1680606278966,935.8544936391518,929.0095845836678,934.63427734375,1352400
2025-01-24,934.634304488929,938.4833171496535,926.1030227220359,932.1741333007812,1562400
2025-01-27,922.5714229889035,959.2659476414551,919.7739410857383,957.5398559570312,3044700
2025-01-28,954.1471828304627,957.9961952989082,946.4491578935716,951.0123901367188,2166400
2025-01-29,950.1492936109973,960.5257632446795,947.3716715004156,956.3196411132812,1713700
2025-01-30,962.549553236077,978.8681682003229,962.3511386602327,971.1900024414062,1788200
2025-01-31,968.4421001649467,983.0842117347107,967.9858132470144,972.0530395507812,1873800
2025-02-03,964.622881712202,1001.5455514805385,961.2004270726488,997.7957763671875,2751000
2025-02-04,997.3692088651841,1016.1677938556128,991.6651380359467,1013.6976928710938,2001600
2025-02-05,1011.8524387550299,1034.7579664276313,1011.8524387550299,1034.5496826171875,2047600
2025-02-06,1041.6128882389767,1054.5090478076497,1035.8591686087002,1042.594970703125,2218000
2025-02-07,1039.7844124332291,1049.4274554400563,1028.3736075194631,1036.616455078125,1632900
2025-02-10,1044.750005891313,1055.6741979681235,1038.7913556675985,1054.6016845703125,2036900
2025-02-11,1052.6056349086673,1058.6536315613487,1041.8105506630156,1051.04638671875,1748500
2025-02-12,1046.8851717159203,1059.6465895276847,1043.756856226426,1057.779541015625,1662300
2025-02-13,1059.656506039082,1070.7991521664092,1057.3127849783118,1069.4385986328125,1623300
2025-02-14,1069.0612311632524,1070.0642802706366,1060.6496327386756,1064.463134765625,1410700
2025-02-18,1061.841296897687,1063.6189995651368,1038.0365198119134,1048.752197265625,2090600
2025-02-19,1048.7820843796737,1055.8530111314349,1045.7431145747266,1055.2174072265625,1349600
2025-02-20,1046.3786679319778,1046.3786679319778,1026.725015427664,1027.6982421875,2000500
2025-02-21,1027.4799455242949,1029.0688948396455,1017.6184462486018,1027.8970947265625,1816300
2025-02-24,1021.4518518192028,1031.035251827512,1018.1546637224312,1028.463134765625,1759700
2025-02-25,1033.5576050299958,1049.7353783960511,1030.310121418927,1048.384765625,2083800
2025-02-26,1042.902855246534,1051.5925536259087,1023.0804506509936,1024.8580322265625,1555700
2025-02-27,1026.8740421048242,1035.3452854929815,1011.8086052870165,1014.6687622070312,1629100
2025-02-28,1023.5074709979822,1042.1481357441703,1016.9330979987722,1041.3834228515625,3307100
2025-03-03,1044.491812641179,1058.6535480384034,1033.9648879102474,1039.635498046875,2422500
2025-03-04,1038.5231685390331,1040.708079631924,1021.6403267013633,1029.7242431640625,2536800
2025-03-05,1025.960353413734,1043.7370175202575,1021.4119607119422,1040.529296875,1898600
2025-03-06,1025.8313156995948,1038.6822019659999,1012.0271447376011,1019.5449829101562,2594600
2025-03-07,988.2917946995426,995.511651156589,936.2827154722718,957.664306640625,5510700
2025-03-10,948.8851961209801,953.04632248839,917.6619281146106,927.9703369140625,4459900
2025-03-11,924.5839486110597,931.5357076231729,914.8514981170068,924.0774536132812,3204900
2025-03-12,931.5356443186013,937.8716805225101,916.8872959671094,920.69091796875,2331600
2025-03-13,915.6459866345192,917.1356493025796,881.3539229207926,884.4822387695312,3447200
2025-03-14,885.6639630449638,900.6996381448193,875.4846023671705,897.6904907226562,3186400
2025-03-17,895.4162861047012,917.0263334904582,891.8112979464684,910.2930297851562,2256100
2025-03-18,906.707882156509,911.2364536011873,890.6592786235583,891.8609008789062,2182000
2025-03-19,896.6378396871504,903.8875189182899,889.825130578644,897.8196411132812,1908500
2025-03-20,895.2871847851916,901.2259533697036,887.9381586897865,889.229248046875,1891800
2025-03-21,882.625110959585,903.5002694081275,877.8681434345461,902.9937744140625,3447600
2025-03-24,913.6596675019423,922.250078838938,913.6596675019423,919.6580200195312,2208100
2025-03-25,920.244010802691,925.864977488545,916.1325276165386,923.8489990234375,1623000
2025-03-26,927.8910440491609,932.9459321644918,917.086019159329,923.3425903320312,1644700
2025-03-27,923.1537884506064,936.4018804102461,921.6045418608522,932.2804565429688,1547000
2025-03-28,931.0391707370012,932.2805562979838,919.6184235759606,923.253173828125,2100500
2025-03-31,916.003502279805,988.14291517754,915.6857002996727,939.2621459960938,3102000
2025-04-01,935.9252128747881,951.119759458889,932.2805219739986,947.8226928710938,2041500
2025-04-02,944.2871630149757,964.1989731583924,943.4529253369193,958.4290161132812,1719900
2025-04-03,924.6633809982216,974.5868987759133,921.6045901708458,960.415283203125,3096900
2025-04-04,948.4184942760892,957.8729053643689,907.840100785752,910.1639404296875,5167000
2025-04-07,881.6319672948131,931.3569113215286,865.7025306475446,901.8715209960938,4626600
2025-04-08,925.6266568687505,936.4912650105878,893.3705159640747,902.4872436523438,3545400
2025-04-09,901.7425138359697,960.7927667945215,891.4836861062734,958.5383911132812,5084500
2025-04-10,959.8392163427959,986.5637352614225,936.3919428428387,957.664306640625,4209100
2025-04-11,957.3168269774756,963.5237546842544,936.6601230776928,956.7705688476562,2721800
2025-04-14,963.3152057699076,980.3271585312747,958.3496634721246,972.5709838867188,2219900
2025-04-15,978.5593354841933,987.1497473706031,967.5358565148995,970.1874389648438,1788200
2025-04-16,965.4305082733118,971.9055946695654,952.6293259919444,961.0806884765625,2531700
2025-04-17,966.5725701704973,993.0289318116729,965.2914215444829,987.6463012695312,2711100
2025-04-21,986.1566224643935,990.1191152067875,936.4713810613715,951.16943359375,2841300
2025-04-22,963.0668582361031,980.6448888078652,960.1173554218605,972.4815063476562,2230600
2025-04-23,987.6661868656691,988.887690802877,962.3220410625036,969.1149291992188,2109700
2025-04-24,966.8903365691523,971.2600378769866,954.0892150613116,968.7573852539062,2468500
2025-04-25,967.2577630170907,971.5778209426179,956.2442247623666,970.42578125,1780900
2025-04-28,971.7565621339639,978.509687080564,962.103577653114,971.7962646484375,1616200
2025-04-29,971.2600035462798,986.3652039502687,964.3678289083949,984.8656005859375,1523100
2025-04-30,983.1773134809813,990.8838443435604,969.8199934122991,987.6463012695312,2212400
2025-05-01,983.276576972486,999.4444103981658,978.2117485102733,992.1549682617188,1829900
2025-05-02,1002.1885438144502,1012.3015987845512,998.9865366663175,1002.6558837890625,1547400
2025-05-05,1001.8702904032737,1012.0828216441437,996.888325072748,1009.208984375,1952600
2025-05-06,1002.8050542315159,1010.5414728939917,997.892704232812,1004.8435668945312,1381200
2025-05-07,1005.5197389234978,1008.4233767275962,995.8640704672318,1001.5123291015625,1316000
2025-05-08,1007.8267816234463,1011.3071898480956,985.8505139680619,1002.0692138671875,1882600
2025-05-09,998.9865211016988,1005.052411797148,992.4632441732878,1002.4470825195312,1176700
2025-05-12,1004.137530006645,1011.2176699032586,986.6857808533164,1010.4619750976562,2069000
2025-05-13,1008.0455173774424,1018.0989712257877,982.0717329470748,993.4378051757812,2917000
2025-05-14,993.1693015919623,994.2631199004367,984.9754359323638,985.9896850585938,2215000
2025-05-15,987.093464150095,1008.3239289083896,977.4974577090206,1004.8136596679688,2470700
2025-05-16,1006.822414308201,1022.5041586131152,1003.3519598567233,1020.0877075195312,2033700
2025-05-19,1012.8981662178643,1029.1964346054483,1007.2201678854547,1028.550048828125,1879800
2025-05-20,1024.244296910224,1032.189561375944,1024.244296910224,1031.01611328125,2271200
2025-05-21,1025.1691135206015,1033.6513948071854,1018.0691267780941,1019.560791015625,1438900
2025-05-22,1021.9671931161832,1023.0213179132835,1008.4433449160746,1012.430908203125,1660900
2025-05-23,1006.3351444363535,1009.4277210746535,1001.36313285317,1002.854736328125,1413900
2025-05-27,1009.3183517874847,1013.2462530784613,1005.2711270739444,1012.0927124023438,1868200
2025-05-28,1011.3568975169317,1018.8845305865864,1007.2898258954494,1007.4688110351562,1674700
2025-05-29,1010.3227080573704,1011.8441120421384,997.9821413119712,1003.0933837890625,2016700
2025-05-30,996.6895154077406,1046.5985743929546,996.3912068258352,1034.3575439453125,5403800
2025-06-02,1028.480521036954,1054.563674826441,1028.480521036954,1050.93408203125,2148000
2025-06-03,1048.2492712122869,1061.1068257398254,1037.4202149543212,1049.68115234375,1992900
2025-06-04,1049.0945086521367,1051.9086236821838,1043.4960184092522,1045.802978515625,1422100
2025-06-05,1044.1224233084363,1045.1665942865448,1000.3786754943123,1005.1517944335938,3289400
2025-06-06,1014.916818474425,1014.916818474425,1002.9640834751659,1009.2586669921875,1855400
2025-06-09,1006.7527903227591,1007.6775772067864,991.3892621797851,1000.5477294921875,1696700
2025-06-10,1001.2935293352067,1005.847908993835,992.1350620402266,1001.6316528320312,2255000
2025-06-11,996.8286688710313,999.8118758453438,987.8193862363474,991.2003784179688,2459800
2025-06-12,993.4079135273116,997.634123369645,989.7882745312023,997.09716796875,1720100
2025-06-13,993.4875193039331,997.9722836245514,983.1357568263169,984.6671752929688,1786000
2025-06-16,986.7752715696158,996.2419403879833,975.946215734317,978.849853515625,2109300
2025-06-17,977.497482671164,980.5801055924213,970.73555901926,972.2470092773438,1668200
2025-06-18,974.5142987793846,977.1494892728728,968.617500152644,969.44287109375,1509600
2025-06-20,978.4819742320778,983.1258162862754,968.448488349318,974.8026733398438,3255700
2025-06-23,977.646620908702,999.2450091880507,975.7671860425795,998.857177734375,2082900
2025-06-24,1000.2096241059307,1000.2096241059307,986.516685177719,996.3115234375,2385100
2025-06-25,997.385585187736,999.3544824743606,980.4807447608251,981.0177001953125,1827700
2025-06-26,982.2009854565579,982.2009854565579,971.0338668095876,977.407958984375,2262800
2025-06-27,976.7417582131986,987.5807681462169,974.8126152192294,979.6255493164062,2129200
2025-06-30,979.6453484529213,986.1885326164343,974.265658686011,984.3986206054688,2127600
2025-07-01,984.4582814291645,991.260019896906,969.045045709819,980.44091796875,2200600
2025-07-02,978.3626412530656,980.1824145589327,971.4018247602771,976.861083984375,1606100
2025-07-03,976.9107543051608,982.141320207644,971.8592342301587,981.4949951171875,1101400
2025-07-07,979.4862971711708,987.332146138302,970.7355687869206,986.6260986328125,1832600
2025-07-08,983.961079966367,990.2954177883865,978.4222518489755,980.3215942382812,1716200
2025-07-09,982.8573127399098,982.8573127399098,966.8375061086703,976.5925903320312,2922600
2025-07-10,981.4751275301168,982.4695298883032,963.6455005310524,964.7393188476562,2897000
2025-07-11,967.8418295762551,973.4999813064779,960.2943498201797,964.8984375,1942000
2025-07-14,965.664104757161,975.9959598144566,964.1924086904905,975.419189453125,1679300
2025-07-15,973.7684869326118,974.7628892680038,961.2489348248857,962.2632446289062,1878000
2025-07-16,962.5714557082682,964.1625357763378,944.811445509589,946.0444946289062,2950300
2025-07-17,945.0401963203284,949.4056371734318,942.2061739195998,948.5703125,2280600
2025-07-18,954.5765129106653,954.8847752000869,944.3341812210919,945.6268920898438,2115500
2025-07-21,946.1838219650522,950.4100320964012,941.3012722720016,942.2559204101562,1742400
2025-07-22,943.4889276122793,952.3391327115432,935.9812020874891,936.3391723632812,1799900
2025-07-23,937.1049110732403,943.190648727207,930.7606190918984,935.9215698242188,2401600
2025-07-24,936.0607545927455,937.6219735212227,928.2646136845384,928.5728759765625,2057100
2025-07-25,931.0588864294646,936.020944329158,929.1197897535347,930.2434692382812,1827700
2025-07-28,930.2633369453812,934.9767940619158,925.679156981283,928.7617797851562,2006300
2025-07-29,928.761852682542,936.5181789700229,922.1888676339752,929.338623046875,2065900
2025-07-30,929.7661174505097,932.5007236783053,919.961325687471,922.3180541992188,1699600
2025-07-31,920.180154175978,940.6549254933855,919.8221838924715,934.3802490234375,2564400
2025-08-01,935.535291419605,952.6825935058051,935.535291419605,948.5003662109375,2934500
2025-08-04,948.5799878682698,956.1280171601062,944.6566123026015,951.3383178710938,2389900
2025-08-05,947.3154063547898,947.4846719374113,931.7314250118886,939.6478881835938,2462300
2025-08-06,939.6478686096771,966.4542486883591,938.6819304234779,964.47265625,2753000
2025-08-07,970.5668043386935,977.85592094085,966.8625320598978,973.3251342773438,1893300
2025-08-08,973.0264164574102,984.0297729077545,972.8770251517262,976.8402099609375,2189700
2025-08-11,979.0109747890199,985.4039257357371,972.1998740646383,984.5674438476562,2290100
2025-08-12,984.3284996157787,987.5647845158811,975.9141467199951,987.06689453125,1588500
2025-08-13,979.807720322293,982.2374259773075,966.006163195504,974.71923828125,2352600
2025-08-14,976.4618396268553,984.1193902261032,971.0647290670321,971.2738647460938,1808700
2025-08-15,975.008001405327,975.8643575814822,963.1382605614133,967.9379272460938,1638300
2025-08-18,969.1926453090821,977.1390109022689,965.9065835206633,975.2171020507812,2078500
2025-08-19,974.4901845213284,984.3583980102833,972.6678901675886,976.7107543945312,1673400
2025-08-20,974.8686228657992,995.0829447697053,974.8686228657992,990.3729248046875,2229600
2025-08-21,984.7268750340403,985.1450856200203,963.437093583242,965.5879516601562,2145600
2025-08-22,967.4400740109915,969.3918246802124,949.0878560050145,954.4949340820312,3136000
2025-08-25,950.9301089003063,954.2559801285828,936.5908523145227,937.6065673828125,2284300
2025-08-26,937.3675537109375,940.0660785607967,929.3116669254806,937.3675537109375,4341300
2025-08-27,936.5211387935202,947.9825765176382,933.2649186879557,945.5130615234375,1893600
2025-08-28,946.2796922961653,946.986717929755,940.1457146403555,940.9722290039062,2067900
2025-08-29,941.0120754262842,944.6068265457893,936.4912562242731,939.3391723632812,1609000
2025-09-02,934.6987954669822,940.5241447304179,932.6276168990629,934.858154296875,1793900
2025-09-03,935.0374349118152,946.0806620300694,932.547984872114,945.77197265625,1670500
2025-09-04,949.3766389651157,955.4508724151366,947.0962639571633,951.8660888671875,1471900
2025-09-05,954.6642941224036,965.4585156085484,952.1847507953563,959.4141235351562,1928500
2025-09-08,959.6629899452552,968.2367014894648,954.5447272029234,967.7487182617188,1737000
2025-09-09,965.906588817574,975.7349324415829,959.0456501103829,975.1175537109375,1496800
2025-09-10,972.2695458434508,976.8600765707878,949.93421010161,952.2543334960938,2277500
2025-09-11,953.7580444540328,961.0869704569363,950.2529402834537,960.2505493164062,1532000
2025-09-12,956.2374981417319,965.4783651720791,955.9487438386276,963.8154296875,1461600
2025-09-15,963.7357929367682,965.6476734913563,955.6600318403401,956.04833984375,2199400
2025-09-16,955.052609184736,955.5306249312617,946.7876470330755,948.0523071289062,2012600
2025-09-17,949.4662237081953,959.9119457572749,949.4662237081953,958.9660034179688,1556800
2025-09-18,953.3298708224646,958.4780362809929,946.6581328273166,948.3410034179688,1860900
2025-09-19,950.9698789865505,953.3995845639652,939.8071635532798,947.1460571289062,4606000
2025-09-22,943.3820275364378,945.9909661809617,935.6447977642146,939.2794189453125,2794300
2025-09-23,938.7815597949124,941.002129739628,929.5606272973081,939.6179809570312,3258500
2025-09-24,940.2951323855239,949.6354925206081,939.1300260692612,941.2809448242188,2149800
2025-09-25,948.4306673638549,948.978334204993,931.6716730484703,939.3292236328125,2991500
2025-09-26,921.6441806288134,923.715420077516,901.2306903235044,912.084716796875,4812900
2025-09-29,912.4730006674426,913.3492310836181,899.4780240604304,913.000732421875,4107000
2025-09-30,912.3833949632594,926.5832270201983,909.5155437954654,921.7238159179688,3096700
2025-10-01,919.1048988406222,920.1006787960291,907.324804950434,913.4688110351562,2642100
2025-10-02,908.7090502147718,914.6339537344118,906.1698232142378,912.9013061523438,2063800
2025-10-03,911.7262865702218,914.2256434530957,907.354797545647,911.5171508789062,2319200
2025-10-06,911.6365795119693,911.9154270820035,900.4340546408501,907.0958251953125,2504000
2025-10-07,904.8951223841873,913.7675560473934,900.065613788979,910.9395141601562,2601800
2025-10-08,908.6890416794313,912.512863547337,907.1157530698373,910.9395141601562,2376900
2025-10-09,928.3756414147282,939.7873019968866,923.366899661988,938.9110107421875,3742900
2025-10-10,940.4344895806962,941.4601721092201,925.0795796678726,926.0853271484375,3142500
2025-10-13,925.0796240788637,932.0301490606819,919.1049440525201,931.6119384765625,2169600
2025-10-14,936.292122007279,943.4218801373512,932.0003125949146,942.5157470703125,1925900
2025-10-15,942.0077872728031,959.9318255084378,941.2709198697512,950.9598388671875,2009800
2025-10-16,951.5075243883481,953.8576111942443,917.272605822159,921.7138061523438,2721400
2025-10-17,925.6571474143757,934.8581444724499,924.2331893723009,932.378662109375,2502200
2025-10-20,932.2392253114339,935.833976311498,927.5690149574637,932.1595458984375,1523700
2025-10-21,932.1595524576505,939.3889246039391,931.0542513020833,933.543701171875,1448200
2025-10-22,936.0331774159066,948.9783171035734,928.5648275960989,940.6934204101562,2372400
2025-10-23,941.4800132044211,941.4800132044211,930.5463691152119,938.074462890625,1974800
2025-10-24,936.0331758749339,939.020515797939,926.2247674387684,928.2063598632812,1639400
2025-10-27,926.2845523880588,929.26192491735,921.2160053544948,925.926025390625,1967600
2025-10-28,922.9585954212404,926.7923240756604,916.316759898813,920.260009765625,2090800
2025-10-29,915.1218295643299,915.9981208356954,905.4627513078613,908.569580078125,2449600
2025-10-30,908.8384316450666,919.1049207994917,906.5282148000176,916.2968139648438,2677100
2025-10-31,913.6343234847549,917.4136469236963,907.1226517545758,908.8876953125,2456300
2025-11-03,909.8350444016509,926.5778216871088,905.8263261302335,925.4310302734375,3206600
2025-11-04,930.5865978064055,938.5241818368919,926.3584660969998,938.0953979492188,2554500
2025-11-05,937.3574271067811,942.6226129331292,924.8327388131737,932.4014282226562,2974800
2025-11-06,921.761418187689,922.3996336225341,905.7465686049585,920.983642578125,3247700
2025-11-07,926.9168856062789,934.3658563350119,918.2014048284054,920.1459350585938,2584000
2025-11-10,916.4164768123271,919.408043113129,906.5143996603014,912.9861450195312,2612700
2025-11-11,913.9235476650076,916.3068435367711,910.4333868174052,911.2909545898438,1663400
2025-11-12,912.8963191462457,915.5189303226801,909.1070142208886,911.4304809570312,1829700
2025-11-13,913.7738710913252,924.1446582594108,909.1568823886911,922.4793701171875,2430600
2025-11-14,924.5236115682593,926.2786735081614,912.5274016794157,920.38525390625,1739100
2025-11-17,919.4280190309142,922.2999275883335,906.2551333273598,910.0245361328125,2481900
2025-11-18,910.0245054011991,916.3266847222724,891.6562448597587,892.563720703125,2984700
2025-11-19,892.4839685051458,892.4839685051458,871.5130590027385,888.0963134765625,3462300
2025-11-20,890.9881791142635,902.0270662643333,888.4952071525561,890.7787475585938,2648300
2025-11-21,892.0052982755861,902.7749245805268,889.6220025607739,896.482666015625,2870100
2025-11-24,896.4727024512009,898.8260533364739,878.842412336212,883.62890625,3661200
2025-11-25,884.1673146723202,893.2018419487803,882.6416475953456,891.8157958984375,2534700
2025-11-26,893.5010844607134,909.436141230939,893.102184614745,905.7066650390625,1936200
2025-11-28,902.4758133278527,911.629999066982,900.4614725065887,911.021728515625,1092600
2025-12-01,910.6328056179475,915.9976861207776,903.6624657873695,909.3963012695312,2149400
2025-12-02,909.3962900914224,920.405232170967,902.4558343604823,919.43798828125,2160600
2025-12-03,918.2213615171383,923.715881214339,913.4448493620074,919.6672973632812,1886800
2025-12-04,904.4801337678623,905.4075119941882,885.5833949363982,893.3414916992188,3787800
2025-12-05,894.7276384412609,903.3433641615109,890.4895860998004,892.1648559570312,2359800
2025-12-08,890.988132523144,891.4867268894133,880.417956303664,885.0249633789062,2407900
2025-12-09,884.356825906914,886.520769334084,879.0318720214691,885.9423828125,1899500
2025-12-10,885.3241173574713,887.0791792838055,868.6411691588339,871.9517822265625,3318300
2025-12-11,873.397707246929,883.5092155856057,870.0970149821621,881.9934692382812,3041600
2025-12-12,880.816765736516,886.1218169193212,864.6822598888124,881.9834594726562,4808900
2025-12-15,879.6301524301697,884.9950327667835,849.0065249130051,858.1407470703125,4771400
2025-12-16,855.0295334245739,861.1622686484181,841.6871429370814,857.9712524414062,3843300
2025-12-17,856.0865568206051,866.1382366378879,855.8172963770616,860.2249145507812,2363700
2025-12-18,857.8814195510622,860.7234438413901,850.1133415513011,855.1790771484375,2467500
2025-12-19,854.1619410570643,856.0366607018907,846.9323229059354,853.214599609375,10097600
2025-12-22,851.5992288028492,853.095011991613,844.9280333464197,847.6104736328125,2373300
2025-12-23,846.712956380788,852.5764311905995,844.4194343930145,852.386962890625,1903300
2025-12-24,856.1862635988776,873.5373727454145,855.9369664034595,869.4089965820312,1822200
2025-12-26,868.1924328155329,875.1229068399282,866.5570286490303,870.894775390625,1324100
2025-12-29,870.8349596995871,872.0415800230837,863.2563493872968,865.4003295898438,1792500
2025-12-30,861.5711058668909,865.3803743098849,859.0083233988202,863.2164916992188,1680800
2025-12-31,862.1494645410849,865.5598330164696,858.9185827366601,859.915771484375,1490000
2026-01-02,858.7191261610942,860.6735771387868,850.1034008403352,852.0977783203125,2373400
2026-01-05,861.5212425858332,876.299587333437,858.4299209073444,873.278076171875,2805600
2026-01-06,873.4874687578451,891.5665050646708,868.8505168787445,886.6004638671875,2742300
2026-01-07,889.4923780743975,891.0878557524205,877.1471762988531,880.098876953125,2680100
2026-01-08,898.5966874815377,929.050809464413,893.4811044141879,912.73681640625,5207200
2026-01-09,913.3949821045207,927.2359673082335,908.7680723988286,922.2799682617188,2895400
2026-01-12,917.8125387009021,942.1738522639666,914.4220726466423,940.4287719726562,3246400
2026-01-13,935.3830012290383,940.2492871485847,926.9866282177431,939.281982421875,2222100
2026-01-14,935.6921176439745,952.923507241607,935.6521911421075,948.3065185546875,2894900
2026-01-15,951.8564937641298,955.5860306822914,947.3292789105369,954.060302734375,2185900
2026-01-16,959.2956026893195,962.2672057660054,948.3265261512919,960.9010620117188,3862900
2026-01-20,955.6857805205491,967.1734146544444,951.4477282380319,961.5492553710938,3209900
2026-01-21,956.9023036795116,986.8578927925446,956.9023036795116,980.096923828125,4073700
2026-01-22,975.1409165053886,981.2337251303946,968.8286947074147,973.4257202148438,2074400
2026-01-23,968.7090431239021,982.0813175006098,968.2802592644157,980.48583984375,1680600
2026-01-26,983.6568919827744,990.2084293780584,973.6052123345991,974.9215087890625,2458700
2026-01-27,974.9314671896556,975.2505748858846,959.0063924359404,967.5523071289062,2077900
2026-01-28,966.7844788756445,967.3727861570547,952.9235308460756,958.0790405273438,2474800
2026-01-29,955.2968198080476,957.6003233352077,945.8434901428559,950.211181640625,1825000
2026-01-30,947.4552194382504,949.7418794251049,928.9520390398109,938.8876342773438,2396300
2026-02-02,942.8618667440954,968.9140912372628,929.9206837534902,966.9569091796875,2451300
2026-02-03,962.9527063348241,989.2146484066255,962.8828613925771,976.5030517578125,2960700
2026-02-04,981.8852694270165,993.1588892872101,973.7770394556126,976.9324340820312,2631500
2026-02-05,994.0575914763876,999.4997070043017,985.8994462889711,987.8565673828125,2988800
2026-02-06,986.7182525143253,999.9190682489734,982.0749657151235,999.7093505859375,2358600
2026-02-09,999.869168286569,1008.1571300077385,991.2416723838332,996.1445922851562,1861700
2026-02-10,994.5668791266988,996.0047951316005,967.5960044824766,969.82275390625,1781500
2026-02-11,971.8797689631986,988.1362099714881,965.7187257996974,976.7227783203125,1769400
2026-02-12,977.3318720829325,1007.7477599993804,976.722770549767,997.4127197265625,2970400
2026-02-13,998.5510682231246,1021.3979215398074,992.3201193088877,1017.0042724609375,2661600
2026-02-17,1020.8587478832064,1026.9498242051018,1009.0158856395919,1010.5836181640625,1732200
2026-02-18,1008.5365937949513,1014.5279002927431,992.0605009260238,994.6367797851562,1926800
2026-02-19,990.8722174976581,1006.39967456691,982.6840864709835,986.3887329101562,1750000
2026-02-20,981.705493363883,985.9393400415574,976.3931944929476,983.8424072265625,1662200
2026-02-23,980.3774523181329,989.8736829776,976.6428809764551,984.5913696289062,1489300
2026-02-24,984.9508091994448,997.4326975731409,983.6127239492275,996.9833374023438,1671100
2026-02-25,996.2344165878087,1001.0474400220197,990.0034677101194,993.3186645507812,1554600
2026-02-26,995.4755456195096,1004.0631216481693,982.1049927090436,985.310302734375,1804400
2026-02-27,989.0948454620902,1012.7205375550792,988.1462097324217,1009.325439453125,3935000
2026-03-02,1009.4452370405662,1019.3409122909325,1001.0374540822265,1001.3170776367188,1986900
2026-03-03,1001.087351000773,1014.2782323552399,999.180145305591,1006.309814453125,1947100
2026-03-04,1003.5438418961846,1012.5308016743594,995.5554332044736,1005.2813110351562,1806600
2026-03-05,995.0561718234956,997.8021873503542,977.3918004146707,981.1463623046875,2766000
2026-03-06,965.6088896459527,1001.0474577245462,959.0683922611365,996.65380859375,2708900
2026-03-09,998.1816162573101,1005.9503119306892,986.5584671138445,1003.8433837890625,2348200
2026-03-10,999.0503208666239,1008.6363865232382,994.5568411625761,995.9148559570312,1613400
2026-03-11,994.8763980094773,995.9448549557765,986.4586198991574,990.7922973632812,1260500
2026-03-12,987.1775637172665,1004.7520992068786,982.5742578883157,1001.8662719726562,1669200
2026-03-13,1004.4425694956371,1011.3625212611244,1000.5481958516575,1006.9688720703125,1469700
2026-03-16,1009.0358300815452,1011.1827392050872,993.987658533076,1000.2885131835938,1243400
2026-03-17,1005.0316634571379,1006.6393160634452,993.3086835679123,994.7166137695312,1210400
2026-03-18,988.9349926705112,992.539747312503,976.7227329041068,978.5001220703125,1434400
2026-03-19,984.4115868414918,987.3572636603498,969.0038906181163,973.3676147460938,1340200
2026-03-20,973.6672191255122,979.3389820335317,969.1337581466905,970.9212036132812,2621600
2026-03-23,984.2417989022865,985.2104251155546,963.1324759708775,964.3306884765625,1779100
2026-03-24,960.6660264130286,979.8582093999555,959.6075647316304,972.4089965820312,1259300
2026-03-25,976.5829748437683,979.3889009941519,966.6473792191523,973.447509765625,1067100
2026-03-26,974.2763065989756,985.7596440297709,971.3105781962925,978.2305908203125,1498300
2026-03-27,980.5971483901997,985.6797392432705,976.6927795479637,982.4344482421875,1540900
2026-03-30,986.2189935773645,1004.0830259891525,983.5828041122185,995.1360473632812,2129100
2026-03-31,995.5553874614261,1007.1385551535035,984.4215189802362,994.9862060546875,2447900
2026-04-01,993.5882764241476,1001.6765155169883,989.1547073426264,995.1160278320312,1769800
2026-04-02,1006.5395033587195,1014.5279121155347,997.7622611779888,1013.4894409179688,1828600
2026-04-06,1013.4893935828142,1019.2110715847003,1002.5552474182597,1017.0741577148438,1448600
2026-04-07,1018.7817161563623,1019.3808224148089,1003.3940101624592,1011.741943359375,1428500
2026-04-08,1002.9846306949294,1028.9668878725295,998.551061543806,1028.7772216796875,2265700
2026-04-09,1027.9983092993375,1034.3190935555074,1023.5747964142464,1030.53466796875,1433300
2026-04-10,1025.0226653129753,1027.509047717785,994.0575869806171,997.0232543945312,2333000
2026-04-13,997.0232365792153,998.6009643016196,977.940940661213,979.4287719726562,2255500
2026-04-14,972.2692009167729,976.1934993179242,964.600335993906,973.3875732421875,2136500
2026-04-15,968.9041010441629,983.9522732117586,966.8970036114321,983.3231811523438,2346200
2026-04-16,983.5727822938512,994.3072060600024,980.187679613871,985.7796020507812,1484300
2026-04-17,983.5727833957324,999.2200612705607,975.5843750026705,998.4412231445312,2346500
2026-04-20,1002.3954668070767,1009.8346844647018,992.6995749274732,996.3942260742188,1475400
2026-04-21,992.9292343193174,1005.0416638171133,985.2703645871046,1004.3526611328125,1367100
2026-04-22,1003.5238412245176,1006.6493109692844,996.8435320857524,1002.2457275390625,1215200
2026-04-23,1006.1200823458264,1015.1269713580333,1005.5708914585863,1012.9102172851562,1570700
2026-04-24,1010.533680552328,1011.9815917898942,1001.0474454088031,1009.6849365234375,1695200
2026-04-27,1007.1685723497319,1012.9401658520077,995.1859594890318,996.56396484375,1620400
2026-04-28,1009.0158553801372,1011.1827550614909,984.5713449397557,992.5597534179688,1776000
2026-04-29,986.9378977858162,997.5225145518541,983.6926068688012,997.2229614257812,1516900
2026-04-30,995.0062379640076,1016.2154531966797,994.8764214475948,1013.06005859375,2049300
2026-05-01,1015.3800048828125,1031.27001953125,1006.3200073242188,1011.7000122070312,1509700
2026-05-04,1007.02001953125,1024.719970703125,1002.2100219726562,1012.7899780273438,1479400
2026-05-05,1010.510009765625,1020.780029296875,1009.0700073242188,1016.4199829101562,1456300
2026-05-06,1011.3099975585938,1012.22998046875,992.4199829101562,995.75,2619100
2026-05-07,993.5,1012.6599731445312,990.6599731445312,1012.0599975585938,2014000
2026-05-08,1011.739990234375,1016.0,1005.1099853515625,1008.7899780273438,1805200
2026-05-11,1005.8200073242188,1007.0,985.1500244140625,999.469970703125,2053500
2026-05-12,1002.5399780273438,1026.0,1001.1400146484375,1021.8800048828125,2143200
2026-05-13,1017.9400024414062,1042.52001953125,1017.9400024414062,1033.0799560546875,1654600
2026-05-14,1034.949951171875,1041.7900390625,1026.0999755859375,1041.25,1606600
2026-05-15,1049.3599853515625,1057.5,1039.219970703125,1048.949951171875,1967000
2026-05-18,1050.0,1079.8299560546875,1045.0,1076.469970703125,2295200
2026-05-19,1077.0,1096.5,1072.0999755859375,1094.3199462890625,2853300
2026-05-20,1089.3699951171875,1089.739990234375,1072.0,1074.010009765625,2223400
2026-05-21,1063.4100341796875,1064.72998046875,1039.010009765625,1050.449951171875,2149700
2026-05-22,1039.989990234375,1045.6400146484375,1025.18994140625,1028.239990234375,2048300
2026-05-26,1026.1300048828125,1027.5,996.1599731445312,1002.9299926757812,2704600
2026-05-27,1003.8599853515625,1013.510009765625,999.6900024414062,1003.6900024414062,2390100
2026-05-28,1011.6099853515625,1012.0,994.27001953125,995.2000122070312,2844300
2026-05-29,986.5700073242188,998.8200073242188,945.4500122070312,956.3200073242188,7028000
2026-06-01,955.0,959.2100219726562,936.510009765625,946.1099853515625,2816300
2026-06-02,942.2899780273438,955.3900146484375,939.4500122070312,954.27001953125,2218200
2026-06-03,952.8800048828125,969.1799926757812,951.97998046875,961.8300170898438,2174100
2026-06-04,986.9600219726562,990.010009765625,968.2100219726562,972.3499755859375,2345200
2026-06-05,977.5,997.4099731445312,971.5999755859375,971.8699951171875,3092000
2026-06-08,963.4600219726562,978.97998046875,961.0,974.75,2086100
2026-06-09,nan,nan,nan,nan,1846383
