Price,Open,High,Low,Close,Volume
Ticker,,,,,,
,,,,,,
2012-05-18,41.72257890337034,44.649609624651944,37.70411479415053,37.93232345581055,573576400
2012-05-21,36.24556407696098,36.3745529135857,32.74305104049431,33.76502990722656,168192700
2012-05-22,32.356089710282355,33.32845869253158,30.699092737777157,30.758625030517578,101786600
2012-05-23,31.125745418689803,32.24694609642029,31.115823054329667,31.750839233398438,73600000
2012-05-24,32.69343296949092,32.95140679347901,31.52262083025012,32.77280807495117,50237200
2012-05-25,32.64382640851372,32.69343632764635,30.867763294608,31.66153335571289,37149800
2012-05-29,31.234883666435564,31.443249506485007,28.426919254797564,28.615440368652344,78063400
2012-05-30,28.476533975345603,29.31991410718718,27.64307431511615,27.970504760742188,57267900
2012-05-31,28.32769854884861,29.438978653790837,26.62109177634527,29.369524002075195,111639200
2012-06-01,28.665049898888423,28.923025658392614,27.17672951963154,27.504159927368164,41855500
2012-06-04,26.988211257669434,27.434706251777737,26.23412867834514,26.6905460357666,35230300
2012-06-05,26.492102933079366,27.543848781706195,25.549499289665643,25.66856575012207,42473400
2012-06-06,25.867008048911835,26.958443378960286,25.32129133013623,26.601245880126953,61489200
2012-06-07,26.789768636648773,27.13704379377147,25.946386652921472,26.105140686035156,26159500
2012-06-08,26.34326801973968,27.54384735486843,26.2341258201804,26.888986587524414,38034000
2012-06-11,26.968364719230312,27.851434177303897,26.63101195923648,26.7996883392334,28219600
2012-06-12,27.266030152063948,27.553773013731085,26.750078609245342,27.18665313720703,15816800
2012-06-13,27.444629497736198,27.881204035069292,26.88899038181058,27.057666778564453,17102800
2012-06-14,27.434708878606777,28.099492144261873,27.166810720992604,28.069726943969727,16855000
2012-06-15,28.288010518646903,29.865630325029503,28.12925649092892,29.776330947875977,43563800
2012-06-18,29.726719543758897,31.830215171444156,29.18100280247055,31.165430068969727,42978900
2012-06-19,31.294415412138292,31.929431461022208,30.460955901729605,31.66153335571289,30849000
2012-06-20,31.67145662669089,31.68137898930151,30.90745173814749,31.35394859313965,15553600
2012-06-21,31.42340657997436,32.24694383924597,31.264652546319397,31.592082977294922,21875300
2012-06-22,32.15764364104882,33.18954672606421,31.810370384069905,32.792659759521484,74834000
2012-06-25,32.60413766245437,32.76289167809954,31.30433655717595,31.810367584228516,24352900
2012-06-26,32.435458689913524,33.1796188318341,32.24693948322489,32.84226608276367,24858700
2012-06-27,32.20725071403132,32.64382709557336,31.651611659563272,31.979042053222656,28568000
2012-06-28,31.71114659290165,31.939355272785495,30.659400678765273,31.115819931030273,17713300
2012-06-29,31.671456292205907,31.74091093724958,30.520488736489543,30.85784149169922,19526900
2012-07-02,31.006676680918368,31.482938780537907,30.312126366266853,30.530414581298828,14122000
2012-07-03,30.669322725180216,31.195196623062458,30.56017862179966,30.95706558227539,8763600
2012-07-05,31.07613056859331,31.383716263794057,30.77846723678579,31.22496223449707,10032100
2012-07-06,31.195197791107685,31.651615163248263,31.01659903070577,31.482938766479492,10945600
2012-07-09,31.85005523807602,32.623984424539515,31.740913028315966,31.919509887695312,17785200
2012-07-10,32.1774883027763,32.227098227245115,30.917376539296324,31.22496223449707,14269500
2012-07-11,31.23488430640499,31.31426132031273,30.31212533691667,30.72885513305664,13030300
2012-07-12,30.46095667359628,31.155505021538318,30.361734940319657,30.570098876953125,11300700
2012-07-13,30.798310565338536,30.828075761669574,30.322046606572506,30.48080062866211,8108300
2012-07-16,30.262517743406043,30.262517743406043,27.99034747001056,28.03003692626953,24672100
2012-07-17,28.25824337543619,28.36738747897282,26.938599339709985,27.871280670166016,30438600
2012-07-18,28.089568755930706,29.061939600802855,27.93081471850207,28.88334083557129,16841800
2012-07-19,29.18100408080951,29.270303463113716,28.407076731672188,28.77419662475586,13685100
2012-07-20,28.774193268133754,29.240532960490732,28.496372789763132,28.536062240600586,11869100
2012-07-23,27.901046494956752,28.774193606169327,27.79190239636873,28.526140213012695,12390700
2012-07-24,28.595597379795358,29.22069304542438,27.881204225859562,28.228479385375977,11539800
2012-07-25,28.16894562914253,29.260381050199808,27.861359919775513,29.111549377441406,17230200
2012-07-26,27.533927771372195,28.010189851596582,26.52186943152241,26.64093589782715,64597400
2012-07-27,23.00943523952694,24.348924055197493,22.106520962907705,23.5253849029541,123102300
2012-07-30,23.81312959499037,23.85281905271416,22.850682955158614,22.96974754333496,29285900
2012-07-31,23.18803282572797,23.18803282572797,21.441736650501152,21.540956497192383,56179400
2012-08-01,21.33258995757154,21.411966960783552,20.677729207948175,20.717416763305664,44604400
2012-08-02,20.608280124795368,20.677734784775815,19.66567630149562,19.88396453857422,56374500
2012-08-03,20.20147142913425,21.98745532254604,19.745052145486166,20.9257869720459,80647000
2012-08-06,21.223448984925653,21.977531572417984,21.134149606637266,21.74932289123535,27778900
2012-08-07,22.02714387544226,22.27519728893824,20.34037990667063,20.558666229248047,36782900
2012-08-08,20.548743865608525,20.985318403260713,20.06255940225608,20.558666229248047,29537400
2012-08-09,20.58843306999334,21.005162875302737,20.44952376572265,20.84640884399414,15610700
2012-08-10,21.243293608019442,21.650101043792098,20.965473111090457,21.640178680419922,25794700
2012-08-13,21.977530918132903,22.27519613439829,21.23337071621533,21.431814193725586,24973100
2012-08-14,21.24329221979499,21.43181332655207,20.092324638799347,20.221311569213867,39308800
2012-08-15,20.479286434705184,21.24329129883832,20.241155417150136,21.034927368164062,47861100
2012-08-16,20.280845776161716,20.320533334619466,19.53668560323134,19.71528434753418,157565300
2012-08-17,19.854196603517618,19.923651260555566,18.852060527333357,18.901670455932617,129293400
2012-08-20,18.90167040351827,19.973261133768954,18.604007047753203,19.854196548461914,101186600
2012-08-21,19.42754255443833,19.824427622928415,18.94135810897581,19.010812759399414,70640600
2012-08-22,19.209254432977552,19.377930807781482,18.812367509323284,19.288631439208984,49892200
2012-08-23,19.34816372075828,19.576372377111507,19.209254432977552,19.288631439208984,32813700
2012-08-24,19.368011373549287,19.526765410013017,19.100113227330215,19.258867263793945,29622200
2012-08-27,19.338243519112392,19.377932972911232,18.951280807060293,19.000890731811523,20704000
2012-08-28,18.951280126579526,19.229098723206544,18.80244846517259,19.189411163330078,25417000
2012-08-29,19.169566909818172,19.229099197349417,18.9215135038578,18.95128059387207,16124700
2012-08-30,19.11995924987411,19.29855802611541,18.91159338009342,18.941360473632812,30647500
2012-08-31,18.534553559175052,18.554398288809562,17.889614986034093,17.91938018798828,58764200
2012-09-04,17.939224656448314,18.127745800236355,17.41335068377538,17.591949462890625,46622400
2012-09-05,18.12774373739105,18.604005832503788,18.038444357995246,18.43532943725586,60781800
2012-09-06,18.59408397389624,19.11003553719475,18.574239246269975,18.81237030029297,46066500
2012-09-07,18.95128082447738,19.268788885170633,18.63377276378413,18.83221435546875,36371700
2012-09-10,18.911593321035667,19.05050453128817,18.405564087431408,18.66353988647461,24797800
2012-09-11,18.77268213570706,19.42754298640055,18.703227483739166,19.278711318969727,50508200
2012-09-12,20.59835243829353,20.995237458853733,20.12209041362129,20.76702880859375,121584000
2012-09-13,20.796797619212775,21.312749181921596,20.44952434863702,20.548744201660156,65041600
2012-09-14,20.96547245072212,21.908076123918363,20.737263777842102,21.828699111938477,72819800
2012-09-17,22.4934872983256,22.572864327954765,21.332597057188018,21.352441787719727,50667600
2012-09-18,21.431814621064486,21.808854964855247,21.203605942125414,21.6997127532959,36760500
2012-09-19,21.818777098596186,23.188032942817593,21.600490785277056,23.10865592956543,78782800
2012-09-20,22.840758538731635,23.059044859109267,22.364496443818243,22.414106369018555,57248900
2012-09-21,22.79114522803069,23.059043348556493,22.424027263603968,22.682003021240234,51218100
2012-09-24,21.610411600690515,21.808853173359278,20.201468297004585,20.62812042236328,79106500
2012-09-25,21.03492782678007,21.044848296792857,20.062557118275375,20.12209129333496,46291700
2012-09-26,19.993104334473717,20.618199983313062,19.645829184284892,20.45944595336914,38271900
2012-09-27,20.826562570102244,20.836484932884233,20.003025384169085,20.161779403686523,30215900
2012-09-28,20.409831575776856,21.779087277890994,20.340376932951678,21.491344451904297,65486000
2012-10-01,21.90807454560814,22.41410367021083,21.5607994335282,21.818775177001953,51262700
2012-10-02,21.908078445739232,22.31488591181181,21.650102656339982,22.096599578857422,29341400
2012-10-03,22.12636244464525,22.314883557876872,21.630255646402105,21.660022735595703,32000100
2012-10-04,22.146206941093062,22.225583952288844,21.243292729054566,21.779088973999023,46892100
2012-10-05,21.322672445419578,21.46158175951107,20.717421475453857,20.747188568115234,40529300
2012-10-08,20.24115753173828,20.588432678305544,20.00302648930575,20.24115753173828,32236700
2012-10-09,20.231233261370754,20.389987274694633,19.814503503271293,20.072479248046875,27161800
2012-10-10,19.77481287082891,19.784735231680674,19.29855090492508,19.487070083618164,39321800
2012-10-11,19.725206961104302,19.804583979142045,19.457310708037788,19.596220016479492,21817300
2012-10-12,19.596222096477053,19.645832028329856,19.32832392247769,19.368013381958008,18809400
2012-10-15,19.52676743488409,19.7252090547929,19.338246287347772,19.368013381958008,20189700
2012-10-16,19.526764944001638,19.536687307605995,19.14972269702544,19.32832145690918,21834700
2012-10-17,19.348166023767984,20.320534938968244,19.21917908297502,19.72520637512207,44074500
2012-10-18,19.54660938452589,19.63590876315803,18.74291497683661,18.83221435546875,52157400
2012-10-19,18.852062225341797,18.911594523522485,18.653618708075985,18.852062225341797,34835000
2012-10-22,19.050504427361766,19.278713131713584,18.90167085343905,19.16956901550293,32447300
2012-10-23,19.100113990979317,19.645830776579736,18.951282312406246,19.348167419433594,78381200
2012-10-24,23.942111751779237,24.06117820860302,22.67207963897691,23.04911994934082,228949900
2012-10-25,23.108657717274227,23.128500552749372,22.29504090287575,22.384340286254883,76142000
2012-10-26,22.2255842946941,22.701846369206052,21.709632767724198,21.769166946411133,73175800
2012-10-31,20.657888156612117,21.33259375011294,20.56858877556069,20.94563102722168,99378200
2012-11-01,20.91586435703967,21.27306188843515,20.846409702045527,21.044851303100586,37713900
2012-11-02,21.094462235921394,21.52111440437446,20.905941114221758,21.015085220336914,38344400
2012-11-05,20.93570774903312,21.312748091727812,20.75710899473137,21.08453941345215,31806700
2012-11-06,21.07461784593402,21.203606681132467,20.826564431703396,21.005163192749023,29062700
2012-11-07,20.6876539529147,20.786875691483292,20.21139187878218,20.310611724853516,33396800
2012-11-08,20.36022450039861,20.56858845796976,19.82442822236306,19.8343505859375,34254600
2012-11-09,19.804583118801812,19.84427257234521,18.98104588274938,19.060422897338867,42295500
2012-11-12,19.000892031640344,20.012950462776683,18.72307340603249,19.913728713989258,67349200
2012-11-13,19.457310808089286,19.953417646500558,19.40769898874972,19.705364227294922,71775100
2012-11-14,19.94349303571921,22.32480521330572,19.77481665396324,22.185895919799805,229751000
2012-11-15,22.166053797193022,22.32480783484099,21.48142582702529,21.997377395629883,78857700
2012-11-16,22.076753257004306,23.743672457411392,22.007298605736896,23.37655258178711,107182200
2012-11-19,23.77343831329651,23.932194239513915,22.642315349916842,22.74153709411621,85021300
2012-11-20,22.553015617978673,23.71390565427902,22.5232504199308,22.920135498046875,46655300
2012-11-21,23.039200796833406,24.339002070557864,22.87052439678887,24.13063621520996,89862400
2012-11-23,24.38861135701139,24.48783310016794,23.694061047412863,23.813127517700195,29520900
2012-11-26,24.745806396077008,25.88685159681192,24.616817575147763,25.738019943237305,123865000
2012-11-27,25.837242224327728,26.293659557301094,25.2617565379744,25.94638442993164,85760600
2012-11-28,25.738022917656576,26.28373967466173,25.54950179201044,26.154752731323242,49205600
2012-11-29,26.293662017259972,27.30572040570859,25.95630922111043,27.107276916503906,88759700
2012-11-30,27.047746399050993,27.781984329223633,26.551639536029143,27.781984329223633,127049600
2012-12-03,27.78197849041261,28.655125553126854,26.769920248348278,26.82945442199707,123526100
2012-12-04,26.849302109799073,27.543852454669036,26.4722617376537,27.246187210083008,72869200
2012-12-05,27.53392926221192,27.682760933778454,27.047744792429306,27.494239807128906,58976300
2012-12-06,27.46447287209159,27.533927521598763,26.611168566724,26.760000228881836,46001500
2012-12-07,26.859221601639153,27.563694235244604,26.631012929941893,27.275951385498047,51751900
2012-12-10,26.958444854189167,27.950658500802685,26.888990201725797,27.623228073120117,50608500
2012-12-11,27.85143774947431,28.02011415110533,27.444630291275516,27.76213836669922,77099100
2012-12-12,27.78198133689095,27.920890637976274,27.156887589509715,27.365251541137695,46704200
2012-12-13,27.3751745032609,28.526142175281155,27.216420472119992,28.020112991333008,81051600
2012-12-14,27.960579334300405,28.10941099464855,26.551635957509983,26.601245880126953,91631600
2012-12-17,26.561558440735098,26.789767113801474,26.11506156517284,26.54171371459961,57742500
2012-12-18,26.750079556798855,27.69268329754921,26.690547266671718,27.494239807128906,60512900
2012-12-19,27.613304960772147,28.000267666859113,26.740157808127968,27.196575164794922,61390300
2012-12-20,27.27595196370211,27.38509606660892,26.918754457823294,27.14696502685547,35574800
2012-12-21,26.45241562764644,26.799690781939837,25.91662124337728,26.055530548095703,54555200
2012-12-24,26.293661851526263,26.750079224323834,25.995998512092832,26.720314025878906,28230100
2012-12-26,26.81953662359656,26.968368298051,26.174596213464945,26.303585052490234,33175400
2012-12-27,26.34327096616505,26.59132437222121,25.321292144411952,25.847164154052734,43481700
2012-12-28,25.28160171571709,25.90669733466182,24.95417130805464,25.708253860473633,56574800
2012-12-31,25.995997560506257,26.779845334986707,25.906698183445574,26.41272735595703,60374500
2013-01-02,27.22634517253846,27.960583102711098,27.206500443818186,27.781984329223633,69846400
2013-01-03,27.66291609605368,28.248322308714734,27.375175117837458,27.553773880004883,63140600
2013-01-04,27.79190206987299,28.704738621665395,27.613303326098816,28.536062240600586,72715400
2013-01-07,28.466610089346457,29.55804548058179,28.426920635030065,29.19092559814453,83781800
2013-01-08,29.280225699865852,29.36952508178238,28.635287191299998,28.833728790283203,45871300
2013-01-09,29.438979529458695,30.361738541122303,29.26038076687898,30.351816177368164,104787700
2013-01-10,30.361735588046372,31.205117500144336,30.0442275487853,31.056283950805664,95316400
2013-01-11,31.036442208464752,31.711145869357615,30.857843456979456,31.47301483154297,89598000
2013-01-14,31.830213483805203,31.95919852409272,30.38158067196876,30.70901107788086,98892800
2013-01-15,30.40142548790567,31.463093785629926,29.647342890340465,29.865631103515625,173242600
2013-01-16,29.974772211366126,30.11368340348662,29.300068547126724,29.617576599121094,75332700
2013-01-17,29.845786923953316,30.183139720960888,29.79617699777465,29.905319213867188,40256700
2013-01-18,30.07399270062078,30.20298152419247,29.042091574533217,29.429054260253906,49631500
2013-01-22,29.518355655043614,30.64947859387303,29.5084332915893,30.490724563598633,55243300
2013-01-23,30.857843300849687,31.254728361865997,30.56017808571452,30.58002281188965,48899800
2013-01-24,31.0265204622436,31.24480677812301,30.570101211317365,30.83799934387207,43845100
2013-01-25,31.165433304147367,31.68138490119569,30.887612776698845,31.294422149658203,54363600
2013-01-28,31.631766503437294,32.25686019463334,31.562311859137413,32.2171745300293,59682500
2013-01-29,31.750834240444114,31.820288887545534,30.470877826727556,30.550256729125977,72976500
2013-01-30,30.73877602926642,31.24480517846316,30.639554293493042,30.99675178527832,87682100
2013-01-31,28.92302992076215,31.22496547711476,28.51622244188074,30.738780975341797,190744900
2013-02-01,30.768542481512643,30.778464844134525,29.39928671964748,29.49850845336914,85856700
2013-02-04,28.833726503886695,28.972637693906982,27.791902987469378,27.891124725341797,92362200
2013-02-05,28.039957560828686,28.734505970044037,27.821671242360548,28.4169979095459,47948200
2013-02-06,28.516219163565122,29.061937789142327,28.436842149799002,28.82380485534668,38375900
2013-02-07,28.883341126053043,28.923028689560642,28.049881474921843,28.426921844482422,34540100
2013-02-08,28.665050532055865,28.94287102361945,28.28801019368132,28.32769775390625,37708800
2013-02-11,28.3872302600241,28.456684905697458,27.821668839544294,28.039955139160156,37361800
2013-02-12,27.454552305586898,27.940736776450517,26.888990816878145,27.156888961791992,93498700
2013-02-13,27.14696739641094,28.099491638566967,27.09735557598775,27.692684173583984,50164000
2013-02-14,27.801825541897223,28.407074551340834,27.791903178791948,28.278087615966797,35615800
2013-02-15,28.297934612416103,28.52614330465396,27.871282427146912,28.099491119384766,33109300
2013-02-19,28.010190228577386,28.853572189803035,27.901048016534517,28.704740524291992,49396400
2013-02-20,28.69481876766348,28.823805709167807,28.10941256411091,28.238399505615234,42098200
2013-02-21,28.059804424358816,28.327700687992362,26.938601871290878,27.067590713500977,49642300
2013-02-22,27.404942856821165,27.41486332828952,26.611170772036044,26.91875648498535,36350200
2013-02-25,26.948522671106844,27.42478477047166,26.938600307474573,27.057666778564453,34652000
2013-02-26,27.146964006231183,27.24618384969187,26.492103198405186,27.176729202270508,31611700
2013-02-27,27.127121598963072,27.127121598963072,26.42264891670168,26.660781860351562,44319700
2013-02-28,26.63101714549115,27.08743456113414,26.134910271532668,27.037824630737305,83027800
2013-03-01,26.839378504025007,27.901048700351087,26.60124745487161,27.563695907592773,54064800
2013-03-04,27.543849379213682,27.84151269806617,27.226341334438438,27.504159927368164,32400700
2013-03-05,27.662913060908068,27.960578262693385,26.998129903833842,27.30571746826172,40622200
2013-03-06,27.881201717659646,27.9109669135851,27.137041539568184,27.236263275146484,33532600
2013-03-07,27.355326061036497,28.456683658433093,27.25610433192469,28.35746192932129,74540200
2013-03-08,28.208632085723078,28.248319644407406,27.514081830024008,27.742290496826172,44198900
2013-03-11,27.79190386952562,28.416997620715716,27.61330511418636,27.92089080810547,35642100
2013-03-12,27.881202261723516,28.09948857025758,27.385095466648355,27.613304138183594,27569600
2013-03-13,27.40494069663046,27.434705893684125,26.710390413753487,26.869144439697266,39619500
2013-03-14,26.888986703148767,27.216417088228745,26.621088599220485,26.82945442199707,27646400
2013-03-15,26.819535686156883,26.849300884508917,26.35319405866989,26.442493438720703,31597400
2013-03-18,26.16467071557713,26.58140045949123,25.579264601685963,26.283735275268555,26653700
2013-03-19,26.323426515176745,26.690544473792748,26.005916585228796,26.34326934814453,25254200
2013-03-20,26.472260521202053,26.48218288481538,25.579268613473552,25.658645629882812,44006500
2013-03-21,25.460200472927156,25.906697343758747,25.36097873579822,25.53957748413086,24336100
2013-03-22,25.59911393077179,25.80747980186399,25.430437517981925,25.529659271240234,18456300
2013-03-25,25.54950332655123,25.59911325562321,24.88472005750029,24.934329986572266,39199000
2013-03-26,24.884717362808733,25.281602429899525,24.835107439108864,25.013704299926758,26957200
2013-03-27,24.805339318708818,26.0753733731257,24.527518837040287,25.886852264404297,52297400
2013-03-28,25.88685423035582,25.96623124650401,25.321292753737804,25.38082504272461,28585700
2013-04-01,25.43043475476491,25.6884105282064,25.083161494841107,25.331214904785156,22249300
2013-04-02,25.56934391133699,25.916619036052886,25.10300232664812,25.222068786621094,35153300
2013-04-03,25.628878708479792,26.18451782701803,25.4998917656485,26.045608520507812,48195200
2013-04-04,26.412727418250196,27.017976440036723,25.906698244545293,26.859222412109375,82016800
2013-04-05,26.65085721893893,27.583536616450377,26.402803825292803,27.176729202270508,64566600
2013-04-08,26.978288677777076,26.988211041010576,26.422647691684677,26.64093589782715,27256000
2013-04-09,26.373038909530383,26.680624613093176,26.2142848759175,26.38296127319336,21311100
2013-04-10,26.799692278499176,27.623229574241766,26.690548165841353,27.355331420898438,45949400
2013-04-11,27.266032076917554,27.881205404859973,27.037823379655627,27.801828384399414,33368500
2013-04-12,27.78198169488255,27.78198169488255,27.0278991074932,27.18665313720703,28697400
2013-04-15,26.94852127225327,27.266029322015157,26.154751147848547,26.313505172729492,30275400
2013-04-16,26.601249788848268,26.898915045779987,26.194442307622687,26.71039390563965,27365900
2013-04-17,26.442494111282596,26.98821276908423,26.184518328185035,26.422649383544922,26440600
2013-04-18,26.611169847766625,26.611169847766625,24.954172972982256,25.48996925354004,39059000
2013-04-19,25.420517045903875,25.75786797898607,25.132774150704535,25.529659271240234,20380900
2013-04-22,25.609033899984524,26.154752545612194,25.499891684856877,25.76778793334961,25687600
2013-04-23,26.01583908291219,26.124983181038495,25.569344112617408,25.777708053588867,25191500
2013-04-24,25.72809757830805,26.194437264131672,25.599108757390624,25.906696319580078,19729900
2013-04-25,25.86700775447169,26.19443816050941,25.79755310659963,25.93646240234375,17150000
2013-04-26,26.39288249448145,27.404940834331235,26.39288249448145,26.64093589782715,33018000
2013-04-29,26.948521005819337,27.196574403805524,26.65085768523481,26.769922256469727,29201100
2013-04-30,26.91875584868767,27.63315089735736,26.79969126890764,27.553773880004883,36245700
2013-05-01,27.63314900566738,27.702603654533952,27.097352755844263,27.216419219970703,64567600
2013-05-02,27.791906287313317,28.79404236306763,27.762139194668052,28.744430541992188,104257000
2013-05-03,28.81388456875374,28.843649766295503,27.930813155901166,28.089567184448242,58506400
2013-05-06,28.1094140604033,28.238401008773728,27.26603203645066,27.355331420898438,43939400
2013-05-07,27.335484855108916,27.6331500807573,26.640936446923984,26.68062400817871,41259100
2013-05-08,26.6707015209848,27.087431320960995,26.442492840461412,26.90883445739746,34654900
2013-05-09,26.86914197859917,27.33548165053214,26.64093332377008,26.82945442199707,33457200
2013-05-10,26.9286768754768,27.087430902300014,26.363115418356934,26.472259521484375,30847100
2013-05-13,26.392883493158575,27.117199004135948,26.32342884039326,26.611169815063477,29068800
2013-05-14,26.680623657566787,27.06758825657483,26.611169006910735,26.859222412109375,24930300
2013-05-15,26.710389433669857,26.7798440809096,26.194437922035743,26.392881393432617,30299800
2013-05-16,26.27381744400164,26.343272097881595,25.69833359292825,25.926542282104492,35499100
2013-05-17,26.194440190696955,26.39288367928072,25.99599859461055,26.045608520507812,29462700
2013-05-20,25.97615131031425,25.986073673016477,25.489966892888233,25.55942153930664,42402900
2013-05-21,25.668565184159323,25.8769291197424,25.390744710884743,25.4601993560791,26261300
2013-05-22,25.45028054605821,25.648724039311034,24.725965012930992,24.964096069335938,45314500
2013-05-23,24.606896218848792,25.331213576193818,24.577131022414946,24.864871978759766,37663100
2013-05-24,24.775573110145313,24.775573110145313,23.892503604635692,24.120712280273438,58727900
2013-05-28,24.348922301181027,24.348922301181027,23.733749045355715,23.9123477935791,50079700
2013-05-29,23.604761693179384,23.62460452624325,23.078887820794485,23.13842010498047,64237800
2013-05-30,23.94211306670664,24.587053413469178,23.743671484431207,24.358842849731445,60733200
2013-05-31,24.438218974227436,24.75572890084005,24.081023382096138,24.160400390625,35925000
2013-06-03,24.081023051361928,24.13063297132468,23.525382106794027,23.66429328918457,35733800
2013-06-04,23.70398244592183,23.74367189856752,23.13842099320164,23.336864471435547,34760800
2013-06-05,23.16818800996804,23.525383620171773,22.612548922153252,22.721691131591797,53819700
2013-06-06,22.810991959579678,22.91021370470238,22.49348388918494,22.791147232055664,31260700
2013-06-07,22.85068016337158,23.217798139976356,22.682003773648574,23.10865592956543,38699200
2013-06-10,23.87266198690563,24.40845831338734,23.80320732810189,24.140560150146484,58393000
2013-06-11,23.842893600463867,24.160401651144653,23.81312651102607,23.842893600463867,29885900
2013-06-12,23.971883633376812,24.071105385157676,23.396399744044825,23.58492088317871,26445800
2013-06-13,23.53531040783151,23.644454530285905,23.088815338013518,23.54523277282715,31189300
2013-06-14,23.376554026690577,23.703984468973477,23.07889067643246,23.446008682250977,30677100
2013-06-17,23.72382746923128,24.061180250953715,23.5650734416557,23.832971572875977,33664500
2013-06-18,23.902427423980956,24.497756003540985,23.892505060196928,24.02149200439453,36709100
2013-06-19,24.011570070292972,24.993861315100784,23.91234833099478,24.120712280273438,31790600
2013-06-20,24.090947572971125,24.557287296906274,23.4658519274332,23.713905334472656,42765600
2013-06-21,24.39853490102822,24.507679013030778,23.862738597558312,24.33900260925293,45833900
2013-06-24,23.763517715789774,23.922271748665835,23.197954344609293,23.75359535217285,40626000
2013-06-25,23.952037910415942,24.239780789388213,23.85281805525061,24.061182022094727,24713200
2013-06-26,24.31915702584235,24.45806633259831,23.803205468609683,23.971881866455078,29890300
2013-06-27,24.051259150504453,24.646587731419874,24.021492059084597,24.467988967895508,34694100
2013-06-28,24.487831990009706,24.785495313487427,24.229856226496963,24.6862735748291,96778900
2013-07-01,24.775575329159437,24.864874713276144,24.42830204925829,24.6168212890625,20582200
2013-07-02,24.507677323490064,24.577131974522654,24.11079035902273,24.219934463500977,18394100
2013-07-03,24.03141533367718,24.51759982364348,23.961960676895917,24.32908058166504,10404400
2013-07-05,24.458064950967422,24.46798731410339,24.01156996483251,24.180246353149414,20229500
2013-07-08,24.27946804991498,24.84503143678452,24.22985812295151,24.51759910583496,27064600
2013-07-09,24.87479917556897,25.29152903909954,24.83511160844575,25.281606674194336,30387900
2013-07-10,25.38082334299346,25.628876738406802,25.27167924341248,25.599109649658203,26721800
2013-07-11,25.757865252479377,25.79755470658053,25.251837960171027,25.609033584594727,26777400
2013-07-12,25.539577475162844,25.728098586391898,25.351056363933786,25.708253860473633,16537900
2013-07-15,25.728101339873206,26.224208185940956,25.45028082477619,26.075376510620117,24234000
2013-07-16,26.184515453233036,26.541712943302755,25.807475130101707,26.115060806274414,30817600
2013-07-17,26.164674827449154,26.57148227323737,26.095218282133914,26.442493438720703,21518500
2013-07-18,26.54171581962806,26.56156054733744,25.916622036761844,25.976154327392578,24806900
2013-07-19,25.618959295973227,25.906702198316456,25.40067294738351,25.678491592407227,46539700
2013-07-22,25.7876318664985,25.926541168290814,25.5197337337585,25.847164154052734,27526300
2013-07-23,25.8967770832973,26.095218681168973,25.767788246808205,25.926542282104492,28221600
2013-07-24,26.11506392218265,26.323429780416802,25.8471657726662,26.303585052490234,82635600
2013-07-25,33.27883831836565,34.60840442472533,32.494988824580325,34.09245300292969,365457900
2013-07-26,33.507056686608564,34.459580918367124,33.29869272059791,33.74518585205078,136028900
2013-07-29,33.80471422476911,35.35256867404172,33.74518005114525,35.15412521362305,124718800
2013-07-30,35.372422784295274,37.66443419455996,35.04499041997449,37.337005615234375,173582800
2013-07-31,37.664429765126506,38.0117068184135,36.04712421851434,36.51346206665039,154828700
2013-08-01,37.009566592857055,37.99185972410872,36.63252436434692,37.198089599609375,106066500
2013-08-02,37.366764258406384,38.19030336835669,37.20801023281283,37.753726959228516,73058500
2013-08-05,38.130768879154296,39.01383837589594,37.95217012869031,38.884849548339844,79994800
2013-08-06,38.805473112021495,38.9443824054482,37.6445812733945,38.24983215332031,63950800
2013-08-07,38.309366985052854,38.63679549873142,37.40645277734093,38.56734085083008,68854800
2013-08-08,38.825320129424135,38.884850524410105,38.130769836295954,38.23991394042969,41301000
2013-08-09,38.28952138707633,38.43835493490023,37.71403570615123,38.20022201538086,43532300
2013-08-12,37.902564329296176,38.200227684121515,37.803340687691126,37.92240905761719,31161000
2013-08-13,37.942248435502044,38.02162355259808,36.48369328204303,36.731746673583984,65379200
2013-08-14,36.54322657854262,37.25761775517976,36.3348588580706,36.364627838134766,48423900
2013-08-15,36.076882324424766,36.78135297874255,35.739529593696055,36.275325775146484,56521100
2013-08-16,36.68214235396147,37.19809394135634,36.61268769652321,36.79128646850586,45840800
2013-08-19,37.13855983845784,37.981939986370335,36.85081695128958,37.515602111816406,57609600
2013-08-20,38.051389589206515,38.27960204526205,37.396528772467704,38.110923767089844,57995200
2013-08-21,38.081159698445305,38.54749752486171,37.85295102062567,38.02162551879883,46116900
2013-08-22,38.071233408916164,38.44827562321319,38.04146821318026,38.24983215332031,21931200
2013-08-23,38.69633024234664,40.313639463555994,38.62687559342917,40.23426055908203,86442300
2013-08-26,40.58153954198025,41.61343885484889,40.30371714794341,41.01811218261719,94162400
2013-08-27,40.36325152198223,40.87920307337862,39.113060205330875,39.33134841918945,72695100
2013-08-28,39.64885438606726,40.531923880870416,39.56947926658779,40.23426055908203,57918200
2013-08-29,40.57161350393888,41.4546830024603,40.48231412852691,40.95857620239258,58303400
2013-08-30,41.692821428769996,41.93095060460109,40.74029715545562,40.968505859375,67735100
2013-09-03,41.51422207385603,41.83173016052073,41.1867897304234,41.54398727416992,48774900
2013-09-04,41.68289389717249,41.84164793025286,41.117332417761524,41.45468521118164,42581900
2013-09-05,41.46460277463148,42.43697154342592,41.44475805057517,42.32782745361328,50035400
2013-09-06,42.75448753204295,44.26265277664793,42.06986145689117,43.607791900634766,117535700
2013-09-09,44.014602057228345,44.44125426769703,43.359741141043045,43.69709396362305,75794700
2013-09-10,43.89552934566427,43.91537028597245,42.89339153535611,43.2605094909668,54540300
2013-09-11,43.05214661664241,44.738910459094406,42.7743280255307,44.689300537109375,72328300
2013-09-12,45.17548718854171,45.26478657025067,44.30234188404827,44.40156173706055,68072300
2013-09-13,44.68930034972761,44.72898980114699,43.587942675303566,43.96498489379883,52765300
2013-09-16,44.50077693643465,44.590076308805195,42.09962192268465,42.17899703979492,70424200
2013-09-17,42.16907797234492,45.08618459183382,42.09962332319003,44.71906661987305,91934600
2013-09-18,44.49086015858724,45.115955817059444,44.05428751576244,44.87782287597656,79317000
2013-09-19,45.155637178176754,45.69143340574767,44.87781859424858,45.621978759765625,63972400
2013-09-20,45.95933587724513,47.229368135616284,45.38385392954371,47.1202278137207,115508400
2013-09-23,46.91186255584561,47.17976070922228,45.92957311179271,46.82256317138672,75177000
2013-09-24,48.13228048566961,49.273327649507195,47.78500723667271,48.072750091552734,136716100
2013-09-25,48.84668143320733,49.15426905185055,48.082676407541285,49.07489013671875,87879700
2013-09-26,49.62060029065868,50.20600646393555,49.11457302189132,49.997642517089844,98220100
2013-09-27,49.898422633292455,50.880711973382255,49.471770484366345,50.841026306152344,81410500
2013-09-30,49.74959069777197,51.19822168612081,49.412237912883036,49.838890075683594,100095000
2013-10-01,49.580915501560135,50.63265950997778,49.064963968093465,50.027408599853516,98114000
2013-10-02,49.73966663647929,50.7021112122818,49.56106789354804,49.88849639892578,62834000
2013-10-03,50.077022202582064,50.32507560555108,48.67800116123663,48.79706573486328,82045000
2013-10-04,49.38247768074115,50.76165415661458,49.18403417820652,50.6425895690918,74447000
2013-10-07,50.33499664287042,50.89063763437364,50.00756811546278,50.12663269042969,57204000
2013-10-08,50.20600741922377,50.20600741922377,46.71341882422966,46.77294921875,136081000
2013-10-09,47.01107741858545,47.46749472726245,44.90758204078033,46.405826568603516,147297000
2013-10-10,47.497266951969564,49.293175043234896,47.45758128207569,48.6680793762207,99774000
2013-10-11,48.79706237229647,49.48168835471587,48.41009969592924,48.72760772705078,58428000
2013-10-14,47.933843100349556,49.24356482391785,47.53695612381595,49.12449645996094,68781000
2013-10-15,49.60076077396992,50.60289486971769,48.79706637520576,49.11457443237305,81167000
2013-10-16,49.650368784261225,50.84102584523764,49.51145948772963,50.74180221557617,64678000
2013-10-17,50.72195764736329,51.8133948670665,50.55328315390599,51.803470611572266,71522000
2013-10-18,53.758131593672815,54.403071928989654,53.18264590554464,53.797821044921875,88260000
2013-10-21,54.25424520877952,54.383234049078766,53.09335321607603,53.43070602416992,58235000
2013-10-22,53.90696751623893,54.33361588846616,51.793551456628,52.269813537597656,83204000
2013-10-23,51.34705039751496,51.84315716464071,50.731879066077425,51.49588394165039,57207000
2013-10-24,51.97215225010405,52.42856962249075,51.18830255513905,52.04160690307617,46775000
2013-10-25,52.765920182703056,52.825454362014035,51.47604324425491,51.54549789428711,45085000
2013-10-28,51.13869129084281,51.297445319908505,49.22371868617833,49.838890075683594,73472000
2013-10-29,50.33500021530313,50.394534399509205,48.86652440317364,49.015357971191406,102143000
2013-10-30,49.610676700542825,49.81904063428649,48.37040978302926,48.62838363647461,127073000
2013-10-31,46.792791588614286,51.59510539611389,46.137930786909536,49.81904220581055,248809000
2013-11-01,50.45406243443693,51.68440902207764,49.33286373855677,49.36262893676758,95033000
2013-11-04,48.98558688455595,49.36262913169202,47.64609996985465,47.84454345703125,80371000
2013-11-05,47.41788678127536,49.78927657609843,47.14006441161385,49.71982192993164,76835000
2013-11-06,49.8686604312428,50.05718346244107,48.33072990591405,48.7375373840332,67889000
2013-11-07,48.856609121109614,49.48170108919284,46.93171192893033,47.18968963623047,97128000
2013-11-08,47.4377344965473,48.271194088075035,46.88209350719728,47.159912109375,70731000
2013-11-11,46.67373060638617,47.159913171143195,45.3739293733722,45.84027099609375,80910000
2013-11-12,45.64182325667273,47.001154759083924,45.47314877013012,46.247074127197266,68196000
2013-11-13,45.870033572650314,48.36049179017912,45.70135908002596,48.33072280883789,79245000
2013-11-14,48.32080055859412,49.18402528580573,47.65601551304454,48.608543395996094,75117000
2013-11-15,48.72760726087225,49.09472520865787,48.3307203332702,48.62838363647461,42453000
2013-11-18,48.09259955430637,48.45971756582922,45.443386990357034,45.4731559753418,85910000
2013-11-19,45.89979599931008,46.634035673178865,45.36400357242661,45.999019622802734,75602000
2013-11-20,46.24708021043499,47.17975970663423,45.94941686356245,46.0684814453125,53933000
2013-11-21,46.624111367757,47.090449112329075,46.32644430676107,46.336368560791016,34886000
2013-11-22,46.673727625068146,46.90193629384573,45.60213514385749,45.870033264160156,40545000
2013-11-25,45.99902192892287,46.28676477398598,43.697086738406824,44.471012115478516,82565000
2013-11-26,44.312261976577865,45.81050294022734,43.2109042065798,45.532684326171875,82016000
2013-11-27,45.61205829380415,46.306604753688255,45.17548190759776,46.12800979614258,44993000
2013-11-29,46.3859889718648,46.84240635067585,46.13793555490296,46.64396286010742,22953900
2013-12-02,46.534826578195755,47.169842775178346,45.89980659621808,46.693580627441406,50774000
2013-12-03,46.385986999661796,46.83248388820826,45.92956964025634,46.36614227294922,32086000
2013-12-04,46.09824331869397,48.390258115742796,45.899799840097586,48.241424560546875,60890000
2013-12-05,47.775088557987075,48.32080530616351,47.49726616337414,47.96360778808594,43855000
2013-12-06,48.598618219532106,49.00542561521747,47.33850658289836,47.566715240478516,42938000
2013-12-09,47.71554901674213,48.58869798674017,47.36827579372861,48.45970916748047,36056000
2013-12-10,48.26126960584366,50.37468566462184,48.162049758387035,49.858734130859375,68479000
2013-12-11,50.15639823143423,50.374686441197404,48.628388333081276,48.99551010131836,65776000
2013-12-12,50.65250812580629,51.66456654397162,50.26554539224202,51.42643737792969,92723000
2013-12-13,51.25775274721928,53.08342586287494,50.94024470840911,52.90482711791992,82641000
2013-12-16,52.8353731317572,54.075640106681085,52.498020363178135,53.391014099121094,85119000
2013-12-17,54.33361480942167,54.75034648761559,53.817667070696984,54.432838439941406,78751000
2013-12-18,54.432843039036925,55.45482191727425,53.33148524967698,55.13731384277344,76003000
2013-12-19,53.906969523253835,54.76027008447217,53.5299272757422,54.621360778808594,89753200
2013-12-20,54.50229574225001,54.7205839550263,53.80774543477565,54.69081497192383,239824000
2013-12-23,55.06785736901844,57.86589954875277,55.01824744370295,57.32018280029297,98297000
2013-12-24,57.81629274873456,58.123880358308966,56.466881511239585,57.508705139160156,46617800
2013-12-26,57.86589705270268,57.92543123151007,56.923293372388834,57.28049087524414,55101000
2013-12-27,57.03243647892436,57.2308799531575,54.8198006359618,55.00831985473633,60466000
2013-12-30,54.50229177678411,54.750345169620374,53.013971419766506,53.29179000854492,68307000
2013-12-31,53.69860006806751,54.43283981244926,53.490236116213964,54.2244758605957,43076200
2014-01-02,54.40308021269749,54.79004295881088,53.76806025100414,54.28401184082031,43195500
2014-01-03,54.59159882559778,55.2166945232368,54.105412441879665,54.13518142700195,38246200
2014-01-06,53.99625954251406,56.81414617426011,53.62914158902792,56.754615783691406,68852600
2014-01-07,57.25072878330139,58.09410887800986,56.77446668199599,57.46901321411133,77207400
2014-01-08,57.151496683307286,57.95519098930478,56.78437874426879,57.77659225463867,56682400
2014-01-09,58.193333320652364,58.50091713627894,56.20890597856696,56.77446746826172,92253300
2014-01-10,56.68517040003436,57.84605862573768,56.61571574302621,57.488861083984375,42449500
2014-01-13,57.45909395181236,57.79644675379223,54.94879455722368,55.474666595458984,63010900
2014-01-14,56.020376965961454,57.33009856883238,55.663179476997676,57.29041290283203,37503600
2014-01-15,57.52854292215487,58.11394908583559,56.82407218865613,57.1515007019043,33663400
2014-01-16,56.814144585123245,57.56822898118517,56.3874962530021,56.74468994140625,34541800
2014-01-17,56.853835402225656,57.3697869001038,55.633413195415436,55.86162185668945,40849200
2014-01-21,56.159288812768075,58.12387509139007,56.06006896576454,58.05441665649414,48669200
2014-01-22,58.39176882861721,58.848189961077146,56.655395029134176,57.06220245361328,61352900
2014-01-23,55.93108254188727,56.2386701368168,55.25637695526392,56.18906021118164,47951800
2014-01-24,55.71279144412184,55.98068576748778,53.97641775974575,54.02602767944336,55200700
2014-01-27,54.303853817666806,54.512217780400746,51.44627738233429,53.13304138183594,73924100
2014-01-28,53.59938455699835,54.84957215427233,53.579539828788306,54.710662841796875,48191200
2014-01-29,54.18478213952787,54.5221348952407,52.7758369415528,53.113189697265625,92995600
2014-01-30,61.63631528676577,62.0133575605324,59.989240661357826,60.60441589355469,150178900
2014-01-31,59.999158554505776,62.87657576913152,59.70149144179055,62.08280563354492,87794600
2014-02-03,62.539223543407424,63.27346329096288,60.22736776643198,61.00129318237305,74866600
2014-02-04,61.56685186729398,62.64836482063541,61.33864319814783,62.26140213012695,45985500
2014-02-05,62.251485299278706,62.668213210345954,60.79293004055404,61.70576477050781,51685100
2014-02-06,60.98144839426838,62.29117007453943,60.98144839426838,61.67599868774414,42086500
2014-02-07,61.78514976353873,64.06724059818065,61.735539833762935,63.81918716430664,60704300
2014-02-10,63.79933979289589,63.98785523605483,62.97580065860441,63.05517578125,43666100
2014-02-11,63.253628609536044,64.49389583717401,62.85674158269382,64.34506225585938,45675600
2014-02-12,64.41449982923437,64.55340911627924,63.551278912596764,63.948158264160156,47282100
2014-02-13,63.68027342219864,66.80574798583984,63.551288370742924,66.80574798583984,61911700
2014-02-14,66.9744229338998,67.05380184454488,66.20049748008418,66.56761169433594,36694900
2014-02-18,66.41878817653799,67.01411488860045,65.55555952355404,66.77598571777344,43809900
2014-02-19,66.52792946027289,68.5421219948989,66.47831574888238,67.53005981445312,62087100
2014-02-20,67.20263724486351,69.5641031261264,65.21820984447763,69.08783721923828,130928900
2014-02-21,69.14736441810992,69.41525874463797,67.91701417112343,68.05592346191406,70932400
2014-02-24,68.20475764609301,70.88373878638943,68.00631796310306,70.22887420654297,76620300
2014-02-25,70.39756307494733,70.44717679082429,68.90924243852147,69.3061294555664,52077000
2014-02-26,69.64347736585081,70.66545619727623,68.31390716041196,68.72071838378906,55322700
2014-02-27,68.80009291686522,69.46488183545694,68.33375884619709,68.40321350097656,41653700
2014-02-28,68.92907875542468,69.33588238766633,66.85534843256966,67.92694091796875,66783700
2014-03-03,66.43862353255379,67.52014032200431,65.99213042855382,66.88512420654297,56824100
2014-03-04,68.12538818943861,68.3635173295767,67.09348515552178,68.26429748535156,42013500
2014-03-05,69.14737444828398,71.40962044929718,69.07791979281392,71.01273345947266,74567700
2014-03-06,71.320317145048,71.33024140152189,69.70301155933029,70.28841400146484,46026500
2014-03-07,70.52654775832043,70.62576760889984,68.92908318302725,69.25651550292969,38927000
2014-03-10,70.21895543213063,71.58821508959633,69.96098533810633,71.46914672851562,59871600
2014-03-11,71.93549852870225,72.02479413465977,69.4152746373668,69.55418395996094,59408300
2014-03-12,69.31603998094025,70.79443606731618,68.46273571283336,70.32809448242188,46340500
2014-03-13,70.73491205471883,70.79444245135404,67.61936179765218,68.2940673828125,57091000
2014-03-14,67.95670435466309,68.88938752002639,66.93472560282306,67.19270324707031,48227000
2014-03-17,67.64913565618743,68.4131369341055,66.10128458560568,68.20477294921875,52197000
2014-03-18,68.22460823158083,69.05806400947637,67.7681908908301,68.65126037597656,40827000
2014-03-19,68.63142302745885,68.75049140223331,66.94466268643313,67.70866394042969,43981000
2014-03-20,67.48045043680115,67.69873864446735,66.2997138062371,66.44854736328125,44439000
2014-03-21,67.00419646160918,67.391159236617,65.66470935042899,66.7164535522461,59999900
2014-03-24,66.66683911407212,66.83551362169172,62.8666589295247,63.600894927978516,85696000
2014-03-25,64.38472747802734,65.6746079371938,63.28336998888965,64.38472747802734,68786000
2014-03-26,64.23590852362958,64.44427247829971,59.899936004328595,59.91978073120117,97503900
2014-03-27,60.038848602263,61.41802880813443,57.52854918253784,60.495269775390625,112650000
2014-03-28,60.862385848261596,61.46763678439687,58.87795853502841,59.54273986816406,67052000
2014-03-31,60.306738948336445,61.04097864792376,59.40382476039472,59.77094650268555,53011000
2014-04-01,59.989227139288424,62.17209759038105,59.770942743675036,62.132408142089844,59291000
2014-04-02,62.71782241942343,63.41237271493644,61.72560879297473,62.23163986206055,66277000
2014-04-03,62.062961909690486,62.67813330158419,58.66959310586316,59.026790618896484,83859000
2014-04-04,59.47328068865648,59.73125833933989,55.881468584865644,56.30812072753906,125214400
2014-04-07,55.46474531873202,57.54839249865079,55.00832415680188,56.506568908691406,108488000
2014-04-08,57.23088068892901,58.25285948462594,56.72484963387914,57.736907958984375,78836000
2014-04-09,59.16569683619324,61.973659299443355,58.72912043858947,61.924049377441406,100215000
2014-04-10,62.588843471331614,62.68806332964582,58.22310157559695,58.699363708496094,114988000
2014-04-11,57.15150176222305,59.84040349087718,56.86376269524067,58.07426071166992,91452000
2014-04-14,59.62211847308844,59.97931599324589,57.33010357540796,58.431461334228516,72325000
2014-04-15,58.82834536335953,59.21530806249029,55.44489713237752,58.62990188598633,108623000
2014-04-16,59.324448083274255,59.72133122572394,57.29041109636116,59.2549934387207,78774000
2014-04-17,58.8382689936225,60.10830504601579,58.262787041830535,58.48107147216797,88040000
2014-04-21,58.997025384420105,60.76316833496094,58.689441561428765,60.76316833496094,60364000
2014-04-22,62.16218806183662,62.94603398608325,61.735535880097366,62.53922653198242,60631000
2014-04-23,62.95595154168508,62.985716737477276,60.78300140898981,60.882225036621094,95908700
2014-04-24,63.104784593159,63.154398302056514,59.304608404274255,60.39604187011719,138769000
2014-04-25,59.503051709832285,59.54273737784114,57.121737519550955,57.26064682006836,92502000
2014-04-28,57.59799718942467,57.8559748381528,54.23439378058146,55.7028694152832,107758000
2014-04-29,55.65325855878896,57.8262048858359,55.40520516956009,57.69721984863281,75557000
2014-04-30,57.131666141553985,59.383987889209315,56.71493442315872,59.31453323364258,76093000
2014-05-01,59.9594712320623,61.795064972393995,59.74118301764643,60.673866271972656,82429000
2014-05-02,60.82269452162226,61.40810071240845,59.71141632021266,59.989234924316406,54189000
2014-05-05,59.20538628969704,60.87230551354422,58.7192037239885,60.74332046508789,46057000
2014-05-06,60.5051847851053,60.67386306505518,58.03457504432392,58.07426071166992,55901000
2014-05-07,58.31239786217271,58.838269896273445,55.82193942993291,56.94314193725586,78587000
2014-05-08,56.78438820862217,58.36200810445471,56.060072679528524,56.31804656982422,61251000
2014-05-09,56.407337439505056,57.2011112883061,55.9409996560778,56.79430389404297,52584000
2014-05-12,57.52854957960561,59.43360184212694,57.52854957960561,59.3641471862793,48575000
2014-05-13,59.195468889938695,60.41589128054063,59.046635321696684,59.3641471862793,48525000
2014-05-14,59.06647359115788,59.97931205890426,58.49099167920438,58.7688102722168,47429000
2014-05-15,58.79857966629527,58.91764803036766,57.07213002218752,57.46901321411133,56814000
2014-05-16,57.85598017597217,57.994889483490354,56.86376651084828,57.5682373046875,47933000
2014-05-19,57.43924457075122,59.096243247265946,57.1217365222564,58.748966217041016,43034000
2014-05-20,59.03671391979482,59.72133999593044,57.72699216588635,58.104034423828125,53931000
2014-05-21,58.10402849847051,60.028921477463925,57.796440926649154,60.01900100708008,58992000
2014-05-22,60.46550266435934,61.00129898093925,59.9297101327744,60.04877471923828,54200000
2014-05-23,59.93962358513328,60.97152664029566,59.681649713839946,60.8723030090332,38294000
2014-05-27,61.14020360700409,63.01548678621924,61.09059368186508,62.985721588134766,55682000
2014-05-28,62.896419284404736,63.640579481872834,62.132414360804816,63.01548385620117,47795000
2014-05-29,63.34291302378844,63.79933413223403,63.015480736316235,63.33299255371094,42700000
2014-05-30,63.45206164270173,63.67034606491565,62.07288531896346,62.80712127685547,45253500
2014-06-02,62.73767408875658,63.094871639405035,61.566861577184426,62.588844299316406,35996000
2014-06-03,62.13241306719015,62.92618317096404,61.834749751399244,62.38046646118164,32217000
2014-06-04,61.96374365254688,63.094866616217935,61.58670140299162,62.8468132019043,36514000
2014-06-05,63.16432059854351,63.85887090824368,62.33086098390225,62.69797897338867,47352000
2014-06-06,62.8765723648842,62.98571646230458,61.666074393026065,62.01334762573242,42442000
2014-06-09,61.91413401466598,62.84681349422537,61.30888307532632,62.39039611816406,37617000
2014-06-10,63.03533232513701,65.30750250471799,63.005567126669185,65.25788879394531,69338000
2014-06-11,64.81140482803208,65.28767078073237,64.3946768506634,65.267822265625,44242000
2014-06-12,65.33727206512076,65.95244729781984,63.561208594738325,63.78942108154297,55730000
2014-06-13,64.19622337292653,64.46412531116638,63.33300229857311,63.99778366088867,29419000
2014-06-16,63.660439418318795,64.37482697731059,63.25362813709661,63.69020462036133,31046000
2014-06-17,63.60088865506558,64.37481403250808,63.43221416408223,63.898555755615234,27715000
2014-06-18,63.987867811550785,65.23805935762125,63.55129887370948,65.08922576904297,35570000
2014-06-19,64.95030173928832,65.06937009720242,63.71003473180882,63.839019775390625,34245000
2014-06-20,63.958094204483146,64.30536748554428,62.85673639169658,63.99778366088867,46466000
2014-06-23,63.819187858229284,65.14875821464558,63.71996799759884,64.86101531982422,34560000
2014-06-24,64.85107736250744,66.64698144148817,64.76177420781289,65.2082748413086,57335000
2014-06-25,65.06937602320025,66.95458356025654,65.05945176663965,66.9148941040039,44308000
2014-06-26,67.47052840804545,67.47052840804545,66.3790949036779,66.6072998046875,47714000
2014-06-27,66.78589605902664,67.17285876360066,66.31955444838893,67.07363891601562,46461000
2014-06-30,66.93472673673303,67.39114407198632,66.60729444079409,66.76605224609375,27102800
2014-07-01,67.05380149305824,67.90710585304605,66.86527847376179,67.53005981445312,33243000
2014-07-02,67.51021794602583,67.76819561573726,65.27773722388207,65.9325942993164,41895000
2014-07-03,66.339403319196,66.4783126205652,65.24796984987113,65.77384185791016,25203200
2014-07-07,65.78376164933385,66.05165597808276,64.61294935297204,64.78162384033203,28745000
2014-07-08,64.55341864573442,65.04952547841296,61.725611213464674,62.27132797241211,68926000
2014-07-09,62.91625692901173,64.61294486486449,62.65828308832322,64.464111328125,51432000
2014-07-10,62.817036663747224,64.83122502818269,62.55905903983373,64.3648910522461,44422000
2014-07-11,64.77169665464136,66.07149392900138,64.28551415484071,65.82344055175781,39212000
2014-07-14,66.60729863442036,67.63920172387078,66.37909373742023,67.37130737304688,38537000
2014-07-15,67.43083759354572,67.55982264064583,65.74407744535978,66.64698791503906,44213200
2014-07-16,67.0141103485956,67.41099731974595,66.54776872524313,67.1331787109375,29541600
2014-07-17,66.50807375170602,67.32168856854814,65.52578444636961,65.89290618896484,38188000
2014-07-18,66.2798790665002,67.92694989393655,65.64486289568258,67.88726043701172,42456000
2014-07-21,68.2742243621202,69.4152716660062,67.96664052811239,68.85963439941406,49539000
2014-07-22,69.21682673834482,69.22674342450902,68.07577952033948,68.73063659667969,40398000
2014-07-23,69.19696747294824,70.77459087668007,69.06798244295287,70.73490142822266,78435000
2014-07-24,75.36854428986025,76.1424696881228,73.92983759514028,74.39617919921875,124168000
2014-07-25,74.40609832438727,75.08080389858182,74.07867357822569,74.60454559326172,45917000
2014-07-28,74.5846927986545,74.91212509600389,73.27497117924578,74.33663940429688,41725000
2014-07-29,74.13820046498526,74.33664015447842,72.848319773313,73.13606262207031,41324000
2014-07-30,73.6321691465957,74.60454178953061,73.55279024309307,74.0985107421875,36853000
2014-07-31,73.42380692391956,73.59248142032577,71.87595611927127,72.08432006835938,43992000
2014-08-01,71.6576757683909,72.64988948422021,70.99289439558284,71.79658508300781,43535000
2014-08-04,71.79657494424396,73.30473624853373,71.79657494424396,72.9376220703125,30777000
2014-08-05,72.63003165851178,73.01699435247194,71.61797712892115,72.12400817871094,34986000
2014-08-06,71.4592077285532,73.14597509755069,71.23100287938682,71.90570831298828,30986000
2014-08-07,72.4315910118911,73.42380458739646,72.13392391124395,72.60026550292969,38141000
2014-08-08,72.82847592743448,72.85824112267231,71.99501261083213,72.49111938476562,27202000
2014-08-11,72.88801263377613,73.33451331099947,72.4911256662407,72.86817169189453,24591000
2014-08-12,72.5208943009688,72.75903103476941,71.65767324340794,72.26292419433594,27419000
2014-08-13,72.55066199613123,73.67186065190009,72.48120734612765,73.19559478759766,29266000
2014-08-14,73.39404138822484,73.8008450288561,73.11622279072269,73.72147369384766,22207000
2014-08-15,73.74131622424355,74.0687485369226,72.43159454351651,73.05668640136719,38846600
2014-08-18,73.42381385872066,74.13820893449036,73.38412440229015,74.00921630859375,23974000
2014-08-19,74.2274924103584,74.99150107437782,73.92983289073106,74.7037582397461,26679000
2014-08-20,74.38624344208571,74.59460735786332,74.03897024912303,74.22748565673828,22917000
2014-08-21,74.33665318529513,74.60455514006048,73.83062961738769,73.9893798828125,20102000
2014-08-22,73.76116738690092,74.14813771822756,72.99716612143914,73.9893798828125,20897000
2014-08-25,74.35649596797134,74.69384498723853,74.20766240124007,74.43586730957031,19734000
2014-08-26,74.41602136712605,75.39831072957514,74.14812702099962,75.36854553222656,23993000
2014-08-27,74.6839128754891,74.90220107440331,73.88022229765848,74.04889678955078,36323000
2014-08-28,73.42381379236684,73.85046598612209,73.1559194241902,73.28490447998047,21947000
2014-08-29,73.72147897832299,74.2374267578125,73.43373610457303,74.2374267578125,26241000
2014-09-02,74.42595171604415,76.10278772053744,74.23742869075015,76.08294677734375,34979000
2014-09-03,76.53936821016948,76.87672482218481,75.01135812396039,75.23957061767578,32389000
2014-09-04,75.29908929649751,76.3309923461293,74.94189179585617,75.3586196899414,26676000
2014-09-05,75.50745297502584,76.7774851639058,75.01134617812029,76.6584243774414,29476000
2014-09-08,76.65841652589971,77.56132686739527,76.41036315285317,77.28350830078125,28183000
2014-09-09,76.98585570273622,77.56134145322456,75.60667929483492,76.0730209350586,28882000
2014-09-10,75.92417707290375,77.3430427439376,75.91426038785333,76.82709503173828,29909000
2014-09-11,76.5294361353686,77.74986225623907,76.45006479652314,77.31328582763672,32219000
2014-09-12,77.41250532095543,77.69033150059359,76.499670583541,76.87671661376953,26676800
2014-09-15,76.549286951348,76.64850680538292,72.85825084932733,73.99929809570312,49679000
2014-09-16,72.94753798857272,75.63644341207096,72.50104491219233,75.48760986328125,37742000
2014-09-17,75.36855062964345,76.64850719212428,74.981587897962,75.83489227294922,28693000
2014-09-18,76.17223158143325,76.72787632197657,75.92417819172299,76.40044403076172,23031000
2014-09-19,76.79733654340495,77.69033032518661,75.8448123661676,77.3033676147461,76671000
2014-09-22,76.40045080977875,76.92632283142697,75.35862345255873,76.20201110839844,31961000
2014-09-23,75.73565945179018,78.01774599535308,75.44791662390844,77.6803970336914,36814000
2014-09-24,77.49187516258213,78.00783043726635,76.90647281360064,77.92845153808594,30680000
2014-09-25,77.98798055959308,78.32533709019849,76.52942548518656,76.61872863769531,37533000
2014-09-26,76.98584524765195,78.22611217768879,76.72787517659607,78.17650604248047,28872000
2014-09-29,77.51173476000018,78.58331977226624,77.30337079733764,78.38488006591797,34031000
2014-09-30,78.73214432751413,79.08934181405772,77.98798415887981,78.424560546875,35899000
2014-10-01,78.16658876552185,78.20627821922481,75.309016228812,75.9539566040039,55090000
2014-10-02,75.97379681351109,76.87671484407393,75.05103784128265,76.47982788085938,36488000
2014-10-03,77.15453657285401,77.45219612983122,76.65842974123585,76.83702850341797,23340000
2014-10-06,76.58896342100103,77.2835098514721,76.25160689049483,76.9560775756836,25729000
2014-10-07,76.45006841637648,77.34305468808802,75.64637017385043,75.69598388671875,25317000
2014-10-08,75.58683446709591,77.10492010640135,74.51524193229587,76.91639709472656,32976000
2014-10-09,76.67826701783754,77.15453288421683,75.25940124444375,75.31893920898438,32487000
2014-10-10,75.00142571367387,75.90434376327636,72.19346685444653,72.34230041503906,52146000
2014-10-13,72.65981337674019,74.19774008657222,71.95533498044175,72.42167663574219,43938000
2014-10-14,73.42381718978667,73.6024159668317,71.48900341345725,73.01700592041016,50299000
2014-10-15,71.13179980814355,73.22537123929615,69.77246436682971,72.63996124267578,61528000
2014-10-16,70.23879906074684,72.77886336062775,70.03043512083367,72.06446838378906,53529000
2014-10-17,73.65201866130818,75.40823339780398,73.17575280379005,75.3586196899414,76342000
2014-10-20,75.01135078756101,76.48974701358993,74.79306257231055,76.35083770751953,34701000
2014-10-21,76.95608714314389,78.12689953577505,76.54928348900361,78.0772933959961,32252000
2014-10-22,78.20628163938699,79.22826051446691,77.40259098422503,77.7597885131836,41862000
2014-10-23,78.76192151217161,80.0021886486885,78.39480728455612,79.41678619384766,35056000
2014-10-24,79.5755285092002,80.19070367271374,78.70238325742953,80.0418701171875,32248000
2014-10-27,80.11133225088277,80.1708702206486,79.13896706125527,79.65491485595703,30169000
2014-10-28,79.55568041985224,80.52805300126712,78.95042956641826,80.14108276367188,74212000
2014-10-29,74.8625216297524,76.2813875423675,74.1977402587343,75.26933288574219,106120000
2014-10-30,74.4656191198714,74.76327859956527,72.33235878378817,73.5329360961914,83270000
2014-10-31,74.34656701717157,75.1105681755004,73.87030114770158,74.40609741210938,44544000
2014-11-03,74.88235673418089,74.93196286896199,73.12613453718052,73.30473327636719,40727000
2014-11-04,73.6520118977507,75.18001403574488,73.07652624734399,75.17009735107422,39326000
2014-11-05,75.91427191019304,76.2020147900893,73.84054135162683,74.24735260009766,35913000
2014-11-06,74.3068894065342,75.01136028220017,73.73140359712016,74.67401123046875,21383000
2014-11-07,74.80298857509165,75.26933021492674,74.43586678905369,75.0113525390625,20774000
2014-11-10,74.77322843763046,74.89229681224097,74.02906812879257,74.41603088378906,21575100
2014-11-11,74.36639403980598,74.39616680169156,73.45355949499695,74.02904510498047,18715700
2014-11-12,73.7016224611626,74.55492673340454,72.96738654202026,74.13819885253906,26536600
2014-11-13,74.1580576447124,74.6541645470693,73.06662397352534,73.671875,26448500
2014-11-14,73.69170039518812,74.34656500170796,73.4634955074535,74.29695129394531,19476900
2014-11-17,74.29695767830664,75.07089070796775,73.3047439977043,73.66194152832031,28701200
2014-11-18,73.87031355597252,74.21759443808159,73.3246005140691,73.76116943359375,20690500
2014-11-19,73.43373112887852,73.95960312906954,72.54073736912535,72.75902557373047,25441200
2014-11-20,72.23315774434559,73.41388685653921,71.94541487347787,73.02692413330078,19154900
2014-11-21,73.91991861634335,73.91991861634335,72.92770494364075,73.1757583618164,23060400
2014-11-24,72.96738947321386,73.77108007145239,72.77886646573012,73.43373107910156,22103800
2014-11-25,73.63217325626931,75.15025891303951,73.55279434833626,75.0411148071289,32250200
2014-11-26,74.94188714448062,77.17436759993245,74.92204620456044,77.01561737060547,32695300
2014-11-28,77.06522839454571,77.66055503977034,76.62865955870845,77.0949935913086,15992000
2014-12-01,76.65842079700518,76.70802693238544,74.21757637863155,74.5152359008789,31789900
2014-12-02,74.74345148205336,75.31893718051602,74.45570863282202,74.8724365234375,16773900
2014-12-03,74.79305809161586,75.14033890597642,73.82069300737541,74.29695129394531,16689900
2014-12-04,74.24735584961314,74.96175095234739,74.07868133090923,74.65415954589844,14362800
2014-12-05,75.20980462177614,76.16232890506636,74.7732281531885,75.76544189453125,24306400
2014-12-08,75.5868300968029,76.64849831434442,74.81290472307957,75.92417907714844,25733900
2014-12-09,74.6144618440223,76.33099475232542,74.19773393680047,76.24169158935547,25358600
2014-12-10,76.05318708164334,76.94618098978205,75.47770127751058,75.58684539794922,32210500
2014-12-11,75.92417841741297,77.90860554099395,75.88449653653143,77.12476348876953,33462100
2014-12-12,76.55921761874667,78.26581893302978,76.42030072747744,77.2239990234375,28091600
2014-12-15,77.84907330086797,77.96814165065105,75.96386606423954,76.39051818847656,29396500
2014-12-16,75.59674920944984,76.78740238495189,74.00920154879606,74.10842895507812,31554600
2014-12-17,74.42595380410856,75.81505453632167,74.31680968850674,75.51738739013672,29203900
2014-12-18,76.29131354979813,77.78955841064453,75.91427505534243,77.78955841064453,34222100
2014-12-19,78.1368198671045,79.37708684912204,77.72009197794395,79.25801849365234,43335000
2014-12-22,79.45646809093817,81.25237231135128,79.37708918495582,80.8157958984375,31395800
2014-12-23,81.38137070033929,81.53020428096343,79.77398922557157,79.98235321044922,19865800
2014-12-24,80.39906039873924,80.79594732115325,80.12124182404595,80.14108276367188,7685500
2014-12-26,80.38914538818798,80.6471230529212,79.88312188465925,80.15101623535156,10647400
2014-12-29,79.86326847097378,80.32961006206475,79.08934309426486,79.39692687988281,14134700
2014-12-30,79.22824884204714,79.9624847345164,78.48408869468291,78.60315704345703,14370800
2014-12-31,78.92068287772928,79.17866057328864,77.25376346871299,77.41251373291016,19935400
2015-01-02,77.96815736464652,78.31543065901892,77.09500443023583,77.83916473388672,18177500
2015-01-05,77.37282369023775,78.63293169384217,76.26154167801188,76.58897399902344,26452200
2015-01-06,76.62866038606137,76.98585032106149,74.77321821125572,75.55706787109375,27399300
2015-01-07,76.16231877843718,76.7576454300895,75.2296355631888,75.55706787109375,22045300
2015-01-08,76.14248353478916,77.62088752082255,75.48762637486028,77.57127380371094,23961000
2015-01-09,77.59109904072454,78.0078344981215,76.59888545928311,77.13468170166016,21157000
2015-01-12,77.23390162587435,77.39265943266423,75.61659621164416,76.12262725830078,19190200
2015-01-13,76.62866168599552,77.47204175430923,75.25940203697898,75.85472869873047,25179600
2015-01-14,75.82497499696387,76.59890053157454,75.43801222965854,75.68606567382812,25918600
2015-01-15,75.8051274778207,75.97380198842959,72.96739571703131,73.47342681884766,34134000
2015-01-16,73.4634968374094,74.73352905123996,73.26504957275517,74.59461975097656,21791500
2015-01-20,75.1304297211979,75.71583222628313,74.2374357922632,75.64637756347656,22821600
2015-01-21,75.56699316529772,76.6981160899788,75.25940179455868,76.14247131347656,25096700
2015-01-22,76.56914415773613,77.14463003135961,76.08296147070517,77.04541015625,19519500
2015-01-23,77.04540024322307,77.58119658386636,76.4401492419403,77.2239990234375,16746500
2015-01-26,77.3728265690452,77.85900915561304,76.68819670327338,76.89656066894531,19260800
2015-01-27,76.11270803110132,76.28138253446701,75.04111547444387,75.18994903564453,20110000
2015-01-28,76.30124230135884,77.03547838959827,75.40824837242414,75.64637756347656,53306400
2015-01-29,76.25162239284673,77.41251062121516,73.63217879396875,77.39266967773438,61293500
2015-01-30,77.3926620324119,77.55141984453472,75.16018139686156,75.31893920898438,42649500
2015-02-02,75.51737939421322,75.54714459168213,73.17575464012992,74.40609741210938,41955300
2015-02-03,74.60454802568493,74.99151075012013,73.28490203210366,74.81291198730469,26957700
2015-02-04,74.50531853356483,75.75550983854767,74.4259471956211,75.0411148071289,20277400
2015-02-05,75.12049823724223,75.38840017514636,74.62439138777954,75.02127838134766,15062600
2015-02-06,75.09072183635801,75.1105627765814,73.67185615574414,73.89014434814453,21211000
2015-02-09,73.47341179605922,74.24733710530798,72.87807764741726,73.8603744506836,16194300
2015-02-10,74.26718902116981,74.75337158243096,73.91991576312613,74.60454559326172,15811300
2015-02-11,74.50531186943243,76.15238999676815,74.445781478802,75.91426086425781,20877400
2015-02-12,76.26153591834472,76.27146017368355,75.29908754017586,75.63644409179688,17235000
2015-02-13,75.86465597584065,75.88450448835005,74.9121317651069,75.15026092529297,18621900
2015-02-17,74.7136929776711,76.31115760477064,74.49540475732366,75.0113525390625,25254400
2015-02-18,75.34870030423735,76.30122441515088,74.86251020857155,76.11270141601562,22426400
2015-02-19,76.39053318013849,79.21834080504485,76.35084372242173,78.8016128540039,45851200
2015-02-20,78.93058932737912,79.71443135436894,78.58330853594165,79.27786254882812,36931700
2015-02-23,79.33740200068064,79.56561446940853,77.76970262765077,78.22611999511719,24139100
2015-02-24,77.8887784487928,78.86115124302559,77.49189143951432,77.83916473388672,18897100
2015-02-25,77.88876206261398,79.57552203470067,77.88876206261398,78.94050598144531,25593800
2015-02-26,79.25802542414671,80.73642924637846,79.09927517296121,79.78390502929688,31111900
2015-02-27,80.05177894776031,80.59749935620565,78.00782172701531,78.35509490966797,30739200
2015-03-02,78.38488329465861,79.23818769308572,77.90861738181957,79.12904357910156,21662500
2015-03-03,78.99012597687317,79.07942156804182,77.90860920723317,78.9802017211914,18635000
2015-03-04,78.68254782239593,80.51814161570746,78.23604712457012,80.27008819580078,28126700
2015-03-05,80.59750811666409,81.35158494667694,80.4189093790319,80.5776596069336,27825700
2015-03-06,80.27008583973573,80.69673801225184,79.2084175364965,79.38701629638672,24488600
2015-03-09,79.05958607202001,79.28779854848462,78.0177586833605,78.82145690917969,18925100
2015-03-10,77.88876687542316,78.64285132400505,76.9461669921875,76.9461669921875,23067100
2015-03-11,77.19422351326926,77.81931537555027,76.65842724417585,76.96601104736328,20215700
2015-03-12,77.4918753798789,78.43448277781545,77.30335995628239,78.31541442871094,16093300
2015-03-13,77.98798894950376,78.76191436122573,77.07515423670291,77.44227600097656,18557300
2015-03-16,77.35297594806202,77.51173376709866,76.7576492666536,77.46212005615234,19305400
2015-03-17,77.74986697775482,79.15880863018214,77.73001846434607,78.74208068847656,22170000
2015-03-18,78.63292819090854,80.60743114512748,78.55354928571656,80.2800064086914,36912400
2015-03-19,80.48836931377703,82.35372814166942,80.36930095753281,82.10567474365234,42099500
2015-03-20,82.74069548467315,83.94127309011577,82.42318742017585,83.14750671386719,44466300
2015-03-23,83.26656718855922,84.2984702867288,82.65139957406593,83.77259826660156,27357300
2015-03-24,84.05041007013136,85.39982112232238,83.86188707063758,84.64573669433594,32576500
2015-03-25,84.83426602959565,84.85410697155581,82.27435302734375,82.27435302734375,37436100
2015-03-26,82.07590462808413,83.11772429532375,81.5004189623774,82.3636474609375,32794800
2015-03-27,82.73076904161225,83.29633050310964,82.23466223082544,82.65139770507812,18372600
2015-03-30,83.15742071099226,83.68329271612494,81.76832770497731,82.55216979980469,24527700
2015-03-31,82.25450901812243,82.84983566458874,81.56987921119222,81.57980346679688,19734300
2015-04-01,81.857627292812,82.07591551012449,80.24032174543508,81.03408813476562,22058200
2015-04-02,81.6095718502648,81.91715565611847,80.8058812246527,80.92494201660156,19664100
2015-04-06,80.17087340084798,82.16521757235402,80.17087340084798,81.79810333251953,19062900
2015-04-07,82.00646370943038,82.77046492661411,81.57981151620083,81.67903137207031,17467000
2015-04-08,81.98661654798234,82.45295820524623,81.20276680470745,81.63934326171875,18966700
2015-04-09,81.85762947826528,82.15529661345485,81.07377975425645,81.53019714355469,15927300
2015-04-10,81.56987382501663,81.96676075311683,81.27221430643287,81.40119934082031,12529700
2015-04-13,81.29205502892947,83.28640634905744,81.28213077400666,82.3636474609375,26883100
2015-04-14,82.52239384698075,83.03834909910142,81.79808224110307,82.86966705322266,19634200
2015-04-15,82.89944229378027,83.00858638614459,81.62940263444898,82.06597900390625,22390900
2015-04-16,81.8278480636348,82.42317464605358,81.51034004834558,81.6690902709961,13769700
2015-04-17,80.84557032194262,81.47066218688421,79.7442125813389,80.15101623535156,24215000
2015-04-20,80.90510464392825,82.50256927962556,80.60743751094516,82.44303131103516,28796800
2015-04-21,83.34594868853705,83.83213126962309,82.88953130649857,82.96891021728516,27171900
2015-04-22,83.66345500799572,84.08018292590573,82.99867367656935,83.97103881835938,45548000
2015-04-23,83.44516162968662,84.92355776317045,81.76832580566406,81.76832580566406,73728100
2015-04-24,82.1255148410698,82.29419690318025,80.84556598204016,80.89517211914062,29660400
2015-04-27,81.23252734584992,82.28427130305403,80.99439063969942,81.272216796875,25446000
2015-04-28,81.19283540966049,81.26229005433132,79.60529526719259,80.05178833007812,23775300
2015-04-29,79.38701980382609,80.75627197682046,78.90082964320636,79.84343719482422,26430300
2015-04-30,79.38701230242248,80.32961219498286,77.71016889503693,78.15666198730469,28999000
2015-05-01,78.62301529008464,79.1389706783583,77.5018164797821,78.37496185302734,24136400
2015-05-04,78.71230540029919,79.06950289597847,78.0177513498166,78.19635009765625,14692000
2015-05-05,77.93837440304914,78.18642778107287,76.61872861516574,76.9560775756836,22311300
2015-05-06,77.36288966192598,78.19634538832399,76.45005503682671,77.49187469482422,28663000
2015-05-07,77.39266848554233,78.3253517845597,76.95609203579127,77.81932067871094,19749400
2015-05-08,78.48410701445204,78.6130996482306,77.42243859253051,77.8987045288086,19943600
2015-05-11,77.86894486162545,78.41465792719924,77.3232242260609,77.40260314941406,18874100
2015-05-12,77.26367614081379,77.28351708211713,76.1920836306959,76.85686492919922,21285300
2015-05-13,77.11484387293481,77.91853448394032,77.0453892222305,77.82923889160156,21512300
2015-05-14,78.32533303526331,81.21267027043588,78.05743116159483,80.73641204833984,49438000
2015-05-15,80.7761202470242,80.88525678868301,79.55569407585877,79.7938232421875,27069900
2015-05-18,79.70451597348455,80.74633565487645,79.60529613287417,80.25022888183594,21613700
2015-05-19,80.61736486873288,81.05394132857263,79.92281829170592,80.00218963623047,17955400
2015-05-20,79.84343450585584,80.46852638704256,78.84129658872426,79.92281341552734,23056900
2015-05-21,79.56562775354047,80.28993959480134,79.45648362896847,79.8533706665039,13402700
2015-05-22,79.7243569476155,80.6768810438609,79.6251371069628,79.91287994384766,19567900
2015-05-26,79.80373655849323,79.9724110461031,78.46424977278704,78.7123031616211,16321300
2015-05-27,78.98020589565463,80.03195752382828,78.81153139009481,79.92281341552734,14160900
2015-05-28,79.62514453252278,80.43875941373153,79.37709112276414,79.52592468261719,11982000
2015-05-29,79.32748704097772,79.44655541730963,78.26581862115317,78.57341003417969,16134600
2015-06-01,78.68254369711515,79.75412866173733,78.04752758104674,79.66483306884766,18119000
2015-06-02,79.1389617221249,80.71657776967372,78.94051445294345,79.81366729736328,18923300
2015-06-03,80.71658641708497,81.88739893572573,80.61736655685917,81.79810333251953,31775000
2015-06-04,81.5004207694251,82.30411132625652,80.87532895522165,81.41112518310547,20863900
2015-06-05,81.23253289585716,81.8179353059986,80.87533538221554,81.50042724609375,16143100
2015-06-08,81.18291728290322,81.36151603553688,79.50607385928649,80.0418701171875,16915500
2015-06-09,79.9724154672738,80.55782543367992,78.70238325742953,80.0418701171875,16497500
2015-06-10,80.20063293001674,81.95684779878088,80.18078441738123,81.52027893066406,21531200
2015-06-11,81.6691142125171,82.25452428200165,80.72651414486064,81.19285583496094,18656800
2015-06-12,80.7364218824347,81.45080930259466,80.56773982032426,80.89517211914062,11417900
2015-06-15,79.92280037469395,80.29983877912879,79.44653456436572,80.08155059814453,18805100
2015-06-16,80.19070386040661,80.8753336754363,79.82358209858116,80.4288330078125,13693700
2015-06-17,81.12338726857351,81.57980462299929,80.70665179715073,81.15315246582031,18350300
2015-06-18,81.00431176614778,82.54224576151465,80.93485712203378,82.2644271850586,26782600
2015-06-19,82.18506178905209,82.33389535660355,81.48059097729752,81.8675537109375,23353200
2015-06-22,82.76054649825176,84.3083974132111,82.66131907448084,84.08018493652344,29383100
2015-06-23,84.29847009942367,87.28503528085619,84.10003039905824,87.19573211669922,50667900
2015-06-24,86.97744519351473,88.55506113646896,86.76907368219172,88.16809844970703,41370200
2015-06-25,88.56499227934343,88.70390158436902,87.15604314695769,87.29496002197266,27302000
2015-06-26,87.43385875425082,87.65213937147496,86.15390239558575,87.32471466064453,38214600
2015-06-29,85.93561806101295,86.8186875343345,85.06247284300646,85.13192749023438,35957900
2015-06-30,85.92570440516533,86.02492426058906,84.90372551132053,85.10216522216797,23016500
2015-07-01,86.0943747511165,87.26518715644755,85.81655614137513,86.23329162597656,25260000
2015-07-02,86.7194804182285,86.75916987532487,85.66772873014926,86.61033630371094,16908800
2015-07-06,85.8165498560546,87.50331747306937,85.71733001269816,86.86830139160156,24635900
2015-07-07,87.11635636640234,87.16596250398665,84.56636773890912,86.5408706665039,33059900
2015-07-08,85.61811702341669,86.07453439538541,84.78465361852508,84.98310089111328,24399300
2015-07-09,86.05469135135732,86.91791236356742,84.98309881552143,85.2113037109375,23307400
2015-07-10,86.66985585318699,87.53308440447861,86.0943701523259,87.26518249511719,23245900
2015-07-13,87.96966267247565,89.5175134882999,87.73152595466489,89.39844512939453,29976700
2015-07-14,89.7556454024683,90.09300197810326,88.95195477255668,88.98171997070312,26627800
2015-07-15,89.29922533938098,90.28151469851721,88.72373962595202,89.06109619140625,30886600
2015-07-16,89.57704716453843,90.1525328986811,89.07101608313782,90.14260864257812,21804100
2015-07-17,91.82937461396821,94.64725769354638,91.81945035805724,94.23052978515625,54001600
2015-07-20,95.10367873560351,97.83226632753261,94.61749615700231,97.14764404296875,54860500
2015-07-21,98.17952324855771,98.4672660732797,96.38361922769413,97.62388610839844,39453300
2015-07-22,95.98674146159712,96.8202048212724,95.17312661309857,96.28440856933594,28299500
2015-07-23,96.20502249459264,96.69120500234186,94.07176190142384,94.69686126708984,29418800
2015-07-24,96.59200112540279,96.99881237155208,95.13344579114415,96.19511413574219,33444900
2015-07-27,95.82799853883945,95.85776373788818,93.09941093285876,93.43675994873047,38585400
2015-07-28,94.10154160021122,94.81593665966284,92.58345588387135,94.54804229736328,35236000
2015-07-29,95.5700209004517,96.52254512032455,94.00232147670717,96.23480224609375,64648300
2015-07-30,94.17099129602768,95.06397743154653,91.08520656198937,94.4686508178711,86211300
2015-07-31,94.21068319224354,95.57994287625667,93.21846954063491,93.27800750732422,46509000
2015-08-03,92.80173155446627,94.33966557558456,92.07741990657622,93.406982421875,29343100
2015-08-04,93.05971186740854,93.99239504789718,92.60329453248548,93.32760620117188,20136000
2015-08-05,94.50835024710884,96.33401973114836,94.43889559434623,95.6890869140625,29813200
2015-08-06,96.42333727570909,97.97118837952883,93.68482507126681,94.37937927246094,42271300
2015-08-07,94.6373351097225,94.65718362189516,92.88112028191219,93.56575012207031,23199100
2015-08-10,94.93500155437681,95.15328976678065,92.90096056060209,93.41691589355469,21624200
2015-08-11,93.0001887237731,94.0221675718383,92.17664957766624,92.89104461669922,22491000
2015-08-12,91.97820775712779,93.70466506044512,90.47997050756862,93.45661163330078,27050500
2015-08-13,93.31769747037833,93.992403059949,92.62314336847327,92.70252227783203,17451800
2015-08-14,92.81166913428896,93.98248158704098,92.48423680097932,93.684814453125,15929700
2015-08-17,93.68479853194727,93.72448798105705,92.66281981983248,93.19861602783203,18313500
2015-08-18,93.347468644523,95.1036835990705,93.30777918730291,94.4289779663086,22278800
2015-08-19,93.89317315144382,95.35172839982545,93.42683910378841,94.56787872314453,23251300
2015-08-20,92.81166604570424,94.03208460016941,89.75564617649177,89.85486602783203,44598200
2015-08-21,86.83852339992347,88.4856014664817,84.94339952489521,85.389892578125,62778700
2015-08-24,76.43022190468774,81.45082092285156,71.43938808702845,81.45082092285156,83710700
2015-08-25,86.27296996137397,86.98736496845889,82.35372924804688,82.35372924804688,52021200
2015-08-26,85.28075805287047,86.77900274643031,82.61170854883393,86.5111083984375,45124300
2015-08-27,88.40622690477736,89.35875101637897,86.51110293679595,89.03132629394531,42431400
2015-08-28,89.18016241543786,90.76771035199266,89.09086681825119,90.3013687133789,33215900
2015-08-31,89.89455359965436,90.34105427631837,88.19786919630533,88.7336654663086,32850700
2015-09-01,86.17375049229321,88.69397396944238,85.82647724288053,86.55079650878906,36097400
2015-09-02,88.1184862445279,89.19007873535156,86.94767390899587,89.19007873535156,27190500
2015-09-03,89.06109518375473,89.12062557757758,87.0469027795314,87.46363067626953,27048200
2015-09-04,86.52104027828213,87.70177712194597,86.02493337859016,87.57279205322266,27328700
2015-09-08,88.99163591473153,89.53734882642085,88.13833165428342,88.83287811279297,27012500
2015-09-09,90.07315835010978,91.26381933045536,89.46790738834846,89.73580932617188,32551100
2015-09-10,89.36868508737493,91.3431881740224,88.93210864952721,91.2638168334961,26437400
2015-09-11,90.96613784672968,91.36302477758574,90.42041737055405,91.33325958251953,21185000
2015-09-14,91.59123992919922,91.89883130936698,90.88676914363593,91.59123992919922,20127900
2015-09-15,91.65077138380803,92.52391661162252,91.07528568889015,92.17664337158203,18859400
2015-09-16,92.17665334532211,92.87119990055471,91.90875140973974,92.72236633300781,16321200
2015-09-17,92.64298218583636,94.7663185840476,92.17664060464244,93.60542297363281,27841800
2015-09-18,92.4743019394272,94.4488123993167,92.32547595952647,93.66496276855469,62300000
2015-09-21,93.88324848431465,95.73868297126525,93.78402107368508,94.8060073852539,28790000
2015-09-22,93.03986613236415,93.94278414381401,91.20427248259055,92.23617553710938,36888900
2015-09-23,92.67275032708581,93.58558500823324,92.07742369025004,93.23831176757812,21701400
2015-09-24,92.33539420913023,94.03207853864161,91.52177936860448,93.67488861083984,29106000
2015-09-25,95.04415041509512,95.1036808141871,91.34319001508597,92.04766082763672,28961600
2015-09-28,91.36302895122118,91.57139289619164,87.4933944460825,88.51537322998047,41199900
2015-09-29,88.40624265304058,89.3587669343203,85.05256293957717,85.99516296386719,42281800
2015-09-30,87.75137362315539,89.3190653654092,87.32472147032952,89.20000457763672,36169100
2015-10-01,89.34883513081107,90.2418212890625,87.67199177278158,90.2418212890625,29283700
2015-10-02,88.20779578534761,91.48209631754352,87.68192375735791,91.35311126708984,37881700
2015-10-05,92.21633920290256,93.53597760635009,91.93852059165046,93.27800750732422,27292500
2015-10-06,93.34745526474914,93.43675085320292,91.62099818808765,92.07742309570312,22172800
2015-10-07,92.38501276928136,92.93073330012346,90.65856315260078,91.6805419921875,24129300
2015-10-08,91.17451425006196,92.49416025837138,89.765572644343,91.75,27290500
2015-10-09,92.1766433251264,93.01009910080352,91.52177872710391,92.51399230957031,20012900
2015-10-12,92.59336363930352,93.86339570978019,91.94842334945538,93.52604675292969,18449600
2015-10-13,92.93074383642596,94.62742844742539,92.821599717883,93.38716125488281,19480300
2015-10-14,93.34746392915275,94.4587383952208,92.88112229286081,93.33753967285156,19253400
2015-10-15,94.2503659462188,95.5501708850126,94.16107035751719,95.21281433105469,27557500
2015-10-16,95.43109892386902,96.83011608391608,94.60755986590428,96.78050994873047,25412900
2015-10-19,96.42332109377105,97.80249743712695,96.1653434297652,97.70327758789062,23729900
2015-10-20,97.96126110569907,98.81455791611272,95.80815164166377,96.2447280883789,30881800
2015-10-21,96.61184424151531,97.41553486244028,95.71885045716019,96.35386657714844,21917800
2015-10-22,97.02856966932283,98.95346649192584,96.79044052291485,98.89392852783203,26392100
2015-10-23,101.11649140132906,102.04916703581553,99.3801176049054,101.3943099975586,42809700
2015-10-26,101.40422299648253,103.00168743671382,100.75929023724935,102.96199798583984,25961200
2015-10-27,102.13847071950234,103.28943456263633,101.60267446546118,102.89254760742188,23795500
2015-10-28,103.09099707093706,103.66648278978477,102.11862438840168,103.38865661621094,24081500
2015-10-29,103.15053496710593,104.30150648850001,102.71395851830268,104.06336975097656,20316700
2015-10-30,103.69623328852734,103.90459721168054,100.8585021198899,101.17601013183594,33487100
2015-11-02,100.92796872449559,102.6643425265824,100.39217247145297,102.50558471679688,24003900
2015-11-03,102.41629666347534,102.84294884618656,101.60268175342017,101.78128051757812,21242300
2015-11-04,102.38652369970126,103.32912359072338,101.68205295283406,103.13068389892578,43469300
2015-11-05,107.95284405494468,109.78843772384994,107.10945642843035,107.91315460205078,63232900
2015-11-06,107.19876603780533,107.89331258025179,105.0853536415129,106.26608276367188,35084300
2015-11-09,106.16686637497432,107.40713350552309,105.03574335751303,105.66083526611328,26383500
2015-11-10,105.13494979430313,107.30789995206116,104.4205548070956,107.06977081298828,25031700
2015-11-11,107.42697315301885,109.01452111696392,106.27600920614736,108.16121673583984,25057100
2015-11-12,107.63533421747675,108.53824465338042,107.15906836063434,107.17890930175781,20924700
2015-11-13,106.87131951341038,107.40711573355144,103.0215337023829,103.14059448242188,30278400
2015-11-16,102.51550916937526,103.35888921801148,99.6877019145413,103.22990417480469,49309200
2015-11-17,103.80540071537007,105.37309261869162,103.32913480538048,104.3114242553711,26807200
2015-11-18,104.97620788230704,107.04000653456843,104.56939664956023,106.93086242675781,23836500
2015-11-19,106.52405061209335,106.89117236208818,105.12502582994098,105.4326171875,25520600
2015-11-20,106.00809389810574,107.0300802312285,105.78981327208749,106.48435974121094,22129600
2015-11-23,106.35537761883822,106.63319621410518,105.25401992332353,106.11724090576172,19897200
2015-11-24,105.17465707588116,105.66083969182338,103.57719233922376,104.91667938232422,23577300
2015-11-25,105.5020757389039,105.76997008476596,104.28164965889216,104.58924102783203,15150800
2015-11-27,104.95635381489073,105.13495256640174,104.04351911605185,104.62892150878906,5913100
2015-11-30,105.01588499070988,105.27386264925542,102.94216217660248,103.4283447265625,20383200
2015-12-01,104.0137566967217,106.31569201656283,103.68632438187625,106.28592681884766,22781900
2015-12-02,106.16685378715249,107.0796884702073,104.96627625552821,105.24409484863281,24429100
2015-12-03,105.44253621608252,106.01802192238011,102.54527431332703,103.56725311279297,23236500
2015-12-04,103.99390560165284,106.89117508378474,103.29935910558746,105.35324096679688,21224700
2015-12-07,105.65090246660228,105.99817569619519,103.84507410273044,104.78767395019531,15474900
2015-12-08,103.19022526165729,106.07757077516992,103.14061154843941,105.66083526611328,20401800
2015-12-09,105.35323697427994,105.6112146216088,102.74371801510978,103.78553771972656,23517300
2015-12-10,104.23205264439123,105.57153963093715,103.59703647936222,104.59916687011719,17454300
2015-12-11,103.339052096688,103.52756754065274,101.11649566318634,101.32485961914062,26427700
2015-12-14,101.49352859130512,103.92444884831416,100.66998949836336,103.84507751464844,24648100
2015-12-15,104.48009925541896,104.97620607511233,103.46803710405047,103.7359390258789,21764300
2015-12-16,104.54955453417139,106.25615564535696,103.37874212987623,105.95849609375,22680500
2015-12-17,106.65303700967242,106.91101466349214,105.30362591736936,105.39292907714844,21675700
2015-12-18,105.25402083352506,105.76004432071338,103.16044952538734,103.22990417480469,35994200
2015-12-21,104.09313287242553,104.3312620178874,102.79332790305367,103.95421600341797,16138800
2015-12-22,104.40071844513318,104.83729486090485,103.99390722680245,104.68846130371094,14597100
2015-12-23,105.06550661060656,105.28379483273667,103.05131403911629,103.81531524658203,19599700
2015-12-24,103.9244442977805,104.49992996909445,103.68631516723245,104.20226287841797,6501800
2015-12-28,104.2022760208566,105.15480780316331,103.71609344342158,105.10519409179688,13069700
2015-12-29,105.59137182628393,106.90109350439836,105.42269732735757,106.42483520507812,17179900
2015-12-30,106.16685446861864,106.4149078669098,105.23417126864739,105.39292907714844,13115000
2015-12-31,105.17464008591342,105.34331457868784,103.80538806282112,103.84507751464844,18391100
2016-01-04,101.15617036271875,101.44391320621605,98.97330353824177,101.424072265625,37912400
2016-01-05,102.08886499860645,102.90247991395681,100.87836309698989,101.93011474609375,23258200
2016-01-06,100.34255132221384,102.96199442951064,100.11434645005659,102.16822814941406,25096200
2016-01-07,99.71747538094381,100.64023441114915,96.5423946157156,97.15756225585938,45172900
2016-01-08,99.10229914296674,99.71747434671988,96.27449168295321,96.57215881347656,35402300
2016-01-11,97.1476422847906,97.83226455696418,94.64725964297155,96.7507553100586,29932400
2016-01-12,98.22913834371431,99.18166241319415,96.79043176970578,98.59626007080078,28395400
2016-01-13,99.79683818099753,99.79683818099753,94.46864882549987,94.69686126708984,33410600
2016-01-14,95.10367473024607,98.10016412601404,91.73014688103248,97.60405731201172,48658600
2016-01-15,93.24824040966828,95.62954706903434,92.81166398945618,94.23052978515625,46132800
2016-01-19,95.77838810880282,96.66145770412356,93.18870972297776,94.51828002929688,30998300
2016-01-20,92.10719502678985,94.260296832374,88.67413670318844,93.6153564453125,59051400
2016-01-21,94.17099428969338,95.24257920037907,91.89882428844395,93.42683410644531,30518900
2016-01-22,95.65932065323592,97.3063913590218,94.7464783513658,97.17740631103516,30495400
2016-01-25,97.95133069903163,98.70541517692232,96.17526739412541,96.25464630126953,32482000
2016-01-26,96.99879720505635,97.11785798434569,94.91515029761926,96.58206176757812,26877100
2016-01-27,97.0285742665037,97.08810466342895,93.49629607580232,93.7145767211914,58699400
2016-01-28,106.36529772230153,109.48084790360475,103.99390776079983,108.26042938232422,107475300
2016-01-29,108.14135200105478,111.96137263004734,107.992518455512,111.3362808227539,62739500
2016-02-01,111.39582078437658,114.81896234603114,111.13785069125814,114.19386291503906,46132700
2016-02-02,113.90612860432753,116.6743979911513,112.31858072845691,113.71760559082031,59778600
2016-02-03,114.37245874971339,114.4419133991619,108.89544298894609,111.81255340576172,56919300
2016-02-04,110.92949720168365,111.06840651723218,108.399349181354,109.62969207763672,38890200
2016-02-05,108.65730268482584,108.72675732714151,102.37658940261089,103.25965881347656,76894700
2016-02-08,99.62816934587951,101.88049084495083,96.7011347386413,98.97330474853516,71229700
2016-02-09,96.38362430412089,101.60266973260312,96.06611626873729,98.76493835449219,62709000
2016-02-10,100.75929779849145,102.44605795227655,99.45949278729114,100.21357727050781,45179400
2016-02-11,98.82448208134456,104.29158163678844,98.11008701283048,101.11650085449219,43670600
2016-02-12,102.93223106568843,103.42833783831848,100.30286365675138,101.21570587158203,36176800
2016-02-16,102.99177498020607,103.12076002335094,99.4594894072776,100.8188247680664,45687200
2016-02-17,101.22563487315226,104.89682997929619,99.61825357904733,104.38087463378906,44073400
2016-02-18,104.97620434608841,105.1746440427016,102.2277683710616,102.66434478759766,29593500
2016-02-19,101.75150731813467,104.20226854195381,101.26531720560541,103.75577545166016,32404500
2016-02-22,104.66861243409203,107.40712413913008,104.51977887740718,106.32561492919922,35709700
2016-02-23,106.01802367588157,106.63319884485608,104.30149835420987,104.63884735107422,25319300
2016-02-24,103.39857450129408,106.11723754456602,101.9400193523524,106.04778289794922,34412400
2016-02-25,106.2759991085237,107.22852325439453,104.78767871122758,107.22852325439453,29906300
2016-02-26,107.85361441639758,108.59777461035613,106.32561214639296,107.0796890258789,26686200
2016-02-29,106.76218420339289,108.06198919568611,105.91880413876822,106.08747863769531,32779000
2016-03-01,106.99040170419758,108.96490478515625,106.76218922961935,108.96490478515625,26817300
2016-03-02,108.82600819684657,109.68923691463814,107.92309001927248,109.09390258789062,25670200
2016-03-03,109.39155746727499,109.44117117892945,107.69487299454866,108.72677612304688,21353100
2016-03-04,109.19310629532474,109.19310629532474,107.08961080387037,107.54602813720703,24938900
2016-03-07,107.22853766770648,107.22853766770648,103.90462318095315,104.9067611694336,31436400
2016-03-08,103.9641468602747,106.53398419526741,103.5871083918542,105.10519409179688,25617000
2016-03-09,105.86920666368366,106.67290496826172,104.66862890547581,106.67290496826172,20493300
2016-03-10,107.06976968231966,107.81392985780425,104.94642568388058,106.48435974121094,24854300
2016-03-11,107.63534641714597,108.56802215544124,107.07970159285343,108.55810546875,20697600
2016-03-14,108.42910424385008,109.47093158304453,107.92307317309941,109.03435516357422,17249400
2016-03-15,108.2604376216269,109.96704640012037,107.99253568291537,109.80828857421875,17618500
2016-03-16,109.62967519945376,111.62402659420033,109.24271251285964,111.3065185546875,24744800
2016-03-17,111.27676199065431,111.81255826826744,109.86782042914724,110.15555572509766,24241200
2016-03-18,110.69135083165494,111.54465516438285,109.41139433256309,110.58220672607422,36256900
2016-03-21,110.79058001270263,111.49505079720348,110.16548056716753,110.97909545898438,18448000
2016-03-22,110.4929146332996,112.00107607730759,110.30439161405253,111.37598419189453,19001100
2016-03-23,111.13784718174014,112.30865952965469,111.12792292616768,111.6637191772461,18562000
2016-03-24,111.25690416717391,112.2094282798818,110.81041109152574,112.16974639892578,17839100
2016-03-28,112.43764965046712,113.69775764548056,112.07052787759439,112.80477142333984,21351800
2016-03-29,112.94368373279374,115.41429364843195,112.75516071333095,115.2356948852539,29825300
2016-03-30,115.82110004664347,116.07907013935173,113.46955102472363,113.80690002441406,33235200
2016-03-31,113.80691272737255,114.11450413376409,112.88415364817807,113.21158599853516,21207500
2016-04-01,112.86429998101526,115.26545513963814,112.46741301653473,115.15631103515625,24760500
2016-04-04,113.18180637844847,113.65807224283708,110.74096180218099,111.67364501953125,48487900
2016-04-05,111.2370625680844,112.43764006459706,111.02869862934966,111.34620666503906,22962400
2016-04-06,111.59425755523334,112.92382005928451,111.5446438504601,112.82460021972656,20814600
2016-04-07,112.90399103073624,113.99542452099685,112.18959599856876,112.75515747070312,20714500
2016-04-08,113.36040107596327,113.43977997885317,109.0442735336771,109.76858520507812,48497800
2016-04-11,109.83804950723616,110.04642103813495,107.92307683412947,108.14136505126953,39762300
2016-04-12,108.48863324654364,110.29446929662925,108.14135999459992,109.74874877929688,26248100
2016-04-13,111.35614487729046,111.77287280699146,105.6905980906841,109.6495361328125,88227400
2016-04-14,109.75867858054335,111.16762017103743,109.40148105478576,109.97695922851562,28473300
2016-04-15,109.92734783584166,110.10594659018865,108.34972424411166,108.78630065917969,20922800
2016-04-18,108.88552554371101,109.94719386310697,108.34972925588647,109.58999633789062,21167200
2016-04-19,110.23492808107494,111.57441491049163,108.31003886850141,111.41566467285156,30210500
2016-04-20,111.55457910212206,112.38803492055453,110.69135051589764,111.5446548461914,21027900
2016-04-21,111.67365496095516,113.152051254331,111.43551822256687,112.55672454833984,20875200
2016-04-22,110.34407519025898,110.87987145063389,108.16120826575893,109.69913482666016,38458200
2016-04-25,109.01451665687964,109.80828303638728,108.22074270738258,109.24272155761719,21017900
2016-04-26,109.62967991227436,109.6396041679951,107.30790369289983,107.91315460205078,22521500
2016-04-27,107.09952970121286,108.09174322056451,105.48221681987711,108.04212951660156,52213100
2016-04-28,118.64890560950113,119.84948317232815,115.3249915213451,115.82109832763672,87110100
2016-04-29,115.91039762741411,116.92245221383175,114.9380249251789,116.66448211669922,37140600
2016-05-02,116.91253071561455,117.80552447275024,115.6623394556246,117.64676666259766,28095200
2016-05-03,116.60494348206623,117.2399671751854,116.10883666274671,116.5156478881836,24117500
2016-05-04,115.70204023243997,117.37888380884888,115.66235077601723,117.1407470703125,23448400
2016-05-05,117.12088975716502,118.05357292776407,116.33704013485138,116.8926773071289,22056700
2016-05-06,116.24774889749906,118.70843438393241,116.1981351895513,118.55960083007812,26395600
2016-05-09,118.60921343061295,119.3434493674527,117.97419733875333,118.3115463256836,21138100
2016-05-10,118.68860697780188,119.56175231933594,118.07343175104545,119.56175231933594,23220000
2016-05-11,119.47244783008114,120.13722915099358,118.49015087769963,118.58937072753906,22038400
2016-05-12,119.04579291097554,119.89908965586172,117.97420038950575,119.34345245361328,22035500
2016-05-13,119.44266714648298,119.70064479496035,118.74812067364634,118.87710571289062,18124300
2016-05-16,118.45045001608219,118.67866246172466,116.43625773536552,117.74597930908203,31247800
2016-05-17,117.89483468610479,118.08335771654644,116.28744572389421,116.436279296875,21328600
2016-05-18,115.89055244231558,117.34910008728376,115.8210977925552,116.73393249511719,21642300
2016-05-19,116.1386036307184,116.57517246232455,114.97770797829413,115.90046691894531,20544100
2016-05-20,116.04931654911893,117.07129547626906,116.03939229225621,116.436279296875,18944800
2016-05-23,116.50572334605991,116.68432210337586,115.03725140367472,115.0670166015625,20441000
2016-05-24,115.33491539154268,116.81331921677686,115.21585459540916,116.7835464477539,20183600
2016-05-25,117.21020559241627,117.74600191681026,116.46604529242296,116.97207641601562,20019800
2016-05-26,117.3193307493441,118.82749961946467,117.00182270879063,118.53975677490234,18481300
2016-05-27,118.62906874129685,118.91681162558615,118.08335574280872,118.45046997070312,13493600
2016-05-31,118.52983567832791,119.16485177635766,117.20027308869969,117.88489532470703,23547600
2016-06-01,117.5773144530974,118.15280017185933,116.90260888592563,117.85513305664062,15029500
2016-06-02,117.76583813362093,118.50999835590939,117.2994965164552,118.00396728515625,13228300
2016-06-03,118.05357744224473,118.05357744224473,116.94229548520448,117.54754638671875,14135100
2016-06-06,117.69636916040731,118.50005968028488,117.43839152847578,117.86504364013672,12744700
2016-06-07,118.31156598981926,118.37110396269408,116.75379069775317,116.84309387207031,17103000
2016-06-08,116.8430783090163,117.67653411834874,116.3568881835832,117.46817016601562,14505600
2016-06-09,117.2101962754921,117.75591681343775,116.79346835741875,117.63684844970703,13859200
2016-06-10,116.62478690035438,117.19034834687773,115.35475470956433,115.71195220947266,18510800
2016-06-13,114.10457921695294,114.58084513926279,112.42773558693308,113.06275177001953,31718200
2016-06-14,113.18181530985923,114.05496063181943,112.69563272138059,114.0450439453125,17618500
2016-06-15,114.40224150303301,114.54115081405574,113.18181533334513,113.70768737792969,19819400
2016-06-16,112.98336561212321,113.60845745633758,112.0606066592416,113.49931335449219,19236300
2016-06-17,113.52907704010575,113.53900129559295,111.68355915890936,112.13997650146484,24644300
2016-06-20,112.88413829639038,113.82674576134966,111.87208375200115,112.48725891113281,20785400
2016-06-21,113.23140981757135,114.31291892259142,113.08257627532396,113.4893798828125,19166300
2016-06-22,113.75730734052176,113.84660294394689,112.72540413766518,113.0230712890625,14846300
2016-06-23,113.47948152578228,114.19386901796958,112.65594235299555,114.18395233154297,16176900
2016-06-24,110.14564517925113,112.79485394680883,110.13572092263394,111.20731353759766,40643100
2016-06-27,110.70126712116345,110.70126712116345,107.3872774483492,108.12151336669922,36130400
2016-06-28,109.7685897340645,111.87208532750277,109.68921839788862,111.82247161865234,26813800
2016-06-29,112.4872684427777,113.36041376231523,112.159836109205,113.2711181640625,20968300
2016-06-30,113.7771375841522,114.28316866594061,112.78492393279657,113.39017486572266,23192700
2016-07-01,113.31078948828944,114.23354843417259,112.92382679195029,113.30087280273438,14980000
2016-07-05,113.05282092791431,113.310791015625,112.09037251687094,113.310791015625,14207000
2016-07-06,112.47733110457197,115.8806239586372,112.09036841717003,115.79132080078125,24337600
2016-07-07,115.72187004192182,116.05922660406269,114.46176209419313,114.94794464111328,16630200
2016-07-08,115.52343491975275,116.58510321645622,114.94794918920599,116.3271255493164,18142600
2016-07-11,116.7934592960603,117.77574861816265,116.58509535318944,116.95221710205078,17711600
2016-07-12,117.70629575433999,117.79559891406021,116.65455176867519,117.01174926757812,15217700
2016-07-13,117.46816917528216,117.47809343102075,115.77148480346032,115.8707046508789,16207700
2016-07-14,116.58511110236587,116.72402041637801,115.79133710516233,116.37674713134766,14579700
2016-07-15,116.82323379347616,117.35903007637006,115.67226988836256,115.95008850097656,16646000
2016-07-18,116.4065031522225,118.67867328080533,115.97985098711762,118.44054412841797,20868400
2016-07-19,118.0634944177928,119.90901232366542,117.73606968222626,119.67088317871094,21541300
2016-07-20,120.30589894193463,121.24849883348408,119.62126913586857,120.9706802368164,20046500
2016-07-21,120.97068057532428,121.14927932653741,119.31368567628468,119.67088317871094,17801700
2016-07-22,118.96640505903056,120.06776269494647,118.38099513354919,120.0578384399414,18422400
2016-07-25,120.4448084773135,120.9012258255928,116.86291677039372,120.68293762207031,18487400
2016-07-26,121.05006373143725,121.11951838323769,119.80979668500859,120.27613830566406,17612000
2016-07-27,121.46679627826622,124.02670937659667,120.56388577039917,122.37963104248047,52654200
2016-07-28,126.52707009693934,127.33076822976116,122.66735994631284,124.02669525146484,78955800
2016-07-29,123.67943877260154,124.86016792374689,122.74675547557115,122.97496795654297,35058800
2016-08-01,122.88566178180731,123.60998109327238,121.90337236597567,123.34207916259766,25006900
2016-08-02,123.09401731597396,123.82826083348193,121.11951436319174,122.1315689086914,23968400
2016-08-03,122.13158477941539,122.95512399472464,121.35765927875947,121.55610656738281,18525300
2016-08-04,121.98275151482632,123.81834529789197,121.55609933216871,123.39169311523438,21066000
2016-08-05,124.006870228374,124.86016703684247,123.64967269460128,124.17554473876953,20184000
2016-08-08,124.2747513427119,124.47319103143124,123.58020486220526,124.28467559814453,15233900
2016-08-09,124.36403836065347,125.10819849704795,123.56034783574368,124.08621978759766,19621000
2016-08-10,124.09614628470503,124.50295746687932,123.5702743233488,123.90762329101562,10670100
2016-08-11,124.22513450115457,124.40373324449124,123.77864142780726,123.92747497558594,11729500
2016-08-12,123.72902455225422,124.02669164018606,123.21307684582598,123.90762329101562,12159000
2016-08-15,123.93740242696806,123.94731911241733,122.73681732858348,122.93526458740234,19295100
2016-08-16,122.53838262903855,122.95511053454233,121.82398760818111,122.3399429321289,14222400
2016-08-17,122.6971481482617,123.41153564399536,121.89344991432812,123.40161895751953,13794200
2016-08-18,123.0444102753831,123.2924636746166,122.67728851932148,122.9451904296875,12400800
2016-08-19,122.63759747177929,123.19324222642703,122.32008942769009,122.59790802001953,11688300
2016-08-22,122.36971182729425,123.85803230905657,122.15142361210414,123.1833267211914,14386400
2016-08-23,123.54052826807799,124.11600645325319,123.28255058990241,123.40161895751953,13309500
2016-08-24,123.50082877928679,123.71911698385676,122.13156915788929,122.51853942871094,12243700
2016-08-25,122.16133004402,123.4015969311913,122.1414815346318,122.92533111572266,10730800
2016-08-26,123.08409672631463,124.21521959363841,122.94518743173022,123.98700714111328,17504800
2016-08-29,123.38176017251439,125.74323339538456,123.38176017251439,125.5547103881836,15925900
2016-08-30,125.61423763818392,125.61423763818392,124.17553097604784,124.86015319824219,17804300
2016-08-31,124.62202990480637,125.23720507808893,124.12592309183341,125.13798522949219,14200600
2016-09-01,125.39595550609046,125.6440089129414,124.6220300879138,125.18759155273438,13536100
2016-09-02,125.86230476973196,125.87222902620599,125.01892464919169,125.52495574951172,12118800
2016-09-06,125.68370764869786,128.92825068912504,125.48526793655721,128.71987915039062,26278400
2016-09-07,129.02744143203958,130.95233811236915,128.93814584748253,130.0295867919922,27990800
2016-09-08,129.90060908526553,130.05936690266986,128.7992513294885,129.25567626953125,15676600
2016-09-09,128.70003732683477,128.9381589097769,126.1103515625,126.1103515625,27100700
2016-09-12,124.979233979958,127.75742773653043,124.77087001596428,127.68798065185547,21252800
2016-09-13,127.03309721482913,127.35061281206829,125.6737695215943,126.219482421875,18016200
2016-09-14,125.9019935397644,127.7971253065271,125.9019935397644,126.77513885498047,15691100
2016-09-15,126.98351753496215,128.0947996468492,126.67592612855275,127.35063934326172,15077200
2016-09-16,127.20181187759471,128.17417720632088,127.20181187759471,128.06504821777344,24119200
2016-09-19,128.89846844040872,128.92823363629392,127.26130696683522,127.64826965332031,14958800
2016-09-20,127.64829101557541,128.16424639722777,127.03312334436148,127.63837432861328,11083800
2016-09-21,128.12453215584014,128.99766972740855,127.3902887265888,128.92822265625,14068300
2016-09-22,129.4838818485516,129.71208674978027,128.5511985913838,129.06715393066406,15538300
2016-09-23,126.56678181461574,127.59869257903856,126.30881169350008,126.96366882324219,28326300
2016-09-26,126.37824829042684,127.16209793868995,125.81268684421029,126.31871032714844,15064900
2016-09-27,126.61638806275386,128.00548115604528,126.43778929790359,127.68798065185547,15637100
2016-09-28,128.20392151227819,128.4618915890218,127.4002158063134,128.2237548828125,12047600
2016-09-29,128.17414529640394,128.28328939776088,126.55684742717764,127.09263610839844,14532200
2016-09-30,127.03311113973648,127.58874835583497,126.45762541164058,127.27124786376953,18402900
2016-10-03,127.38040936443822,128.0848726667699,126.80492355775587,127.76737213134766,13156900
2016-10-04,128.16423679178288,128.27338090010667,126.5568555055403,127.1918716430664,14307500
2016-10-05,127.25139258570375,127.79711308677642,126.83466469578768,127.46968078613281,12386800
2016-10-06,127.429988035109,128.05508746092246,127.08272235186246,127.73758697509766,11682700
2016-10-07,128.03522478426652,128.24359628314414,127.3307616699182,127.98562622070312,12804400
2016-10-10,128.670254031361,129.68231615553734,128.19399573644552,129.2259063720703,15138700
2016-10-11,129.21596694634601,129.62277813723207,127.23153983760702,127.8764877319336,17537900
2016-10-12,128.00549950200295,128.65044756916407,127.45979401284228,128.04519653320312,11073000
2016-10-13,127.21170780348639,127.25138968448795,125.76306933730096,126.82473754882812,17139300
2016-10-14,127.48954350450441,127.94595332718905,126.58662540574284,126.88428497314453,13345300
2016-10-17,127.20178547100018,127.46968739268037,126.32864019401913,126.54692840576172,11351700
2016-10-18,127.67803765206259,128.3825159634249,127.013256362737,127.56890869140625,13504000
2016-10-19,127.73758081932192,129.45410606116167,127.5986715247218,129.09690856933594,16752300
2016-10-20,129.05725520138557,129.64265770510985,128.49168607271633,128.98779296875,13167500
2016-10-21,128.76947888779267,131.1011868873239,128.69009998355565,131.04165649414062,19088800
2016-10-24,131.6865960580597,132.37122589489525,131.12102701372473,132.2422332763672,17470200
2016-10-25,132.46051861661175,132.46051861661175,131.1904863908867,131.2599334716797,13336800
2016-10-26,130.6150028184295,131.23017042975073,129.92045629919932,130.01966857910156,13084700
2016-10-27,130.71424755603763,130.7737779598616,128.26347833207964,128.68020629882812,16741400
2016-10-28,129.48387338028624,131.93464215661328,128.91830436729794,130.26771545410156,24545500
2016-10-31,130.98210920637382,131.0912533057404,129.8609181564928,129.97006225585938,15669000
2016-11-01,130.38681590524376,130.91268799519418,127.64829619457895,128.49168395996094,22077800
2016-11-02,129.21597314043396,129.21597314043396,125.29673244079744,126.17980194091797,39640900
2016-11-03,121.050070699056,122.32010301650347,118.5695364634196,119.06564331054688,63766300
2016-11-04,118.65882771754903,120.98061161348596,118.32147870744977,119.80979919433594,30545500
2016-11-07,121.87361156905617,122.25065005289555,120.40513195043728,121.19890594482422,23008900
2016-11-08,121.07981935431302,123.63973215250029,120.5936368301575,123.25276947021484,19460800
2016-11-09,120.55397440479977,122.8459858167657,119.5716848810987,122.22089385986328,31916000
2016-11-10,122.96502352318963,123.21307690659233,114.37245068852536,119.8593978881836,67846700
2016-11-11,118.59930044662131,119.76018864019483,117.23004828779023,118.09326934814453,32840100
2016-11-14,118.20241320130378,118.20241320130378,112.6658666094118,114.18395233154297,51377000
2016-11-15,115.82109578070185,117.56738625005482,114.92810203501627,116.28742980957031,34681400
2016-11-16,113.58862496396593,116.96214540651357,113.32072303224069,115.43413543701172,32397900
2016-11-17,115.90046822231163,116.87284088134766,115.10670188410843,116.87284088134766,18597800
2016-11-18,117.46816868390289,118.20240463571596,115.93023456038628,116.10883331298828,22879300
2016-11-21,117.27965118630657,121.00045239868926,116.88277177964397,120.82185363769531,35415400
2016-11-22,121.44695180378548,122.0224375353548,119.95863133454789,120.5241928100586,26089200
2016-11-23,120.28606391515999,120.36543525383269,119.0061074004441,119.89909362792969,15672100
2016-11-25,120.06778749289792,120.19677255464907,119.13510414949535,119.44268798828125,8658600
2016-11-28,119.18469977595771,120.74247481756122,118.88703266941376,119.47244262695312,18101300
2016-11-29,119.63121163094415,121.14929745846703,119.4625371101061,119.92887878417969,18891000
2016-11-30,119.38313978389026,120.84169498384709,117.03159083192016,117.49793243408203,30188900
2016-12-01,117.45824829408367,117.527702946271,113.11235526438504,114.20378875732422,43277000
2016-12-02,114.21370673600265,115.5730420769458,113.41001615200847,114.50144958496094,25070400
2016-12-05,115.04716837220249,116.65455719199392,114.17402309539628,116.5156478881836,20201500
2016-12-06,116.7736142894447,116.88275838476572,115.42420326546524,116.39656829833984,19131200
2016-12-07,116.08899341278253,117.0315933227539,115.66234125385051,117.0315933227539,21913700
2016-12-08,117.06137184561776,118.56953328972091,116.72401526220642,117.984130859375,22442800
2016-12-09,118.29172102448987,119.00611611478212,118.0238190806353,118.74813842773438,17464700
2016-12-12,118.29171114338497,118.31155208535132,116.73393603439514,116.85299682617188,17805500
2016-12-13,116.94229445150398,120.5737922585003,116.6942410537314,119.37321472167969,29768000
2016-12-14,119.065630500823,120.74247388610605,117.92458336119233,119.27399444580078,25913100
2016-12-15,119.14500491898744,121.54615989355675,118.69850427942609,119.63118743896484,20139600
2016-12-16,119.95862429216024,120.55395093090767,118.34131129907614,118.9366455078125,25324300
2016-12-19,118.91679722104807,119.4228282714324,117.58723464433854,118.3115463256836,15918100
2016-12-20,118.56953095590569,118.83742531011535,117.87498443018485,118.1627197265625,13684400
2016-12-21,117.99403741882502,118.2718560107379,117.55746859009997,118.11310577392578,10767600
2016-12-22,117.93450893629347,118.06349397891663,116.01953638817807,116.48587799072266,16258600
2016-12-23,116.08899347093742,116.64463067541033,115.39444696534628,116.35688781738281,10890000
2016-12-27,116.04930577353751,117.75591443594074,115.95008592409322,117.09113311767578,12051500
2016-12-28,117.26973626862821,117.32926666652746,115.7417263059677,116.0096206665039,12087400
2016-12-29,116.08899401956442,116.61486602913854,115.15631079051498,115.44405364990234,9934900
2016-12-30,115.69210130357968,115.92031375657066,113.87634864496275,114.1541748046875,18684100
2017-01-03,115.12654934930691,116.92245364512553,114.61060157873656,115.95008850097656,20663900
2017-01-04,116.63471568606668,118.72828705907143,116.37673802167089,117.76583862304688,19630900
2017-01-05,117.93451111990012,120.00823394579456,117.39871485833196,119.73041534423828,19492200
2017-01-06,120.03800212107151,122.9154154442489,119.09539467900576,122.44908142089844,28545300
2017-01-09,122.5879881855553,124.4533469504137,122.0819571511033,123.92747497558594,22880400
2017-01-10,123.84811656320583,124.52282219743375,123.31232024455514,123.38177490234375,17324600
2017-01-11,123.38177322698743,125.13799573149373,123.09403034291607,125.10822296142578,18356500
2017-01-12,124.63195633896369,125.74323834464204,123.82826571029726,125.63409423828125,18653900
2017-01-13,126.49730298247918,128.26344945486045,126.37824220163657,127.34068298339844,24884300
2017-01-17,127.04303370009501,127.34070083390552,126.40802511661263,126.8743667602539,15294500
2017-01-18,127.41016324074563,127.42999661370976,125.85238048423831,126.9239730834961,13145900
2017-01-19,127.23155226372366,127.35062819706218,126.45762682692792,126.55685424804688,12195500
2017-01-20,127.10255559735914,127.47958643274278,125.79282650819846,126.0508041381836,19097200
2017-01-23,126.31872791148109,128.2436249756792,125.96153036204248,127.92610931396484,16593600
2017-01-24,128.37260272420227,128.88854290470783,127.38038910633698,128.3626708984375,15162700
2017-01-25,128.98776592775425,130.71422301441004,128.7595610426143,130.45623779296875,18731300
2017-01-26,130.60508465177713,132.10332177912966,130.41656164012792,131.74612426757812,20020100
2017-01-27,131.6468941571951,131.9147960703759,130.05936146940766,131.15078735351562,19539500
2017-01-30,130.5554936378279,130.5554936378279,128.59091455276635,129.9601593017578,18956100
2017-01-31,129.15647195241797,129.64266217769733,128.51153902131685,129.30531311035156,19790500
2017-02-01,131.22026176675092,132.4506122045974,129.66247899125221,132.192626953125,50139800
2017-02-02,132.18271685355683,134.43504630299117,129.38466681417404,129.8212432861328,54366400
2017-02-03,130.21814457937936,131.81560940318698,129.74187105453086,129.9601593017578,24804900
2017-02-06,129.9601456726916,131.03173828125,129.28544762655085,131.03173828125,17058500
2017-02-07,131.2103405951669,131.96441753066398,130.63485485229586,130.81344604492188,14596400
2017-02-08,131.5675271655939,133.393196524772,131.40876935871464,133.15505981445312,22390600
2017-02-09,133.44283140225568,133.45274808926723,132.27201131574603,133.09555053710938,16470600
2017-02-10,133.05583076515344,133.88928643622512,132.63908778964174,133.14512634277344,15061900
2017-02-13,133.6511889844805,133.6511889844805,132.65897523531586,133.00625610351562,13526200
2017-02-14,133.05585370021,133.1848311767901,131.51791954731843,132.80780029296875,14364900
2017-02-15,132.41090240341967,132.6589558043777,131.62706031798254,132.40098571777344,13226500
2017-02-16,132.03385806623444,132.8276167563817,131.98424436310611,132.7978515625,12831100
2017-02-17,132.46049969934938,133.04590201948255,132.13306743385724,132.49026489257812,12276500
2017-02-21,132.46049905551155,132.86731021429503,131.86516491387835,132.6787872314453,14759100
2017-02-22,132.55975208659888,135.72490096959757,132.4208427786929,135.06011962890625,27360100
2017-02-23,134.831886939065,135.0600917964592,133.28403635851998,134.30601501464844,18422500
2017-02-24,133.11537435321364,134.5639976670941,133.11537435321364,134.38540649414062,12625700
2017-02-27,134.20681507265033,136.11186349542285,133.96869348229066,135.34786987304688,14306700
2017-02-28,135.72488608951662,135.74473459989255,133.70077709051557,134.484619140625,16112100
2017-03-01,135.40737580115007,136.40950597276967,135.23870132513346,136.3499755859375,16257000
2017-03-02,136.02256170634786,136.74688855065958,135.2486362929553,135.69512939453125,12294800
2017-03-03,135.56614006389594,136.26068651005244,135.02041959192405,136.1019287109375,11160600
2017-03-06,135.81418696447165,136.75678674925908,135.44705767904608,136.3499755859375,12748200
2017-03-07,135.96302460993968,137.29258716331378,135.92334272863522,136.23092651367188,13527100
2017-03-08,136.0821054736562,136.9155765038098,135.98289318576687,136.64767456054688,10184500
2017-03-09,136.64766465954543,137.49105231538513,136.33014902535393,137.1636199951172,15535300
2017-03-10,137.8283959965699,138.40388170632335,137.1437661842774,137.70932006835938,16314100
2017-03-13,137.62996146672083,138.5923947743399,137.59026444250182,138.51303100585938,10955500
2017-03-14,138.37412354005357,138.37412354005357,137.4414402782352,138.23521423339844,12944000
2017-03-15,138.2054355855531,139.00914137672436,137.4116767606585,138.63209533691406,19344800
2017-03-16,139.1083502839701,139.1579639943168,138.64200865867323,138.89999389648438,13612900
2017-03-17,139.24725120281087,139.24725120281087,138.61223511256208,138.7511444091797,20592800
2017-03-20,138.6221826614811,139.09844099819367,138.16575769797936,138.8503875732422,12099500
2017-03-21,140.05094665167545,141.20191808648096,137.32235919190865,137.43150329589844,29894800
2017-03-22,136.85601926817202,138.70153723298068,136.52860209213853,138.5030975341797,17055400
2017-03-23,138.39395928625214,139.29687736498735,138.00699655821978,138.44357299804688,13022800
2017-03-24,138.98928333156874,139.92196654082906,138.67176771140433,139.24725341796875,16664700
2017-03-27,137.96730150477003,139.55483415082898,137.6894829132103,139.2274169921875,12800500
2017-03-28,139.26709603535693,140.8447119638407,138.9198152329965,140.65618896484375,14679400
2017-03-29,140.88441140907503,141.74763237725531,140.32875908774096,141.5392608642578,16527600
2017-03-30,141.29121563499652,141.83693616250096,140.74551024747063,141.3011474609375,12404000
2017-03-31,141.2019398575959,141.5194555326961,140.7852118890124,140.9439697265625,11478300
2017-04-03,140.82486884255286,141.36067266441452,139.72352628201304,141.17214965820312,13564000
2017-04-04,140.7554574891565,140.9836624356603,140.17005495074244,140.62646484375,12948600
2017-04-05,141.15231001077797,142.32313000393944,140.18986154808707,140.74551391601562,17158100
2017-04-06,141.0034533246997,141.11259740928756,139.81280021827138,140.07077026367188,15103400
2017-04-07,140.10055050685622,140.44783130602843,139.14803397537483,139.68382263183594,11818300
2017-04-10,139.9021210951146,140.32876568658384,139.53500689873613,139.94180297851562,9039400
2017-04-11,139.70368876934867,139.93189367589676,137.729178101447,138.83053588867188,16638100
2017-04-12,138.63210389700978,139.30680196782646,138.35428526314644,138.49319458007812,11612500
2017-04-13,138.53287716160304,139.4854090110337,138.2451418393678,138.30467224121094,10965600
2017-04-17,138.67176942128867,140.44784027102958,138.66185273552802,140.31884765625,11519700
2017-04-18,140.17002582405777,140.805041951058,139.5151611849698,139.86244201660156,14807500
2017-04-19,140.24942708111664,141.92625569025665,140.17004816009526,141.16226196289062,15563900
2017-04-20,141.8369406960421,143.12682149137788,141.57897059296656,142.68032836914062,15968200
2017-04-21,142.77955227383308,143.04745422497373,141.1622541598632,142.56126403808594,12382000
2017-04-24,143.83130252056097,144.5357657589211,143.216119740327,144.3373260498047,14407200
2017-04-25,144.6548340242199,146.004245311846,144.6548340242199,145.34939575195312,17767500
2017-04-26,145.94469524061145,146.44080204214183,144.9524816375507,145.4188232421875,12395000
2017-04-27,145.5279935501917,146.59958625126256,145.0021214570709,146.5499725341797,11275100
2017-04-28,148.33594836649203,150.35014096923334,147.90930374205954,149.08010864257812,30652200
2017-05-01,150.55849319897402,151.3820322823545,150.2409775880419,151.27288818359375,25218300
2017-05-02,152.14603026173106,152.24525767802965,150.47911867575667,151.59039306640625,21870400
2017-05-03,152.40401423220908,152.40401423220908,150.1616018181554,150.61802673339844,29782500
2017-05-04,149.00070197496873,150.34019627840487,147.561995403856,149.6754150390625,36225500
2017-05-05,150.27072975440075,150.4493360550579,148.62365173045464,149.07015991210938,17148500
2017-05-08,149.53652337474267,149.9036375743651,148.57407493899555,149.8837890625,15827500
2017-05-09,150.31046465701084,151.4018906850914,149.04043228325662,149.30831909179688,17453900
2017-05-10,149.06028160345247,149.34803209671523,147.7009534814329,149.11981201171875,12080700
2017-05-11,149.13963655325483,149.47698557252204,148.24665029284657,148.87173461914062,11841900
2017-05-12,149.22891668244637,149.28846221494993,148.4649231250615,149.1594696044922,9598200
2017-05-15,149.0007203356844,150.30051778023696,148.60384093611884,149.02056884765625,15064700
2017-05-16,148.9411865827128,149.04041400035698,147.86959406006446,148.61375427246094,14550800
2017-05-17,146.84760404892504,147.51238530451144,143.2954777558092,143.72213745117188,28300100
2017-05-18,143.59315865201236,146.99644415722446,143.38478712680535,146.51026916503906,23031600
2017-05-19,147.29412828457313,148.22681163276192,146.8079532362477,146.90716552734375,16187900
2017-05-22,146.92698133734973,147.43300478725166,146.54001866625367,147.0857391357422,12586700
2017-05-23,147.36357685874273,147.65131215823249,146.10346127274804,146.91708374023438,12817800
2017-05-24,147.35364889245895,149.0602576416662,147.26435329441398,148.87173461914062,17862400
2017-05-25,149.12971612441623,151.40187874420144,148.78243528742834,150.77679443359375,19891400
2017-05-26,151.04466209855275,151.06451060843378,149.97306966463162,150.94544982910156,14996200
2017-05-30,150.78671597439174,151.70946744070014,150.45928363925603,151.1935272216797,13226000
2017-05-31,151.51102065576754,152.1559686093975,149.9135560807456,150.2806854248047,18023900
2017-06-01,150.56841638076787,151.10420507236105,149.12970966410379,150.35012817382812,14530600
2017-06-02,150.66764984407706,152.43378894201797,150.1219293048304,152.4139404296875,16854400
2017-06-05,152.44369354085825,153.5053693366645,152.21548865707828,152.43377685546875,12520400
2017-06-06,152.2154818814569,153.3168395097737,151.29271542206752,151.62014770507812,13457100
2017-06-07,152.0765602181833,152.55281843654808,151.15379383387724,151.92771911621094,12066700
2017-06-08,152.88028688422233,153.52521972551656,151.9079217090469,153.50538635253906,17799400
2017-06-09,153.56490806598796,154.37851537145056,145.46844119515956,148.43516540527344,35577700
2017-06-12,147.0163082556888,148.0382871981967,143.4344160434103,147.28421020507812,33170200
2017-06-13,148.98088757055683,150.00286651543797,147.74062039084862,149.5067596435547,20483400
2017-06-14,150.08223903064805,151.21336204469972,147.8894552288363,149.08010864257812,20808800
2017-06-15,146.52018606391468,148.87172754049547,145.2303053068953,148.63360595703125,18994200
2017-06-16,148.4252289651916,149.65557928103254,147.4429471896208,149.46705627441406,22882400
2017-06-19,150.5287312355979,152.3742491288356,150.5287312355979,151.6796875,19026500
2017-06-20,151.68964419016012,152.64216091959128,151.02486278899994,151.06454467773438,14743900
2017-06-21,151.17368978235828,152.88029866869473,150.69743141453756,152.7116241455078,15039800
2017-06-22,151.81860369202988,153.34662117688373,151.71939141196086,152.20556640625,13005500
2017-06-23,151.53088621895427,153.99157209774845,151.4614239887559,153.8625946044922,18027000
2017-06-26,155.0333806509132,155.28143405995465,152.00712603261167,152.3940887451172,18049700
2017-06-27,151.6499136266412,152.11625520104477,149.21899348473622,149.4075164794922,19360800
2017-06-28,149.74487119939337,152.27501884832245,148.69312723034295,152.04681396484375,16719100
2017-06-29,151.09428770788358,151.31257591384278,147.76044936411716,149.8639373779297,23973500
2017-06-30,150.71724758424244,150.73709609646355,148.8915780993513,149.80441284179688,17666000
2017-07-03,150.53863719073166,150.9652817391979,146.64916199039357,147.2742462158203,13862700
2017-07-05,147.83984036021866,149.67544174954202,146.9766192914994,149.16940307617188,14334300
2017-07-06,147.86959600785116,148.87172632335327,146.84761718056308,147.66123962402344,14951800
2017-07-07,148.0878684417133,150.80653894758436,148.02833805267576,150.2608184814453,13615900
2017-07-10,150.50885988105125,152.78102200830975,150.3302535881798,152.3047637939453,13378700
2017-07-11,152.17577470713368,154.20981534405794,151.71936499034592,154.0609893798828,13667700
2017-07-12,155.2715267430781,157.92073549469688,154.9837762928391,157.66275024414062,22739400
2017-07-13,157.50400303098422,158.5358985836042,157.18648739019096,158.0199432373047,13929200
2017-07-14,158.88315354649345,159.07167653501298,158.08937971376847,158.72439575195312,16371200
2017-07-17,159.00222237825233,159.52809435183087,157.57343243495308,158.48626708984375,12858800
2017-07-18,158.41683822845334,162.45513999365164,158.17870149719673,161.5919189453125,23722900
2017-07-19,162.31624838798038,164.4098200661728,161.89952041781638,162.86196899414062,26273600
2017-07-20,163.51678799286196,163.71522766506675,161.54227767547962,163.24888610839844,18523100
2017-07-21,162.8818019269268,163.7648714996967,162.4749906830719,163.14968872070312,14744000
2017-07-24,163.35804738715314,164.87613299221408,163.0306150805744,164.70745849609375,17367000
2017-07-25,163.72517058237779,164.25104261096718,162.58413092939605,163.99307250976562,15383200
2017-07-26,164.7173749911776,164.7173749911776,162.82225851344313,164.32049560546875,35236900
2017-07-27,173.3397089099924,174.1235661143731,166.19577418210062,169.11288452148438,68910700
2017-07-28,167.75355201003845,172.07958854964633,167.73370349986322,171.1072235107422,24557600
2017-07-31,170.66076245441747,171.37515755495994,167.23762809597315,167.9321746826172,25478900
2017-08-01,168.4977174103853,169.14265018134674,167.73370871464778,168.5373992919922,14385000
2017-08-02,168.97401004631797,169.22206349173536,165.6104059320575,167.98179626464844,17433800
2017-08-03,167.98177633663607,168.37865574622896,166.93994896148095,167.2772979736328,10793800
2017-08-04,167.65433782808302,168.73584704832263,167.3765192236174,168.2992706298828,10777700
2017-08-07,168.62669207685033,170.7202633012857,168.33895680504588,170.64088439941406,12787800
2017-08-08,170.5416917488346,171.70257993481653,169.29149282548545,169.89674377441406,14393500
2017-08-09,168.6564840142652,170.11503939496933,168.23975606834685,169.84713745117188,10815000
2017-08-10,168.73583403728733,169.2617060080463,165.55083701740585,166.09654235839844,20832700
2017-08-11,166.6422781337094,167.50551429737172,165.55085221157645,166.77127075195312,13791200
2017-08-14,168.76565218513687,169.7479493590917,167.97187806739393,169.42051696777344,12954200
2017-08-15,170.15472346172416,170.1646401477836,168.68623636607816,169.6685333251953,8729200
2017-08-16,169.91658233193792,170.04557494726032,167.92223840722238,168.6763153076172,15779900
2017-08-17,168.0214539550905,168.537409286443,165.55085168414874,165.61038208007812,17216000
2017-08-18,165.5409372469611,167.35669021343156,164.91585288406355,166.10650634765625,15093600
2017-08-21,165.85843468665865,166.69189050559177,164.52887205074464,166.47360229492188,11907500
2017-08-22,166.9697262866525,168.5473424933329,165.84851992015356,168.3191375732422,11391000
2017-08-23,167.5253397768761,168.0412950855644,166.89032368155895,167.3963623046875,9856500
2017-08-24,167.56506780435296,167.97186394726543,165.1142985595797,166.43394470214844,14030400
2017-08-25,166.5529655702026,167.06892085063052,164.8860389488113,165.02496337890625,12614500
2017-08-28,165.61038810506784,166.3942302466192,165.0349023568495,165.9378204345703,8553700
2017-08-29,163.9633147119512,167.11854702590475,163.71526128576068,166.74151611328125,11121000
2017-08-30,166.8605501235663,168.85489389955336,166.32476147060672,168.596923828125,11138300
2017-08-31,169.07321387766328,170.80958790867206,168.73586484237677,170.63099670410156,17226500
2017-09-01,171.05763393399184,171.57358929148532,169.97612464653653,170.68060302734375,11677600
2017-09-05,169.9364064755998,171.04768072524766,168.22979808365426,169.39068603515625,13210900
2017-09-06,169.5792106119036,171.13697791292637,168.24964817358324,170.75001525878906,13906300
2017-09-07,170.60121258588958,171.96054040321113,168.94421765397794,171.861328125,18049500
2017-09-08,171.7422636895045,172.1391582488474,169.47010100468665,169.61892700195312,10998500
2017-09-11,171.05762358941567,172.5360273470681,170.85918389160463,172.1589813232422,12372000
2017-09-12,172.40702473644265,172.64516144399872,170.41268090808495,171.61326599121094,11186300
2017-09-13,171.66289391434597,171.82165174653295,170.7202938882035,171.7025909423828,9119300
2017-09-14,170.9187107942465,170.93855930561554,169.17242029322472,169.62884521484375,15615700
2017-09-15,169.54948139027258,170.99810490952214,168.9342986029388,170.30355834960938,15660500
2017-09-18,170.65082740560135,170.7302063126739,168.02145220625115,168.6862335205078,12954000
2017-09-19,169.29151200987906,171.21640918493142,169.03354187486477,171.17672729492188,13168600
2017-09-20,171.15682374170822,171.70254417873497,169.37083646597347,170.8293914794922,12264100
2017-09-21,170.35318049168873,170.92866628122903,168.68625352543748,169.77769470214844,11161400
2017-09-22,168.88471046847778,170.3928644803672,167.90241339732918,169.21212768554688,12097100
2017-09-25,167.92223273712122,167.98176312988195,160.30202452421173,161.60182189941406,41251600
2017-09-26,163.21913175718967,164.21134532410267,161.5125232109011,162.931396484375,23363300
2017-09-27,164.60823533755251,167.02923901974563,164.28081816248243,166.37437438964844,19242500
2017-09-28,166.63238701225853,167.75359344444405,165.85846146401857,167.41622924804688,12178700
2017-09-29,167.51542640978323,170.32339275657026,167.49557789829257,169.53953552246094,15340400
2017-10-02,170.05546922410073,170.53172745948729,167.4360262195101,168.15042114257812,13392300
2017-10-03,167.98174739947657,169.4006054273335,167.88251999418213,168.63661193847656,8190300
2017-10-04,168.5076368648283,169.34109265206823,166.9796194482438,167.10861206054688,12127900
2017-10-05,167.86270433288422,169.9761243314083,167.2872337174915,169.90667724609375,14580600
2017-10-06,168.92438289966614,171.02787110478334,168.4282760482721,170.8889617919922,13124500
2017-10-09,171.3553153366863,173.5183492316824,170.66076872452447,171.15687561035156,14570400
2017-10-10,171.6529770334722,171.85141675349178,169.47010983329693,170.2539520263672,11341100
2017-10-11,170.61113176247508,171.43467089753997,170.0654112344226,171.39498901367188,11283700
2017-10-12,171.26599707083065,172.4963474352887,170.9484814387207,171.2064666748047,10351000
2017-10-13,172.09947182429255,173.29012529570696,171.85141838691538,172.38722229003906,13658300
2017-10-16,173.13136761379,173.6373911318389,172.7047078656484,173.1611328125,11498800
2017-10-17,173.34963088174402,174.75857226449244,173.00235009347094,174.7387237548828,15990100
2017-10-18,175.2744997691866,175.3638104860084,174.38151372077465,174.65933227539062,12752400
2017-10-19,173.56791985565803,174.65936088469644,171.28584066036026,173.2008056640625,14048400
2017-10-20,174.13352439230593,174.5105704864964,173.2703032187449,173.61756896972656,12602200
2017-10-23,173.83582416593296,173.97473346790886,169.91658337306094,169.93643188476562,13852700
2017-10-24,170.95843292705092,171.89111627867072,170.16465889546086,170.4623260498047,12267900
2017-10-25,170.5615024603987,170.9087832574061,167.5749451380486,169.27163696289062,15868200
2017-10-26,170.0455823662001,170.94848529291494,169.06328538968916,169.30142211914062,11833100
2017-10-27,172.79399687464306,176.82239691291616,172.54594346819655,176.49496459960938,30285300
2017-10-30,177.8642010145095,179.28307430760813,176.22705466245034,178.46945190429688,24353200
2017-10-31,179.16402815900284,179.39223306199798,177.5467150456508,178.65798950195312,20174200
2017-11-01,180.94008007226162,181.47586877649684,179.16402431750365,181.2377471923828,40918300
2017-11-02,179.22354738608752,180.52334477949736,175.95915616418623,177.52685546875,35529900
2017-11-03,177.89396965590234,178.4595386750075,175.33407189146445,177.52685546875,17822100
2017-11-06,177.16965587879733,179.0449389548137,176.92160248175824,178.76712036132812,13312700
2017-11-07,179.0945499753489,179.34260336866657,177.5665477341023,178.84649658203125,12928200
2017-11-08,178.3900701150357,178.94572242878405,177.71537215830753,178.161865234375,10494100
2017-11-09,176.92158806507226,178.00309715443979,175.71108637496263,177.9038848876953,12610300
2017-11-10,176.96129047558443,177.70545062873663,176.57432780154437,177.0704345703125,11070200
2017-11-13,176.11792093818718,177.6459232807927,175.91948123836522,177.37803649902344,9523400
2017-11-14,176.74301733340062,177.57647314229405,175.8004022805086,176.68348693847656,9585900
2017-11-15,175.284473612538,177.1796053886655,175.02648836428187,176.56442260742188,10253700
2017-11-16,177.36812641124052,178.42980240237355,177.1101562838531,178.19166564941406,15607600
2017-11-17,177.90391407726858,178.5786121057479,177.50701952524037,177.6062469482422,13018000
2017-11-20,177.47725934592688,178.1023588205641,176.71326569912532,177.34828186035156,10052400
2017-11-21,177.75506415197404,180.4737349239952,177.5963214789924,180.4439697265625,14504000
2017-11-22,179.8883296448857,180.31497422791827,179.03502533884242,179.461669921875,10376300
2017-11-24,178.99532310826507,181.72391044308606,178.88617900927312,181.35679626464844,9426300
2017-11-27,181.13853200354248,182.2994202244221,180.57297806310456,181.60487365722656,12344500
2017-11-28,182.08111246294297,182.81535597805015,180.6721709663681,180.99960327148438,14379700
2017-11-29,180.4737311688918,180.55311007372015,172.64516646743317,173.76637268066406,41933500
2017-11-30,175.47301307358876,176.89187151199687,173.8358512523708,175.80043029785156,25307600
2017-12-01,174.65935413940798,176.0980607930484,170.9980836306414,173.73660278320312,20182500
2017-12-04,174.9173656382647,175.19519943342644,169.46018969153369,170.13490295410156,24459400
2017-12-05,169.1227951149933,174.01441574721193,167.694005192885,171.48426818847656,20184900
2017-12-06,171.15686947122393,175.3936263634162,170.56153517359286,174.68914794921875,20255800
2017-12-07,174.43117702045978,178.98543441431286,174.43117702045978,178.7373809814453,20404500
2017-12-08,180.1165463224017,180.86070657497814,177.34827684440816,177.6062469482422,19883800
2017-12-11,177.90390503049875,178.81673974377554,177.4077982206758,177.6459197998047,13168600
2017-12-12,177.20936787803035,177.78483848461795,175.22494053399856,175.58213806152344,16854100
2017-12-13,175.91945338810865,177.76497107024358,175.869839686013,176.9116668701172,14615700
2017-12-14,176.901764400632,178.95565391639886,176.29651347057296,177.00099182128906,13591000
2017-12-15,177.6260974690611,179.08465279179953,176.97123280579504,178.7770538330078,28463100
2017-12-18,179.6005714578849,179.88832186933345,178.35038781980418,179.4120635986328,17265400
2017-12-19,178.54885061623332,178.67784324081975,176.83232517049,178.11227416992188,14920600
2017-12-20,178.40994659717305,178.40994659717305,175.97902601080972,176.50489807128906,11860500
2017-12-21,176.5544884488452,177.28871681511848,175.67141896023537,176.06829833984375,11600700
2017-12-22,175.76075157693722,176.14771435256858,174.85783338713702,175.82028198242188,8509500
2017-12-26,175.25470608718072,175.6218203017753,173.30996062450808,174.61968994140625,8897300
2017-12-27,175.17530834982693,177.05059138658558,174.88755793689785,176.23696899414062,9496100
2017-12-28,176.56441790858617,177.54671488315512,176.29651598098025,176.53465270996094,12220800
2017-12-29,176.61404681904068,177.457434559281,175.08604431152344,175.08604431152344,10261500
2018-01-02,176.29651597117564,180.16615833200692,176.16753849046654,180.0074005126953,18151900
2018-01-03,180.4638018334065,183.3412150168427,179.91808136345082,183.23207092285156,16886600
2018-01-04,183.46029878370092,184.7601113895471,182.6665399715534,182.89474487304688,13880900
2018-01-05,184.1449274556417,185.4447249132327,183.49006281380875,185.39512634277344,13574500
2018-01-08,185.7423723994865,187.42913239620646,184.87915146104248,186.81396484375,17994700
2018-01-09,187.23071996426356,187.32994738909062,185.64318714688596,186.4071807861328,12393100
2018-01-10,185.48442464765515,186.4270245998348,184.18462717107303,186.37741088867188,10529900
2018-01-11,186.93303715692767,186.93303715692767,185.9209901804445,186.30795288085938,9588600
2018-01-12,176.6735455434726,180.0669141301532,176.0186809548209,177.9733428955078,77551300
2018-01-16,180.08677686798706,180.33483027965096,176.65371098896813,177.00099182128906,36183800
2018-01-17,177.86421095668882,177.92375649243675,174.43116025417478,176.21714782714844,27992400
2018-01-18,176.7430142522012,179.5708139416445,175.70118693925764,178.40000915527344,23304900
2018-01-19,179.44184142939912,180.94999524947485,178.76712828675176,179.87840270996094,26826500
2018-01-22,179.39221244341843,183.9464689935451,179.00524976543338,183.92662048339844,21059500
2018-01-23,184.60134813432853,188.0740958251222,184.105241321358,187.8756561279297,25678800
2018-01-24,188.4114322834176,189.17544096373268,185.06767743135438,185.09744262695312,24334500
2018-01-25,186.4865289457528,187.1513101905273,185.14704977134807,186.0201873779297,17377700
2018-01-26,186.28810350518478,188.5205841064453,185.35542029826166,188.5205841064453,17759200
2018-01-29,187.28032692600374,187.36962252114174,184.1846251747221,184.53189086914062,20453200
2018-01-30,186.15907055998352,186.71470763351908,180.4240784024596,185.6629638671875,20858600
2018-01-31,186.9032710839018,188.3519096022416,183.77780429827604,185.43479919433594,43275100
2018-02-01,186.7544568978059,193.7991799624837,186.42702457215398,191.58653259277344,54211300
2018-02-02,190.5446913486245,192.69780816421374,188.50073377361915,188.79840087890625,26677500
2018-02-05,185.47451361515218,189.12586817839858,179.20373043259303,179.84866333007812,33128200
2018-02-06,177.17958611274838,184.32352085530795,176.35604702517875,183.86709594726562,37758500
2018-02-07,182.71614335904567,183.6389099554623,178.54884892549848,178.7770538330078,27601900
2018-02-08,179.6005537391338,180.42409273137594,170.14476063467984,170.24398803710938,38478300
2018-02-09,173.39922944580292,175.52256577473037,165.87824914129024,174.7387237548828,39887600
2018-02-12,175.68135557952797,176.1675457436953,170.50199884607702,175.0364227294922,32092100
2018-02-13,174.25255726945196,174.59983810473963,171.75218975930463,171.80178833007812,21809400
2018-02-14,172.09944847328913,178.40992766953786,171.86132689530353,178.1221923828125,28929700
2018-02-15,179.09453496094875,179.09453496094875,175.46302995363104,178.55874633789062,20922100
2018-02-16,177.59633231075645,178.47940188173544,174.92727508499433,175.97901916503906,20645300
2018-02-20,174.40140477084617,176.56442335083702,173.7465401009486,174.6395263671875,21204900
2018-02-21,175.3340811424222,179.8585729740723,175.026482192657,176.5247344970703,23200800
2018-02-22,177.30859352917315,178.8068459764624,176.02864445736353,177.59634399414062,18464200
2018-02-23,178.49921999895196,181.9620509019941,178.1122573018194,181.86282348632812,19007300
2018-02-26,183.1427855982708,184.21437808840216,181.79337451513996,183.49005126953125,17599700
2018-02-27,183.01381314236772,183.26186656629068,180.04710388183594,180.04710388183594,15849800
2018-02-28,180.88053964412475,181.4560253404468,176.75292749531835,176.93153381347656,18783000
2018-03-01,177.6161408034602,178.71749844130207,173.05196759166571,174.57005310058594,23201600
2018-03-02,171.9406780642771,175.7309410626267,171.64302611360225,175.2447509765625,20025900
2018-03-05,174.82805154230758,179.73950634701885,174.5204677165954,178.99534606933594,16189300
2018-03-06,180.36458464482595,180.95991885305395,177.71537618416932,178.38015747070312,15086800
2018-03-07,177.34825376456183,182.3887003695206,176.68347250890474,182.27955627441406,19097300
2018-03-08,182.13071351223508,182.96416924552386,180.03714235410783,180.9202117919922,17225900
2018-03-09,182.47803595573626,184.06556888531674,181.78348935279604,183.78775024414062,18526300
2018-03-12,183.787722221815,184.65095835526108,182.78559192893863,183.32138061523438,15301200
2018-03-13,184.16477404346094,184.54182007087564,179.6998126703109,180.4638214111328,18067500
2018-03-14,181.17821283722608,182.81535925214953,180.4340526231739,182.75582885742188,16821700
2018-03-15,181.81322292448564,182.56729979935182,180.77139563133073,182.4283905029297,15614300
2018-03-16,183.05349986979246,183.8869556936874,181.9819073219367,183.64881896972656,24403400
2018-03-19,175.63174825103079,175.79050608265,168.73586580235943,171.21640014648438,88140100
2018-03-20,166.16600031209563,168.8747389972793,160.68897741262293,166.8406982421875,129851800
2018-03-21,163.5168331057638,172.04986248457152,162.0285124436482,168.0710906982422,106598800
2018-03-22,164.8364600066346,168.94422394910038,162.44522145496325,163.60610961914062,73743000
2018-03-23,164.15182111516467,165.302792529729,157.78181159245784,158.14892578125,53609700
2018-03-26,159.56781279665657,159.84563141849048,147.85968823372906,158.813720703125,126116600
2018-03-27,155.092925291321,161.58201154622896,149.57621938994916,151.03477478027344,79117000
2018-03-28,150.4691955044073,154.66627018758905,149.62582297727474,151.8384552001953,60029200
2018-03-29,153.94195113230754,160.16313533650757,152.93982073506774,158.5458221435547,59434300
2018-04-02,156.58122403800732,157.9604003209448,152.91003678716447,154.18006896972656,36796000
2018-04-03,155.331046633961,156.16450244865112,149.6357349536215,154.89447021484375,42543900
2018-04-04,150.84623099352257,154.34874375774146,149.33806209635878,153.892333984375,49885600
2018-04-05,160.3020504449896,160.3119822720409,155.43027731660064,158.09933471679688,41449600
2018-04-06,156.50183937879345,160.1631098094975,155.58900472739475,155.97596740722656,41644800
2018-04-09,156.59117315157778,159.28006379590303,154.82501883961191,156.70030212402344,34915200
2018-04-10,156.70027456923935,164.6875964649815,155.78743994400838,163.75491333007812,57889300
2018-04-11,164.0724317181145,167.3368076058725,161.97886054135304,165.02496337890625,56144600
2018-04-12,165.67980931063394,166.14615087617642,161.8300311486776,162.59402465820312,38263000
2018-04-13,163.2985440756753,164.40981865322894,162.4948533444102,163.239013671875,19990600
2018-04-16,164.42962398316547,164.4891543713311,162.1177646895478,163.5465545654297,18119400
2018-04-17,164.5387895663767,167.68410498509857,164.37011506455008,167.3467559814453,22743000
2018-04-18,165.58059148267563,166.81092651643078,164.47923390699,165.06463623046875,20969600
2018-04-19,164.90590739701548,167.0193273393134,163.91369373621518,166.79112243652344,22235000
2018-04-20,166.4834969483785,167.11851298447667,164.5189184523211,164.98526000976562,19119400
2018-04-23,165.96757942949182,167.1383842548743,163.80454582635772,164.5487060546875,23088100
2018-04-24,164.1419064929904,164.80670300071776,156.95828893465557,158.4466094970703,35079900
2018-04-25,158.8931026377988,159.80593743261562,154.97386151810258,158.4466094970703,41083600
2018-04-26,171.8712565286882,174.89751131005175,169.4701012165842,172.80393981933594,77556900
2018-04-27,175.43328659080046,175.7210370171201,171.25607575610894,172.2383575439453,29804700
2018-04-30,172.4368071515522,174.35178740859453,170.37301603989096,170.66075134277344,20750500
2018-05-01,170.66075330814073,172.66502918502357,168.90453085176392,172.5062713623047,26025900
2018-05-02,172.8932149349454,176.69339473280922,172.84360122834588,174.6990509033203,30424500
2018-05-03,173.76635084979475,174.74863250118503,170.77977859825572,172.6649932861328,24026100
2018-05-04,171.73233515528582,175.6019622170441,171.71248664369318,175.23484802246094,17677800
2018-05-07,175.9691218453108,178.10237543942858,175.79051549018592,176.58428955078125,18697200
2018-05-08,176.86207417364642,177.64591625593928,175.7309512754141,177.52685546875,15577200
2018-05-09,178.27102295714008,181.585012882542,177.38795342276703,181.2377471923828,23282800
2018-05-10,181.72391496840459,184.68072240018904,181.07898218374137,184.08538818359375,21071400
2018-05-11,183.41067551035053,186.85365764124913,182.7458791277475,185.5340118408203,21207800
2018-05-14,186.24844352275093,186.39726952434344,184.7501911201472,185.186767578125,15646700
2018-05-15,183.4404638800126,183.84725996884964,181.77353708046485,182.88482666015625,15429400
2018-05-16,182.26963585426475,182.8848185833475,181.23774036867192,181.77352905273438,16975500
2018-05-17,181.25758528011698,182.6268449843108,180.8011754720384,182.3291778564453,14840700
2018-05-18,182.06127407157805,182.75582054510755,181.18812128201085,181.257568359375,13130500
2018-05-21,182.33908709328264,183.85717260334886,181.7040710311633,183.05348205566406,13532900
2018-05-22,183.4900570596467,183.97624718272667,182.00173663305148,182.36886596679688,12731400
2018-05-23,181.07899848457114,185.4546644925057,180.76148283647657,185.44473266601562,16628100
2018-05-24,184.4326707185793,185.34550542321446,183.58928309387315,184.48226928710938,12354700
2018-05-25,184.57157404860823,184.87915783544156,183.01379146370698,183.48013305664062,10965100
2018-05-29,182.9046692065252,185.35543824844447,182.2795848728229,184.2937774658203,16398900
2018-05-30,185.08751875990046,186.53615728122801,183.80756987418877,186.20872497558594,13736900
2018-05-31,186.40716899560496,191.21941113572862,186.02020628722232,190.28672790527344,30782600
2018-06-01,191.56668800517716,193.0351599015415,190.57447440007027,192.47952270507812,17307200
2018-06-04,190.34626483930563,192.46960146542042,189.9791506300175,191.77505493164062,18939800
2018-06-05,192.78710949375522,193.48165600011896,191.12018273850393,191.4376983642578,15544300
2018-06-06,189.54257487819743,191.03089537306258,187.6375264615675,189.85015869140625,22558900
2018-06-07,189.264763941221,189.48305216718774,185.31575764051456,186.7147674560547,21503200
2018-06-08,186.0698114066822,188.0046248592757,184.9783704129229,187.62759399414062,12677100
2018-06-11,187.33984512832245,191.10034310523886,187.32992844283444,190.048583984375,12928900
2018-06-12,190.6736963435667,191.77505410667226,190.06844540816672,190.9019012451172,11562700
2018-06-13,191.23928232766164,192.98557306541858,190.41574310395248,190.91184997558594,15853800
2018-06-14,191.5964533732013,195.74389897906175,191.4079303656662,195.27755737304688,19120900
2018-06-15,194.26548193596187,195.53552919333194,193.12444242329656,194.3250274658203,21860900
2018-06-18,193.28320498693134,198.02598460408896,192.61842371690886,196.765869140625,16826000
2018-06-19,194.71198833804928,196.4185968187479,192.28105308055834,195.95225524902344,19994000
2018-06-20,197.54974105161622,201.96508870534092,197.26199061868914,200.42715454101562,28230900
2018-06-21,201.18124460413006,201.8063440806771,198.532035838734,199.93106079101562,19045700
2018-06-22,199.59370371285382,200.66529628370577,197.75810238371335,200.169189453125,17420200
2018-06-25,198.4427254162537,198.4427254162537,191.6063741312629,194.82115173339844,25275100
2018-06-26,196.06142269730353,197.54974316775883,194.7020797057688,197.4505157470703,17897600
2018-06-27,197.62911458730136,199.186897340542,194.27544262589436,194.31512451171875,18734400
2018-06-28,193.66026000384585,195.8034451996165,191.75521154315393,194.70208740234375,18172400
2018-06-29,195.78360196826287,196.06142057520924,192.44976354492806,192.8069610595703,15811600
2018-07-02,191.86433507148328,195.912568293661,190.72329551076174,195.82327270507812,13961600
2018-07-03,193.03517577660398,193.87854832631626,191.0209832037896,191.22933959960938,13489500
2018-07-05,193.22368119239252,197.1032248475129,192.51920287743454,196.90478515625,19684200
2018-07-06,196.90478790376508,202.05437896277454,196.16062769616207,201.64756774902344,19740100
2018-07-09,203.3343361230769,204.19757229416905,200.54621818766037,203.1458282470703,18149400
2018-07-10,202.90767082906115,203.3144820178631,200.6851070282679,201.95513916015625,13190100
2018-07-11,200.64543592133586,202.90768172397952,200.17909431693334,200.9629364013672,12927400
2018-07-12,201.8460219507513,205.46761097204154,201.60790035678934,205.30885314941406,15454700
2018-07-13,206.19192453031167,206.8070921734191,204.8425133060912,205.70574951171875,11486800
2018-07-16,205.88435703490717,207.094859044094,205.22949231387548,205.616455078125,11078200
2018-07-17,203.30454118510715,208.82126099229464,203.2450107971839,208.35491943359375,15349900
2018-07-18,208.18628335666915,209.3471715552405,206.81702362195352,207.7298583984375,15334900
2018-07-19,207.14445499903923,208.3549569044322,206.14230948884872,206.46974182128906,11350400
2018-07-20,207.22381916439136,209.85317918327323,206.87653834379418,208.30532836914062,16163900
2018-07-23,208.94035941549492,209.97225498537256,207.17422026898748,209.26779174804688,16732000
2018-07-24,213.43506578153367,214.5165749601828,210.94461512299728,212.9984893798828,28468700
2018-07-25,214.04034879448685,216.91776257898957,212.60164190223546,215.80648803710938,58954200
2018-07-26,173.52823024051227,178.72743478538428,172.39710737899168,174.88755798339844,169803700
2018-07-27,178.46947943186572,178.52900983348957,171.65297592629156,173.52825927734375,60073700
2018-07-30,173.93503338501145,173.93503338501145,165.2630817548119,169.72804260253906,65280800
2018-07-31,169.34110483354291,172.8833148940868,168.6763234930443,171.23623657226562,40356500
2018-08-01,172.57572260076367,173.71677744654153,169.5693162830717,170.3134765625,34042100
2018-08-02,169.3509916475573,175.4134166928628,168.94419562197868,174.99668884277344,32400000
2018-08-03,176.30645635292112,177.45742788881466,174.77843876286042,176.395751953125,24763400
2018-08-06,177.57644950272982,184.34333763121745,176.9910471772695,184.24412536621094,49716200
2018-08-07,185.04782577403012,186.83381317946927,182.28947333562078,182.37876892089844,33398600
2018-08-08,183.31146880806094,185.3951234946176,182.3291718604022,183.7381134033203,22205200
2018-08-09,184.40291762701943,185.11731268449776,181.05914724577298,181.66439819335938,19732100
2018-08-10,180.62256916869316,180.68211470625917,178.0229742075353,178.85643005371094,21500400
2018-08-13,178.69766973669223,181.18812034314962,177.50700134255118,178.64805603027344,17423300
2018-08-14,179.3029344407843,180.572966695124,177.22919641645174,179.69981384277344,19102000
2018-08-15,177.9435875848628,179.46167321744863,173.4190958846087,178.13211059570312,33020200
2018-08-16,179.01516921222068,179.09454811405467,172.6550766400605,173.33970642089844,31351800
2018-08-17,173.14129339920424,174.8479022015008,170.70044099685646,172.44674682617188,24893200
2018-08-20,172.68487815710756,173.2107653848665,169.57925934701672,171.15687561035156,21518000
2018-08-21,171.46441715754236,172.8138281596967,170.05547576617158,171.27589416503906,19578500
2018-08-22,170.869135994065,172.88332868882395,170.7897570775252,172.28799438476562,16894100
2018-08-23,171.74226447913534,174.18311682538354,171.48429436936092,171.55374145507812,18053600
2018-08-24,172.34751537647205,173.45880500736908,171.57358990744308,173.2901153564453,14631600
2018-08-27,174.61967661086052,177.27880178704885,174.42122177922306,176.07823181152344,17921900
2018-08-28,176.7132424542553,176.85215174812703,174.46091341649864,174.88755798339844,15910700
2018-08-29,174.92725951150646,175.41343448259514,173.38932541403022,174.53036499023438,18494100
2018-08-30,174.5303786993064,178.390089274481,174.33193899307219,176.2568359375,24216500
2018-08-31,175.7706512346192,176.236992885708,173.6175493183057,174.36170959472656,18065200
2018-09-04,172.14907745662845,172.53604019516808,167.48567608090013,169.82730102539062,29809000
2018-09-05,168.17029155589415,169.79752128372485,165.3722418860996,165.87826538085938,31226700
2018-09-06,165.67981255394275,165.67981255394275,158.75416628878796,161.26446533203125,41514800
2018-09-07,159.06175376752574,163.34812362432544,158.91292778915525,161.77049255371094,24300600
2018-09-10,162.236860467802,163.72518105294841,160.89738102515815,162.90164184570312,20197700
2018-09-11,162.6634916036815,165.88818563710336,162.4452034117594,164.64791870117188,20457100
2018-09-12,161.97888404940383,163.20923446899246,160.54017723438812,160.73861694335938,24078100
2018-09-13,160.7385927171434,162.04832185091652,159.60746989251075,160.10357666015625,25453800
2018-09-14,160.46080280145142,161.5720773146908,159.09154303336734,161.05613708496094,21770400
2018-09-17,160.6592287650919,160.79813806735754,158.52597552173137,159.3296661376953,21005300
2018-09-18,158.14893132011807,160.50047279983679,157.63297598862607,159.05184936523438,22465200
2018-09-19,158.83355200348495,162.16739024418695,158.23821779836834,161.79034423828125,19629000
2018-09-20,163.21912611312553,165.15393947370515,163.18936091834559,164.727294921875,18936000
2018-09-21,165.3424809739052,165.94773190213695,161.54230090188992,161.66136169433594,45994800
2018-09-24,159.77615464504572,164.4097903358473,159.6273286611783,164.12205505371094,19222800
2018-09-25,160.7286841915896,164.30064401598187,159.89521327325136,163.62594604492188,27622800
2018-09-26,163.02069498827245,167.9817629115919,162.93139939924737,165.65005493164062,25252200
2018-09-27,166.24539593368888,170.43253864331763,165.90804693470875,167.5253448486328,27266900
2018-09-28,167.01930486518697,167.47571460935237,161.29422857354166,163.179443359375,34265600
2018-10-01,161.76058857142502,164.5884035023504,160.004366188851,161.17518615722656,26407700
2018-10-02,160.3218664632091,161.01641291690996,157.4345214128485,158.08938598632812,36031000
2018-10-03,158.75419586187408,162.38570172580964,158.28785420033145,161.16526794433594,23109500
2018-10-04,160.20280663630757,160.20280663630757,156.12480833532828,157.61312866210938,25739600
2018-10-05,157.9703315953319,159.6471598371,154.98375901365037,156.10496520996094,25744000
2018-10-08,154.32888197457635,157.10708281780416,153.18784249931076,156.02557373046875,24046000
2018-10-09,156.46217583453068,159.33958941767398,156.19427390479638,156.6705322265625,18844400
2018-10-10,155.598953955172,156.46217499750117,150.1318469804765,150.20130920410156,30610000
2018-10-11,148.96103111199872,153.60458344602512,147.99858271849723,152.1559600830078,35338900
2018-10-12,155.5096319219713,155.66838973017065,150.12191938851547,152.5429229736328,25293500
2018-10-15,152.1261758133903,154.3586561109963,151.36216720568297,152.32461547851562,15433500
2018-10-16,154.18996898294452,158.218368435776,153.80300633072383,157.5436553955078,19180100
2018-10-17,158.3176049818395,159.24037153403384,156.72014042587173,158.17869567871094,17592000
2018-10-18,157.27577306648942,157.42461419121523,152.08650015191827,153.71372985839844,21675100
2018-10-19,154.64642929327104,156.12483317010177,152.35441804783434,152.85052490234375,19761300
2018-10-22,153.5549653323491,156.11487813789978,153.25731337587135,153.57481384277344,15424700
2018-10-23,150.042565674122,153.56492754250544,149.67545142850915,153.18788146972656,19095000
2018-10-24,153.0787239045878,153.44583811795397,144.46631651009108,144.9028778076172,27744600
2018-10-25,146.57972880932172,151.02485718155754,145.8554170319628,149.774658203125,22105700
2018-10-26,144.68459110750447,147.83982301609493,142.6803154421865,144.2380828857422,31303300
2018-10-29,147.34372015279192,147.67115245881772,137.94745611434155,140.98362731933594,31336800
2018-10-30,138.85036678416012,145.49819454953195,138.6519271019058,145.0814666748047,50528300
2018-10-31,153.79313669107128,155.1822299342241,147.80017209063658,150.60812377929688,60101300
2018-11-01,150.3402002756691,151.56061869437454,148.18709870414037,150.5684051513672,25640800
2018-11-02,150.61802798562925,152.9298874977579,147.80014498628802,149.1793212890625,24708700
2018-11-05,148.93129577061563,149.02059137802166,146.29200345853323,147.5223388671875,15971200
2018-11-06,148.1474073132278,149.794485490799,146.84760994489577,148.7725067138672,16667100
2018-11-07,150.38982519689623,151.81860008780413,148.66336805291238,150.35012817382812,21877400
2018-11-08,149.31823799405643,149.7647311096227,145.59743679770625,146.7186279296875,24145800
2018-11-09,145.60733917088652,146.60946941087013,142.94821411113884,143.83128356933594,17326900
2018-11-12,143.35502419195558,143.91066141464097,139.39610141033296,140.44784545898438,18542100
2018-11-13,140.8943427633134,143.7519230106303,140.51729671957594,141.0531005859375,15141700
2018-11-14,142.58109058978476,144.44645699339068,140.44783741628237,143.0970458984375,22068400
2018-11-15,141.22175065957958,143.71220111866165,139.7334303949539,142.72991943359375,30320300
2018-11-16,139.97159053744173,140.66613708263066,136.69728237871766,138.44357299804688,37250600
2018-11-19,136.5384915421337,136.67740081758342,130.18833160732513,130.5256805419922,44362700
2018-11-20,126.0409017075018,133.1153900428905,125.86230294350906,131.3988494873047,41939500
2018-11-21,133.353505366709,136.12178986346993,133.08561858829606,133.77024841308594,25469700
2018-11-23,132.6093483187103,133.4527359775338,130.23795829987594,130.7042999267578,11886100
2018-11-26,131.9644130546667,135.9332675826266,131.74612484443062,135.31809997558594,24263600
2018-11-27,134.69301283094617,135.54631723790533,132.66890349861373,133.9488525390625,20750300
2018-11-28,135.21887109551545,135.7248945919711,130.82337202047773,135.69512939453125,29847500
2018-11-29,134.86166988111822,138.8999864759306,134.60369979706752,137.6001739501953,24238700
2018-11-30,137.18344401041747,139.87234947165177,136.29045784512456,139.51515197753906,25732600
2018-12-03,141.88654085871002,142.56123882077898,139.66397700605577,139.9914093017578,24819200
2018-12-04,139.63423481370523,142.27352698478865,136.09203964933968,136.8560333251953,30307400
2018-12-06,132.77802722436888,138.61223272165327,132.6291861048602,138.54278564453125,28218100
2018-12-07,138.16572808420025,139.77310908857413,135.5958987861028,136.3499755859375,21195500
2018-12-10,138.51303317801737,141.9361672816189,137.92761561144712,140.74551391601562,26422200
2018-12-11,142.75969660179285,142.75969660179285,140.00134402452528,140.9737091064453,20300300
2018-12-12,141.9659665270731,146.04396625875034,141.4003973372867,143.37490844726562,23696900
2018-12-13,144.43654223082086,144.71436082995314,142.07506899821826,143.88088989257812,18148600
2018-12-14,142.22389843052554,144.87310701215983,141.40035929885983,142.93829345703125,21785800
2018-12-17,141.9659157267087,143.79158501451644,137.34219697695406,139.09841918945312,24334000
2018-12-18,139.98149939584815,144.79372637124868,138.74123237023278,142.54141235351562,24709100
2018-12-19,140.11048874837508,143.78167603070526,131.4683016535584,132.20254516601562,57404900
2018-12-20,129.68230877473562,134.5143990888896,128.98776231335148,132.3612823486328,40297900
2018-12-21,132.35138245742544,133.84961966709113,122.45901083511416,123.97709655761719,56901500
2018-12-24,122.14148530903034,128.72979018166438,122.06210640900123,123.09400939941406,22066000
2018-12-26,125.0189228099463,133.19476892664005,124.9097787003067,133.13522338867188,39723400
2018-12-27,131.4087738165464,133.9389215670963,128.6603378591269,133.4725799560547,31202500
2018-12-28,134.28619369164923,134.86167943373593,131.17064339137232,132.16285705566406,22627600
2018-12-31,133.4031287951879,133.59165182038424,128.93816714993446,130.0692901611328,24625300
2019-01-02,127.98566784471883,136.43931880608926,127.5590080234862,134.62356567382812,28146200
2019-01-03,133.64122947499789,136.10191454525946,130.0990202583124,130.71420288085938,22717900
2019-01-04,132.96654555439258,136.92548346138585,132.70857545623448,136.87586975097656,29002100
2019-01-07,136.48892272111365,137.78872032734427,134.85177606929258,136.97511291503906,20089300
2019-01-08,138.80075335822818,142.02544740628335,138.45347255860054,141.42019653320312,26263800
2019-01-09,141.83693190722673,143.5733057172067,140.17002031683543,143.10696411132812,22205900
2019-01-10,141.9659349970562,143.4344070026676,139.74337090587684,143.07720947265625,16125000
2019-01-11,142.0353804014832,144.22817926755195,141.45990979769772,142.68032836914062,12908000
2019-01-14,140.8943310748982,145.4287544900615,140.17001938673516,144.2579345703125,20520300
2019-01-15,144.87311157453394,149.50674756683452,144.85327820204645,147.79022216796875,24069000
2019-01-16,147.83982810953688,148.4847609010033,145.85540088659008,146.3911895751953,18025700
2019-01-17,145.8057996434548,147.83984074886803,145.3593065081152,147.14529418945312,15787900
2019-01-18,148.58399931211375,151.24312472042595,147.39334591824291,148.87173461914062,31029600
2019-01-22,148.03828810352215,150.35014795206536,145.23032138121383,146.42098999023438,22378700
2019-01-23,147.12544359412522,147.64139894809395,141.94608696153634,143.1764373779297,20098400
2019-01-24,143.5137975060694,145.2997853003888,141.41030918163793,144.6945343017578,20955500
2019-01-25,146.3316459680305,148.66335380044498,145.3989628350647,147.8497314453125,22237200
2019-01-28,146.89723255465768,147.8001506014188,145.07156308910322,146.32174682617188,15508500
2019-01-29,146.9369028387817,146.94683466399238,142.313184003882,143.06727600097656,17632100
2019-01-30,145.08147005377919,149.7746360212973,144.56551475591945,149.24876403808594,44613200
2019-01-31,164.3106109554285,170.34325752227278,163.71527662081493,165.39212036132812,77233600
2019-02-01,164.54871625525175,167.7833426044964,164.37012505657125,164.41973876953125,30806500
2019-02-04,164.4098128946608,167.9817883973732,162.34600650864698,167.9321746826172,20036000
2019-02-05,167.83294179293438,170.64090838899568,167.37653196797973,169.82730102539062,22557000
2019-02-06,169.8669692977403,171.1270848386497,167.9520042717718,169.16250610351562,13281200
2019-02-07,166.89032404823783,167.92223466788164,163.96329696401648,165.08450317382812,17517600
2019-02-08,163.18936817435636,166.06678149085363,162.93139809480107,166.027099609375,12561400
2019-02-11,166.592671206755,166.98956576367348,163.79463649538135,164.4990997314453,12811200
2019-02-12,165.56074921084456,167.0292209870877,163.21912468873836,163.75491333007812,16292300
2019-02-13,164.0923085265819,164.9257644110222,162.45514681788154,162.79251098632812,14205100
2019-02-14,161.91935444271346,163.58626617420055,160.98667115200928,162.67343139648438,12755200
2019-02-15,163.2290700350716,163.41759306012008,159.60749609275362,161.23472595214844,15504400
2019-02-19,159.25028100750322,162.87185455074814,159.08160651419917,161.02633666992188,14345400
2019-02-20,160.9866514457365,162.4452066022366,159.9944378775039,161.2942352294922,11770700
2019-02-21,160.66913680947994,160.97673573507552,158.3473606793532,158.79385375976562,15607800
2019-02-22,159.32968847201624,161.1454414818582,159.06178651581516,160.62948608398438,15858500
2019-02-25,161.8002617382309,164.776902220313,161.631572121067,163.3381805419922,18737100
2019-02-26,163.0603766377669,164.9455915299292,162.52458796440192,162.85202026367188,13784100
2019-02-27,161.63159295565973,162.65357177504464,159.1609907266516,161.54229736328125,12697500
2019-02-28,161.1057210686007,162.22692730701414,159.60748394875688,160.19288635253906,11114200
2019-03-01,161.33393406963486,161.8598060555291,160.4310160787683,161.01641845703125,11097800
2019-03-04,162.6238202106053,166.19579560497266,162.55437312403737,166.06680297851562,18894700
2019-03-05,166.06677314053218,170.541665836115,165.25316592132063,169.92648315429688,28187900
2019-03-06,171.55369541889644,172.21849173795778,169.93639782857323,171.16673278808594,21531700
2019-03-07,170.16463653715266,170.40277325733447,166.304926144912,167.81309509277344,18306500
2019-03-08,164.90588389538485,168.2992523149171,164.67767902511758,168.2794189453125,13184800
2019-03-11,170.26388294283385,172.9428569987217,170.244034428944,170.730224609375,18884000
2019-03-12,170.7500190841795,172.44671084570177,169.88679817637478,170.5813446044922,12155300
2019-03-13,170.97825314977177,172.67492991081787,170.77979831972704,172.0200653076172,11973300
2019-03-14,168.43817475360422,169.81735104764905,166.8506420826052,168.84498596191406,18037400
2019-03-15,165.85842671612204,166.27515460556222,161.2446244559344,164.68760681152344,37135400
2019-03-18,162.2963882822019,162.6238054519901,158.0397833952159,159.22052001953125,37524200
2019-03-19,160.2226552079197,162.5444466443645,159.5678057083889,160.3119659423828,25611500
2019-03-20,160.2424710457472,164.8264923076507,159.98450100095644,164.15179443359375,20211500
2019-03-21,163.60611327266807,165.0944337943334,162.47499028180155,164.78684997558594,16223000
2019-03-22,164.36019179945845,166.11641427109546,162.81234086444795,163.06039428710938,16389200
2019-03-25,161.7308323440828,165.243262164075,160.73861864872035,164.99520874023438,12631200
2019-03-26,166.04695721457836,168.13059675582596,165.05474358351418,166.37437438964844,15437900
2019-03-27,166.54305447088734,167.62456363307606,163.50686821651982,164.57846069335938,10620300
2019-03-28,163.28862111015164,165.42187457753792,162.05827063232203,164.260986328125,10443000
2019-03-29,165.09445319402133,165.88822726017906,163.5267535768546,165.39212036132812,13455500
2019-04-01,166.52320785848195,167.58486852209703,165.97748735850328,167.3864288330078,10381500
2019-04-02,168.81522772396372,173.53815918933915,168.22982531127647,172.84361267089844,23946500
2019-04-03,173.14128299216478,176.5743489039153,171.60334879718988,172.18875122070312,27391100
2019-04-04,174.64942932128906,176.61400786622545,174.1632392425016,174.64942932128906,17847700
2019-04-05,175.50276289955312,175.62182369794476,173.73662373683996,174.35179138183594,9594100
2019-04-08,173.84576588865332,174.1335011948488,172.87338557948675,173.56793212890625,7297400
2019-04-09,174.2525356988784,177.79474527640164,174.18308862440497,176.19728088378906,19751000
2019-04-10,176.79263773592098,177.39788872569292,175.1654078004656,176.43545532226562,11701500
2019-04-11,176.8521649941845,177.01090767051508,175.62181462775595,176.12783813476562,8071000
2019-04-12,176.61401859237805,178.2313315849551,176.5644048850026,177.70545959472656,12329800
2019-04-15,177.11013529318535,179.0945625793835,175.49282221014067,178.2511749267578,10834800
2019-04-16,177.60622649376955,178.76711453729467,176.91168003268325,177.47723388671875,11215200
2019-04-17,178.20157717015965,179.33270012285755,176.97122679670733,177.38795471191406,9973700
2019-04-18,177.40778572941738,177.48716463019738,175.9591472851424,176.89183044433594,11655600
2019-04-22,176.8620731508558,180.255441825929,176.8620731508558,180.02723693847656,13389900
2019-04-23,181.31710362689245,182.78557539350624,180.06690490533626,182.3489990234375,19954800
2019-04-24,183.05350268658597,183.69843550643336,180.23560439961344,181.1583709716797,37289900
2019-04-25,195.44623921121573,196.93455967611376,190.62408029934696,191.7552032470703,54148800
2019-04-26,191.0011385722558,191.3980179990115,187.61768619823786,189.99900817871094,22075000
2019-04-29,189.46318673735053,193.8884661213994,189.16551962488455,193.26336669921875,19641300
2019-04-30,192.67797654667706,195.85305728817346,190.7828447881664,191.8941192626953,23494700
2019-05-01,193.2633512261213,194.6524441197775,191.5071290291597,191.5269775390625,15996600
2019-05-02,191.497210097668,192.4894236214901,188.27251614524613,191.03086853027344,13209500
2019-05-03,192.86648883169053,194.6326278689575,192.20170752125662,193.947998046875,14575400
2019-05-06,189.75093330248222,192.76725596880635,189.06630349973676,192.37037658691406,13994900
2019-05-07,191.04079434883323,191.39799184008598,186.38732541720447,188.29237365722656,16253000
2019-05-08,187.9153219740203,189.23496780069607,187.08186623295467,188.06414794921875,12505700
2019-05-09,185.74236946182657,188.2923654966375,184.80968632286812,187.1810760498047,12967000
2019-05-10,186.78422430031475,188.52059823139336,183.15271861657817,186.87351989746094,12578500
2019-05-13,182.07119489502122,183.98615986841705,179.43190309564582,180.12644958496094,16833300
2019-05-14,181.0988092614483,182.06125755171496,176.71322748084043,179.32273864746094,17628100
2019-05-15,179.01518519572633,185.82177145095366,178.61830579109815,184.81964111328125,16746900
2019-05-16,183.60911518666066,187.1116277064546,183.60911518666066,185.5340118408203,12953100
2019-05-17,183.40076805103382,186.11943891159655,182.8451308275562,183.85719299316406,10485400
2019-05-20,180.4638159310982,182.79550882672874,179.95777730125477,181.29727172851562,10352000
2019-05-21,183.1328822542692,184.25407339341956,182.45816909356114,183.3809356689453,7502800
2019-05-22,183.291627105776,185.28598627299698,182.1803526396487,183.87704467773438,9213800
2019-05-23,180.99960403788043,182.46807593433465,178.27101662366948,179.461669921875,12768800
2019-05-24,180.91030777380982,182.20018848372345,179.42198737159669,179.6501922607422,8807700
2019-05-28,180.12645717215642,183.2717877276444,180.03716157833563,182.87489318847656,14843300
2019-05-29,182.07119017715573,183.12293413943388,179.93793705668415,180.77139282226562,12797700
2019-05-30,181.6544689335265,182.0513483202198,179.48151871243195,181.5850067138672,8581500
2019-05-31,178.87626783735388,179.1342379247509,175.78056622867737,176.08815002441406,15226500
2019-06-03,173.63738032563361,173.68699403372227,159.75630658520944,162.87185668945312,56059600
2019-06-04,162.43527264277967,166.969680294603,159.5876097096019,166.1957550048828,46044300
2019-06-05,166.17593535498227,167.40628571280695,163.34813557914495,166.86056518554688,19758300
2019-06-06,166.98955243005832,168.37864541840986,165.92787660754973,167.01931762695312,12446400
2019-06-07,168.84499682676795,172.51618434341103,167.52535084122192,172.000244140625,16917300
2019-06-10,173.38933904535602,176.47512416844333,172.44673908569467,173.45880126953125,14767900
2019-06-11,177.09027243579894,178.57859277988504,175.41342909239884,176.71324157714844,15266600
2019-06-12,176.99106793976617,177.8741374437899,171.53389310501814,173.67706298828125,17699800
2019-06-13,174.16325320466794,176.64378722187107,173.25041850313457,176.08815002441406,12253600
2019-06-14,179.10445322528562,180.4240989955405,178.59842979126856,179.91807556152344,16773700
2019-06-17,183.56942996067215,188.0244744089328,182.97411089349598,187.5382843017578,29459900
2019-06-18,192.48945826320056,193.01533031426763,185.8217809719573,187.0025177001953,37571400
2019-06-19,185.5439291252509,186.635370058449,183.11300901764807,186.0201873779297,21417100
2019-06-20,189.46320188289803,189.67157342027474,186.17897697743373,188.05426025390625,14635700
2019-06-21,187.28031303269353,190.50500716438228,187.28031303269353,189.65170288085938,22751200
2019-06-24,190.9217507239968,192.4696016118779,190.07837819661492,191.10035705566406,15509000
2019-06-25,191.37818067769592,191.63615078576746,186.6651656672942,187.36962890625,16750300
2019-06-26,188.06415802502235,189.27465982141456,185.8515259486567,186.1988067626953,12808600
2019-06-27,188.40155168500849,197.3314754345447,186.80408694199224,188.02450561523438,11159000
2019-06-28,189.0663327626797,191.69569313962862,188.46108177062993,191.49725341796875,16378900
2019-07-01,193.69005246325807,193.75949955284787,190.435577440119,191.49725341796875,14181800
2019-07-02,191.49723166441305,193.48165893554688,191.20949637168923,193.48165893554688,9050000
2019-07-03,192.64819756011687,195.8629599570674,192.64819756011687,195.66452026367188,10246100
2019-07-05,194.6524545971022,195.5355392255742,192.65811073386783,194.87074279785156,11164100
2019-07-08,193.67017914094146,195.14856774691674,192.13224500011347,194.23573303222656,9723900
2019-07-09,193.45188346981755,197.90692790744453,193.372504566388,197.65887451171875,14698600
2019-07-10,198.4427198534289,201.37967876885,198.1152875488734,201.15145874023438,20571700
2019-07-11,201.67733945504267,202.21314330019712,198.65109995843773,199.66314697265625,13678500
2019-07-12,198.125234266628,203.70148583495194,197.60929401758617,203.2748260498047,15366300
2019-07-15,202.65964516188413,203.731237758485,200.24857317451668,202.32229614257812,16030300
2019-07-16,202.3024671105783,203.87016670064375,201.51862488553598,202.2528533935547,12132700
2019-07-17,202.59015669976327,202.7687630127222,200.0203272220129,200.22869873046875,12083700
2019-07-18,198.59154487779838,200.89348768416536,197.82755131083823,199.21664428710938,11937900
2019-07-19,200.60573880997634,200.7545799342816,196.52775543963102,196.81549072265625,12098300
2019-07-22,198.3534210546784,200.99271281963257,197.26198005714764,200.74465942382812,13589000
2019-07-23,201.26060582970467,202.64971397328844,199.39525453057416,200.7843475341797,14583700
2019-07-24,196.0911911824439,203.2152780199159,195.68437994677214,203.0664520263672,32532500
2019-07-25,205.0905514086125,207.03529675765213,196.7162660667918,199.14720153808594,39889900
2019-07-26,198.63126334073826,201.3003206203723,194.72193893413518,198.19468688964844,24434000
2019-07-29,197.45050838228804,198.07560780135663,193.77932105342705,194.41433715820312,16530800
2019-07-30,193.8686062508045,197.16276252645497,191.99332323411687,195.50575256347656,11903600
2019-07-31,195.41648915598907,197.21239356706786,191.17973233174462,192.71766662597656,14593500
2019-08-01,192.65812973086238,196.92465161169306,189.3937533631913,191.22933959960938,17777000
2019-08-02,189.61202386571483,191.1201776277815,186.60561788715137,187.5482177734375,15297000
2019-08-05,183.25193081918576,184.22429590063115,177.94358204337857,180.31497192382812,23086700
2019-08-06,182.25972642611572,184.34336599152593,181.66439218458214,183.07333374023438,18035700
2019-08-07,182.17040939405186,184.91882995975232,179.80893635783994,183.7083282470703,15833200
2019-08-08,185.16692197288071,188.8579582701457,182.61694055233937,188.6793670654297,14828900
2019-08-09,188.5205976993792,189.492962858845,185.66301747893215,186.38734436035156,11058800
2019-08-12,185.39510743470652,186.12933577038334,183.0237176614181,183.92662048339844,10930900
2019-08-13,184.07548718412679,189.88985998710254,183.9266460473053,186.982666015625,13577000
2019-08-14,184.35329197999934,184.54181498851472,177.91382019323206,178.3107147216797,18903700
2019-08-15,179.54105938203216,181.77354012490346,178.62822462841115,181.1682891845703,12925900
2019-08-16,182.3192517702729,183.65874620661722,180.94007545091594,182.26963806152344,12654600
2019-08-19,184.5616401449062,186.0400438101091,183.41068391358388,184.72039794921875,9691200
2019-08-20,184.00599852585918,184.55171900251798,180.9698275066012,182.37876892089844,10083400
2019-08-21,183.55951048176124,184.4524966389247,181.7139926356428,182.1208038330078,8398200
2019-08-22,182.001734903691,182.67644803012516,178.50915390325136,180.62255859375,10821400
2019-08-23,179.4319187008426,181.70409651204378,175.2844727753875,176.36598205566406,17323400
2019-08-26,178.00311099751607,179.09455199642167,176.85215474591666,178.9556427001953,8773600
2019-08-27,180.51342048042534,182.60699186900402,179.60058574729803,179.88833618164062,14399600
2019-08-28,179.12432330990987,180.5332648311725,177.52685877876382,180.34474182128906,9386100
2019-08-29,182.33911909214527,184.63113035702233,182.04145194891893,184.12510681152344,10128700
2019-08-30,185.32564659208103,185.34549510237474,182.03150546226252,184.2242889404297,10774500
2019-09-03,182.56732862264894,184.22432375585035,180.69204525489593,180.96986389160156,9779400
2019-09-04,183.21222884048626,186.28809694997892,182.45815198098745,185.68284606933594,11308000
2019-09-05,187.06203278145225,189.86999914606272,186.4766303785772,189.41357421875,13876700
2019-09-06,188.72895835213058,188.72895835213058,184.8990131930091,186.03013610839844,15226800
2019-09-09,186.26827378506894,187.50854091088968,184.40292232302065,187.29025268554688,14722400
2019-09-10,185.98051341848625,186.63537800629246,183.11301681549222,184.72039794921875,15455900
2019-09-11,185.00814655705247,187.96493871863368,184.63110056048305,187.0223388671875,11761700
2019-09-12,188.3817052240302,189.4433660752566,185.7721781884302,186.01031494140625,11419800
2019-09-13,185.87140749125098,186.50642369893126,185.08755013396993,185.7324981689453,11441100
2019-09-16,185.47449803241622,186.3278024124639,184.3235416569863,184.77003479003906,8444800
2019-09-17,185.20659802654154,186.85367627008114,184.0953084764538,186.61553955078125,9671100
2019-09-18,186.6254656341867,187.60776261828698,184.56165938293236,186.67507934570312,9681900
2019-09-19,187.19104332016965,189.61204720994286,186.68500463535224,188.65951538085938,10392700
2019-09-20,189.17545294401287,191.59645660587978,186.65522186388125,188.4511260986328,19934200
2019-09-23,187.86570841161895,188.61980039313607,183.7678767782794,185.36534118652344,13327600
2019-09-24,186.51631274800997,186.57584314303674,178.98541497755713,179.8684844970703,18546600
2019-09-25,180.03715354178527,181.9918155324956,176.4850270596817,181.37664794921875,18068300
2019-09-26,179.91809765361586,179.9875447342743,176.2865921683542,178.7075958251953,16083300
2019-09-27,179.08462684633224,179.35251360069253,174.29223364307373,175.7210235595703,14656200
2019-09-30,176.48500314576455,177.27877694113167,175.47295631814796,176.69337463378906,10740000
2019-10-01,177.7550603463437,178.43969015259512,173.5183191760256,174.44107055664062,17073000
2019-10-02,173.47861533942427,175.1554586795992,171.7422416079968,173.24049377441406,16151700
2019-10-03,174.20295999420713,178.4397014323433,172.27806306653957,177.98329162597656,16086300
2019-10-04,178.15195096952186,179.57080911896514,176.7132443093235,179.04493713378906,10430200
2019-10-07,178.598445179605,179.7692499419264,176.70331359993784,178.2809295654297,9178300
2019-10-08,176.8720055833215,178.96557705889228,176.33621685638886,176.36598205566406,9466900
2019-10-09,177.7650008974485,179.31285176669965,176.55449903508978,178.4496307373047,7556900
2019-10-10,178.9159547538327,180.19590357282038,177.77490008638557,178.62820434570312,8605000
2019-10-11,180.73170459681214,185.03792320851088,180.72178791101695,182.75582885742188,14930500
2019-10-14,182.76573995798162,183.18246784831845,181.1484421040507,181.8529052734375,7006000
2019-10-15,182.36885655080957,188.89762363518096,182.2299472570986,187.41921997070312,15039100
2019-10-16,186.85367815342866,188.22292266826352,185.44472147500937,188.0740966796875,10516900
2019-10-17,188.81826665810019,189.35405538463465,187.30018093627666,188.90756225585938,9603000
2019-10-18,188.74879370899365,189.99899256650664,182.48792815550277,184.4029083251953,16874200
2019-10-21,185.58361808412022,188.43128130392094,185.29588281256093,188.28244018554688,8122600
2019-10-22,188.52057108073635,189.16550382054808,180.0867560587034,180.9202117919922,19537600
2019-10-23,180.59279769294298,184.92878155956058,180.58288100701617,184.7005615234375,12300400
2019-10-24,183.182481496143,185.2760529292764,181.37666050347596,184.9287872314453,11413500
2019-10-25,184.3830746603191,187.5283902891114,183.6488310680537,186.42703247070312,8061200
2019-10-28,185.74238033048172,188.05423980339688,183.63889237228332,187.9252471923828,13657900
2019-10-29,190.19741050292103,191.0308662192543,187.0024817836667,187.8359375,13574900
2019-10-30,188.084007598717,188.96707709714187,184.53188109382305,186.78421020507812,28734600
2019-10-31,195.1684274639781,196.5476038710065,186.78422491161206,190.15774536132812,42286500
2019-11-01,191.3484026536958,192.59858636437755,188.43129218879344,192.11239624023438,21711800
2019-11-04,193.0351676602356,195.83320226631028,192.3009241125528,193.20384216308594,16371300
2019-11-05,193.84877326562983,194.22581929219072,192.0925660302858,192.8069610595703,9942000
2019-11-06,192.51920293642016,192.85655192566824,189.860077764731,190.0585174560547,10973000
2019-11-07,190.41570526985566,191.93379078422407,187.99470179492178,188.9373016357422,13473000
2019-11-08,188.52059384867061,190.84237016036985,188.22292672512432,189.3540496826172,10760800
2019-11-11,188.45113697942728,188.59997811541814,187.07196056979558,188.13363647460938,8631200
2019-11-12,188.52059893355604,193.54119772486354,188.26262882751317,192.95579528808594,17615500
2019-11-13,193.18396692674722,194.17618043447573,191.23923692998622,191.68572998046875,10860700
2019-11-14,191.42778415989008,192.51922529891618,189.9593121055475,191.6460723876953,9040500
2019-11-15,192.74740068537741,193.77931126600507,191.8742630478972,193.58087158203125,11524300
2019-11-18,193.04507779292095,197.083394458118,191.54684069024395,195.8629608154297,16167200
2019-11-19,195.8629572080851,198.44271860595367,195.3271685294393,197.7680206298828,19056800
2019-11-20,197.0337827757966,198.03591308312716,193.90830078406032,195.97210693359375,12355400
2019-11-21,195.88281621251903,197.5398111848461,195.32717899305354,196.3888397216797,12131000
2019-11-22,196.8353656727007,197.74820049246765,196.0812735442123,197.27194213867188,9959800
2019-11-25,197.9664577166115,199.40516437958556,197.6985558108234,198.23434448242188,15272300
2019-11-26,198.442724670464,198.5915506579755,196.49797930710295,197.42074584960938,11735500
2019-11-27,198.3434998487067,201.55827748084596,197.8672415424567,200.42715454101562,12736600
2019-11-29,200.03026440732904,202.2131312621358,199.64330171552228,200.0699462890625,7985200
2019-12-02,200.55615237948257,200.60575095060796,196.5079188210261,198.1450653076172,11503400
2019-12-03,196.06144017029004,197.38107111518457,193.56105731789708,197.27194213867188,11595300
2019-12-04,198.4427143488899,198.47247954484402,196.50790091198374,197.1627655029297,8456300
2019-12-05,198.3038155523698,199.72267376788747,196.66666912831428,197.80770874023438,9740400
2019-12-06,198.938837567935,200.00051344458964,198.502261137908,199.48455810546875,12270600
2019-12-09,199.08766324843836,201.55828069269086,198.6511019590734,199.7722930908203,11954800
2019-12-10,200.0898112529777,200.47677397660377,198.59155892972421,199.3059539794922,9475700
2019-12-11,198.72055602657602,201.05226424708127,198.72055602657602,200.6851348876953,8036800
2019-12-12,200.7744666393799,202.0742642830281,192.58870286466802,195.2180633544922,23734800
2019-12-13,194.8707495720382,195.26764410536947,191.66590380777728,192.5985870361328,18798000
2019-12-16,193.7495463683545,197.56955949565122,193.29312146853317,196.37890625,14911500
2019-12-17,197.29178431053833,197.45054214887654,194.60289344609612,196.8452911376953,10175700
2019-12-18,198.53204010374566,202.70926653711055,198.53204010374566,200.92327880859375,23274400
2019-12-19,201.20109144577407,204.69368788416222,200.93318950948256,204.45555114746094,16514600
2019-12-20,205.8644693078134,206.09268933196256,201.84600128143063,204.69366455078125,27306900
2019-12-23,205.09058614422818,206.96586959056657,204.0785238452577,204.5746307373047,13348900
2019-12-24,204.6936622913126,205.17983725048617,203.40378162375183,203.52284240722656,6046300
2019-12-26,203.96935783345515,206.20183844236743,203.71137260683932,206.17205810546875,9350700
2019-12-27,207.04521392384925,207.3031840142275,204.9814077808883,206.4796600341797,10284200
2019-12-30,206.24153937319426,206.28122125942733,202.3123664770239,202.8184051513672,10524300
2019-12-31,202.4116035489304,203.95945456543717,202.01472410776773,203.65187072753906,8953500
2020-01-02,205.1401698134919,208.15649261372965,204.66391150608143,208.14657592773438,12077100
2020-01-03,205.59658840250805,208.76173709486574,205.33860317480784,207.0452117919922,11188400
2020-01-06,205.09055629632272,211.12321704244698,204.91196510836792,210.9446258544922,17058900
2020-01-07,211.16294039808565,212.90923117131064,210.10126440403636,211.40106201171875,14912400
2020-01-08,211.34150448738282,214.55628211870993,210.95454177490646,213.54421997070312,13475000
2020-01-09,215.84615815471753,216.67962915565775,214.59597436327618,216.60025024414062,12642800
2020-01-10,217.4931986027064,218.16791166303477,215.72705976416617,216.36207580566406,12119400
2020-01-13,217.89011785751035,220.24165930128555,217.50315514980076,220.18212890625,14463400
2020-01-14,219.88445679338435,220.64846550559204,216.92766450065454,217.35430908203125,13288900
2020-01-15,218.89228129198048,219.9539421573911,218.425939606993,219.42807006835938,10036500
2020-01-16,220.83700210732903,220.89653250467634,218.67396845051022,220.04322814941406,10015300
2020-01-17,220.3011647460271,220.5591348086242,218.81284447878468,220.41030883789062,15905900
2020-01-21,220.43020013184636,220.63855653131444,217.4138619930568,219.71580505371094,14275800
2020-01-22,220.57902258431162,221.0155990294826,219.55704369674288,219.59674072265625,12212800
2020-01-23,219.0311402445642,219.76538371887887,217.56266843591203,218.04884338378906,11195000
2020-01-24,219.0807581343057,220.05312318860922,214.4272740930298,216.24302673339844,11905800
2020-01-27,211.440722772415,214.3776665299758,210.84538856048835,213.19692993164062,13810700
2020-01-28,214.45706126995194,217.03682285882238,211.85746630853654,216.09420776367188,13413800
2020-01-29,219.71579601102562,222.45430027118508,216.74907170753525,221.49185180664062,33181300
2020-01-30,204.92187300257686,209.78371357248747,203.15573401089648,207.8985137939453,48775500
2020-01-31,206.80706640152664,207.06505161840613,199.4944572611041,200.3378448486328,31359900
2020-02-03,201.85595265807504,203.54271287919764,200.92326938028347,202.60011291503906,15495600
2020-02-04,205.0111699219711,208.96019096490863,203.60222842171876,208.19618225097656,19628900
2020-02-05,210.85530559513091,211.07359379720026,207.08490604661267,208.4739990234375,12538200
2020-02-06,208.83119069401755,209.54558567358004,207.7099845183197,209.20823669433594,10567500
2020-02-07,208.6625045595874,211.16288684851747,208.29537526503717,210.67669677734375,12242500
2020-02-10,209.87305947764446,212.13530564704203,209.01975503550463,211.40106201171875,11856400
2020-02-11,208.55336174503833,209.21814298521895,204.90200812646174,205.57672119140625,25030800
2020-02-12,206.2316120616819,209.57536719879477,205.7851038096818,209.1189422607422,13813700
2020-02-13,207.8885843005509,212.66112898628327,207.55122019193055,211.4803924560547,15396600
2020-02-14,212.33372265165818,213.2564740857115,210.99422815837812,212.51231384277344,10741700
2020-02-18,211.88720319857438,216.28270188669174,211.7383620844988,216.10411071777344,15609200
2020-02-19,216.2926461020249,216.62007840377584,214.42727970658711,215.79653930664062,12135100
2020-02-20,214.83410713895424,217.06658788680414,211.2918970851758,212.90921020507812,13109200
2020-02-21,211.81776509390582,212.5718571551109,207.20397769196722,208.54345703125,14092300
2020-02-24,200.2286969404289,202.06428291956448,196.62695691772672,199.1571044921875,23080100
2020-02-25,200.67522677838713,201.91549394018188,194.4242772549457,195.23789978027344,21433500
2020-02-26,195.65460357799446,199.6433065171503,193.96784347416536,195.66452026367188,16524500
2020-02-27,190.32644214822724,194.3548274102065,188.0244990613935,188.27255249023438,21682600
2020-02-28,181.2774422985748,191.23927645336616,180.40430452650662,190.97137451171875,32568900
2020-03-02,192.51919263476543,195.03942351365126,187.37953374660688,194.91043090820312,24949000
2020-03-03,194.692165348127,195.7042275193345,182.53754802737797,184.44259643554688,27984100
2020-03-04,187.69703155416585,190.3363231761663,184.9386791534209,190.26686096191406,23062500
2020-03-05,185.32565973285247,187.5184585064804,182.4581629611719,183.7281951904297,19333400
2020-03-06,176.94144297065125,182.34900375294296,174.8875536690963,179.67994689941406,24559600
2020-03-09,168.2794489832595,173.63739688839533,163.90378294807687,168.1802215576172,29949000
2020-03-10,173.3099400535454,176.90174828238088,168.1801977845256,176.8025360107422,24517800
2020-03-11,172.655062639174,174.51051214663002,166.3545161092942,168.9144287109375,20373900
2020-03-12,158.29774196223462,165.30278229222736,153.13823456749037,153.26722717285156,43266300
2020-03-13,162.25667556735854,169.46014026563884,156.37285666627957,168.95411682128906,35028600
2020-03-16,151.1340046050276,157.89097777264303,141.98579268312238,144.8731231689453,39120400
2020-03-17,149.56627516659688,152.7413554813894,138.90989624697303,148.2565460205078,34255600
2020-03-18,138.66186728488157,147.0262216721567,136.03250698448755,145.81573486328125,37553100
2020-03-19,145.47836246781847,158.68472390390542,143.67254147340694,151.93768310546875,39862300
2020-03-20,154.80519628562826,158.02989103085903,146.84763762897182,148.5641632080078,32568400
2020-03-23,148.4947045726751,151.1240647968421,141.14239749154174,146.9468536376953,29830800
2020-03-24,154.00151487321492,160.05401013875826,151.38207097344284,159.72657775878906,30440400
2020-03-25,157.6826041080197,161.72092125511196,151.86823104634553,154.99371337890625,35184300
2020-03-26,157.01781235257576,162.7230409214687,155.79739378485885,162.06817626953125,26556800
2020-03-27,156.96819294005962,158.84347609160096,153.54505895105285,155.5691680908203,24879900
2020-03-30,157.9405761601368,165.45164145311486,156.82930161406097,164.65786743164062,22515200
2020-03-31,164.19150670747757,169.59906794500858,162.9214744764971,165.50123596191406,23676300
2020-04-01,160.36156041626128,162.87185966361065,156.80943383993798,158.3572998046875,19507600
2020-04-02,157.86120054164533,160.09368129332805,154.70595320647797,156.95828247070312,20886300
2020-04-03,155.92635236524197,156.68044434817855,149.65557064068878,152.97947692871094,25983300
2020-04-06,158.90302309239615,164.9059191978055,157.27579317783702,164.260986328125,28453600
2020-04-07,170.45235493492254,172.03990263218705,164.7173619670192,167.51541137695312,31411900
2020-04-08,169.91655284008021,173.63735326723526,166.43388909065433,172.92295837402344,21664200
2020-04-09,174.53037569157397,175.70119567614313,170.23410389271467,173.82591247558594,23534300
2020-04-13,172.3177568381941,173.63740291716212,168.1306136823647,173.4290313720703,19355400
2020-04-14,177.58639019806657,179.81887085223931,175.24476543964624,176.78269958496094,21011800
2020-04-15,173.82588692344328,176.8025274480345,171.4743457538087,175.59202575683594,17423000
2020-04-16,176.5644306047126,176.66365803391773,171.16678547952324,174.87767028808594,23593200
2020-04-17,177.8046785869603,178.87627111884785,175.28446264083883,177.84437561035156,20974800
2020-04-20,176.02858811214273,179.09452397484935,175.39357212303867,176.8521270751953,16110700
2020-04-21,173.88544044431308,174.01443306233168,167.02924055696525,169.4700927734375,24850500
2020-04-22,177.06050748849793,183.34122116614927,176.75292370601838,180.86068725585938,33242000
2020-04-23,182.64671012526702,185.59358619346324,181.72394345887182,183.68853759765625,21426600
2020-04-24,181.80330444127193,188.9274063834041,179.42199771642456,188.59005737304688,28792000
2020-04-27,191.15988024980575,192.24138946533202,185.95075872880966,186.04005432128906,29197800
2020-04-28,187.191053771284,187.7268425463211,181.13854370893162,181.48582458496094,21731000
2020-04-29,189.4433221975567,195.37677001343562,188.52057088095992,192.67794799804688,45954500
2020-04-30,205.30882656450473,208.0572623454353,200.00049314008223,203.1160430908203,46230100
2020-05-01,200.03027179216886,205.6660378850065,197.50012403387927,200.69505310058594,30415600
2020-05-04,198.64113025566496,204.30667573368638,197.21234046099875,203.66172790527344,19250700
2020-05-05,205.40807366752924,208.74191213072285,204.89211833132651,205.4576873779297,21071200
2020-05-06,206.4995056560085,209.95242015348194,205.05088216567125,206.84678649902344,21857000
2020-05-07,209.5158389880353,209.95241541855825,207.4123357446047,209.61505126953125,15152000
2020-05-08,210.58741961925696,211.54986802110636,209.20824332278897,210.69656372070312,12506000
2020-05-11,209.2479181636426,213.3259165222958,208.7319628705345,211.52008056640625,12911900
2020-05-12,211.62924492787246,213.60375556211332,208.36486864732183,208.46409606933594,14704600
2020-05-13,207.79929292801273,209.13878738234018,200.53629704093484,203.50302124023438,20684600
2020-05-14,200.98279892633244,205.31876782706613,199.12736420496205,205.19970703125,17178900
2020-05-15,203.6717026021449,209.6944316566375,202.53064780705802,209.23802185058594,19383200
2020-05-18,210.49813381254157,212.96875141599887,209.29756369446113,211.53004455566406,20151900
2020-05-19,211.6093925818394,218.77317577753564,211.17281618808852,215.1912841796875,31843200
2020-05-20,221.759758571814,229.53871022771793,221.4521747518963,228.17938232421875,50162900
2020-05-21,232.89237569283694,235.35306116357182,229.39977960729271,229.5883026123047,47782600
2020-05-22,229.70738178910028,234.15250994111815,226.9589608180292,233.08091735839844,33925600
2020-05-26,237.90307837726152,239.02426954087372,229.86614151041633,230.3920135498047,33178300
2020-05-27,227.28638787828586,228.76477652593493,219.4082090816277,227.3558349609375,34697600
2020-05-28,222.55351163233212,229.82643907583383,222.25584452684524,223.70448303222656,29377200
2020-05-29,223.44653120195133,225.71870914475664,221.144603198127,223.33738708496094,23241500
2020-06-01,222.84125236981188,230.6301353109127,221.75974316203477,230.10426330566406,18223800
2020-06-02,229.14180477832932,231.18576231459411,224.79590448745097,230.90794372558594,20919000
2020-06-03,230.30271831482378,230.83850704146684,226.75059151677158,228.36790466308594,15380300
2020-06-04,227.77257341757675,229.82646303355912,222.8611186549825,224.5280303955078,17041500
2020-06-05,224.94472961939186,229.54859966142283,223.55562163310378,228.97311401367188,16750400
2020-06-08,227.24669454212363,229.74707721776002,225.63931324920404,229.59823608398438,15466500
2020-06-09,229.71729389924317,237.9030559919151,228.61593621208456,236.81161499023438,27462900
2020-06-10,239.08379313341953,239.3318465307384,233.44801207354607,234.88671875,20720700
2020-06-11,228.1496331111453,231.07666065865504,221.8093878260726,222.68252563476562,26708200
2020-06-12,228.1099155813356,229.85622132173424,222.7519678450629,226.80020141601562,22091400
2020-06-15,223.3373897320801,231.94981296945323,223.04965440568424,230.689697265625,15340300
2020-06-16,235.29355890963686,236.60328827584084,231.1857947501476,233.81515502929688,15236700
2020-06-17,233.17020342590362,235.7400330981517,229.925660611379,233.69607543945312,19578100
2020-06-18,233.1602900791253,234.30132971581455,230.342391818643,234.10289001464844,15782500
2020-06-19,235.93846571945113,238.95480354742614,233.71591694092012,236.93067932128906,30081300
2020-06-22,236.70246573551785,238.82580215983967,235.0653194086259,237.35733032226562,18917800
2020-06-23,239.4013195080182,243.2808786953771,237.99237787562274,240.35385131835938,24017900
2020-06-24,239.32191655919164,241.3261922642483,230.86825247388322,232.1978302001953,20834900
2020-06-25,232.79315041364956,235.45229073930926,230.92779913741757,233.8448944091797,18704300
2020-06-26,230.82856075711075,231.27505382872505,213.72279362389085,214.3975067138672,76343900
2020-06-29,208.1168066218885,219.03115643280992,205.49736327286647,218.92201232910156,58514300
2020-06-30,218.8724009551295,225.7286007703649,216.76891290483175,225.3019561767578,33927100
2020-07-01,226.72082631014734,237.1390699699134,225.78814302678114,235.7003631591797,43399700
2020-07-02,237.13904690943494,238.13126049483006,230.7988027043592,231.6024932861328,30633600
2020-07-06,231.93983622855757,238.52813365832904,230.46144771442292,238.40907287597656,26206200
2020-07-07,237.5458818087057,245.7217128783308,236.96047936852221,238.98458862304688,27887800
2020-07-08,236.25598567293406,245.0668474636678,234.74781673128183,241.6833953857422,29791300
2020-07-09,243.0923287171284,244.61041429342896,237.3771839087014,242.59622192382812,22174900
2020-07-10,241.79254453022762,243.57853211152505,237.45657576506048,243.16180419921875,22982700
2020-07-13,245.08671046938906,248.20226100742013,236.56359807630147,237.1390838623047,24674900
2020-07-14,234.9164819970531,238.45869174856148,230.22331599791937,237.8633575439453,23378100
2020-07-15,239.6691883357908,242.9137309146926,236.19644087738766,238.40907287597656,19133600
2020-07-16,236.1468676700114,239.8775858433129,234.4898725582001,239.05404663085938,18880700
2020-07-17,239.12348321533193,242.25888189855516,236.00793304376865,240.1454620361328,18152400
2020-07-20,238.19079813555464,244.13416314331633,233.80521577145498,243.50906372070312,20872200
2020-07-21,244.3028569458016,244.98748681705248,238.21066547029258,239.86766052246094,19364200
2020-07-22,238.38922097790518,240.01645058683374,236.26588459625484,238.00225830078125,15427900
2020-07-23,237.76413948844888,240.53240865065303,229.94549181516214,230.78887939453125,21771800
2020-07-24,228.39766465309515,231.6719727567298,225.13327323566094,228.9136199951172,18325800
2020-07-27,229.65780585409766,233.12062222163374,229.0327063342357,231.68191528320312,13163100
2020-07-28,232.8030945646447,233.13052688737727,228.04046599577487,228.3282012939453,14170100
2020-07-29,229.3402726149669,231.88033724909283,228.51673343218738,231.47352600097656,13588300
2020-07-30,228.4274145581944,233.06105022002825,227.2169127637135,232.67408752441406,20615300
2020-07-31,253.82809256073517,253.85785775778805,247.0611884844534,251.69482421875,53005100
2020-08-03,250.68278367643498,253.41137133431812,248.3808557796647,249.9981689453125,23124900
2020-08-04,249.60126046272325,250.83161082477696,245.50341329118677,247.88473510742188,17183500
2020-08-05,248.2419279153794,250.30573406098853,245.84077277269392,247.1802520751953,13050100
2020-08-06,247.10086256251122,264.52414569277806,246.73374838380215,263.21441650390625,45241600
2020-08-07,262.02372590545957,276.71843559418903,261.378793191007,266.34979248046875,72766400
2020-08-10,265.95294401876475,271.7276042056883,257.6679543343518,260.9521789550781,30248800
2020-08-11,258.16406605594824,263.84946103998055,253.1434675252499,254.13568115234375,28238300
2020-08-12,256.95360507288314,261.8452117649853,256.1002854723351,257.866455078125,21415700
2020-08-13,259.51346478633786,263.09537176343133,257.5489011631833,259.2654113769531,17374000
2020-08-14,260.2675167603158,260.6048657115338,256.6657769659094,259.2058410644531,14792700
2020-08-17,260.45605788991446,262.04360563209156,257.3801898169379,259.1264953613281,13351100
2020-08-18,258.9181714962435,263.0854507776414,257.2413279573134,260.2973327636719,18690400
2020-08-19,259.35474142244783,265.82396354247567,259.31504439791973,260.5453796386719,23291500
2020-08-20,259.46390069336985,267.5306034832386,259.42420366420544,266.9154357910156,20299700
2020-08-21,266.5979422773629,268.3839150987167,264.3456277344386,264.9310302734375,15538600
2020-08-24,268.95937034055146,275.0912436348155,266.67726070148495,269.2768859863281,23685600
2020-08-25,270.28890306860325,280.8857367616059,268.15564994253316,278.6334228515625,42127200
2020-08-26,281.78866364018035,302.29773216562353,281.78866364018035,301.54364013671875,69015200
2020-08-27,297.82285484879753,298.8845307287282,289.7462211483339,290.9368896484375,30301300
2020-08-28,292.70300616742725,294.9156533521209,288.7143184756924,291.3734436035156,17157400
2020-08-31,291.6611828617794,294.56836127343684,289.2798461363718,290.9170227050781,17345100
2020-09-01,292.4152910182119,299.1424986923142,290.4308636184182,293.1396179199219,17295900
2020-09-02,296.5528143101857,301.2360638507357,290.76819189575707,300.1446228027344,24341400
2020-09-03,293.6852857036353,295.28276530131205,281.4215404790347,288.85321044921875,32294100
2020-09-04,285.0133590630986,286.74973287810445,269.0288123633383,280.528564453125,30333700
2020-09-08,269.1677058074507,277.125248026283,267.32220303478647,269.04864501953125,24864000
2020-09-09,273.622771164663,276.3116921916663,269.2372034068986,271.5887451171875,22918800
2020-09-10,273.3647709884832,276.9863444713146,264.95078899476385,266.0025329589844,24814700
2020-09-11,267.95717579175357,269.27683670551767,260.5949685674231,264.5340270996094,18913900
2020-09-14,268.8402489749456,274.48594598213697,263.63112831234895,264.0776062011719,24093800
2020-09-15,268.5625150587147,272.38251385791705,267.20315675556157,270.29888916015625,18478500
2020-09-16,265.20877366986406,270.3186675006481,259.7515990335024,261.4681091308594,29183400
2020-09-17,256.2689115716691,259.4638403775739,248.24190767694782,252.8358612060547,31281400
2020-09-18,256.3879789632896,257.1817679827154,248.10300478523664,250.56369018554688,28130800
2020-09-21,245.61255304076752,248.00379150058308,242.22911610009183,246.21780395507812,24709400
2020-09-22,251.33764360136956,253.33200277778175,246.28727962902335,252.7664337158203,30293100
2020-09-23,253.27245835747246,255.9811974630854,246.21781849122172,247.0810546875,19641300
2020-09-24,244.58067562687125,250.2759876821249,243.70752273115838,247.5870819091797,20006800
2020-09-25,247.4580505029649,253.75861252988346,244.68978139150155,252.8358612060547,18351300
2020-09-28,257.3802257620939,257.5786806125648,252.83590037391562,254.82032775878906,18826300
2020-09-29,255.80256618794593,261.27957393938357,254.89964824755418,259.7515869140625,20200200
2020-09-30,259.94014233961224,264.00819407144127,258.07477583703985,259.8607482910156,20142500
2020-10-01,263.28392269858466,266.2407002728486,262.7381869720879,264.553955078125,20009800
2020-10-02,259.176054711808,263.08537794492855,257.16186271341945,257.91595458984375,16367600
2020-10-05,260.15838954772266,262.807582612892,258.8089634538917,262.58929443359375,12822300
2020-10-06,259.741667068891,263.6212257600727,256.22922255371117,256.6459655761719,18696900
2020-10-07,257.1916163497668,258.154064519351,252.8358154486228,256.110107421875,23133400
2020-10-08,257.7274820927912,262.5595574704887,257.1321478779716,261.7062683105469,16312800
2020-10-09,262.46036212336156,262.6885821795816,260.1286841070195,262.39093017578125,14107800
2020-10-12,268.096101899953,277.99837332790344,265.78422747017413,273.6028747558594,31019300
2020-10-13,275.41865851572834,276.92684268053154,271.2613110760602,273.9898986816406,18063300
2020-10-14,275.4583799578075,276.5795863544597,269.38603657483696,269.70355224609375,15577800
2020-10-15,265.5163412097531,266.94513108589155,261.616949384437,264.6431884765625,15416100
2020-10-16,265.2980355710011,269.25695752401367,263.2342146501678,263.85931396484375,16622700
2020-10-19,263.462501957598,266.4589764240774,257.8565006211909,259.3646545410156,13587000
2020-10-20,261.011723098242,267.60003633807696,260.83313190654906,265.4766845703125,18763200
2020-10-21,277.3832469106849,280.8460628763154,274.2180829295083,276.5597229003906,28998600
2020-10-22,277.6908417382077,280.2507700259032,272.89846291862375,275.9544677734375,16720000
2020-10-23,276.6291299185733,283.0189877020772,274.66456643827354,282.572509765625,17535200
2020-10-26,280.9552115795528,283.00910103507454,272.1245164393334,274.9523010253906,21322900
2020-10-27,276.5894415912417,282.294669146969,274.1585064337769,281.08416748046875,16287200
2020-10-28,276.61922530983355,276.61922530983355,265.17900423878854,265.5858154296875,23121800
2020-10-29,274.3966679289681,281.39179220538097,271.6482470679973,278.6433410644531,32368100
2020-10-30,272.3626055895967,274.54548740029236,257.08252375458625,261.061279296875,47247800
2020-11-02,262.5397440643903,268.3640334830486,255.33626310518545,259.324951171875,27165700
2020-11-03,261.1109315957727,267.9472674752884,258.84868582508244,263.2342529296875,17961900
2020-11-04,278.8120067096619,286.69018469531346,276.4505336229866,285.142333984375,35364400
2020-11-05,289.62714543435567,295.0644868941228,286.70013346565065,292.385498046875,23823600
2020-11-06,291.66126169971534,292.30619462052846,285.81710782166357,291.1254577636719,13891000
2020-11-09,287.61294188655734,290.3018321753482,276.3612436678267,276.599365234375,25117700
2020-11-10,270.9735427793602,271.8665289718165,261.94439287795456,270.3087463378906,29067700
2020-11-11,271.34066722353845,276.23227323546826,270.3583854027134,274.3272399902344,14957000
2020-11-12,275.021765017838,277.57176129856583,272.2931775519897,272.9381103515625,12899500
2020-11-13,275.55757270188633,275.5972697257865,270.97355054002895,274.7935791015625,10391200
2020-11-16,272.9083439459854,277.23441107281263,272.491631182549,276.78790283203125,12970400
2020-11-17,275.5178900694576,275.5178900694576,271.1620877175575,272.8587646484375,15040300
2020-11-18,272.3824887308877,275.2301674297236,269.7233633337441,269.85235595703125,12152900
2020-11-19,268.9097253380734,271.34066082761194,267.09398773026356,270.8147888183594,12963700
2020-11-20,270.4377223174348,270.87429870110765,267.31225569610524,267.6000061035156,18114700
2020-11-23,268.7807413866415,268.84027177686704,262.4702475031481,266.3398742675781,20990800
2020-11-24,266.39944016199667,275.65681071523977,265.78427252771075,274.7638244628906,16930400
2020-11-25,275.9742849766651,277.99837877049015,270.5270121222275,273.4441223144531,12467000
2020-11-27,275.2301378416092,276.9565797708799,272.68014168909747,275.6468505859375,7808400
2020-11-30,273.8807018610428,275.53771179376014,268.89980079782725,274.8133850097656,16693300
2020-12-01,276.9863738084787,287.04740475144206,276.7879189610211,284.3188171386719,20738900
2020-12-02,283.1380649406063,289.50808972380065,278.64333843936527,285.28125,17361600
2020-12-03,284.0211290778213,284.4180084423758,278.88147014894713,279.6553955078125,12921700
2020-12-04,278.11749028021455,281.25288923153835,277.1252765720726,277.5221862792969,10880300
2020-12-07,277.01609460561934,286.24366821412923,276.0338129120554,283.3563232421875,13007700
2020-12-08,283.7830221052009,284.1997348614235,279.3577276370347,281.1933288574219,10747700
2020-12-09,281.45133938041425,285.3904289470905,269.6340706803854,275.75604248046875,25189700
2020-12-10,273.3945654669271,276.55972952390835,269.743196117083,274.9622497558594,20065100
2020-12-11,272.3924242664456,274.3272530821825,268.14575086632885,271.4200439453125,14391400
2020-12-14,271.24146170518526,275.0614906101271,269.4455572817121,272.0550842285156,16376900
2020-12-15,272.69008488682954,273.93035204384483,265.3874064007042,273.40447998046875,23979500
2020-12-16,272.62061106750957,275.69644892052736,270.3881305277646,273.5235290527344,15885000
2020-12-17,274.91263358441915,278.2563886222878,271.4795526748358,272.3428039550781,16377800
2020-12-18,273.62273383854944,275.8353810694954,269.02881030122415,274.2478332519531,26693200
2020-12-21,270.85447759496384,272.53132099000726,265.7048866234326,270.66595458984375,16553700
2020-12-22,269.38601137682167,269.38601137682167,262.569508309428,265.0103454589844,17312900
2020-12-23,264.8118978814393,270.05078439204584,264.157033282619,266.0223693847656,14329000
2020-12-24,266.78638859045014,268.29454231066234,264.1272634995675,265.3179016113281,6702000
2020-12-28,266.6475056595428,275.1408526878737,263.5915007224165,274.84320068359375,23299700
2020-12-29,274.7935675642127,278.3258455440908,274.1287711316152,274.6248779296875,16383000
2020-12-30,275.78578857652786,275.9147509123316,269.59435497972174,269.75311279296875,11803800
2020-12-31,269.88207921275466,274.93244242913414,267.709129167285,271.0330505371094,12900400
2021-01-04,272.64047147424185,272.8587596931947,263.13507782338417,266.845947265625,15106100
2021-01-05,266.2010125852026,270.27899621280795,266.1216185352488,268.8601379394531,9871600
2021-01-06,259.9599682063647,265.6651965162372,257.9854727939254,261.259765625,24354100
2021-01-07,263.82957807641225,269.49510899402355,262.7183037402035,266.6474609375,15789800
2021-01-08,266.2208005627308,266.8558317342461,261.1307404858795,265.486572265625,18528300
2021-01-11,258.45180565260176,261.4185145836699,253.90745047422294,254.8401336669922,30412300
2021-01-12,254.63179023434895,257.6977267357879,248.3510761020939,249.13491821289062,26383500
2021-01-13,249.59135320647286,251.97265997269682,247.2596450120617,249.68064880371094,19528900
2021-01-14,251.42691255007225,253.04422551375964,242.7053619324702,243.7273406982422,29739400
2021-01-15,245.96973592806074,251.88333541831136,245.235507581873,249.40280151367188,24942900
2021-01-19,254.8996767061357,260.15842713817875,250.75223098015417,259.0669860839844,28028500
2021-01-20,266.83596923879514,268.21516053791925,261.54748460794593,265.39727783203125,25199900
2021-01-21,267.16345410838227,271.46965766775173,265.40721658830023,270.7453308105469,20838700
2021-01-22,269.8920381413077,276.301729687912,269.8821063154599,272.3626403808594,21954000
2021-01-25,275.97436007006235,277.9190906340615,269.3959777502502,275.8453674316406,19087000
2021-01-26,275.97432254542565,283.16787159655127,275.6468750801152,279.8538513183594,19373600
2021-01-27,280.33011028325467,281.24296012848583,266.03230851624016,270.0210266113281,35346200
2021-01-28,275.02173795594643,284.55692568937985,262.6389325267442,262.93658447265625,37758800
2021-01-29,263.2343042702486,264.48450332524004,252.86568841563098,256.3185729980469,30389500
2021-02-01,257.49924684689097,262.11306402911066,252.92515696458904,259.9698791503906,22914300
2021-02-02,261.9444223090043,266.75666491120336,261.2200953919856,265.00042724609375,17320800
2021-02-03,263.55175174887563,267.1038931262707,261.78561288501646,264.57373046875,14223400
2021-02-04,264.93100960438716,266.07204938900765,261.94443645371734,264.4150390625,16060000
2021-02-05,264.72261616514083,267.07418818582795,263.60144006375174,266.01251220703125,12454400
2021-02-08,266.6574199342827,267.75876255758504,262.93661872589735,264.5043029785156,13755200
2021-02-09,264.3654470389696,271.2613450542917,263.6808170952341,267.3520202636719,14613400
2021-02-10,270.3286136509837,271.6680778178337,265.6354323142313,269.75311279296875,14687200
2021-02-11,269.772988469329,271.44980170908656,266.39943777738347,268.28466796875,12828600
2021-02-12,268.4136016809876,269.0684662649887,266.2505833847128,268.3937683105469,9097600
2021-02-16,268.6914310362883,274.4462880900078,267.9472708355453,271.8367614746094,15417200
2021-02-17,269.12803599630945,271.8367903151839,267.4809576103231,271.4399108886719,12763200
2021-02-18,267.47107167911304,269.83254528267213,263.9586264755015,267.29248046875,15249100
2021-02-19,267.7587369051026,268.16554809850663,258.12435171092875,259.52337646484375,25622600
2021-02-22,255.94156558960935,261.02169547559816,255.52482246429128,258.3030090332031,17434900
2021-02-23,257.47942267295707,265.3774342503566,252.97477970473903,263.7898864746094,21924600
2021-02-24,260.28742003197283,264.3059038923534,256.3781257097657,262.25201416015625,15736100
2021-02-25,260.25762517278304,264.8615109881435,252.06194597211868,252.70689392089844,19053100
2021-02-26,254.47301987913823,263.48230592627357,254.47301987913823,255.6140594482422,26619500
2021-03-01,258.7892004251062,264.5737933288639,255.89192291964775,262.84735107421875,22157300
2021-03-02,263.710576108326,264.63332765258514,256.6360870424162,256.9833679199219,15191700
2021-03-03,258.2633026836808,258.95783407943765,253.1137113530454,253.42129516601562,15513500
2021-03-04,254.47302315663333,264.4149925260299,251.5261475539743,255.63392639160156,31626500
2021-03-05,258.6402919675598,263.38307102229237,253.61967921951808,262.22216796875,26820100
2021-03-08,263.48232545551326,263.5120906541324,253.06409715938335,253.3220672607422,18391800
2021-03-09,259.14634572246285,266.43912187751977,257.78701790933485,263.67083740234375,22039700
2021-03-10,266.5482712133679,266.8756883722604,260.82317946583066,262.8373718261719,14210300
2021-03-11,266.0223452851112,275.73612386768207,265.7346251734787,271.7474365234375,21834000
2021-03-12,267.04437827071723,267.63968219657,261.9642192904478,266.31011962890625,20600200
2021-03-15,266.9848484642395,273.8112835494725,266.4093778427333,271.6184997558594,16844800
2021-03-16,273.9303121433824,279.9431543023301,272.66027997078896,277.10540771484375,22437700
2021-03-17,273.56325248713574,284.001360819767,273.26560046546666,281.79864501953125,21315000
2021-03-18,277.6907979278797,282.9693812151874,276.11318203666434,276.4505310058594,18728300
2021-03-19,279.0302814393915,290.5201004362551,279.0104480701917,287.8510437011719,38930500
2021-03-22,288.1884278823142,297.3763044516404,284.51722576051964,291.2543640136719,28273100
2021-03-23,290.86740220961764,295.67964408375025,287.5534125169044,288.3670349121094,23000900
2021-03-24,288.73423770524784,289.44863290664495,278.97085680613003,279.9432373046875,18675000
2021-03-25,278.79218966149506,285.81704866241506,275.5873288162411,276.5696105957031,24505600
2021-03-26,276.1330347429934,282.2847712189747,275.6071627424305,280.8162841796875,17629200
2021-03-29,283.5449055436785,290.89721288603766,282.4832598697574,288.55560302734375,21718800
2021-03-30,287.5733062518088,290.1927651628179,284.4677025586263,285.757568359375,17474500
2021-03-31,287.732035744542,294.1913564992557,286.3627760195834,292.2366943359375,19498200
2021-04-01,296.07648746962576,300.04534127023726,294.2905153713312,296.33447265625,17616000
2021-04-05,298.5471577202137,308.3502024258869,298.3387710674743,306.50469970703125,28237000
2021-04-06,306.4352641390623,308.9257301235245,302.8732207214209,303.8753662109375,17335200
2021-04-07,303.9546888069375,311.8031014540614,303.12123307626337,310.6521301269531,22855200
2021-04-08,312.3984398583777,313.4204185957787,307.63579668722434,310.5826721191406,20894100
2021-04-09,308.97535545757665,312.2893457464455,307.9136794786985,310.027099609375,15988600
2021-04-12,308.62799158061256,309.71943246721503,305.5322903603965,309.11419677734375,10881900
2021-04-13,309.7790193206261,311.9817348642091,306.91153757945125,307.3481140136719,14036900
2021-04-14,304.9072252057683,305.63155202989105,299.5989067038952,300.4621276855469,17421400
2021-04-15,303.9547610185993,307.72519149211337,301.73221187544897,305.4232482910156,14558300
2021-04-16,305.7704851705201,306.5444105843695,302.23817681915284,303.79595947265625,13059200
2021-04-19,302.635078233983,305.3041352263425,298.2197156252216,299.8866271972656,14553500
2021-04-20,299.63862283550645,302.72442336585726,294.89584228747464,300.2934875488281,16796400
2021-04-21,299.5988930328925,299.6286582281445,295.0744016748638,299.12261962890625,14863500
2021-04-22,298.98372689165404,300.5613732471118,293.7349384661089,294.211181640625,16375400
2021-04-23,296.4337672726164,300.2339323251979,294.83628751007234,298.7853088378906,17536800
2021-04-26,300.9780413441826,303.41887809110506,299.21190251430323,300.6803894042969,16172600
2021-04-27,301.91076202680745,302.96250605186816,298.7654314975515,301.206298828125,15309300
2021-04-28,304.9667562140213,308.49906447197213,302.9922608483322,304.70880126953125,33907200
2021-04-29,327.5495411674635,329.2263845348517,319.10579393830335,326.9443054199219,56526800
2021-04-30,323.6005719261197,327.25191086363225,321.97332701790543,322.5487976074219,26332400
2021-05-03,323.6303106363787,325.99175347728556,319.33400895885666,320.0682373046875,18719500
2021-05-04,317.5281817062086,319.68129851653737,310.68191400122157,315.881103515625,24032600
2021-05-05,315.7124384967286,318.5600865999648,312.04123617300195,312.5671081542969,15577600
2021-05-06,312.0710232209815,317.746486454234,310.8307561707074,317.5281982421875,19012200
2021-05-07,319.8698124189637,320.42544959034336,316.2680723502295,316.5954895019531,15916700
2021-05-10,311.9023399620006,312.1305297025952,302.4564474516533,303.58758544921875,24239200
2021-05-11,298.4082258726899,304.4508027729763,297.35648192958325,304.1432189941406,18920100
2021-05-12,298.78531788021286,302.58548304780106,295.86820716463995,300.1942443847656,24645500
2021-05-13,303.6967097732454,306.4550622284353,300.41248534825166,302.88311767578125,18079200
2021-05-14,307.1298491154696,314.3829291220224,306.67340899415586,313.4800109863281,19245700
2021-05-17,311.10859135712974,313.2220113682099,309.1539291705394,313.00372314453125,15401300
2021-05-18,313.1326760167942,314.0355939964766,307.3976828099841,307.5465087890625,14522400
2021-05-19,301.82151195988223,312.2099914407722,301.2063442614852,311.1483154296875,19106200
2021-05-20,311.1383473901833,316.76421218745367,310.7216346081384,316.1291809082031,17320200
2021-05-21,316.8039636588649,317.43896476728986,313.35104861442176,313.7677917480469,13600900
2021-05-24,315.73230041612777,323.4120547384483,315.5537092244351,322.1023254394531,16445400
2021-05-25,324.533177513485,326.616831914703,322.2709319498647,325.2376708984375,16437000
2021-05-26,325.7933639842611,327.2618208339103,323.2830646151076,325.1087341308594,9686900
2021-05-27,325.4460432710368,331.1810363589441,324.2157081628903,330.1590576171875,20477700
2021-05-28,328.4227242830254,330.2781589983809,325.773500464872,326.17041015625,12037400
2021-06-01,327.5793076939704,328.8394383209458,324.0966586152129,326.5672607421875,11765900
2021-06-02,327.8075307847348,329.2859193445906,324.5729047910016,326.58709716796875,11654300
2021-06-03,323.24332704492036,324.8308747707798,320.961248006466,323.5013122558594,12610800
2021-06-04,323.36240833474403,329.8713271716394,322.6480133267942,327.77777099609375,13289400
2021-06-07,326.9145364253234,335.060601318784,326.36880079638615,333.959228515625,20136700
2021-06-08,334.07832199527667,335.66583948741965,329.6530276600603,331.0818176269531,14580500
2021-06-09,333.1258016057894,334.17754565379573,327.4305049367785,327.6785583496094,13727900
2021-06-10,328.2143580705369,331.33982497689396,325.9917789291626,329.871337890625,13240200
2021-06-11,329.99039355021097,330.2384469560632,326.3688198807592,328.6806945800781,13587900
2021-06-14,329.31575083606265,334.1974560059133,327.2420276486144,334.1478271484375,12250800
2021-06-15,334.3660512618339,337.27326012162166,332.42132108487635,334.1279296875,15795200
2021-06-16,334.07831019373776,334.92166747666334,326.16043526357373,328.5020446777344,17232200
2021-06-17,327.9166858746589,335.348386848026,327.5793368606947,333.88983154296875,17794100
2021-06-18,331.9251840766744,333.53256511705314,326.43824458108406,327.0931091308594,23039500
2021-06-21,328.51196839114846,330.3277360767431,325.09875148397424,329.70263671875,11337500
2021-06-22,330.09953680226704,337.2732518527593,330.0102412140811,336.3901672363281,15345300
2021-06-23,336.70774446499763,340.7460617228311,335.56670470053785,337.9380798339844,14817800
2021-06-24,339.18827310161333,342.2145128968667,339.1287426996055,340.5079040527344,12329100
2021-06-25,339.92247698416224,341.44056268544,337.035131575858,338.71197509765625,14594400
2021-06-28,339.793510478652,355.3514450058949,339.10888057251884,352.87091064453125,29156100
2021-06-29,353.4959868181793,353.9623284984824,346.33220223052217,349.1501159667969,21417300
2021-06-30,349.42791950973475,350.17207980061676,344.4668509038547,345.00262451171875,15107500
2021-07-01,344.1195505239757,351.9084338493456,343.80203488402134,351.630615234375,17137000
2021-07-02,352.3350202134964,353.6645826710624,349.8743198305657,351.9381408691406,11521300
2021-07-06,353.72417820404075,355.9963560178773,346.4611667728856,350.03314208984375,13488500
2021-07-07,352.4938034123803,353.71420672723315,347.2747503320895,347.76092529296875,14218900
2021-07-08,343.03801220730537,345.61774329354535,339.89268183283735,342.9586181640625,14406500
2021-07-09,342.63123253632193,347.97924848366796,342.58160368473915,347.6915283203125,13018700
2021-07-12,348.49522163288634,351.4321656465033,346.91760551570826,350.4101867675781,10018600
2021-07-13,348.76316923782326,355.69873437888174,346.084179723442,349.34857177734375,11456000
2021-07-14,351.7992818634606,352.43431315647945,344.0302620301716,344.9232482910156,13894200
2021-07-15,346.5108023254573,346.5108023254573,337.57094717374997,341.7779235839844,14781600
2021-07-16,342.22437128345916,343.29594856960324,337.49152365972935,338.5035705566406,11026100
2021-07-19,334.9415836605786,337.1442992705485,331.9351773815617,334.326416015625,14372300
2021-07-20,336.16194824446416,340.77576560791334,331.8954419693958,338.99969482421875,11024300
2021-07-21,338.84096761953117,343.8218693320699,338.59291420253294,343.5341491699219,9279700
2021-07-22,343.9806423586199,348.80281674381297,342.522086990995,348.4555358886719,12385400
2021-07-23,358.09981344980844,372.40751658266703,354.40877765238,366.9106750488281,33694300
2021-07-26,366.70232570674966,371.5245000314871,365.3529296099251,369.5599060058594,14925200
2021-07-27,369.01418804237403,370.24452329824976,361.71147971727765,364.94610595703125,15705400
2021-07-28,371.64356750310543,374.6102768280347,364.07297199585037,370.37353515625,29676900
2021-07-29,358.18909332168226,362.6738876890814,353.96225388818993,355.52996826171875,33413200
2021-07-30,351.24361661835076,357.92122508930873,350.19187261810475,353.52569580078125,15976200
2021-08-02,355.3117024170683,356.6015680075973,348.00899444804065,349.2095947265625,13180400
2021-08-03,349.98348464822794,351.01536490403487,344.9926518703987,348.50506591796875,12406100
2021-08-04,349.67591701952944,357.6731559108853,348.7729990440596,356.12530517578125,14180600
2021-08-05,356.83968013833373,361.0664890871515,354.12099453919336,360.14373779296875,10247200
2021-08-06,358.5860093865691,362.30681059827253,358.5860093865691,360.6795959472656,8925000
2021-08-09,360.9276254852371,362.9318860379037,357.9410528872916,358.7943420410156,7798900
2021-08-10,359.01267718837187,361.2650217132256,356.24442270957024,358.3181457519531,7469900
2021-08-11,359.2805476658655,359.5385026093773,355.0239428784297,357.1571960449219,8400300
2021-08-12,355.65898438949955,360.1735442509098,354.3293914916329,359.8262634277344,7170700
2021-08-13,360.143785948073,361.8206294212598,358.6653973147733,360.3521423339844,7195700
2021-08-16,359.6972591712923,364.09278838073544,354.597297072418,363.705810546875,11222100
2021-08-17,360.1537232259015,361.83056672447157,352.30530958489106,355.65899658203125,12328700
2021-08-18,353.4760707252254,357.0579470408631,352.3846297841883,352.68231201171875,10042400
2021-08-19,348.61425454343237,354.7858243488867,348.2669737273142,352.3548889160156,12004500
2021-08-20,351.83898985298094,357.1870060382135,350.5590256805761,356.57183837890625,8697700
2021-08-23,356.6412844176642,362.842619862997,356.3039354030331,360.5208435058594,10942000
2021-08-24,360.82843061784286,365.09493733122457,359.02259445247506,362.6640319824219,9235100
2021-08-25,362.75329155616987,367.97231440598324,362.5548367278309,365.5215759277344,9684500
2021-08-26,365.5116399263221,366.56338388860024,361.2947322519193,361.54278564453125,7888700
2021-08-27,362.2572090986586,370.8299192755366,361.2451317980848,369.72857666015625,11219100
2021-08-30,369.6590785756934,378.5195383294216,367.6349544508704,377.6960144042969,13547300
2021-08-31,376.99153332048314,379.77965084701674,375.8504635658198,376.42596435546875,12345400
2021-09-01,376.6343583249429,381.33744111851894,375.8604329249879,379.0751953125,11567200
2021-09-02,378.5295108429375,378.77756425764454,371.14743879885947,372.3579406738281,14832900
2021-09-03,371.8320699459693,374.22330850570114,370.2048250054217,373.330322265625,7509600
2021-09-07,372.9533194652357,379.97817968550464,370.24456495235586,379.2042541503906,10793800
2021-09-08,377.1999260274363,377.90438920545546,371.8717438371521,374.6300964355469,11067200
2021-09-09,374.6996108013545,376.87253103145304,373.6379348337995,375.0567932128906,9098900
2021-09-10,378.39058756343474,380.8016897745919,375.3147494355466,375.74139404296875,11549600
2021-09-13,378.7080967281156,378.77755895045016,371.43518403399025,373.578369140625,13026300
2021-09-14,374.46139601166345,375.64213258472364,372.1892184534272,373.5981750488281,8711600
2021-09-15,374.06451890131825,374.62015608259486,364.8071795418745,371.0085144042969,17940300
2021-09-16,369.88729512897135,370.6512886562061,366.83126046012364,370.1551818847656,11934200
2021-09-17,368.51803802109464,368.51803802109464,358.7744936986694,361.880126953125,26299000
2021-09-20,356.5023033115867,358.2188435908357,347.07627493272804,352.93035888671875,19822800
2021-09-21,355.7086107920459,357.236628365608,352.4243858735174,354.6965637207031,11751900
2021-09-22,344.52634630694666,347.1160093217714,338.0372607512432,340.5376281738281,43692900
2021-09-23,342.67093155378745,346.94740074109455,340.329321601349,343.2662658691406,21806300
2021-09-24,340.56744248252033,351.59095314020857,339.7042213530986,350.2117614746094,18801900
2021-09-27,347.08620919014766,352.3846257561215,344.3774553783491,350.82684326171875,15205800
2021-09-28,345.26056945182785,346.87788247328035,336.2810484357312,337.99755859375,21710300
2021-09-29,340.4780817360786,342.5419029260096,336.24134067745075,336.96563720703125,14452200
2021-09-30,337.7991500549551,340.1308279140143,335.5170404865727,336.7474060058594,16547100
2021-10-01,338.95007959136314,342.3335316631441,336.0032342139593,340.3392028808594,14905300
2021-10-04,332.9173927263532,333.32420389284897,320.1873069102043,323.6898193359375,42885000
2021-10-05,326.02156134576114,332.5701777639631,323.6204211697277,330.3674621582031,35377900
2021-10-06,327.1725480115366,331.7764342864804,323.26322346461006,331.0422058105469,26443000
2021-10-07,334.3759755970612,336.20164494595497,326.4184336067815,326.65655517578125,28307500
2021-10-08,328.92872561470415,330.8039934898283,326.1505094901377,327.4800720214844,15946100
2021-10-11,325.07894242521274,327.8868935538608,322.7769996356763,322.9159240722656,14708200
2021-10-12,320.51476453054045,321.8542589738375,314.89883180646416,321.2489929199219,31658700
2021-10-13,324.42410294228614,324.45386814100897,320.1476644726713,322.0130310058594,14761500
2021-10-14,325.8032341975856,327.9464191482135,324.5530656863524,325.971923828125,14302200
2021-10-15,326.1207530110209,326.5077308425533,319.9988121641068,322.2312927246094,21596400
2021-10-18,326.3886531187286,333.2746174459336,324.94993138686624,332.7288818359375,21585000
2021-10-19,337.00533290465023,339.7934506132104,334.65379158917005,337.3426818847656,18786300
2021-10-20,340.7758415998747,341.30171370248775,336.80698640129685,338.1266174316406,13639500
2021-10-21,337.6304088854891,339.6446010811802,335.16970850239795,339.21795654296875,16354400
2021-10-22,323.80886947569667,327.0633284208235,318.60965034290786,322.0823974609375,35224500
2021-10-25,317.80604947430595,326.9939584154982,317.23057882708565,326.1307373046875,38409000
2021-10-26,325.7040544162325,327.6388528181023,307.1893445296699,313.3509826660156,65654000
2021-10-27,311.74360248983976,316.7642010297312,309.63018261546694,309.7889404296875,29971800
2021-10-28,310.5528791401369,322.98531250204474,305.7108726419722,314.4523010253906,50806800
2021-10-29,317.6968807534924,323.46163945137965,317.1114783524973,321.0505676269531,37059400
2021-11-01,323.50132064541936,330.8536268282647,323.46162362425594,327.41064453125,31518900
2021-11-02,328.79977498067046,332.18322727188917,321.27877830987967,325.52545166015625,28353000
2021-11-03,324.94002526271333,329.56374431625284,320.6834506798263,329.0378723144531,20786500
2021-11-04,331.40931573250367,334.64391188324623,330.0598893219194,333.2349853515625,22495300
2021-11-05,337.6601630889211,344.0897172664613,336.9953970217085,338.4737854003906,26872800
2021-11-08,341.7382250284052,342.10533921947234,335.70554932019894,335.9833679199219,18342500
2021-11-09,337.3526516997646,338.6524492000935,331.86571125243444,332.7586975097656,17556700
2021-11-10,329.9010787569911,330.5956403649357,322.9754474478496,325.0888671875,21872600
2021-11-11,327.25187039453397,329.8712983414455,324.45382100127904,325.18804931640625,12376600
2021-11-12,327.60911758764775,339.1981665270857,327.21223815711136,338.2357482910156,25414300
2021-11-15,341.6588609660316,350.89636806742686,340.5277530964521,344.8537902832031,25076600
2021-11-16,341.15280232033473,343.95085205070313,338.2158584260246,340.2895812988281,18181100
2021-11-17,341.5596207966842,344.5957921753798,337.45187198784345,338.11663818359375,13602800
2021-11-18,337.07480472247227,339.79346029139595,332.68920729614837,336.0528259277344,17487200
2021-11-19,339.53552057480016,349.35842957953895,337.2534110290804,342.6113586425781,26488500
2021-11-22,346.332142327309,351.07492208794804,337.8586600494858,338.3547668457031,27116800
2021-11-23,336.29093495274225,338.74170365953904,330.9032225838584,334.6240234375,17225000
2021-11-24,333.3837596661517,339.1187528920676,330.2185959540677,338.40435791015625,13566200
2021-11-26,333.18533998164787,335.1201687600475,329.315712704807,330.5262145996094,14750700
2021-11-29,334.26687191807986,338.01743831325274,332.6991573903865,335.3979797363281,16650900
2021-11-30,332.39159586170115,333.1952865516864,320.9116758657948,321.93365478515625,25390000
2021-12-01,327.7183345627344,327.9266910014707,307.8740567411628,308.181640625,30329600
2021-12-02,308.9752901333186,312.1503855715874,304.80801143553936,307.9731750488281,24396200
2021-12-03,311.2871716391293,311.30700500958125,297.167961754166,304.4508056640625,27471000
2021-12-06,305.73080691553787,317.60760590944744,303.954735944998,315.39495849609375,21758300
2021-12-07,319.06614306450473,323.9974459982289,318.5005740303453,320.2964782714844,18794000
2021-12-08,322.46943949245696,330.15909535727707,320.55447439589165,327.98614501953125,19937700
2021-12-09,326.9740734970569,333.5127573929671,325.4460560967517,327.25189208984375,16879200
2021-12-10,329.97058264885754,332.42135167676867,323.8287774793143,327.1824645996094,14528000
2021-12-13,328.37311410359496,338.43414460124114,327.0236878165198,331.8855285644531,22948700
2021-12-14,325.4956596112595,333.08611788089667,325.09878022695415,331.141357421875,20461000
2021-12-15,329.9010829872585,339.44617276651826,321.4573660255817,338.99969482421875,24681300
2021-12-16,336.34063809580334,341.77795023184626,331.14141729744705,332.2923889160156,22635000
2021-12-17,330.20866697035297,334.4851050733317,328.1746412454397,331.19097900390625,40012600
2021-12-20,327.2121955817415,327.3312563674149,320.0186470744069,322.9159240722656,17901800
2021-12-21,323.8684263387449,333.38375058647256,321.2291346796741,331.5977783203125,16116800
2021-12-22,331.2009056779404,331.90539917403015,325.7040638349438,327.87701416015625,16764600
2021-12-23,327.52976725894047,334.0486189099643,325.80329473129615,332.6297302246094,13987700
2021-12-27,336.2115846993633,345.1613404781223,335.3781289082556,343.4844970703125,17795000
2021-12-28,343.9310116569067,349.9636571382656,342.51215344868643,343.5242004394531,16637600
2021-12-29,344.2088959391329,346.9672491155548,338.9799400691426,340.2698059082031,10747000
2021-12-30,341.3214980377505,344.52635905092467,340.54757259642133,341.6786804199219,10593300
2021-12-31,340.3491274256358,340.76587049663726,333.65168504996285,333.7310791015625,12870500
2022-01-03,335.66583985117506,338.42419237470216,334.5644973188107,335.90399169921875,14537900
2022-01-04,337.3030520719377,340.41858727642335,329.2859485939772,333.90966796875,15998000
2022-01-05,330.426939558543,333.1456252268606,321.3184266010709,321.6458740234375,20564500
2022-01-06,320.3064141577774,336.529113208816,320.2071867379019,329.871337890625,27962800
2022-01-07,330.1491582803403,334.37599809420357,326.31922814812157,329.2065734863281,14722000
2022-01-10,322.77701413394965,325.78342022706335,312.9739386071096,325.5155334472656,24942400
2022-01-11,324.23561120670064,332.0244952768935,322.74729056704444,331.7665100097656,16226800
2022-01-12,332.570194559432,333.7509313340387,327.4602998474573,330.6651611328125,14104900
2022-01-13,332.3717120603452,333.016644823847,323.223501748033,323.9378967285156,14797100
2022-01-14,319.2844684675813,330.1392892257927,318.7089675405318,329.31573486328125,16868500
2022-01-18,320.7727525971954,321.6855721790978,315.1667516493473,315.6727600097656,22645600
2022-01-19,317.0916001571118,324.55306560102997,316.84354676400187,317.1015319824219,20814700
2022-01-20,321.37793598953186,325.26742610437003,313.5196222856056,314.0950927734375,16925000
2022-01-21,312.3588002521819,315.83154828865156,300.6804556131822,300.8094482421875,28710700
2022-01-24,295.52088719382215,307.1198662942084,286.7596546601461,306.3062438964844,38878100
2022-01-25,297.6144721826559,303.84557218580625,295.26290058857546,297.8128967285156,25108500
2022-01-26,304.61951658051186,305.1156233960731,288.58534066797705,292.3359069824219,28348800
2022-01-27,295.4316257497335,299.3607834777899,291.96880966646864,292.3458557128906,21629900
2022-01-28,293.31817127191175,299.54927129206766,290.7483417543587,299.3607482910156,21871600
2022-01-31,298.33873839278067,311.3466727082712,296.9893426102175,310.82080078125,21579500
2022-02-01,312.11074301010717,317.17103900031117,309.6897391289893,316.51617431640625,18023800
2022-02-02,325.2674310866213,325.44602224627516,314.4026813417235,320.4849548339844,58458300
2022-02-03,242.74505795410397,246.06897966279848,233.91436272380943,235.90870666503906,188119900
2022-02-04,233.1404540636697,240.72096611837983,228.31829488096275,235.2439422607422,89342200
2022-02-07,235.84918929624516,236.4445235617217,222.26578156076954,223.15878295898438,88613800
2022-02-08,219.13038789094924,224.01207717049772,214.46697168286357,218.46559143066406,94729700
2022-02-09,222.45430329166842,231.55290089035407,220.47980776459082,230.19357299804688,86563300
2022-02-10,226.49261389613994,233.1702075147075,224.93483120002207,226.29417419433594,49310400
2022-02-11,226.68112672688727,228.6258569131585,217.06657447768202,217.8404998779297,46156900
2022-02-14,217.60236257569318,219.27920598503405,213.1076361709991,216.00489807128906,38184000
2022-02-15,218.75333332612993,219.42803130608593,213.38545412333406,219.27920532226562,42685500
2022-02-16,210.75609571412514,215.76677745313566,210.70648200582244,214.8539276123047,45817500
2022-02-17,212.35353120264293,215.80642984090412,205.54694618918825,206.09266662597656,38747500
2022-02-18,207.75962504929788,209.10903628047927,203.58239873057371,204.55477905273438,37128400
2022-02-22,200.76450085331822,205.86447827017005,198.50225500397403,200.50653076171875,39852400
2022-02-23,202.57033145267047,205.32868403916535,196.5079057737242,196.90478515625,44481400
2022-02-24,189.57231543169465,206.72769591729016,188.7388596965179,205.98353576660156,49957200
2022-02-25,203.3442685110929,209.6745964633609,201.59796279185824,208.84112548828125,37627600
2022-02-28,206.06291910870078,211.49032886803136,205.21954660842596,209.3868408203125,34239800
2022-03-01,208.23584474294873,210.10121098872736,200.6454174385438,201.90553283691406,27094900
2022-03-02,203.18549004210848,207.52145842115084,200.4469860879729,206.48956298828125,29452100
2022-03-03,207.39249817950693,207.45202857519675,199.85166849923849,201.3896026611328,27263500
2022-03-04,200.7942693856852,204.2868656360038,197.2421427393917,198.50225830078125,32130900
2022-03-07,199.2265943619773,199.3258217940458,185.82179190446445,186.01031494140625,38560600
2022-03-08,186.38733062782254,195.16841189497072,184.66087351517342,188.80831909179688,37508100
2022-03-09,194.21590255342085,197.54974097584935,192.4100664687819,196.95440673828125,31894700
2022-03-10,193.32291884377045,194.7517090323724,189.5822839955329,193.69004821777344,24853000
2022-03-11,191.14003380617865,192.0528685324607,185.2165172013014,186.14920043945312,34694500
2022-03-14,185.57371350137103,190.79275173053884,184.3731434907347,185.1768341064453,31010500
2022-03-15,189.3143563018215,190.7828281781689,184.46243244458515,190.53477478027344,31721700
2022-03-16,193.18400320920165,202.14369165553742,193.00541201145757,202.0444793701172,40640300
2022-03-17,200.12947372415533,206.42010411440125,199.54407135237676,206.22166442871094,29499700
2022-03-18,205.09055652600136,215.11192035410394,204.39601000543493,214.80433654785156,52128000
2022-03-21,212.82981923288457,213.03819075246523,206.01331658056841,209.84326171875,30142300
2022-03-22,209.72418705211007,217.75120670745483,208.54345042733235,214.96307373046875,31998800
2022-03-23,211.66893523991357,215.1119177429049,210.50804711106318,211.7979278564453,23717300
2022-03-24,213.32591311587282,218.95176212403834,213.11754160891385,217.86033630371094,31502300
2022-03-25,218.79302190096215,223.74417336052977,217.18564066662418,220.09283447265625,40039000
2022-03-28,220.40040620029254,222.29552262165006,217.83056153535037,221.84902954101562,26224100
2022-03-29,224.3097530350269,229.09221508129363,223.53581243884693,228.0702362060547,31417900
2022-03-30,227.12761065506166,229.35015934967984,224.94474384142845,226.07586669921875,25588000
2022-03-31,226.67119351331812,226.7108905356395,220.5293889171824,220.6286163330078,24192300
2022-04-01,222.80156080543097,225.5102996200444,220.9659596397171,223.09922790527344,19544800
2022-04-04,224.22041938743206,232.5252573034455,224.10135860325244,232.06883239746094,28054800
2022-04-05,232.25738469486163,235.01573756945024,229.22121319549282,230.03482055664062,29727200
2022-04-06,225.14320167620593,227.20700787328028,219.68602663220452,221.56130981445312,28995100
2022-04-07,222.18638486720067,223.76401600245768,216.85820266353352,221.21401977539062,21037200
2022-04-08,220.6484754046232,223.37706293065762,218.31676728092958,220.59886169433594,18375700
2022-04-11,216.7192660715172,218.89221601096958,213.54418596956737,214.7745361328125,20516600
2022-04-12,218.5251349202986,220.30119065314656,211.4704954183544,212.47262573242188,20128800
2022-04-13,210.17070922753877,214.92340609908956,209.68451907333844,213.31602478027344,19231800
2022-04-14,213.21678996958275,213.3160173902609,208.3648658420038,208.54345703125,18379500
2022-04-18,208.36486698096425,211.71855397049873,206.6781068000665,209.12887573242188,16580800
2022-04-19,208.88082627442776,216.7292249062666,207.37265725519583,215.61795043945312,20089900
2022-04-20,211.94676758701675,212.49248814621333,197.37114601309614,198.85946655273438,43036500
2022-04-21,200.03027030150272,201.38959810560033,184.13500399279943,186.60562133789062,49954100
2022-04-22,188.88772030853818,191.21942859760426,181.84301200749346,182.6764678955078,36426800
2022-04-25,181.30717254952796,185.72251969233,180.24551195428148,185.5340118408203,29281100
2022-04-26,185.17684294621372,185.73248018162553,178.10235460110894,179.5410614013672,31747400
2022-04-27,173.0718284502036,179.7990512660107,167.68411532557215,173.58778381347656,71062900
2022-04-28,201.3399797700055,206.90629861285063,191.39799536375196,204.1280975341797,100890600
2022-04-29,202.86801081473362,210.82555343692744,198.3435038247346,198.90907287597656,49193400
2022-05-02,199.60361430075616,210.23022894872142,199.42502311439333,209.48606872558594,49915300
2022-05-03,208.8113594552885,213.2267071664261,206.4697346374748,210.37905883789062,41556300
2022-05-04,209.00980002605064,222.55352547851587,205.34854436270368,221.6704559326172,41375900
2022-05-05,217.03682591961714,218.45568421552025,204.55477600232203,206.65826416015625,41129200
2022-05-06,205.72555946603094,207.74968364193575,199.45477753082457,202.18336486816406,34747200
2022-05-09,198.28396076469102,200.99271477399856,194.0571363094751,194.68223571777344,36303200
2022-05-10,197.95654095400684,201.37969017738874,192.67797217965332,196.11102294921875,34452500
2022-05-11,194.80129861899218,199.10750202518517,186.8040593960686,187.27040100097656,31153400
2022-05-12,185.60345521719108,196.50788705194628,183.341209644372,189.75091552734375,38262200
2022-05-13,191.08050726208492,198.33358664883283,189.7906264841729,197.07347106933594,24549800
2022-05-16,195.5156975710409,203.7709070471389,194.4044080173516,198.48240661621094,27112600
2022-05-17,200.54622104854852,203.8602261947691,196.8155031199633,201.04232788085938,24872700
2022-05-18,198.44272092521723,199.43493452984333,190.1378978992899,190.74314880371094,23960000
2022-05-19,189.71124151698106,193.76939159776364,188.12370880561264,189.800537109375,24446900
2022-05-20,193.45190876015224,196.36901949764322,186.407185344579,192.0330352783203,31465600
2022-05-23,193.67019183029456,195.45617949343676,189.75095079783037,194.70208740234375,25059200
2022-05-24,179.14417279094744,182.24979113801103,174.73874187922655,179.8684844970703,50406300
2022-05-25,178.99533519495697,184.0060171216073,177.92375778337643,182.3986358642578,28030200
2022-05-26,181.456053953202,191.32857765655257,180.8408711380723,190.13792419433594,23056500
2022-05-27,189.87000699281722,193.80909644271358,188.3221561022746,193.61065673828125,22562700
2022-05-31,193.37253032745087,196.0614361569242,190.51494998321056,192.13226318359375,26131100
2022-06-01,194.97993697728285,197.97642702448536,183.55956108656105,187.1712188720703,36623500
2022-06-02,186.98266684419815,199.37542128214022,186.26827177623153,197.31161499023438,31951600
2022-06-03,194.45400191838934,195.0791012824149,188.30228110631424,189.29449462890625,19465000
2022-06-06,192.47950247435816,195.38668076457046,186.93301749839526,192.7374725341797,30574200
2022-06-07,190.43555107036437,194.99973973643614,189.99898979915574,194.1265869140625,18828700
2022-06-08,193.15422466525632,200.45691755476113,192.8962545730106,195.10888671875,22267200
2022-06-09,192.76726134545828,197.8970039563833,182.24979089220236,182.5673065185547,23501600
2022-06-10,181.61479507062933,181.67434061220698,173.65725183083143,174.20297241210938,27450800
2022-06-13,169.2617168018966,171.23622734441977,162.75279791555977,162.9810028076172,31749300
2022-06-14,164.73723361805804,165.45162866818345,160.10359761848122,162.45513916015625,27244300
2022-06-15,165.8981189021135,170.81950525732464,162.70318974465354,168.03138732910156,30008300
2022-06-16,162.44520048319256,163.7946114907579,158.36720226576904,159.6173858642578,26944100
2022-06-17,160.42108467647037,164.60822720386258,158.65494571164365,162.46505737304688,31374200
2022-06-21,164.63801100527013,166.45376388238589,154.75557108979552,155.82716369628906,50724900
2022-06-22,157.14680447815155,159.53802789484112,154.22969389233737,154.63650512695312,47267800
2022-06-23,155.05324543763655,158.50614501472532,153.04896944301333,157.51393127441406,40499200
2022-06-24,160.4707283360058,168.92439387205752,160.0440836832847,168.83509826660156,68736000
2022-06-27,169.9860407861088,170.41268536583237,166.70180106089464,168.1702880859375,29174600
2022-06-28,168.57708966300072,169.96619782883943,159.35943170287592,159.4288787841797,27744500
2022-06-29,162.2963989666472,165.0349032740984,159.07170450541813,162.66351318359375,28595200
2022-06-30,160.8874166564684,163.943436123308,157.2559266696186,159.9944305419922,35250600
2022-07-01,159.06175413379128,159.3693379164502,153.79310252765947,158.783935546875,31423900
2022-07-05,156.90865227351182,166.93993200272172,155.79737792755841,166.88040161132812,28618600
2022-07-06,166.89033737772058,170.2539411358276,164.17168159339727,168.4481201171875,23085900
2022-07-07,168.13058776866583,171.3751304080076,166.4735929101582,170.84925842285156,24083400
2022-07-08,168.65648282655349,171.0576381970668,166.84072991356624,169.5494842529297,19249200
2022-07-11,165.76913276098287,166.1858606545308,160.64930697171704,161.61175537109375,21885600
2022-07-12,163.5168038543085,164.61816155285183,160.83783016973706,161.99871826171875,16639700
2022-07-13,158.91295226825136,163.6954145029734,158.36723169686718,162.21702575683594,16555100
2022-07-14,159.96469739428068,161.32402534796637,156.0553729091042,156.8193817138672,23765200
2022-07-15,159.28995993490958,163.695390610006,158.57558009298083,163.41757202148438,23342800
2022-07-18,165.45161342788072,170.35315090475228,164.35025575538538,165.92787170410156,23574300
2022-07-19,169.0434363845627,175.11579427805594,168.19013203148896,174.41131591796875,25933700
2022-07-20,176.108010695169,182.17043685739438,175.32415341322346,181.66439819335938,24784300
2022-07-21,179.22357342466665,182.41850289156562,177.47726754562808,181.74378967285156,27195800
2022-07-22,171.72241045744528,174.23270958756183,167.09869157067797,167.95199584960938,42583900
2022-07-25,167.68410990943246,169.24189263554436,163.52673221768362,165.35240173339844,26166300
2022-07-26,164.64795222399903,164.70748262664796,156.72015890501024,157.9108123779297,28468400
2022-07-27,161.32401870031222,169.53954676474433,160.7584647751414,168.2595977783203,43846600
2022-07-28,159.8059311673132,160.25242429053662,153.6442927588761,159.4685821533203,73214300
2022-07-29,156.46215085405942,158.89307092618188,153.9617685690305,157.86117553710938,42065400
2022-08-01,156.02559756676067,163.90377642591454,154.02132174038147,158.68472290039062,40596700
2022-08-02,157.0773367845084,160.97674420933518,156.77966966857088,158.9427032470703,27374500
2022-08-03,161.4232605209222,168.21991575542236,160.3119859442989,167.48568725585938,31721900
2022-08-04,166.98956825137697,170.80958190125747,165.50124770571404,169.2418975830078,23938200
2022-08-05,165.68977708719768,170.27379969891064,164.5090403199431,165.808837890625,25832700
2022-08-08,166.69191173939979,176.12785914996925,165.82869061268593,168.9243927001953,27299100
2022-08-09,167.63448607735745,168.20997178691073,165.30279318207488,167.21775817871094,18655100
2022-08-10,174.6196622996065,179.0746913011571,172.59553824662777,176.95135498046875,30262100
2022-08-11,178.3107171671491,181.67432074948522,174.99671215406823,176.10800170898438,24079100
2022-08-12,179.402142516149,180.04709045423732,177.51694269092118,179.0945587158203,21274000
2022-08-15,177.56655658180426,180.02724212693158,176.81246453895838,179.4815216064453,15878700
2022-08-16,178.04283611732615,179.5807704439576,175.66151405480576,178.07260131835938,21156700
2022-08-17,175.38367239848955,176.75293202621683,172.81384278005555,173.48855590820312,20118100
2022-08-18,172.98250271462427,174.39144410658275,170.5218174061318,173.30001831054688,18844500
2022-08-19,168.87475524203418,170.9782584134384,165.74928839232285,166.65220642089844,26240800
2022-08-22,164.20144505183907,164.20144505183907,160.99658400957932,161.7804412841797,19499700
2022-08-23,161.21487292760173,163.76486932772292,159.44873380548583,159.8555450439453,18111800
2022-08-24,159.34952316474363,164.1716822581917,158.52598399302542,161.98880004882812,20891500
2022-08-25,163.89383014741966,167.56503246665474,162.74287391315033,167.46580505371094,15550500
2022-08-26,167.1681532011775,169.58915695402584,160.41118059882976,160.52032470703125,24023600
2022-08-29,159.40906803120774,161.78045833753615,157.77190622559567,157.9306640625,20052700
2022-08-30,159.10147396195126,160.40127149563065,154.6960426807927,155.93630981445312,19567900
2022-08-31,165.76914071346795,166.53313431830148,160.87751957743515,161.66136169433594,40953000
2022-09-01,162.30630965585266,166.05687601790066,159.10146382584418,164.07244873046875,30145700
2022-09-02,166.14619007943259,166.62244844215843,157.98027512320076,159.07171630859375,22634200
2022-09-06,158.85340797014467,160.43102400577848,156.46216949199575,157.3055419921875,19339800
2022-09-07,156.53160209381846,159.70669752312688,155.58900226198247,159.14112854003906,16831200
2022-09-08,157.47423484046743,160.96681598296698,156.51178639006864,160.7981414794922,22530800
2022-09-09,161.97887708569115,168.21989423340526,161.75067218718405,167.8329315185547,22086800
2022-09-12,166.08665686268637,170.05551181144762,165.97751274599625,167.64443969726562,23220400
2022-09-13,160.2821885074128,160.3714992434936,151.48125815876136,151.93768310546875,44444100
2022-09-14,152.1361216428672,152.34447803217273,147.88944840773684,150.2906036376953,43064200
2022-09-15,148.63362778667926,152.99936237780446,147.54218656890754,148.3855743408203,34606300
2022-09-16,146.8972612386573,147.4231333597901,143.16652753102056,145.1509552001953,40122800
2022-09-19,144.10910954549348,147.4230993550111,143.9702002462915,146.86746215820312,22169500
2022-09-20,144.64490033101634,147.68107158621052,144.08926312614136,144.95248413085938,23217400
2022-09-21,145.25013796787374,148.4351500589386,140.89432117926867,141.0133819580078,38338600
2022-09-22,140.44786157319533,143.45426807228975,139.77314833967966,141.70797729492188,34418500
2022-09-23,140.3188416841715,141.509494943838,137.80854255554897,139.31671142578125,31710700
2022-09-26,139.028967578612,141.13247074803093,135.12957531950997,135.30816650390625,30497000
2022-09-27,136.84609644027194,138.33441682444828,133.0756817723629,133.35350036621094,30826500
2022-09-28,133.57180591260422,140.9241131987942,133.2245401951875,140.50738525390625,32658500
2022-09-29,138.2748971610571,138.7511554817555,134.1472846750604,135.34786987304688,38985400
2022-09-30,134.99069508744262,139.8922338477571,134.44497445097372,134.62356567382812,33166400
2022-10-03,136.0721759608596,138.53286151227974,135.04028045219258,137.53073120117188,27723100
2022-10-04,139.3961004088353,141.28130027797047,138.25504563332407,139.18772888183594,34670700
2022-10-05,137.16359885250762,139.11826064676538,133.73053350188934,137.8978271484375,27979300
2022-10-06,136.64765768866192,140.3486101635324,135.5363833056393,137.98715209960938,36231100
2022-10-07,135.695128574833,137.21321419500794,131.4087736296269,132.41090393066406,33214800
2022-10-10,132.51013890638444,135.05020348397787,130.84321206485183,132.74826049804688,24024000
2022-10-11,130.59512747303748,131.6270379238485,126.00118199407298,127.53910827636719,38481400
2022-10-12,127.3208627550881,128.6603420977581,125.26697323369045,126.50724029541016,34605200
2022-10-13,122.5681681884222,130.11891573104978,121.57595439906237,129.27552795410156,34325700
2022-10-14,129.97999420633082,130.76383636476277,125.53487351641806,125.77301025390625,23559400
2022-10-17,129.2854381123977,133.74046759034007,129.1663621824455,132.99630737304688,29612200
2022-10-18,136.02258160736426,136.76674193219262,130.37688285393622,131.7659912109375,25445000
2022-10-19,131.85527792886984,135.9332768396588,131.19049656696248,132.192626953125,30691000
2022-10-20,131.89492157810685,135.70503258622523,130.2875406956035,130.50582885742188,26356300
2022-10-21,125.32647866197439,129.10680949055958,124.46325780378665,128.99766540527344,46348600
2022-10-24,126.25919191467688,132.440678957435,123.60005892557997,128.7099609375,63563400
2022-10-25,129.86091947335717,137.27275620010687,129.57316905393745,136.4392852783203,38433200
2022-10-26,130.65469177666142,134.49456906227655,127.52922470090857,128.80918884277344,82791500
2022-10-27,97.21709576502857,101.70189808643511,95.62954788524887,97.17740631103516,232316600
2022-10-28,98.80463544203202,100.06474342579838,96.75075352345948,98.4275894165039,95928300
2022-10-31,97.45522217208263,98.54665563117554,91.87897894800474,92.43462371826172,121361400
2022-11-01,93.5955116094301,96.73090267934045,92.8215862051481,94.45873260498047,110189600
2022-11-02,93.47645207623735,94.45874152287298,89.7754992022516,89.83502960205078,71821100
2022-11-03,89.37861592545339,89.75565442318421,87.72162078886008,88.21772766113281,60664000
2022-11-04,89.64650005696497,90.67840314172008,87.40409513105502,90.08307647705078,55638100
2022-11-07,94.04199934191713,96.12564628921443,92.37508027008157,95.9668960571289,81987300
2022-11-08,95.17312866285086,97.03849511420917,94.05192999686678,95.7188491821289,52088300
2022-11-09,100.92796978473984,104.0832093724771,99.95559711456131,100.67991638183594,107677300
2022-11-10,106.28592485654346,111.87208476763833,103.79546657050064,110.99893951416016,80671000
2022-11-11,108.37949366062841,114.00534289363566,107.9627582000439,112.13997650146484,59961700
2022-11-14,110.12578191189753,115.36466834540867,109.9372664813659,113.33063507080078,53395000
2022-11-15,115.1662427899854,117.81545152766134,113.51917199962875,116.16838073730469,50670500
2022-11-16,113.60845848030793,115.17615780277245,111.78278906932832,112.34835052490234,33287800
2022-11-17,109.55031120602072,111.45535957072005,108.94506028234187,110.58220672607422,35093800
2022-11-18,112.91391754527949,113.42986531772654,109.75867780342048,111.17754364013672,33357700
2022-11-21,110.65166362870413,111.4950512926187,108.33981156253067,109.00459289550781,24351100
2022-11-22,109.00458917284487,110.75088726803217,107.47657928580465,110.5722885131836,29029000
2022-11-23,110.8500953924864,111.79269520616867,109.86780612970331,111.36604309082031,21343100
2022-11-25,110.43337451628965,111.85224023892982,110.15554835501273,110.54251861572266,12007600
2022-11-28,109.91741816956821,111.16760938845886,107.53610408548704,107.93299102783203,23309400
2022-11-29,108.68708307062184,110.07618368108777,107.6948694302875,108.60770416259766,23899200
2022-11-30,108.65731614954981,117.2399655163382,108.52832353355872,117.18042755126953,43348600
2022-12-01,118.27186216762439,120.25628943600728,117.4780958022648,119.50221252441406,36551400
2022-12-02,116.91253249670689,123.07417815982849,116.69424428941612,122.52845764160156,39950500
2022-12-05,120.80200951633452,123.69927150066809,120.40512255012695,121.47671508789062,35474900
2022-12-06,118.97634026277038,119.61135638173694,112.8543763993124,113.2314224243164,43689200
2022-12-07,112.87423320178922,114.97772141162169,112.00108029658497,113.04290771484375,29461100
2022-12-08,115.48375092633268,116.42635090508423,113.6977632539732,114.4320068359375,30619400
2022-12-09,114.40223194340052,116.62478830403349,112.9833661822399,114.99755859375,26033400
2022-12-12,114.28316748923302,114.81896376384701,112.25905075290997,113.81682586669922,24747100
2022-12-13,121.1790486702528,122.33994437785942,117.71622519933055,119.21446990966797,44701100
2022-12-14,118.46037510083681,123.17338946222026,118.46037510083681,120.64324188232422,36922000
2022-12-15,117.40863908543345,117.70629862846144,113.12227656392382,115.24561309814453,34531000
2022-12-16,119.29385792091155,122.3498704005859,117.89483295343913,118.50008392333984,67064000
2022-12-19,115.92030806020489,116.88275639162991,113.43977424518718,113.58860778808594,29769900
2022-12-20,112.37812621764228,116.41643568951197,111.5843522265664,116.17829895019531,28742500
2022-12-21,115.79134301797916,119.4030005067017,114.71975790802134,118.82752227783203,20392800
2022-12-22,116.2874401888101,117.69638936664268,113.48939791591519,116.20806884765625,23618100
2022-12-23,115.12655141032663,117.25981232393049,114.6403688295484,117.12090301513672,17796600
2022-12-27,117.01174455554087,117.67652581895504,115.1463858019345,115.96991729736328,21392300
2022-12-28,115.34483367860929,117.23004107638656,114.61059771715533,114.71974182128906,19612500
2022-12-29,115.49367072170247,120.0876172098368,114.86857127552733,119.32361602783203,22366200
2022-12-30,117.23996617259452,119.48236352635037,116.823230694738,119.40298461914062,19583800
2023-01-03,121.86367423605601,125.38603554945252,121.32787798283579,123.76872253417969,35528500
2023-01-04,126.38817443776281,128.04517701826012,124.87008873532221,126.37825775146484,32397100
2023-01-05,125.14790094273111,127.51929845470177,123.57028492333293,125.95159912109375,25447100
2023-01-06,127.96580198249362,129.3152132188516,125.0586155413681,129.00762939453125,27584500
2023-01-09,130.13874224666318,131.91479796779146,128.2733757932046,128.46189880371094,26649100
2023-01-10,126.27902745216674,132.4009914039198,126.15996665938663,131.95449829101562,28684400
2023-01-11,129.94030532233305,132.80780214441828,129.32512256861318,131.8552703857422,25423000
2023-01-12,132.40101026363502,136.60798703423046,130.73408322737612,135.6455535888672,30757700
2023-01-13,133.91906260849916,136.3202175567717,133.79007000359942,135.9134063720703,22423800
2023-01-17,135.1196221818685,135.6851911232085,133.20465746464896,134.30601501464844,21147600
2023-01-18,134.75250654136786,136.18129633514917,131.7659495001832,131.98423767089844,20215500
2023-01-19,131.45836918474794,136.37973955851925,131.1110884113673,135.08985900878906,28625200
2023-01-20,134.831906191301,138.85037431994746,133.56187398797255,138.28480529785156,28688600
2023-01-23,138.20542835766489,142.6406244467156,137.5803440727501,142.15444946289062,27470100
2023-01-24,140.5867600970698,143.87098498713812,140.25932776271534,142.0254669189453,21970200
2023-01-25,140.1204205097815,142.05523420485764,139.21750240541942,140.3982391357422,26622000
2023-01-26,143.27566241206785,146.36144784409134,142.18423634844635,146.15309143066406,25482100
2023-01-27,147.08578429369194,151.9972397470389,146.2423964782767,150.55853271484375,35771900
2023-01-30,148.24665581205556,149.9433327979943,145.80580339476526,145.91494750976562,28040100
2023-01-31,146.7980116547346,148.71299193940402,146.3713670374125,147.81007385253906,29842100
2023-02-01,146.8773562727838,152.38414396629338,145.91490801193726,151.92771911621094,55661000
2023-02-02,181.95214004621323,195.62484263627775,178.75721095112047,187.3001708984375,150475700
2023-02-03,182.0414199235635,195.23786307187538,181.4659342518953,185.0775909423828,76809700
2023-02-06,185.0776240083015,189.21515340452763,184.07549360134317,184.6112823486328,42483800
2023-02-07,184.13499687970858,192.27114515851267,182.96417698960028,190.12796020507812,47080700
2023-02-08,188.52060614570775,189.3441453472471,181.49573121569117,182.0017547607422,36139100
2023-02-09,184.6807335265915,185.19667372941453,175.88971988644266,176.53465270996094,37118800
2023-02-10,174.97687310448828,177.4970889680082,172.00023232679908,172.7939910888672,33433600
2023-02-13,176.83232784369244,179.59068073438124,174.45102100596873,178.03289794921875,31463200
2023-02-14,175.78056138196592,180.09668136890622,174.51052921137415,178.08248901367188,24034600
2023-02-15,175.04633504206592,176.80255748917412,173.96482576796248,175.78057861328125,25308900
2023-02-16,171.40490435914325,174.4807726641265,170.45237261399396,171.09732055664062,25827500
2023-02-17,168.8946280434358,171.83157230516784,168.37867264719293,171.53392028808594,24171300
2023-02-21,172.95275977485835,176.78270508862917,170.541687860479,170.74012756347656,34592600
2023-02-22,169.73798383060884,171.41481205762443,168.36872424999137,169.78758239746094,22433200
2023-02-23,170.6607575664448,172.33760115330253,168.06116249947036,170.700439453125,20017800
2023-02-24,167.3269345664425,169.39074108650073,166.35456928198565,169.0633087158203,19791300
2023-02-27,170.5417013100807,171.77203664968215,167.74365131521915,168.21990966796875,19277000
2023-02-28,170.5615125066298,176.16752845436773,170.53174730970196,173.57785034179688,46051100
2023-03-01,173.23057502664264,176.46520116867393,171.70257268922543,172.06968688964844,30998400
2023-03-02,171.03779768581322,173.64730934892816,170.0951825850901,173.17105102539062,17352000
2023-03-03,177.5268721750104,185.1669145848466,175.67143741347317,183.80758666992188,45877700
2023-03-06,186.5361649817629,188.183243263601,183.20232653393649,183.46029663085938,33209400
2023-03-07,187.52837844576686,188.87778960526148,182.57722691894926,183.07333374023438,36701500
2023-03-08,181.44609997913568,183.81748992709475,179.92801435060838,183.52975463867188,19432400
2023-03-09,184.89901827847535,187.45891615214956,178.89612271521787,180.27529907226562,26582800
2023-03-10,179.60059470599492,183.3313278726715,177.40781092790243,178.11227416992188,25665000
2023-03-13,176.57434446133212,182.3490199218457,173.4587942651152,179.49143981933594,24728000
2023-03-14,186.1194344072328,192.8069597193349,185.10737226611835,192.50929260253906,41642600
2023-03-15,191.4476222684607,196.24001605303158,189.35405084464165,196.2102508544922,42123600
2023-03-16,196.71628688338527,204.15788979119992,194.5631849255218,203.3343505859375,50447100
2023-03-17,198.99836863693588,200.32793130379721,193.90830773144071,194.0869140625,50141100
2023-03-20,196.9345260838416,197.80767878576955,192.13221650319016,196.26974487304688,25186300
2023-03-21,201.61783314955352,201.9651140217964,196.40871090579301,200.5859375,31827000
2023-03-22,200.92325316226015,205.75532852932008,198.1152868691705,198.2541961669922,28477800
2023-03-23,201.26060208984055,206.26136708985172,200.57597228650752,202.68939208984375,27389700
2023-03-24,203.5823904151866,205.96371227058293,201.9650924531236,204.4059295654297,27716400
2023-03-27,203.21529769370653,204.25712516934632,199.79216325087327,201.26063537597656,18527200
2023-03-28,198.59155960774748,199.4647124804403,196.35907885459528,199.117431640625,19127300
2023-03-29,201.9749972989551,204.1181823011788,200.962935191242,203.75106811523438,18851100
2023-03-30,201.79640039190454,206.46971782081823,201.24076321598065,206.22166442871094,22608300
2023-03-31,205.62633341427852,210.5179387549934,205.15999185303681,210.28973388671875,25440300
2023-04-03,207.21389041897956,211.8276928727448,206.57887430271677,211.4109649658203,17924600
2023-04-04,211.72846502268536,214.5562799124581,210.885077384689,213.04811096191406,21026400
2023-04-05,212.48256764966783,213.51447842389558,208.30535625740148,209.83335876464844,19396600
2023-04-06,207.6206893922116,215.25081416311986,207.02535519459414,214.4173583984375,26104400
2023-04-10,213.0381989750547,213.98079891244384,209.019730673576,213.077880859375,16106100
2023-04-11,213.80218866814147,214.33799250651626,211.74831432764745,212.1848907470703,16710100
2023-04-12,213.16716550452043,215.15159269813535,210.92476822612764,212.33370971679688,18972200
2023-04-13,214.05024012163284,219.42803612820578,214.0105582384014,218.63427734375,23310400
2023-04-14,216.18353443016505,220.3805943095043,215.85610207929741,219.7654266357422,21591200
2023-04-17,218.07863523228386,219.25937191854015,215.43935838415817,217.1558837890625,15481900
2023-04-18,218.19769611867787,218.7235681147785,214.52650883156815,216.19342041015625,12281000
2023-04-19,211.80786023682174,215.63780573322012,211.2720563592022,214.02049255371094,15898100
2023-04-20,211.8177610468795,215.0623038493368,211.11329784945184,211.4109649658203,16475400
2023-04-21,208.5732355565436,211.74831617092386,207.9481361196577,211.23236083984375,17717200
2023-04-24,212.01620246497654,212.2543391879995,209.0693418949524,211.1331329345703,15750900
2023-04-25,209.17847205585224,209.61503330899023,205.51720156083385,205.93392944335938,19198200
2023-04-26,210.84541509081166,212.44287978251066,207.25360627617584,207.76954650878906,41992700
2023-04-27,238.02209940445576,239.80808675867604,234.92639808379175,236.70245361328125,71196500
2023-04-28,237.1489940811513,238.55793573673895,233.9143828273357,238.4488067626953,39554000
2023-05-01,236.7619924001167,242.10010614264476,234.61882263900713,241.28648376464844,29143900
2023-05-02,241.28649078913926,243.01294786638383,237.12912861217322,237.37718200683594,24350100
2023-05-03,237.6053753853161,239.8676210238987,230.93769924844847,235.1843719482422,34463900
2023-05-04,234.22193704205742,236.3452735137011,231.11630366840006,231.70172119140625,17889400
2023-05-05,230.43166438453113,232.85265256171215,228.06027476944215,230.9674530029297,27000500
2023-05-08,229.61810334737382,233.78539805375476,228.47706359514368,231.45370483398438,16400500
2023-05-09,229.6577704607354,234.043352831237,229.2807244414687,231.55288696289062,16865600
2023-05-10,234.33108842458907,234.90657414001882,228.92352723267723,231.26515197753906,19119000
2023-05-11,231.2353698430436,236.35519537222126,230.49120968380188,233.9540252685547,20449000
2023-05-12,234.89666530723997,235.11495352176897,229.64784661240037,231.98947143554688,16161400
2023-05-15,235.07527082306171,238.38926098744537,233.49765465462505,237.0001678466797,20653200
2023-05-16,233.9540432740443,237.77407177480512,233.68615649688385,236.96046447753906,18163800
2023-05-17,236.5933464897594,241.94137756334118,236.2857626745779,240.60189819335938,21193100
2023-05-18,239.42117407342297,245.16608486045604,239.31202995843714,244.92796325683594,22943300
2023-05-19,245.54309334790887,246.7535951143533,241.51470867661695,243.7273406982422,21733600
2023-05-22,243.49914464158914,251.5956112987984,243.21139421750922,246.38648986816406,27738500
2023-05-23,244.88823369959792,249.65086195908967,244.72947589162,244.81878662109375,17748100
2023-05-24,243.37013936791575,247.64657736420813,243.04270707822582,247.26954650878906,17724300
2023-05-25,251.4269210658252,253.6296364767489,247.22986176229892,250.7224578857422,22371400
2023-05-26,250.9605825230714,260.2675510820646,250.7423094564224,259.9996643066406,25727200
2023-05-30,263.18467584953015,266.5581962700264,259.25551819647967,260.4759216308594,23816500
2023-05-31,257.9755036259222,262.9365710033438,256.4375848509024,262.65875244140625,25473700
2023-06-01,263.8295904214734,271.8665266446984,263.81968887583463,270.4873352050781,25609500
2023-06-02,270.5369640530964,273.2060210618952,269.0089466293334,270.4873352050781,19416900
2023-06-05,268.1953464254039,273.4243319144258,267.4611179895091,269.2768859863281,20742900
2023-06-06,268.036591718684,274.4165177871543,267.5900834945639,269.0089416503906,19419000
2023-06-07,269.5547184887687,272.11461659977925,260.753757231396,261.54754638671875,26163600
2023-06-08,258.5907094762658,265.5659700319198,256.86426746253426,262.5198669433594,20899400
2023-06-09,260.4362851832517,265.86369579830983,259.66235964216304,262.8870544433594,16949800
2023-06-12,265.0897203172627,269.6340452732035,263.2640206504683,268.9394836425781,15442500
2023-06-13,272.73970632322903,273.57316219648015,266.9947805297934,269.2074279785156,16164000
2023-06-14,269.7729647864291,272.8488026603034,266.2307550388256,271.2215881347656,19175100
2023-06-15,270.1797642281489,281.7787441952247,269.3066416531064,279.63555908203125,25973500
2023-06-16,282.53284351172397,285.6087119553762,277.94882118522963,278.8120422363281,43127700
2023-06-20,276.559686831415,282.5823999177386,274.0692211931128,282.1160583496094,20701600
2023-06-21,281.3223813995041,281.78872310316206,276.19262265926653,279.4471130371094,20556200
2023-06-22,276.90697727173125,283.0388807556065,275.6270434409826,282.6618347167969,17563100
2023-06-23,279.31808843197484,287.41455585917544,276.7780237818679,286.48187255859375,51092000
2023-06-26,286.45211514209774,287.5336244711032,275.43853671466735,276.3017578125,24232700
2023-06-27,279.8141460043459,287.09698964762225,278.46471986414537,284.81488037109375,26108300
2023-06-28,282.60229241746646,287.29544349247846,281.84820037160534,283.0686340332031,16722100
2023-06-29,282.28479703637055,284.33868665809604,278.50446526998496,279.3379211425781,15395700
2023-06-30,282.54270732726354,286.79928116014764,282.20535839309247,284.74542236328125,19694900
2023-07-03,284.46763593933775,287.1465943473465,282.6320348220263,283.79290771484375,8629300
2023-07-05,285.41026462229314,295.7987432678793,284.1303004714729,292.07794189453125,33865500
2023-07-06,293.58608781168573,295.79870469399134,289.0417327035368,289.7164306640625,47600500
2023-07-07,289.9049379943408,293.8936557099863,286.4123573169168,288.2677917480469,25586000
2023-07-10,293.24871963934146,295.8086477039445,284.8149039740183,291.8100280761719,37058300
2023-07-11,291.6115749292531,297.84267521035605,289.6271477024056,295.9674072265625,27585900
2023-07-12,299.4004680187438,307.04052521355806,297.7633215569858,306.9313659667969,36677100
2023-07-13,311.1779913652673,313.77758587660765,307.8739337510717,310.9696350097656,30281000
2023-07-14,309.36230405201036,312.4282406131699,304.9667745464392,306.46502685546875,23054100
2023-07-17,305.1453506993027,309.2828640704902,302.3373695151594,308.20135498046875,25323100
2023-07-18,308.4593967151567,311.75355343232627,305.22477039697566,309.6202697753906,20731900
2023-07-19,310.59263096242654,316.1986319082592,308.1021650649504,313.5494384765625,21763700
2023-07-20,311.05897588766237,313.0831001900084,299.86680724874,300.1644592285156,23836900
2023-07-21,302.19850020228625,303.081554551309,288.9326093562947,291.9687805175781,42139300
2023-07-24,293.47689896206384,295.2033407103772,286.0551313052597,289.33935546875,24915700
2023-07-25,292.89154957975995,295.97731949491924,289.5874611705835,292.1771545410156,19585600
2023-07-26,298.8448034126717,299.42027395208453,289.6271309972358,296.2452087402344,47256900
2023-07-27,322.58848618129997,322.81670621390026,307.4274633309865,309.28289794921875,64229200
2023-07-28,314.4126063726026,323.6600430964914,311.8030801253295,322.9456481933594,39220300
2023-07-31,321.16965734963014,323.12431956427827,315.1171476788954,316.1192932128906,25799600
2023-08-01,315.06753789734006,321.6161541887826,312.2099576770772,320.197265625,22817900
2023-08-02,315.5239417009489,315.9109195600562,308.23116529432224,311.8626708984375,20461100
2023-08-03,307.5167775331678,313.4899232457008,307.5167775331678,310.75140380859375,15180200
2023-08-04,312.5075601458942,315.9307088839671,307.7846444057712,308.3105163574219,17612800
2023-08-07,310.7910352506405,314.6011313313248,308.04258456716093,314.0950927734375,16236500
2023-08-08,311.95196390121913,315.41481011229837,307.6953588862012,310.2056884765625,15183500
2023-08-09,310.4437875207549,311.1879477003987,300.4918865961825,302.83349609375,19955800
2023-08-10,305.54225702209254,309.90799078632176,301.5039404211993,303.359375,14358900
2023-08-11,300.21410278081095,302.34735615356055,298.021288729232,299.2913513183594,14046300
2023-08-14,298.6365134223061,303.8257720954517,295.9277589110351,303.8059387207031,15641900
2023-08-15,303.75625391993054,304.8377629959797,297.69381371938107,299.598876953125,11623600
2023-08-16,297.862520891398,298.735643383371,291.9886033311289,291.99853515625,18547700
2023-08-17,290.76819018544745,293.7448310552386,282.73128406097686,282.87017822265625,23950100
2023-08-18,276.8574122643297,283.4655597310148,272.24362420262435,281.0445556640625,35347900
2023-08-21,281.24300068510377,288.23809553886474,279.6554526227014,287.64276123046875,20181500
2023-08-22,290.2720962228701,290.6193770623764,284.51726906518275,285.36065673828125,12980200
2023-08-23,286.25364724690445,295.08434296040133,285.4301232140553,291.9489440917969,18287000
2023-08-24,296.17575192971134,297.1282684826556,284.40811347284574,284.5172424316406,18360900
2023-08-25,283.9020463553259,286.14445849769015,273.8806842050553,283.2769470214844,23701400
2023-08-28,285.7575264634264,289.180675611169,283.57464435762574,287.99993896484375,14239300
2023-08-29,286.3330045979978,296.8207102483981,285.9361251901025,295.66973876953125,20844500
2023-08-30,294.85613555978125,295.9674099723324,291.14523602077895,292.80224609375,17717000
2023-08-31,293.49679472781526,298.75554540509034,293.35790055805364,293.58612060546875,17229900
2023-09-01,297.038974539007,299.3905158783328,292.17713405399326,294.072265625,12842300
2023-09-05,294.7072634122402,299.04326214464817,293.20904151317234,297.8128967285156,14956000
2023-09-06,299.3608078619437,300.9384241215608,293.3579266695663,296.8406066894531,15418100
2023-09-07,295.67965546312854,304.6591765120229,289.9446620146728,296.3444519042969,33748700
2023-09-08,296.8901262442369,302.87317246953774,294.4691228690948,295.57049560546875,17548000
2023-09-11,299.06305457381853,306.6336479149244,298.9340619826934,305.1651611328125,19489300
2023-09-12,303.94474677654966,306.2566211780148,297.8922686774997,299.3111267089844,13480400
2023-09-13,300.0056731795405,304.7881497375785,298.97379289345565,302.6846618652344,13210900
2023-09-14,304.3515816681793,310.4338557149774,302.65490493687196,309.2928161621094,19343100
2023-09-15,309.18368185356906,309.5706597125895,296.42382881133364,297.9716796875,28131100
2023-09-18,295.86820716463995,301.23608694316124,295.48122928524634,300.1942443847656,14234200
2023-09-19,300.1247810021013,303.78605161305194,297.47555736362534,302.6946105957031,15924400
2023-09-20,302.67472271647927,305.66129510671567,297.0984875686937,297.3366394042969,19379500
2023-09-21,293.39754193532013,297.9220330401286,290.98644013503247,293.42730712890625,21319600
2023-09-22,296.9695088993633,303.00218435179124,295.94753013514656,296.751220703125,25369600
2023-09-25,293.3380490350795,298.6067009327977,291.41315219064484,298.48760986328125,18987000
2023-09-26,295.3423364379203,297.9617648857279,293.7051898730457,296.6322021484375,19417200
2023-09-27,298.11058197811235,298.95393929645525,284.55694085285074,295.4216613769531,36429800
2023-09-28,296.6123599455331,303.9448032957464,294.3898109917405,301.59326171875,22167100
2023-09-29,304.98662136210095,308.22124738927045,297.0290489070334,297.8724365234375,25373700
2023-10-02,300.3827511018216,304.78818213594394,299.28140848326984,304.4309997558594,16265600
2023-10-03,301.89095860230594,304.3813944694725,297.30693602326215,298.5968017578125,17362300
2023-10-04,296.4039835330329,304.51035179503504,296.1757635012426,303.20062255859375,16880500
2023-10-05,302.25805126327083,303.8257355185984,297.1679903566098,302.41680908203125,19130000
2023-10-06,299.09287899662587,313.84709082731973,298.56700698401727,312.97393798828125,21803900
2023-10-09,310.066746421115,317.8357654962619,309.392048448092,315.881103515625,22503700
2023-10-10,316.63522300395726,322.13209523981016,315.6827063546983,319.33404541015625,19038000
2023-10-11,320.49497139971857,326.2795642087612,320.435440997427,325.26751708984375,22036300
2023-10-12,325.4460523014571,327.9662832580327,320.17740064543665,321.6359558105469,20530500
2023-10-13,321.0108805983314,322.5190344437851,309.93777264367094,312.2397155761719,21341000
2023-10-16,316.15894806212225,319.3141799633307,313.0632162730603,318.6493835449219,16536100
2023-10-17,315.7025429737858,321.87411330466125,314.8293900863371,321.47723388671875,16387800
2023-10-18,318.8875506594912,323.4021105297396,313.1029282837248,314.501953125,16851000
2023-10-19,317.3892859153871,319.38364490768606,309.3225846372319,310.37432861328125,18709200
2023-10-20,311.69397704496873,312.8449181089046,304.08368584423033,306.2467041015625,22312300
2023-10-23,307.090139491986,314.8889246228949,304.8675904983353,311.5650329589844,17796800
2023-10-24,314.31340722600686,315.87118976703397,308.21129994817363,310.1163330078125,19525500
2023-10-25,307.5861688829515,308.4593215619921,296.51306316957107,297.19769287109375,42192500
2023-10-26,292.703011741462,292.703011741462,277.22447353914265,286.10479736328125,66684100
2023-10-27,292.18707503953055,296.9794534570117,290.6888227974808,294.4195556640625,29596300
2023-10-30,296.76110506921935,306.99082290068003,296.7214080544459,300.3033142089844,28435100
2023-10-31,300.9483186528854,301.31543285724274,294.5485285219265,298.9241943359375,19434200
2023-11-01,299.4997076080775,310.30489891866,299.4997076080775,309.4218444824219,20434600
2023-11-02,314.82938960721833,316.3375737850467,305.92923165658965,308.449462890625,21631800
2023-11-03,310.1163649869128,313.093005944509,308.59827930973705,312.1504211425781,16764300
2023-11-06,313.5196859262533,315.85136382365476,312.00160022439076,313.341064453125,12887700
2023-11-07,314.59124926347897,318.50057336518654,312.6663524101526,316.3375549316406,14055600
2023-11-08,315.66285499199586,318.8279885761275,312.4282289074521,317.2900695800781,13609700
2023-11-09,316.93293155587264,321.65584844839833,316.3177335914204,318.0541076660156,16103100
2023-11-10,317.4488791718297,326.5375610295446,316.97260565667915,326.2101135253906,19096200
2023-11-13,323.66012177465035,329.74236633406514,323.16401492354265,326.6268310546875,16908900
2023-11-14,331.93516844363756,335.46744667370785,330.73456810569553,333.6913757324219,17179400
2023-11-15,335.29877206542585,335.76511372075856,327.45035797842024,330.1194152832031,14531200
2023-11-16,326.80541344208376,331.9748382128518,323.83870424203946,331.587890625,18932600
2023-11-17,327.68846422988145,332.8876536615673,326.7855462450736,332.4312438964844,14494400
2023-11-20,332.28244395513093,339.20807585654825,331.58788228778786,337.3228759765625,16960500
2023-11-21,335.69560423392653,337.25338680796017,333.2845325230063,334.35614013671875,12027900
2023-11-22,336.5688086095252,340.2499433246193,335.943709119039,338.8310546875,10702700
2023-11-24,337.4816354360319,339.1981456805994,334.1477818085071,335.596435546875,5467500
2023-11-27,333.56238998285437,337.25342610918796,331.59782626203656,332.09393310546875,15684500
2023-11-28,330.80408376232253,336.73753334671306,330.80408376232253,336.3505554199219,12637200
2023-11-29,337.04504303961954,337.25339941898335,328.20441615570996,329.6133728027344,16024500
2023-11-30,329.3057740125749,330.9032233148891,319.88964670778785,324.6026611328125,23146400
2023-12-01,322.9457277162317,324.314957194441,318.26247781580844,322.2908630371094,15276400
2023-12-04,314.81947438356156,318.3616540663768,311.2177340247724,317.5281982421875,19037100
2023-12-05,316.4963364172633,319.3737500866392,312.9342928735929,315.81170654296875,16952100
2023-12-06,319.42333881953283,319.74085446043057,314.5714297293888,314.9782409667969,11294300
2023-12-07,315.29569659562253,325.6841739294483,315.29569659562253,324.0470275878906,15905100
2023-12-08,320.5742711238423,330.57580062992184,320.4849755382466,330.1590576171875,14087400
2023-12-11,326.8351687929006,327.3213740695982,317.50836658058734,322.74725341796875,25802500
2023-12-12,322.07258449366407,331.86572921504364,322.0328874658682,331.61767578125,18485500
2023-12-13,331.32991527829347,335.73534655135336,330.0499814002796,332.13360595703125,16353300
2023-12-14,331.2505036188075,332.0938912022161,326.0810794409053,330.5758056640625,19607300
2023-12-15,329.40498594080213,336.02306402754414,328.64099236363404,332.31219482421875,31776900
2023-12-18,334.85228604462384,344.85378668804714,334.3958459469585,341.9366760253906,18993900
2023-12-19,342.8891779975481,350.8467508068738,342.4327681993937,347.6319580078125,17729400
2023-12-20,345.93526435895194,352.1961297303839,345.0819752003526,346.56036376953125,16369900
2023-12-21,350.2315736784916,353.6348591200321,346.49090896056947,351.3329162597656,15289600
2023-12-22,352.8113172583685,354.4187288106996,348.4852802675343,350.6383972167969,11772800
2023-12-26,352.22592701294764,354.2004528401939,350.6979397367357,352.0671691894531,9898600
2023-12-27,353.2974869448079,356.20466538676425,352.5433949552393,355.04376220703125,13207900
2023-12-28,356.89922781228415,359.0820794651083,355.0239296591303,355.52996826171875,11798800
2023-12-29,356.19478262042475,357.1969281361714,349.08062742515625,351.2039489746094,14987100
2024-01-02,348.5844607184317,350.41012995956766,337.36252824234924,343.5936279296875,19042200
2024-01-03,342.29384989196654,345.24072541994775,340.5078472895794,341.7878112792969,15451100
2024-01-04,341.8175805411929,345.43915407584143,340.72613954007755,344.41717529296875,12099900
2024-01-05,344.28819338310336,350.7475137214206,343.56389682163444,349.2095947265625,13920700
2024-01-08,351.93818263654276,356.18485571303864,349.3087923232341,355.8673400878906,13890200
2024-01-09,353.62496321980836,357.8319699766495,352.5930524741726,354.6469421386719,13463900
2024-01-10,357.3655701410914,370.03612636295736,356.28403071762176,367.5853576660156,22117200
2024-01-11,369.2324630283158,369.8773958319146,360.10408551905675,366.7916259765625,17205400
2024-01-12,367.277824706656,374.124093141166,366.6626570609986,371.5740966796875,19310000
2024-01-16,370.74062077604117,372.68535103334375,364.37062615979,364.59881591796875,15306900
2024-01-17,363.44784996748376,365.670429146602,355.8177245328264,365.5017395019531,12724800
2024-01-18,368.59746874048204,373.91575007701977,368.0616951280388,373.20135498046875,16354300
2024-01-19,376.0489622272857,381.3672126996037,375.02698340921194,380.4643249511719,21670800
2024-01-22,384.92931433872445,387.3106211461021,378.19217488438653,378.8073425292969,17680500
2024-01-23,381.62521323149974,385.35594628431977,379.10498205560805,382.2007141113281,15506100
2024-01-24,386.96330579643376,393.0654134087709,384.7903555799496,387.6578674316406,15698500
2024-01-25,387.13201825545184,392.4105719303832,382.65712494527804,390.1185607910156,15091100
2024-01-26,391.27943181312344,393.7004353737154,388.5409126393493,391.0710754394531,13163700
2024-01-29,391.9144145321582,399.7925924230997,390.03914669643075,397.8974609375,18742400
2024-01-30,400.4474896600289,403.1959104756482,396.4588018243719,396.9449768066406,18614700
2024-01-31,385.97109583241945,394.90101835810526,384.0858960218771,387.10223388671875,20180800
2024-02-01,390.87262941167637,397.38154822868097,389.98954477012256,391.7060852050781,29727100
2024-02-02,456.0213826629202,482.176118971358,449.48269858581074,471.2915344238281,84707600
2024-02-05,466.221332864614,468.2255934429309,455.64433221754496,455.8328552246094,40832400
2024-02-06,460.3871235847148,463.4828252605775,449.4727736721461,451.17938232421875,21655200
2024-02-07,454.4338712041085,467.8485894270778,452.628035016413,465.9336242675781,23066000
2024-02-08,464.6734814817839,466.9257954581502,461.40909025193133,466.34039306640625,18815100
2024-02-09,469.2673974671682,469.90239837584187,463.83005646437323,464.4650573730469,18413100
2024-02-12,464.5445296788117,475.4191832366272,462.9470498932434,465.2489929199219,19382000
2024-02-13,453.3126287541774,464.2468421541009,451.54648973334866,456.5373229980469,20916600
2024-02-14,464.2865601932742,470.41843373497767,462.460890576325,469.59490966796875,16858400
2024-02-15,471.5793000388415,484.8154264310746,468.5431287071876,480.26116943359375,24212300
2024-02-16,474.38723338064216,475.2306210030674,465.5565383292655,469.6345520019531,23324600
2024-02-20,466.0625897590752,472.4722813616275,462.9271910394476,468.0767822265625,18015500
2024-02-21,463.3587521836112,465.84191805812145,458.68047616341727,464.8784484863281,12921800
2024-02-22,477.0062442785985,486.69059163885595,472.8543980185372,482.8565979003906,21625800
2024-02-23,484.7636721147276,491.031180902857,479.1020716150301,480.770751953125,18374300
2024-02-26,480.2144859744723,482.86652048024735,477.3638163849019,478.4961242675781,12101400
2024-02-27,476.74804543866367,483.9889360930162,476.68845187614863,483.7704162597656,10809600
2024-02-28,481.73418465032995,487.7434340041243,479.4993353400965,480.7607727050781,12715500
2024-02-29,485.1510282882917,488.3890863550295,479.36026837522473,486.82965087890625,17732000
2024-03-01,488.79624738580674,500.8545143992788,488.5380187689809,498.9176330566406,16273600
2024-03-04,499.6130279349868,501.02347964142564,493.07734798440794,494.8354187011719,12324100
2024-03-05,491.6668796750701,492.2429608634323,484.6047699531748,486.9190673828125,15325300
2024-03-06,494.2791504217165,499.583189220119,490.96164437082433,492.74951171875,11757900
2024-03-07,499.8910821445539,516.3494823533294,498.0038821618696,508.7410888671875,18586400
2024-03-08,510.72765736734266,520.0445011354961,495.9875874923853,502.54315185546875,18597100
2024-03-11,493.66329582884157,493.9712059583507,472.79476106595894,480.3336486816406,20428300
2024-03-12,489.9385381608739,498.9275859285364,481.4659779498232,496.38482666015625,15448200
2024-03-13,492.0542210447472,497.60657618383044,487.723564090034,492.2330017089844,12090700
2024-03-14,496.8914470652399,497.9741037778643,484.8729178506202,488.5181884765625,12620000
2024-03-15,485.71721266457956,488.5182008794358,478.05910688483056,480.84027099609375,29153600
2024-03-18,488.5976770138942,494.070584561547,483.5320123264852,493.633544921875,11755300
2024-03-19,484.88286188860536,493.28588697301825,478.039241983051,492.89849853515625,10903100
2024-03-20,496.13654476437773,504.7779741854075,491.835714780714,502.1159973144531,11711100
2024-03-21,511.2442176586476,511.57195195143237,502.60278705786425,504.34100341796875,9712500
2024-03-22,503.5860676514322,506.5360700886192,500.9439753750218,506.148681640625,8120600
2024-03-25,502.3841796013196,503.80454316153504,496.87153334771386,499.6328125,8380600
2024-03-26,501.72867541124447,506.5658780636044,491.87545911237584,492.5509033203125,11205400
2024-03-27,495.9379177172375,496.5239715871602,484.78355507786483,490.5345458984375,9989700
2024-03-28,489.521395786928,489.5710772928442,481.8831749511718,482.3102722167969,15212800
2024-04-01,483.919393448101,494.0804891364972,478.5358763202007,488.04144287109375,9247000
2024-04-02,481.83353672480007,494.17983080247325,481.38655471994537,494.0209045410156,11081000
2024-04-03,495.57038140236386,503.82442249033096,495.3916007311355,503.3277893066406,12099200
2024-04-04,512.9425792580104,526.4311529440604,507.1419075498126,507.4796447753906,26476300
2024-04-05,513.3797103903854,527.1265454718879,510.946195332254,523.7891845703125,19263300
2024-04-08,525.716030393533,527.9111101756489,515.3959787113195,515.7535400390625,13260600
2024-04-09,518.7134999304255,522.3290042268167,503.3278128790067,513.41943359375,10863800
2024-04-10,505.8607349176159,519.0413712587521,502.3942140103929,516.3297729492188,11418500
2024-04-11,517.6010230992423,520.3325056145172,513.8067382940332,519.63720703125,10369500
2024-04-12,514.2637093320776,516.6872819178756,505.90039240697365,508.4530944824219,11984500
2024-04-15,513.2405867962719,515.0384571853876,493.93151580388917,496.8616638183594,13512900
2024-04-16,494.7558921640913,501.37104976093684,493.76262580382166,496.3948059082031,9847900
2024-04-17,499.71232990333476,499.77192346212956,483.85980671013607,490.84246826171875,12193700
2024-04-18,496.45443341487936,508.76101901000555,495.67968681337135,498.42108154296875,14808700
2024-04-19,499.41434858815046,499.41434858815046,472.5266493809035,477.8306884765625,25215400
2024-04-22,486.4224254546389,488.69701401127566,470.2123104372898,478.4862365722656,17271100
2024-04-23,487.94211241184524,495.4015526749956,485.6774662629057,492.75946044921875,15079200
2024-04-24,504.63886504823,506.565804061194,481.3169618234163,490.1769104003906,37772700
2024-04-25,418.56245488313147,442.76835220036213,411.7089227857851,438.4079284667969,82890700
2024-04-26,438.48738968690355,443.433867420502,429.05135860219434,440.3050842285156,32691400
2024-04-29,436.60014947867506,436.7988148712777,425.6742197513567,429.7068786621094,21502600
2024-04-30,428.1474865043682,436.65978716345234,426.826455477513,427.2734375,18429500
2024-05-01,425.7139488551081,446.9301028028631,424.23396143290347,436.2326354980469,20344900
2024-05-02,435.88505944497143,440.97057898429546,429.36923374620153,438.7059326171875,15221300
2024-05-03,442.9272916540199,451.11182764572453,440.8613108178751,448.91668701171875,16489100
2024-05-06,452.5122844958483,463.02105978106573,450.28737750238747,462.5442810058594,15094600
2024-05-07,463.1501848954651,468.3548909827228,458.2037074526032,465.0870361328125,13406800
2024-05-08,460.37896403219986,472.3776084845462,459.8823308455416,469.4176940917969,11683900
2024-05-09,466.83517215291295,472.87421806387255,464.481135815607,472.21868896484375,9437700
2024-05-10,473.87746056720033,474.2847034264408,466.437904971436,472.99346923828125,10750000
2024-05-13,469.5666850409423,470.1626509363038,459.73335385977305,464.8586120605469,14668800
2024-05-14,460.24982000044906,469.35808569307136,456.9819652481851,468.6727294921875,10478600
2024-05-15,471.78169064027946,479.25104313597546,468.02714482052664,478.2975158691406,13100500
2024-05-16,471.8014969689751,474.47338576625015,469.5666477728062,470.0434265136719,16608200
2024-05-17,467.6596161293241,469.61635219313234,465.265870726958,468.73236083984375,10807300
2024-05-20,466.78558596876275,470.0137019704497,463.895176926725,465.68304443359375,11745100
2024-05-21,463.97456625143184,467.53047671083374,459.1572184570371,461.5013427734375,11742200
2024-05-22,464.71954780965524,470.5301623382244,462.51449517924743,464.6301574707031,10078600
2024-05-23,469.6958131205523,471.1658279710308,458.4321759489414,462.64361572265625,11747900
2024-05-24,464.47124760813773,476.6189070760728,463.1601286330432,474.9998779296875,12024300
2024-05-28,473.37087913585106,477.6220580395815,471.6426053305284,476.68841552734375,10175800
2024-05-29,471.4638000883628,476.618854768797,470.5102728984341,471.1658020019531,9226200
2024-05-30,468.4940068622727,468.55360042520306,461.5808504414888,463.90509033203125,10719600
2024-05-31,462.66346029491183,465.9611118987805,451.3998233629331,463.6865234375,16919800
2024-06-03,467.68941896049296,476.3705882132415,465.0870657511374,474.2747802734375,11279400
2024-06-04,473.788110089259,475.6653982828109,470.04350637889246,473.7781677246094,7088700
2024-06-05,481.18795865539454,493.30579153156003,480.6515862684817,491.72650146484375,15690500
2024-06-06,489.6604950970564,499.4342331212912,487.5845718978277,490.43524169921875,10667300
2024-06-07,492.57074247783544,495.5505416682554,486.8694030600324,489.6405944824219,9380700
2024-06-10,490.5345592888621,499.2753223223869,490.08760756920253,499.2157287597656,11220900
2024-06-11,496.792112209235,504.18201644117164,494.914824216535,504.0528869628906,9673700
2024-06-12,510.5289816127229,510.5488663402382,501.0730965012288,505.4136657714844,11983200
2024-06-13,502.30477188866905,505.93018839723624,497.98405673480437,500.70562744140625,9954600
2024-06-14,499.76102858798566,504.2351649770315,497.87195484771325,501.2623596191406,10243300
2024-06-17,498.78668605391897,507.81448578396373,493.15921302560884,503.7181701660156,11266600
2024-06-18,501.66003859591564,503.0917646222148,492.1748612572284,496.6191711425781,13060400
2024-06-20,499.1147919555252,500.7752071040244,493.9148400723255,498.8165283203125,11801200
2024-06-21,500.55649337523585,500.55649337523585,489.5600618320149,491.9363098144531,22359200
2024-06-24,496.3308527028193,504.88139980100635,491.44906935987734,496.0425109863281,13525300
2024-06-25,494.193234056006,507.77472797570107,492.65215468981233,507.6653747558594,12063200
2024-06-26,503.7380225205022,510.856874053988,501.77934388389946,510.17083740234375,8882300
2024-06-27,511.294373925033,519.8747782877508,510.9464098062174,516.5738525390625,10121200
2024-06-28,514.1777613035174,518.8805567277017,500.9442311555743,501.3220520019531,15855100
2024-07-01,502.0478560452752,503.6684622749848,490.3355617817053,501.7793884277344,10328200
2024-07-02,497.8819580091871,507.56596894119156,496.5794894878585,506.57171630859375,7739500
2024-07-03,503.45965920114367,508.3414428657344,503.1116647399918,507.0290222167969,6005600
2024-07-05,508.659626943001,537.7613890905714,508.659626943001,536.806884765625,21354100
2024-07-08,539.2328502639116,539.6902282867122,523.6231336593002,526.2777709960938,14917500
2024-07-09,530.6823045262751,534.3908471604564,525.1542627135257,526.953857421875,8753200
2024-07-10,527.7392732226358,535.782802810221,525.3232468812585,531.6168823242188,10983300
2024-07-11,527.8387206588444,532.382461834716,505.4481350938496,509.7532653808594,16458300
2024-07-12,494.8991408562319,505.1697559706881,491.3894306970728,496.00274658203125,19750500
2024-07-15,495.76415462534726,503.76787552831104,490.5343764947893,493.308349609375,12539200
2024-07-16,498.61766470466665,501.05359564218975,482.9979652991605,486.9749755859375,14075800
2024-07-17,476.4159983287152,476.4159983287152,456.4812168894572,459.334716796875,28076600
2024-07-18,472.2699305884637,476.48555141727223,461.8700580864728,473.11505126953125,19267200
2024-07-19,473.32389780212014,483.9126820908743,472.97590331818924,474.0497131347656,15149400
2024-07-22,483.7834299289137,489.2319452484401,481.1188401704912,484.5987243652344,12023100
2024-07-23,487.024670998181,492.3737546328562,484.9168604229217,485.88128662109375,9455500
2024-07-24,469.5953914420506,473.56244917033604,457.93279880328066,458.61883544921875,17649700
2024-07-25,460.59744019284307,460.88575158232453,440.1058796187656,450.8040466308594,18240500
2024-07-26,461.5320586336811,467.0700224305545,456.7795325266989,463.0234375,14222400
2024-07-29,467.1793714880281,471.23590835425637,462.34728854009927,463.0333251953125,11339600
2024-07-30,464.3159317450937,470.01300966806275,454.0751428177802,460.52783203125,11390400
2024-07-31,468.31285214220173,473.76136735309956,464.06740443244325,472.1009521484375,24285800
2024-08-01,518.0055653777843,524.1400864636705,489.2716734818862,494.8792419433594,43083100
2024-08-02,486.18945417462,498.2696155258607,473.41330396274105,485.33441162109375,24044700
2024-08-05,448.7558769798466,480.70121501811934,448.20901989340217,472.9957580566406,21396200
2024-08-06,476.24694705318433,499.6715335038331,475.8989526100752,491.2502136230469,20955000
2024-08-07,500.2382746300819,507.2179163887547,484.06176673048657,486.1099548339844,20105300
2024-08-08,494.6406395475425,507.02901772261134,491.87661869501426,506.700927734375,16156800
2024-08-09,504.7919803564355,515.3609207187151,502.7935532579475,514.794189453125,13696600
2024-08-12,513.8894234095668,515.0427904966505,506.17404327864693,512.9846801757812,9767400
2024-08-13,517.0212549519154,528.4452065274616,515.1719598564413,525.502197265625,13743800
2024-08-14,525.0250602739767,530.9309235361922,520.1234019137161,523.7325439453125,11444200
2024-08-15,528.73350167096,536.6676776843767,523.6727905580083,534.24169921875,13482100
2024-08-16,528.8429030867464,530.5927364260666,521.6444643649328,524.3886108398438,14776700
2024-08-19,523.8418543972291,528.6043024311272,519.7554908387405,526.238037109375,9879700
2024-08-20,525.3133210272216,528.0376240435813,522.8575463080886,523.70263671875,7944400
2024-08-21,524.1202555369616,536.2998492635563,523.9014884202904,532.0841674804688,13423300
2024-08-22,533.9136093150988,541.1020356974973,525.551972227874,528.8727416992188,15708300
2024-08-23,533.834047542885,536.7671046219766,522.0422271868836,524.96533203125,11323900
2024-08-26,524.5676149591942,524.9653402482775,511.99035675969463,518.1248779296875,9584000
2024-08-27,515.9972106523948,520.9983305112823,512.348320490828,516.1165161132812,6282700
2024-08-28,514.6947141610383,518.0951016645886,509.5047448414531,513.8098754882812,9106100
2024-08-29,516.0668238363469,524.1700071760439,512.7161972736417,515.2415771484375,8317400
2024-08-30,518.3536520726135,520.5310680440539,512.2390340101765,518.3139038085938,9157500
2024-09-03,516.6534100228187,522.4697631708141,505.69672749483755,508.8186950683594,12459100
2024-09-04,503.16141255787795,513.6209691624427,501.1729073895188,509.7930603027344,8335200
2024-09-05,508.7789615116668,518.6320088026798,508.212230225459,513.889404296875,8640900
2024-09-06,518.88052782919,521.5650218623427,495.38633511921387,497.39471435546875,14744500
2024-09-09,503.2508845942156,508.39115339074016,499.19431711601146,501.8887634277344,11047800
2024-09-10,505.23938973469745,511.22477928436297,497.15611148388973,501.8887634277344,9899000
2024-09-11,504.096000860634,510.1708694464899,492.75157549409465,508.8882751464844,10782500
2024-09-12,514.07825463183,523.6827679826088,512.2587555239991,522.5791015625,11970500
2024-09-13,517.3493672277767,524.5477455442109,514.1378904204591,521.604736328125,10321400
2024-09-16,522.0227173210484,531.5368365725262,514.9170282546622,530.7208251953125,9527600
2024-09-17,535.02004153394,539.4984461028365,528.0238099822781,533.7462158203125,11690800
2024-09-18,534.4926873694405,541.5884764077421,531.3379167409221,535.3684692382812,10323500
2024-09-19,547.360625106574,559.3727101138928,543.8973445888765,556.4169311523438,15647000
2024-09-20,557.3125698177632,561.790974396656,553.630313904446,558.6560668945312,22066800
2024-09-23,566.7670162500528,571.2254976602934,559.7110138514457,561.701416015625,12830700
2024-09-24,563.9605473092387,565.0254197663409,551.5304953936857,560.6266479492188,12993000
2024-09-25,561.3431364723867,574.1115828691105,561.0147031201811,565.5827026367188,16543400
2024-09-26,572.967142227921,574.6291718932196,559.6513458984354,565.1150512695312,14400800
2024-09-27,567.3641092966835,568.1006091166316,561.8009692958777,564.6372680664062,9398400
2024-09-30,564.975688534177,571.9221729211617,562.0895809864053,569.6929321289062,12792300
2024-10-01,575.2063768294925,580.2420925303793,567.3641864228882,573.70361328125,15259300
2024-10-02,572.1013073959746,573.2358512630743,566.6078384594379,570.0611572265625,6524700
2024-10-03,567.4139551254736,580.5605233296984,566.0007257701127,579.973388671875,11581000
2024-10-04,580.9287120013399,593.9857454241755,578.6397616460487,593.0801391601562,14169500
2024-10-07,595.3491999625717,600.0565426843976,581.2372550118221,581.9737548828125,12014200
2024-10-08,586.8601441089934,590.7115675395601,583.1579643993507,590.0447998046875,7857400
2024-10-09,591.1394274753203,591.53753216899,578.8188343358976,587.6761474609375,9529700
2024-10-10,584.7502401443048,587.3974479929923,579.7244874036023,581.0281982421875,7740400
2024-10-11,582.0234112463053,588.3727984137771,579.9135900095793,587.1188354492188,8587100
2024-10-14,591.36829944158,597.2200860857456,587.1287942740497,587.5865478515625,8252000
2024-10-15,587.3279517955922,587.7758045132721,577.3560764255451,583.4566650390625,9564200
2024-10-16,578.6099570311397,579.2866865055009,571.2753296162662,574.0220336914062,11268400
2024-10-17,580.5306267288739,582.162710233978,572.4396375946716,574.1613159179688,8701200
2024-10-18,578.3113997502303,581.1676223680741,572.4894969594121,573.70361328125,7694300
2024-10-21,573.2656610260642,574.4698153606886,566.37882637357,572.3997802734375,8171900
2024-10-22,571.5339359680816,580.7296438381057,569.3743668983145,579.2169189453125,8544500
2024-10-23,577.1867670377931,582.1926578504655,559.8006325485245,560.9849243164062,14248400
2024-10-24,564.4082709226817,566.1498724348761,558.8252086531563,565.05517578125,7184700
2024-10-25,571.1756917804064,578.5003564229931,568.9762757450173,570.4989624023438,11337900
2024-10-28,579.2070359341649,580.948637846338,571.3648464645419,575.3854370117188,10925100
2024-10-29,577.3659274017436,590.8210046180449,572.6387223000493,590.4329223632812,13019100
2024-10-30,598.0958991586175,598.3148749725009,586.5515914382872,588.9599609375,26864900
2024-10-31,582.1926485103984,587.0691582392678,560.3081858518195,564.8562622070312,26838400
2024-11-01,564.886023984338,570.9169396034644,559.8602710921074,564.4381713867188,15303200
2024-11-04,561.3930122544094,565.9610128114804,555.2128512411704,557.9894409179688,12064600
2024-11-05,564.5775361837109,570.7278713037589,563.950554670974,569.6829223632812,9775400
2024-11-06,560.0493909181008,570.2502016811582,552.5057499508582,569.3047485351562,18305400
2024-11-07,574.1215485070126,591.9455725919563,572.4496180315167,588.8604736328125,14653700
2024-11-08,588.70123463837,590.2537459189086,581.7149642470737,586.5118408203125,9415700
2024-11-11,583.5461541812385,584.1830975198795,573.7434467735926,580.3714599609375,10209100
2024-11-12,585.7156689643949,596.78230100658,577.5948542236526,582.0135498046875,16287700
2024-11-13,579.8140126435408,582.8295006873793,572.4097151236031,577.216552734375,10757600
2024-11-14,574.2310533344881,577.9730193106801,570.2602105353902,574.3902587890625,11053700
2024-11-15,568.4787834407424,569.822341466235,548.8534455153184,551.4210815429688,17712900
2024-11-18,554.3667866349945,557.2131078822542,547.4501877365338,551.739501953125,14327300
2024-11-19,549.2115926112795,558.7356731812587,547.957629670582,558.3973388671875,9522400
2024-11-20,560.2285547368579,563.6321255323566,551.5404684658788,562.80615234375,9797300
2024-11-21,566.7868914718125,567.2645685130409,546.4150954692434,560.3877563476562,11154700
2024-11-22,560.8455359497274,561.1242213982047,551.9285734744715,556.4567260742188,9164000
2024-11-25,559.4025063006017,569.842216719163,553.7199469729902,562.3980712890625,13599800
2024-11-26,563.2838034841143,574.7286157457173,562.4876547795837,570.78759765625,10356600
2024-11-27,572.1312028238776,572.220736911576,561.3929435568074,566.468505859375,7200200
2024-11-29,566.2694266604135,575.6840509462676,564.179528644509,571.5639038085938,7130500
2024-12-02,574.7285975175146,591.6470151067747,572.8078668096863,589.9850463867188,12522400
2024-12-03,592.144674748723,611.2525486705784,588.412670496105,610.7052001953125,14907200
2024-12-04,610.0184615359037,614.8153379179051,602.1961350667218,610.8345336914062,14697000
2024-12-05,614.1187259488262,616.9252004045749,604.1368295295009,606.0078125,8081200
2024-12-06,607.1721685184903,626.7676806622193,605.609756240286,620.776611328125,16935500
2024-12-09,620.925918521527,623.394058813495,603.261097141148,610.6256103515625,11426000
2024-12-10,614.5963977457716,622.5878918502519,609.7995210855536,616.3479614257812,10938900
2024-12-11,620.3784192599069,635.3363188855899,618.5472835041938,629.6437377929688,10837200
2024-12-12,628.4695541682555,633.6047656039859,624.200162912141,627.762939453125,7474700
2024-12-13,624.2100126233092,628.051535081657,613.9296288656519,617.3729858398438,8453300
2024-12-16,627.4624746323816,628.6278428855253,616.1080674222911,621.7454223632812,10885600
2024-12-17,623.6677474643714,629.8429838266126,614.0762250068084,616.9646606445312,12897800
2024-12-18,618.5183765194273,624.8529462687603,593.9370093659079,594.8035278320312,17075500
2024-12-19,607.9507863504745,609.0762755305054,592.6222729689903,593.1900024414062,14958100
2024-12-20,588.2199724400746,600.699869104885,577.6822346553289,582.9112548828125,48989400
2024-12-23,587.2439014616511,598.6880378505789,583.9073125635051,597.4529418945312,10205800
2024-12-24,600.3113609374378,605.5603202398497,596.8851663404314,605.3212890625,4726100
2024-12-26,603.0603968908488,603.8771273499036,596.5465535400348,600.9389038085938,6081400
2024-12-27,597.0145990738104,599.4448507288726,587.4430173370732,597.4130249023438,8084200
2024-12-30,586.3972186440706,594.5544919388965,583.239903719799,588.8772583007812,7025900
2024-12-31,589.9031610994577,591.5963188432811,581.5167657457517,583.170166015625,6019500
2025-01-02,587.3633608157467,602.4926617179121,585.470989976871,596.8453369140625,12682300
2025-01-03,602.3432304664586,607.0642784591316,594.026562777383,602.2137451171875,11436800
2025-01-06,609.385054699766,628.4684617844035,603.1998488847688,627.681640625,14560800
2025-01-07,629.1755858278557,629.5739508561447,605.7993460257709,615.4207763671875,12071500
2025-01-08,610.9488239610363,613.9766539687823,600.3811762529524,608.2794799804688,10085800
2025-01-10,607.592206559942,627.3927055003096,594.9529163376031,613.3988647460938,19256600
2025-01-13,604.6739217603003,606.5364441234269,596.0585248079975,605.8990478515625,10785000
2025-01-14,602.6520744429687,603.0703790506547,586.198070906463,591.8753051757812,13598000
2025-01-15,607.7715100133968,619.972556750708,604.0763139738187,614.6538696289062,15524300
2025-01-16,609.056268564278,613.7872861859956,607.2734438085199,608.8570556640625,8355300
2025-01-17,621.5561807031561,622.4724872092602,601.2576176946507,610.3212890625,17280600
2025-01-21,615.3611025019545,619.0164197693068,606.5763408669152,613.99658203125,11674000
2025-01-22,620.8092099161343,631.1676746458771,616.9546797410454,621.0084228515625,12274000
2025-01-23,624.8529151272735,634.0559803027825,618.6677705767347,633.9066162109375,9910200
2025-01-24,633.8568781379164,649.3945139716581,631.6656574969397,644.9025268554688,19065300
2025-01-27,624.1059736130031,661.2170877274049,622.601998034938,657.2430419921875,28399200
2025-01-28,663.3385252994983,679.8522851881131,656.8345913596311,671.63525390625,20950100
2025-01-29,672.3025851139503,678.3283961259809,663.0098523603809,673.78662109375,21377800
2025-01-30,694.0354036840853,707.9495481611209,673.3981724899843,684.254638671875,29322900
2025-01-31,688.2386375622425,702.4814799874082,682.8403138955325,686.4259033203125,19303900
2025-02-03,673.2089204422564,701.1866947109021,672.5515846641146,694.6728515625,21415700
2025-02-04,699.6927275691532,704.8819296826665,688.8462306970774,701.3759765625,13826300
2025-02-05,700.7384902909668,715.270213081664,696.2166547369433,702.05322265625,17778200
2025-02-06,703.0592064230789,716.0271960756166,700.6887123835558,709.144775390625,13080700
2025-02-07,713.9354687323457,722.1126813232647,708.9056620031818,711.6646118164062,16427100
2025-02-10,715.688479736199,718.317944327383,708.4873917995161,714.5331420898438,12904300
2025-02-11,710.4694377796111,720.7680830266086,707.2025161364162,716.9235229492188,12998000
2025-02-12,712.4415265910553,724.1943596127884,709.7523040950127,722.4812622070312,12016500
2025-02-13,718.6367748250889,726.086864766196,715.170639811608,725.6486206054688,12569100
2025-02-14,723.2383065433801,737.9492432152872,722.7203650478507,733.7261962890625,16901200
2025-02-18,733.0587606413424,734.0547643922138,703.6168921972339,713.5072021484375,21938700
2025-02-19,701.2862790989086,704.1747145500551,692.6111245629734,700.9576416015625,17535500
2025-02-20,694.493606362119,702.810214344655,690.8681376921594,692.0633544921875,12587400
2025-02-21,693.7963175740036,701.057163114329,679.6331124665386,680.818359375,15660400
2025-02-24,683.5375152106747,684.5235492434307,659.8027276987779,665.4600219726562,15677000
2025-02-25,663.3086205526677,665.3305374435599,639.2949835590877,654.8724975585938,20579700
2025-02-26,657.0139704281752,680.2806060030118,655.3705397430182,671.0078125,14488700
2025-02-27,679.7228329637242,685.8980689317682,654.9422525540249,655.6095581054688,12500000
2025-02-28,655.41029188353,666.9540022019403,640.0319914083209,665.5297241210938,17534200
2025-03-03,670.9878058928375,678.5275616526835,648.2391140524159,652.4322509765625,10843800
2025-03-04,642.9303730536252,647.1534191131592,621.157746255584,637.4423828125,21495200
2025-03-05,638.4384682626843,656.8645394995948,635.1117886533837,653.8466186523438,13770000
2025-03-06,645.4104577126469,647.9602249904791,621.6159125135576,625.420654296875,13446500
2025-03-07,622.8709097782997,632.2532488274342,598.2098452417057,623.1597290039062,21375700
2025-03-10,605.6400157185544,607.6718415110856,584.5247237757733,595.6002807617188,21999900
2025-03-11,592.6721150475107,612.4726776603288,590.9590175004934,603.28955078125,17401500
2025-03-12,627.3828744482781,630.7991604950519,606.9149458816227,617.0841674804688,15747000
2025-03-13,617.771383307468,618.0203842680918,584.1662233882897,588.2797241210938,16480300
2025-03-14,600.9252068633762,606.9663570960139,592.9301914090029,605.7102661132812,12364500
2025-03-17,605.5707122644762,611.1931246096414,596.1401126582408,603.0186767578125,15473900
2025-03-18,598.1837512328132,598.3831413748485,572.8727029614505,580.5487670898438,20297700
2025-03-19,582.4628776976826,590.4778508331983,572.9824447250121,582.2435302734375,20537500
2025-03-20,580.9475766447827,608.3022383482739,577.7076844207866,584.177490234375,24336500
2025-03-21,581.6055148479699,595.6815960079244,579.1432258888485,594.3956298828125,25015900
2025-03-24,613.0573552722462,620.6038191496141,610.2960116120224,616.92529296875,15741300
2025-03-25,624.81079529283,631.9086473292332,619.2481319746062,624.3621826171875,15312500
2025-03-26,622.9465455616044,624.8007461767364,604.7233689444203,609.0797729492188,12609800
2025-03-27,600.1277194388429,612.3396207064936,598.2336042918504,600.7059326171875,10436500
2025-03-28,598.4429920373162,599.8785159717515,572.1350521556752,574.9462890625,17602800
2025-03-31,561.7474544327795,576.9001929680891,551.57916536005,574.5674438476562,21124700
2025-04-01,569.0646658937729,588.0753030303752,568.2272515931634,584.177490234375,12836600
2025-04-02,573.1219856405797,590.8167826006645,571.5768183567942,582.1139526367188,13470800
2025-04-03,544.5211822460076,550.8414911032017,528.6507117752637,529.9666137695312,34777500
2025-04-04,505.0443845169023,516.3889970810194,492.6630283031205,503.1602783203125,38589800
2025-04-07,483.591294981514,537.6924987241373,480.40123514295635,514.6444091796875,36606100
2025-04-08,541.5604660254379,545.7274587202911,501.29606629091035,508.86248779296875,28034200
2025-04-09,507.68607795596233,586.0615827458977,500.5483430495588,583.9481811523438,39216600
2025-04-10,573.7002029040485,579.4921312343394,533.6351923102783,544.5910034179688,28173500
2025-04-11,533.844525327306,545.6975609575977,526.9460641882466,541.8794555664062,17642300
2025-04-14,554.4402405149555,556.0353008675298,526.6370273527008,529.8270263671875,14130900
2025-04-15,530.4551018896253,536.2669873917704,515.8905541802854,519.8980712890625,15558700
2025-04-16,506.92850187672303,511.77337227474317,494.0885548667942,500.7477722167969,18735100
2025-04-17,503.67867451915555,505.72228685828065,496.4612006254759,499.92041015625,14593500
2025-04-21,489.8019492092454,491.9652138903401,478.3078087520779,483.1527099609375,16166000
2025-04-22,490.3402426542842,505.30357016721007,484.84736943102456,498.7240905761719,17399400
2025-04-23,526.8862986388891,533.6751170758674,514.9136400551463,518.6519775390625,18173900
2025-04-24,517.1166859465856,532.2395497601927,515.8905308220942,531.4918823242188,13910000
2025-04-25,545.09942323875,548.1499041120835,534.5822462279478,545.5679931640625,17098900
2025-04-28,553.9119485027396,556.7530605327843,538.9087668679174,548.0302734375,15179000
2025-04-29,544.3018840382675,554.8390175563454,542.4277261633298,552.7156372070312,11835000
2025-04-30,536.725533164549,547.392206153298,527.8531889368276,547.2925415039062,29244000
2025-05-01,590.238618351305,591.1059077397648,568.7257162038675,570.430419921875,31159000
2025-05-02,581.6454434907807,602.460510920923,576.5313930797772,595.1632690429688,24739300
2025-05-05,589.3811771427058,601.3339373358932,586.221053412636,597.4061889648438,13887700
2025-05-06,590.6872568767368,594.1763718529379,584.7557492481277,585.4834594726562,10600700
2025-05-07,588.5239054125428,601.2043765510581,584.8453792561588,594.953857421875,13139100
2025-05-08,604.4043633227255,609.3987915210697,594.7644549027136,596.150146484375,14622800
2025-05-09,601.8423939545719,605.0822864134453,589.8697963166327,590.6473388671875,10427300
2025-05-12,628.9577416253547,638.3983203620691,619.0985470240091,637.4412841796875,21965100
2025-05-13,643.5322593011751,658.864430238976,640.8307267174667,653.9896850585938,18570800
2025-05-14,659.1536090398383,660.6090293889421,652.2750442210183,657.309326171875,12348200
2025-05-15,652.2451822041022,655.2657270968772,636.5939979037247,641.8775024414062,14341800
2025-05-16,635.9759078924747,638.448175394899,624.2026405076157,638.3485107421875,18519000
2025-05-19,626.2961199602966,641.0002469311114,625.8475073073743,638.438232421875,9592400
2025-05-20,634.0320152877193,637.3615937967512,630.2936778074568,635.1185913085938,6743500
2025-05-21,629.8251366516639,644.5990543502297,628.2101796540182,633.5236206054688,11464600
2025-05-22,632.078027946325,641.2494271811771,628.7484497588706,634.5902099609375,8228400
2025-05-23,622.0593214688579,630.4830536161486,620.7135443903518,625.1098022460938,8454100
2025-05-27,633.4337833907804,641.0799727179783,630.7820830337338,640.3223266601562,9508400
2025-05-28,640.6014366817531,648.8557144048555,640.5516043549418,641.5784301757812,9042900
2025-05-29,649.6233331448041,651.2881222551338,637.5110964196524,643.0438232421875,8858800
2025-05-30,640.501786260345,647.3902689717587,630.8120452521741,645.4762573242188,16241000
2025-06-02,642.3859148545713,671.166122188044,642.256314296396,668.8134765625,15766300
2025-06-03,669.3617924489035,673.4789529536675,662.9617757833167,664.7760620117188,11585000
2025-06-04,667.238360939457,686.857147039673,666.4906935079915,685.8104248046875,14031900
2025-06-05,689.5088669424362,692.2204392102127,680.1281594087234,682.4907836914062,13083100
2025-06-06,694.0048506531133,700.6242144400436,689.7182360915449,695.5401000976562,11728000
2025-06-09,696.2878297119079,702.9968801187655,691.7818673222771,691.9014892578125,12773200
2025-06-10,699.1687320280228,701.0428899746662,689.4092014623567,700.2155151367188,10850100
2025-06-11,701.5214452489874,706.6653705943312,689.8378634515371,691.981201171875,9582500
2025-06-12,691.1438023170118,693.2173504861605,684.8634076906623,691.20361328125,7322700
2025-06-13,685.810495147385,692.4099021517203,678.8920760381308,680.7462768554688,9274400
2025-06-16,697.6914734952734,705.4931583928874,691.8851025594383,700.4749145507812,13720300
2025-06-17,700.3552179138009,704.3158869977019,694.4291328649981,695.5963745117188,10066100
2025-06-18,696.5441581244662,699.9462025997926,693.2718748228809,694.1398315429688,10068300
2025-06-20,699.10807093925,700.1755711266569,677.0797895921414,680.7511596679688,22538600
2025-06-23,682.0881149489193,697.4121118139869,677.1596869463602,696.8933715820312,11080100
2025-06-24,703.2384409706419,711.5189816994163,700.4649253469852,710.5313110351562,13823200
2025-06-25,711.6486127508716,714.9009839215107,703.7272146901875,707.0194702148438,9320400
2025-06-26,712.686175943774,726.5136861086672,709.3839340058294,724.3887329101562,13964800
2025-06-27,724.8178059334097,733.7069032905775,724.1593181930845,731.9111328125,18775700
2025-06-30,742.8054817668852,746.1476691378697,732.5296271967599,736.3606567382812,15402100
2025-07-01,735.1535081071979,736.0214648412638,713.6938959127618,717.5348510742188,13431200
2025-07-02,713.6539572494278,718.6122830220947,711.1298559583659,711.8980712890625,9336700
2025-07-03,724.9075473573512,727.3219211703462,712.7461059372963,717.3253784179688,8601700
2025-07-07,715.9186273791692,725.29662738586,711.8382444141125,716.6668701171875,9457100
2025-07-08,719.8793609595846,721.2161872254258,713.1351899702655,718.9814453125,7770700
2025-07-09,721.0266226856489,735.8019810021477,721.0266226856489,731.0631103515625,11418000
2025-07-10,729.8359096434607,734.0759515650559,717.9138972384281,725.5360107421875,9913600
2025-07-11,720.807217385224,723.4609583411119,708.037219345619,715.8289184570312,10873900
2025-07-14,715.9186065632238,726.2942632522581,714.8710789388857,719.2308349609375,8939400
2025-07-15,722.2038798413794,722.7724907094275,708.1568531421487,708.7255249023438,11529500
2025-07-16,711.6985138171127,712.2970836136572,697.6315755690009,701.2630004882812,13067600
2025-07-17,702.7395996705828,704.2460714207873,695.4766277838654,699.7665405273438,11803300
2025-07-18,700.5447529444856,703.0588680042227,690.0294703606638,702.6298828125,12779800
2025-07-21,705.1439122135475,715.3200251684316,704.1063709182977,711.2994384765625,9404400
2025-07-22,714.5119719450398,714.9209845240272,699.7665722015134,703.1586303710938,8921100
2025-07-23,704.7149523459423,712.9556086996904,703.2783238666914,711.9080810546875,8771600
2025-07-24,715.3699724936158,721.9245865914077,712.3271306824367,713.125244140625,10920800
2025-07-25,715.2401874661052,718.9614892126135,710.2319910963464,711.0101318359375,8271700
2025-07-28,713.5242483310619,723.0418735196432,711.010133382621,715.9485473632812,8715700
2025-07-29,718.3130022321428,722.7724995594365,698.270047363426,698.35986328125,13267000
2025-07-30,706.4309422136296,706.8399547738821,689.5805015781577,693.5811157226562,27077300
2025-07-31,773.3836936232736,782.9113054874113,763.7163951695271,771.6278076171875,38831100
2025-08-01,758.9476005405788,764.2052724882252,743.5637464392476,748.2527465820312,19028700
2025-08-04,758.2193240496142,775.029820232538,756.6330226185955,774.5509643554688,15801700
2025-08-05,774.6307577641016,781.2950989411861,761.212259491104,761.6712036132812,11640300
2025-08-06,768.1958248249329,771.8273106109475,758.678199773599,770.18115234375,9733900
2025-08-07,771.6776357205837,773.1841074016191,757.7702959207965,760.0449829101562,9019700
2025-08-08,760.9628565603988,768.0961282780016,756.8026440305783,767.4974975585938,7320800
2025-08-11,768.2757194135389,771.6478049440495,762.8783609453131,764.0755615234375,7612000
2025-08-12,771.1888187456735,791.8103707559926,770.6201469797736,788.1489868164062,14563100
2025-08-13,789.2963900548351,793.5962894533881,776.4066172801486,778.2523193359375,8811800
2025-08-14,776.0573823379099,785.9641084064921,770.6999694623344,780.2974243164062,8116200
2025-08-15,782.3127720209482,794.3843975355859,778.9905571139482,783.3901977539062,13375400
2025-08-18,773.2739649293972,773.9922487170201,754.7873521125813,765.572021484375,16513700
2025-08-19,765.3226701689615,765.3725408429555,747.6042712449723,749.7192993164062,12286700
2025-08-20,745.8184055724877,748.4422481947564,729.2872227778392,745.968017578125,11898200
2025-08-21,742.965126847803,743.7532539146816,731.392269728463,737.3682250976562,8876300
2025-08-22,737.4979443181139,755.1265868650723,732.6693186706706,753.021484375,10612700
2025-08-25,753.0514923621954,757.1019774988098,748.372478420576,751.5350341796875,6861200
2025-08-26,749.0408739151204,753.1013452690629,746.187589469264,752.3331298828125,7601800
2025-08-27,750.5373617239242,752.3830637406979,741.0995653139147,745.62890625,8315400
2025-08-28,742.2568318080029,751.2856157691724,739.0643171271723,749.3501586914062,7468000
2025-08-29,743.5338383928589,745.3894657992533,733.6270507950396,736.96923828125,9070500
2025-09-02,724.3388175548104,734.2755025264773,720.0389186102121,733.3875732421875,9350900
2025-09-03,734.2755314397929,738.5155735710689,732.2702311831985,735.3230590820312,7699300
2025-09-04,746.8161054490425,759.3765729399474,744.0725487076684,746.8959350585938,11439100
2025-09-05,750.8565963566639,756.1741251448537,743.2844139282448,750.68701171875,9663400
2025-09-08,754.2286966166499,764.7140814935753,750.2580412178338,750.537353515625,13087800
2025-09-09,755.715159278882,764.5045146420852,751.6646744655906,763.9059448242188,10999000
2025-09-10,763.3372922969834,763.9059640843684,749.2403942554,750.2180786132812,12478300
2025-09-11,752.8818998869256,755.3261108896929,746.6165845282627,749.1406860351562,7923300
2025-09-12,746.9756681630587,755.7949823874058,742.0173423532742,753.8196411132812,8248600
2025-09-15,755.6952236302711,772.2563664766384,750.2280827190908,762.9083251953125,10533800
2025-09-16,765.2029206615051,779.5292605984961,763.3073480005289,777.1748046875,11782500
2025-09-17,778.16248073438,781.4547366857648,764.5145401578408,773.9024658203125,9400900
2025-09-18,778.9206424262118,786.9318567440129,771.5479431530769,778.4218139648438,10955000
2025-09-19,784.5774149162842,788.9471575257752,767.3878039844694,776.5562744140625,23696800
2025-09-22,780.5445827585347,784.4181095052566,763.1935958899483,763.8824462890625,11706900
2025-09-23,767.9656453445465,769.3133669851754,749.8160063356215,754.1387939453125,10872600
2025-09-24,756.2352564498105,759.8392144671293,751.2735837511626,759.3899536132812,8828200
2025-09-25,752.1920046258563,755.5064686568031,743.3068402529434,747.6595458984375,10591100
2025-09-26,748.7477432379202,750.6745134518627,736.1188402620083,742.5081787109375,9696300
2025-09-29,747.4698773667765,749.5264964028529,737.9159094495395,742.1588134765625,9246800
2025-09-30,741.0106631587118,741.729431724798,725.0872827303901,733.15380859375,16226800
2025-10-01,720.2853684573676,720.6447527663656,709.0142405229949,716.142333984375,20419600
2025-10-02,721.3735522103992,726.5548890984803,716.9409630753169,725.8360595703125,11415300
2025-10-03,728.4117628788885,729.7794705550638,708.9942257916973,709.3735961914062,16154300
2025-10-06,704.0125981338592,715.6830826309072,689.3571155710283,714.465087890625,21654700
2025-10-07,716.5216106896504,717.3003375901077,704.5716259627259,711.889404296875,12062900
2025-10-08,712.2587946669486,718.4484549738279,706.6281969142439,716.6414794921875,10790600
2025-10-09,717.0807271377935,732.2852783203125,711.2504512938121,732.2852783203125,12717200
2025-10-10,729.6995938834806,734.0423674154782,703.333716456913,704.1223754882812,16980100
2025-10-13,711.8194939498104,718.7379155876384,706.4584651360833,714.5050048828125,9251800
2025-10-14,706.5983153422467,714.3553010671379,698.1624113283383,707.4668579101562,8829800
2025-10-15,715.8627565899488,722.6913629779451,708.3253746524584,716.3519287109375,10246800
2025-10-16,716.3519343648386,724.2786798244232,702.7047754671785,710.881103515625,9017000
2025-10-17,705.8994251244851,717.3402516818879,704.9410060739878,715.7229614257812,12232400
2025-10-20,719.9858621042338,732.5448748734839,718.9775387090459,730.947509765625,8900200
2025-10-21,734.7911237948646,737.2669635645257,727.5332426508437,732.0457153320312,7647300
2025-10-22,732.6047674176828,739.3634223567747,722.8211423130082,732.1854248046875,8734500
2025-10-23,733.4733185275871,741.170406509876,731.8759534115667,732.7744750976562,9856000
2025-10-24,735.5597503675807,739.9724141089259,729.9292138570585,737.1271362304688,9151300
2025-10-27,748.4781993498117,754.4881675999588,746.7611003830549,749.56640625,11321100
2025-10-28,751.3733793283152,757.1337649704751,744.2752651341964,750.1853637695312,12193800
2025-10-29,753.4898526523095,757.8924628078227,741.2702985772319,750.4149780273438,26818600
2025-10-30,668.0327566076506,679.8230352249238,649.0844057389726,665.357177734375,88440100
2025-10-31,673.383812052831,673.7631824593219,644.4921293755289,647.2674560546875,56953200
2025-11-03,654.90470367213,658.2291607688485,635.1177890022415,636.645263671875,33003600
2025-11-04,626.9913515895119,640.6684891460408,624.9647727272926,626.2725830078125,27356600
2025-11-05,631.2542465797685,641.1576663615418,625.4938610947797,634.88818359375,20219900
2025-11-06,634.7882936522686,634.938067569805,616.9681222612256,617.9065551757812,23628800
2025-11-07,615.4606203242017,621.0912176885568,600.1961723842201,620.6719360351562,29946800
2025-11-10,630.0362749426478,633.9397194755629,617.0779066438014,630.7051391601562,19245000
2025-11-11,626.9514668906089,628.5088598168925,618.3558571038752,626.0330200195312,13302200
2025-11-12,627.0812350986922,627.939784558569,606.7552442025384,607.9931640625,24493300
2025-11-13,612.0463872625083,616.6187572691151,601.993193452889,608.8717041015625,20973800
2025-11-14,600.7852061056304,612.6553687237855,594.2062431482154,608.4424438476562,20724100
2025-11-17,608.0230519623859,610.6686515784111,594.4058732487083,601.0048217773438,16501300
2025-11-18,590.612218909938,602.6520806612418,582.8053290854997,596.6920776367188,25500600
2025-11-19,592.7286370493186,594.3359951431619,580.2794874440681,589.3343505859375,24744700
2025-11-20,602.4923987587222,605.7069934113463,582.376016746667,588.1663818359375,20603000
2025-11-21,587.517412968027,597.1213460929463,580.88848479756,593.2578125,21052600
2025-11-24,597.7203367937327,615.6703584886146,596.6321908004635,612.0264282226562,23554900
2025-11-25,622.9581470454041,635.9863461070595,617.2676517847817,635.15771484375,25213000
2025-11-26,636.6253292062765,637.2941935276676,630.575449286631,632.5521240234375,15209500
2025-11-28,635.0179876534709,646.9679727244463,634.4389389877349,646.8681640625,11033200
2025-12-01,638.482184375183,644.2425701847634,636.6951949252638,639.7999877929688,13029900
2025-12-02,641.2675300698932,646.7882651016448,637.0046400682228,646.01953125,11640900
2025-12-03,643.3340713166507,647.766660764867,636.4855393427306,638.5321044921875,11134300
2025-12-04,674.8712863431018,674.9710950003275,658.9479057878542,660.4254760742188,29874600
2025-12-05,662.8913386215002,673.5634922785046,661.2840414153883,672.2955932617188,21207900
2025-12-08,668.2224435191038,675.5801331063639,663.9595535520253,665.6866455078125,13161000
2025-12-09,662.6617250742562,663.3705005924867,652.2491473204041,655.8630981445312,12997100
2025-12-10,648.8648024836247,653.4171862971667,642.3257510862366,649.0444946289062,16910900
2025-12-11,642.2159232785478,654.1859556266841,639.7300904007725,651.6202392578125,13056700
2025-12-12,648.7150654102267,709.8128965395189,637.543746077992,643.1543579101562,14016900
2025-12-15,645.1476664750544,652.4414097008485,638.1536544261938,646.9561157226562,15549100
2025-12-16,642.9495426008936,661.973233609148,642.6498114209788,656.587890625,14309100
2025-12-17,655.0491556477624,660.664343241777,648.644665798819,648.9443969726562,15598500
2025-12-18,656.4679564970005,669.9863502083882,655.8984367998282,663.881591796875,20260300
2025-12-19,665.8499012351181,670.4260003995075,657.6169598101359,658.2064819335938,49977100
2025-12-22,661.0840391473547,673.0038267300547,656.0883162216827,660.9341430664062,15659400
2025-12-23,659.4853234816244,665.4302455294139,657.6868755551602,664.3711547851562,8486800
2025-12-24,661.9632786179176,667.6084088263418,661.633543835896,666.9789428710938,5627500
2025-12-26,667.4885344385556,668.3777877623371,660.7543096382171,662.7225952148438,7133800
2025-12-29,657.4471149030659,659.6851889371151,653.8302165118,658.1265258789062,8506500
2025-12-30,658.1265110341435,671.6449047754843,657.2772625792347,665.3803100585938,9187500
2025-12-31,664.1813161961976,664.4311023248911,658.8758612620638,659.5253295898438,7940400
2026-01-02,662.1630447721155,663.8216588672108,642.9495146869224,649.8535766601562,13726500
2026-01-05,650.4531272549772,663.9715218041853,647.1959061445123,658.2264404296875,12213700
2026-01-06,659.0057810200069,664.9507033148827,651.3423593634897,660.0548706054688,11074400
2026-01-07,655.0791375151089,658.5861445899717,644.2583851266311,648.1350708007812,12846300
2026-01-08,645.3274855180696,646.5464125947736,635.1761427603,645.50732421875,11921700
2026-01-09,644.8878661181845,654.3897406244424,642.3000548798136,652.5013427734375,11634900
2026-01-12,651.9718010113269,653.4105105723186,640.6814191818085,641.4207763671875,14797200
2026-01-13,641.720599826752,641.720599826752,623.5660991574318,630.5501708984375,18030400
2026-01-14,625.9640568168747,627.9124008742662,614.2940558608916,614.9934692382812,15527900
2026-01-15,617.9508982377323,623.6360331340583,613.7045339245012,620.2689208984375,13076100
2026-01-16,623.6460522405506,628.5418850412981,619.5495838845379,619.7194213867188,17012500
2026-01-20,607.3600037753715,610.8770121629093,599.4867397151437,603.6032104492188,15169600
2026-01-21,606.2209580964126,617.7411240978843,599.5666821865381,612.4356689453125,14494700
2026-01-22,628.811597152667,660.0049216653568,626.0140046136898,647.0759887695312,21394700
2026-01-23,644.2184496993522,665.9198400091174,643.8987161260534,658.1964721679688,22797700
2026-01-26,664.5609947255355,674.7023359243682,660.7242529636108,671.7847900390625,16327400
2026-01-27,674.0129574053085,676.2410302656567,664.0913982323968,672.394287109375,13297400
2026-01-28,673.9229813666298,677.1002536346601,665.5301429727417,668.1578979492188,25709600
2026-01-29,736.7991536844581,743.363540655783,711.9404325537852,737.6784057617188,59852900
2026-01-30,726.8776752394725,731.5436633097714,712.9796010924755,715.8870849609375,23744600
2026-02-02,713.9886602426056,720.6829408229889,702.9181827036907,705.8056640625,14365200
2026-02-03,706.7648539132639,716.3866205151361,685.8227628297016,691.1082763671875,13760700
2026-02-04,687.1416843315144,688.2407799622291,666.8890651090074,668.417724609375,16882800
2026-02-05,663.0123852284637,680.9170392363125,652.9409906690098,669.63671875,17131800
2026-02-06,664.920685797671,671.4151252649915,645.9469408650316,660.8941650390625,18159300
2026-02-09,662.6126578425271,682.7254419812133,658.2164585284562,676.640625,14837500
2026-02-10,677.0202983345941,680.0677378888336,669.216982119095,670.1461791992188,10455800
2026-02-11,673.4234361526849,678.6889475196376,656.5378686274887,668.1179809570312,14323800
2026-02-12,669.3968787035581,675.421749916193,644.7280570616384,649.254150390625,14960100
2026-02-13,644.5481137374378,650.872715705495,634.0271535178357,639.2227172851562,12336400
2026-02-17,638.952945338547,642.0502690775812,628.2620863630333,638.7431030273438,12674700
2026-02-18,633.2578140286595,644.4482453696517,627.6126838179015,642.6697387695312,14649200
2026-02-19,638.0237449576674,646.6363661317032,636.1752909436037,644.2284545898438,10035700
2026-02-20,639.1428111159805,662.7825455010891,638.2336163631846,655.09912109375,14183500
2026-02-23,651.9817939677475,657.1374142434245,635.455964272141,636.7048950195312,8605900
2026-02-24,632.5384628258726,640.5615620292823,628.4419334902003,638.7531127929688,10135600
2026-02-25,641.9803720795121,653.3206382422114,641.5906910720822,653.1307983398438,11330700
2026-02-26,649.9935020296807,660.4345752110744,646.9461232211356,656.447998046875,10637700
2026-02-27,642.8995542116262,648.8844201349368,637.5740968396581,647.62548828125,15703000
2026-03-02,636.6149203669017,659.3754626922687,633.9572226725116,653.0009155273438,9816100
2026-03-03,647.7354225434952,658.4762268569145,638.293554979916,654.5196533203125,12263800
2026-03-04,657.397151925757,672.1944798634893,657.1073609851721,667.1587524414062,10810100
2026-03-05,661.363765843265,670.1262833419206,649.7537106790966,660.0049438476562,13341400
2026-03-06,647.3457881163396,648.9143914185428,635.5658346648192,644.308349609375,13159400
2026-03-09,634.2369839533108,647.195859029807,626.2438278402449,646.836181640625,13489700
2026-03-10,653.0009245574777,659.7351492208539,648.444827744844,653.510498046875,9859300
2026-03-11,654.1999146227295,658.5561703533895,647.8053649208291,654.2998046875,8977200
2026-03-12,648.1950599902964,652.9409968457168,636.355220859953,637.6340942382812,11617500
2026-03-13,623.3562813254467,628.6317326131165,609.0285222575777,613.1849975585938,18957600
2026-03-16,632.0,634.75,623.0999755859375,627.4500122070312,15134900
2026-03-17,627.989990234375,636.5499877929688,621.7000122070312,622.6599731445312,10348800
2026-03-18,616.3400268554688,622.6500244140625,614.6099853515625,615.6799926757812,11726300
2026-03-19,612.1500244140625,613.0,602.260009765625,606.7000122070312,13247700
2026-03-20,603.530029296875,603.9600219726562,587.25,593.6599731445312,21214900
2026-03-23,605.7899780273438,608.6400146484375,599.010009765625,604.0599975585938,13638000
2026-03-24,599.0999755859375,601.0,591.0,592.9199829101562,10739700
2026-03-25,598.739990234375,603.6699829101562,593.4000244140625,594.8900146484375,12585000
2026-03-26,582.489990234375,583.0,543.3499755859375,547.5399780273438,35780100
2026-03-27,540.0999755859375,543.5999755859375,520.260009765625,525.719970703125,30133000
2026-03-30,536.3800048828125,539.5499877929688,528.5399780273438,536.3800048828125,22795200
2026-03-31,549.97998046875,573.6900024414062,546.77001953125,572.1300048828125,32898300
2026-04-01,580.1300048828125,592.5499877929688,573.8200073242188,579.22998046875,23608100
2026-04-02,566.0399780273438,578.5,559.7000122070312,574.4600219726562,13518500
2026-04-06,577.6900024414062,582.7899780273438,572.0,573.02001953125,9515700
2026-04-07,572.47998046875,575.22998046875,564.760009765625,575.0499877929688,9580800
2026-04-08,606.0,629.9500122070312,591.8300170898438,612.4199829101562,32036600
2026-04-09,626.969970703125,637.5,623.0,628.3900146484375,19012900
2026-04-10,634.469970703125,638.5800170898438,624.3300170898438,629.8599853515625,13294800
2026-04-13,629.5,635.0,624.4000244140625,634.530029296875,9538900
2026-04-14,643.219970703125,666.260009765625,639.3699951171875,662.489990234375,17818000
2026-04-15,667.0,678.5,664.219970703125,671.5800170898438,14952600
2026-04-16,675.989990234375,677.5800170898438,667.75,676.8699951171875,9544800
2026-04-17,678.5999755859375,691.52001953125,675.1300048828125,688.5499877929688,16283500
2026-04-20,681.3599853515625,683.3800048828125,668.0,670.9099731445312,12534000
2026-04-21,671.0,676.2000122070312,667.3300170898438,668.8400268554688,8660100
2026-04-22,674.3599853515625,678.3800048828125,669.75,674.719970703125,9215600
2026-04-23,663.7000122070312,669.5599975585938,653.0499877929688,659.1500244140625,11667000
2026-04-24,660.3200073242188,680.6699829101562,653.8400268554688,675.030029296875,13348300
2026-04-27,671.0,682.5,670.8400268554688,678.6199951171875,12805200
2026-04-28,674.239990234375,678.1799926757812,665.6300048828125,671.3400268554688,10606800
2026-04-29,668.9099731445312,674.25,663.8099975585938,669.1199951171875,18947500
2026-04-30,619.3200073242188,620.8499755859375,600.0,611.9099731445312,52765000
2026-05-01,614.6900024414062,618.8800048828125,606.1099853515625,608.75,21404000
2026-05-04,607.9400024414062,614.0,602.75,610.4099731445312,16203900
2026-05-05,613.3099975585938,614.3499755859375,600.3599853515625,604.9600219726562,17171300
2026-05-06,601.0499877929688,619.9500122070312,598.0999755859375,612.8800048828125,19915500
2026-05-07,614.719970703125,624.97998046875,613.5399780273438,616.8099975585938,12307400
2026-05-08,615.2000122070312,616.77001953125,606.0599975585938,609.6300048828125,13557000
2026-05-11,604.5700073242188,604.9099731445312,598.0800170898438,598.8599853515625,15940600
2026-05-12,594.8200073242188,603.75,592.5999755859375,603.0,11351600
2026-05-13,598.8300170898438,619.9000244140625,596.6599731445312,616.6300048828125,14634400
2026-05-14,616.0,623.72998046875,615.0,618.4299926757812,10651200
2026-05-15,613.989990234375,621.2000122070312,609.3099975585938,614.22998046875,13272600
2026-05-18,609.1099853515625,615.5900268554688,603.6900024414062,611.2100219726562,13772400
2026-05-19,608.9199829101562,613.9299926757812,600.5499877929688,602.6099853515625,11749900
2026-05-20,600.760009765625,608.0,597.8099975585938,605.0599975585938,11329700
2026-05-21,600.0,609.5999755859375,594.8099975585938,607.3800048828125,13476100
2026-05-22,607.8800048828125,614.8099975585938,606.9500122070312,610.260009765625,11688600
2026-05-26,608.8900146484375,614.469970703125,605.2999877929688,612.3400268554688,12234200
2026-05-27,609.4000244140625,638.5,609.0,635.260009765625,23143600
2026-05-28,639.5,643.0,629.3099975585938,635.2899780273438,16772400
2026-05-29,633.5,634.5,623.3499755859375,632.510009765625,19806500
2026-06-01,630.4000244140625,635.75,599.530029296875,600.469970703125,29138800
2026-06-02,603.239990234375,608.8800048828125,596.6799926757812,597.6300048828125,18252000
2026-06-03,603.0,624.1500244140625,600.27001953125,622.97998046875,23020100
2026-06-04,623.6699829101562,642.4000244140625,622.4299926757812,627.5700073242188,21469200
2026-06-05,623.4600219726562,629.1500244140625,582.9099731445312,593.0,30091600
2026-06-08,592.0,592.0,579.219970703125,585.3900146484375,19512400
2026-06-09,nan,nan,nan,nan,16586715
